  0
SECTION
  2
HEADER
  9
$ACADVER
  1
AC1024
  9
$ACADMAINTVER
 70
     6
  9
$DWGCODEPAGE
  3
MAC-ROMAN
  9
$INSBASE
 10
0.0
 20
0.0
 30
0.0
  9
$EXTMIN
 10
1.000000000000000E+20
 20
1.000000000000000E+20
 30
1.000000000000000E+20
  9
$EXTMAX
 10
-1.000000000000000E+20
 20
-1.000000000000000E+20
 30
-1.000000000000000E+20
  9
$LIMMIN
 10
0.0
 20
0.0
  9
$LIMMAX
 10
420.0
 20
297.0
  9
$ORTHOMODE
 70
     0
  9
$REGENMODE
 70
     1
  9
$FILLMODE
 70
     1
  9
$QTEXTMODE
 70
     0
  9
$MIRRTEXT
 70
     1
  9
$LTSCALE
 40
1.0
  9
$ATTMODE
 70
     1
  9
$TEXTSIZE
 40
2.5
  9
$TRACEWID
 40
1.0
  9
$TEXTSTYLE
  7
Standard
  9
$CLAYER
  8
0
  9
$CELTYPE
  6
ByLayer
  9
$CECOLOR
 62
   256
  9
$CELTSCALE
 40
1.0
  9
$DISPSILH
 70
     0
  9
$DIMSCALE
 40
1.0
  9
$DIMASZ
 40
2.5
  9
$DIMEXO
 40
0.625
  9
$DIMDLI
 40
3.75
  9
$DIMRND
 40
0.0
  9
$DIMDLE
 40
0.0
  9
$DIMEXE
 40
1.25
  9
$DIMTP
 40
0.0
  9
$DIMTM
 40
0.0
  9
$DIMTXT
 40
2.5
  9
$DIMCEN
 40
2.5
  9
$DIMTSZ
 40
0.0
  9
$DIMTOL
 70
     0
  9
$DIMLIM
 70
     0
  9
$DIMTIH
 70
     0
  9
$DIMTOH
 70
     0
  9
$DIMSE1
 70
     0
  9
$DIMSE2
 70
     0
  9
$DIMTAD
 70
     1
  9
$DIMZIN
 70
     8
  9
$DIMBLK
  1

  9
$DIMASO
 70
     1
  9
$DIMSHO
 70
     1
  9
$DIMPOST
  1

  9
$DIMAPOST
  1

  9
$DIMALT
 70
     0
  9
$DIMALTD
 70
     3
  9
$DIMALTF
 40
0.03937007874016
  9
$DIMLFAC
 40
1.0
  9
$DIMTOFL
 70
     1
  9
$DIMTVP
 40
0.0
  9
$DIMTIX
 70
     0
  9
$DIMSOXD
 70
     0
  9
$DIMSAH
 70
     0
  9
$DIMBLK1
  1

  9
$DIMBLK2
  1

  9
$DIMSTYLE
  2
ISO-25
  9
$DIMCLRD
 70
     0
  9
$DIMCLRE
 70
     0
  9
$DIMCLRT
 70
     0
  9
$DIMTFAC
 40
1.0
  9
$DIMGAP
 40
0.625
  9
$DIMJUST
 70
     0
  9
$DIMSD1
 70
     0
  9
$DIMSD2
 70
     0
  9
$DIMTOLJ
 70
     0
  9
$DIMTZIN
 70
     8
  9
$DIMALTZ
 70
     0
  9
$DIMALTTZ
 70
     0
  9
$DIMUPT
 70
     0
  9
$DIMDEC
 70
     2
  9
$DIMTDEC
 70
     2
  9
$DIMALTU
 70
     2
  9
$DIMALTTD
 70
     3
  9
$DIMTXSTY
  7
Standard
  9
$DIMAUNIT
 70
     0
  9
$DIMADEC
 70
     0
  9
$DIMALTRND
 40
0.0
  9
$DIMAZIN
 70
     0
  9
$DIMDSEP
 70
    44
  9
$DIMATFIT
 70
     3
  9
$DIMFRAC
 70
     0
  9
$DIMLDRBLK
  1

  9
$DIMLUNIT
 70
     2
  9
$DIMLWD
 70
    -2
  9
$DIMLWE
 70
    -2
  9
$DIMTMOVE
 70
     0
  9
$DIMFXL
 40
1.0
  9
$DIMFXLON
 70
     0
  9
$DIMJOGANG
 40
0.7853981633974483
  9
$DIMTFILL
 70
     0
  9
$DIMTFILLCLR
 70
     0
  9
$DIMARCSYM
 70
     0
  9
$DIMLTYPE
  6

  9
$DIMLTEX1
  6

  9
$DIMLTEX2
  6

  9
$DIMTXTDIRECTION
 70
     0
  9
$LUNITS
 70
     2
  9
$LUPREC
 70
     4
  9
$SKETCHINC
 40
1.0
  9
$FILLETRAD
 40
0.0
  9
$AUNITS
 70
     0
  9
$AUPREC
 70
     0
  9
$MENU
  1
.
  9
$ELEVATION
 40
0.0
  9
$PELEVATION
 40
0.0
  9
$THICKNESS
 40
0.0
  9
$LIMCHECK
 70
     0
  9
$CHAMFERA
 40
0.0
  9
$CHAMFERB
 40
0.0
  9
$CHAMFERC
 40
0.0
  9
$CHAMFERD
 40
0.0
  9
$SKPOLY
 70
     0
  9
$TDCREATE
 40
2461272.893232396
  9
$TDUCREATE
 40
2461273.018232396
  9
$TDUPDATE
 40
2461272.893236435
  9
$TDUUPDATE
 40
2461273.018236435
  9
$TDINDWG
 40
0.0000000116
  9
$TDUSRTIMER
 40
0.0000000116
  9
$USRTIMER
 70
     1
  9
$ANGBASE
 50
0.0
  9
$ANGDIR
 70
     0
  9
$PDMODE
 70
     0
  9
$PDSIZE
 40
0.0
  9
$PLINEWID
 40
0.0
  9
$SPLFRAME
 70
     0
  9
$SPLINETYPE
 70
     6
  9
$SPLINESEGS
 70
     8
  9
$HANDSEED
  5
B58
  9
$SURFTAB1
 70
     6
  9
$SURFTAB2
 70
     6
  9
$SURFTYPE
 70
     6
  9
$SURFU
 70
     6
  9
$SURFV
 70
     6
  9
$UCSBASE
  2

  9
$UCSNAME
  2

  9
$UCSORG
 10
0.0
 20
0.0
 30
0.0
  9
$UCSXDIR
 10
1.0
 20
0.0
 30
0.0
  9
$UCSYDIR
 10
0.0
 20
1.0
 30
0.0
  9
$UCSORTHOREF
  2

  9
$UCSORTHOVIEW
 70
     0
  9
$UCSORGTOP
 10
0.0
 20
0.0
 30
0.0
  9
$UCSORGBOTTOM
 10
0.0
 20
0.0
 30
0.0
  9
$UCSORGLEFT
 10
0.0
 20
0.0
 30
0.0
  9
$UCSORGRIGHT
 10
0.0
 20
0.0
 30
0.0
  9
$UCSORGFRONT
 10
0.0
 20
0.0
 30
0.0
  9
$UCSORGBACK
 10
0.0
 20
0.0
 30
0.0
  9
$PUCSBASE
  2

  9
$PUCSNAME
  2

  9
$PUCSORG
 10
0.0
 20
0.0
 30
0.0
  9
$PUCSXDIR
 10
1.0
 20
0.0
 30
0.0
  9
$PUCSYDIR
 10
0.0
 20
1.0
 30
0.0
  9
$PUCSORTHOREF
  2

  9
$PUCSORTHOVIEW
 70
     0
  9
$PUCSORGTOP
 10
0.0
 20
0.0
 30
0.0
  9
$PUCSORGBOTTOM
 10
0.0
 20
0.0
 30
0.0
  9
$PUCSORGLEFT
 10
0.0
 20
0.0
 30
0.0
  9
$PUCSORGRIGHT
 10
0.0
 20
0.0
 30
0.0
  9
$PUCSORGFRONT
 10
0.0
 20
0.0
 30
0.0
  9
$PUCSORGBACK
 10
0.0
 20
0.0
 30
0.0
  9
$USERI1
 70
     0
  9
$USERI2
 70
     0
  9
$USERI3
 70
     0
  9
$USERI4
 70
     0
  9
$USERI5
 70
     0
  9
$USERR1
 40
0.0
  9
$USERR2
 40
0.0
  9
$USERR3
 40
0.0
  9
$USERR4
 40
0.0
  9
$USERR5
 40
0.0
  9
$WORLDVIEW
 70
     1
  9
$SHADEDGE
 70
     3
  9
$SHADEDIF
 70
    70
  9
$TILEMODE
 70
     1
  9
$MAXACTVP
 70
    64
  9
$PINSBASE
 10
0.0
 20
0.0
 30
0.0
  9
$PLIMCHECK
 70
     0
  9
$PEXTMIN
 10
1.000000000000000E+20
 20
1.000000000000000E+20
 30
1.000000000000000E+20
  9
$PEXTMAX
 10
-1.000000000000000E+20
 20
-1.000000000000000E+20
 30
-1.000000000000000E+20
  9
$PLIMMIN
 10
0.0
 20
0.0
  9
$PLIMMAX
 10
420.0
 20
297.0
  9
$UNITMODE
 70
     0
  9
$VISRETAIN
 70
     1
  9
$PLINEGEN
 70
     0
  9
$PSLTSCALE
 70
     1
  9
$TREEDEPTH
 70
  3020
  9
$CMLSTYLE
  2
Standard
  9
$CMLJUST
 70
     0
  9
$CMLSCALE
 40
20.0
  9
$PROXYGRAPHICS
 70
     1
  9
$MEASUREMENT
 70
     1
  9
$CELWEIGHT
370
    -1
  9
$ENDCAPS
280
     0
  9
$JOINSTYLE
280
     0
  9
$LWDISPLAY
290
     0
  9
$INSUNITS
 70
     4
  9
$HYPERLINKBASE
  1

  9
$STYLESHEET
  1

  9
$XEDIT
290
     1
  9
$CEPSNTYPE
380
     0
  9
$PSTYLEMODE
290
     1
  9
$FINGERPRINTGUID
  2
{bb431979-59dc-1d4c-babd-66ebdc992dcb}
  9
$VERSIONGUID
  2
{FAEB1C32-E019-11D5-929B-00C0DF256EC4}
  9
$EXTNAMES
290
     1
  9
$PSVPSCALE
 40
0.0
  9
$OLESTARTUP
290
     0
  9
$SORTENTS
280
   127
  9
$INDEXCTL
280
     0
  9
$HIDETEXT
280
     1
  9
$XCLIPFRAME
280
     2
  9
$HALOGAP
280
     0
  9
$OBSCOLOR
 70
   257
  9
$OBSLTYPE
280
     0
  9
$INTERSECTIONDISPLAY
280
     0
  9
$INTERSECTIONCOLOR
 70
   257
  9
$DIMASSOC
280
     2
  9
$PROJECTNAME
  1

  9
$CAMERADISPLAY
290
     0
  9
$LENSLENGTH
 40
50.0
  9
$CAMERAHEIGHT
 40
0.0
  9
$STEPSPERSEC
 40
2.0
  9
$STEPSIZE
 40
6.0
  9
$3DDWFPREC
 40
2.0
  9
$PSOLWIDTH
 40
5.0
  9
$PSOLHEIGHT
 40
80.0
  9
$LOFTANG1
 40
1.570796326794897
  9
$LOFTANG2
 40
1.570796326794897
  9
$LOFTMAG1
 40
0.0
  9
$LOFTMAG2
 40
0.0
  9
$LOFTPARAM
 70
     7
  9
$LOFTNORMALS
280
     1
  9
$LATITUDE
 40
37.795
  9
$LONGITUDE
 40
-122.394
  9
$NORTHDIRECTION
 40
0.0
  9
$TIMEZONE
 70
 -8000
  9
$LIGHTGLYPHDISPLAY
280
     1
  9
$TILEMODELIGHTSYNCH
280
     1
  9
$CMATERIAL
347
44
  9
$SOLIDHIST
280
     0
  9
$SHOWHIST
280
     1
  9
$DWFFRAME
280
     2
  9
$DGNFRAME
280
     2
  9
$REALWORLDSCALE
290
     1
  9
$INTERFERECOLOR
 62
   256
  9
$CSHADOW
280
     0
  9
$SHADOWPLANELOCATION
 40
0.0
  0
ENDSEC
  0
SECTION
  2
CLASSES
  0
CLASS
  1
ACDBDICTIONARYWDFLT
  2
AcDbDictionaryWithDefault
  3
ObjectDBX Classes
 90
        0
 91
        3
280
     0
281
     0
  0
CLASS
  1
VISUALSTYLE
  2
AcDbVisualStyle
  3
ObjectDBX Classes
 90
     4095
 91
        3
280
     0
281
     0
  0
CLASS
  1
MATERIAL
  2
AcDbMaterial
  3
ObjectDBX Classes
 90
     1153
 91
        3
280
     0
281
     0
  0
CLASS
  1
SCALE
  2
AcDbScale
  3
ObjectDBX Classes
 90
     1153
 91
        3
280
     0
281
     0
  0
CLASS
  1
TABLESTYLE
  2
AcDbTableStyle
  3
ObjectDBX Classes
 90
     4095
 91
        3
280
     0
281
     0
  0
CLASS
  1
MLEADERSTYLE
  2
AcDbMLeaderStyle
  3
ACDB_MLEADERSTYLE_CLASS
 90
     4095
 91
        3
280
     0
281
     0
  0
CLASS
  1
SUN
  2
AcDbSun
  3
SCENEOE
 90
     1153
 91
        3
280
     0
281
     0
  0
CLASS
  1
DICTIONARYVAR
  2
AcDbDictionaryVar
  3
ObjectDBX Classes
 90
        0
 91
        3
280
     0
281
     0
  0
CLASS
  1
CELLSTYLEMAP
  2
AcDbCellStyleMap
  3
ObjectDBX Classes
 90
     1152
 91
        3
280
     0
281
     0
  0
ENDSEC
  0
SECTION
  2
TABLES
  0
TABLE
  2
VPORT
  5
8
330
0
100
AcDbSymbolTable
 70
     1
  0
VPORT
  5
29
330
8
100
AcDbSymbolTableRecord
100
AcDbViewportTableRecord
  2
*Active
 70
     0
 10
0.0
 20
0.0
 11
1.0
 21
1.0
 12
344.1869158878504
 22
148.5
 13
0.0
 23
0.0
 14
10.0
 24
10.0
 15
10.0
 25
10.0
 16
0.0
 26
0.0
 36
1.0
 17
0.0
 27
0.0
 37
0.0
 40
297.0
 41
1.972972972850329
 42
50.0
 43
0.0
 44
0.0
 50
0.0
 51
0.0
 71
     0
 72
   100
 73
     1
 74
     3
 75
     0
 76
     0
 77
     0
 78
     0
281
     0
 65
     1
110
0.0
120
0.0
130
0.0
111
1.0
121
0.0
131
0.0
112
0.0
122
1.0
132
0.0
 79
     0
146
0.0
348
2F
 60
     3
 61
     5
292
     1
282
     1
141
0.0
142
0.0
 63
   250
361
5D
  0
ENDTAB
  0
TABLE
  2
LTYPE
  5
5
330
0
100
AcDbSymbolTable
 70
     1
  0
LTYPE
  5
14
330
5
100
AcDbSymbolTableRecord
100
AcDbLinetypeTableRecord
  2
ByBlock
 70
     0
  3

 72
    65
 73
     0
 40
0.0
  0
LTYPE
  5
15
330
5
100
AcDbSymbolTableRecord
100
AcDbLinetypeTableRecord
  2
ByLayer
 70
     0
  3

 72
    65
 73
     0
 40
0.0
  0
LTYPE
  5
16
330
5
100
AcDbSymbolTableRecord
100
AcDbLinetypeTableRecord
  2
Continuous
 70
     0
  3
Solid line
 72
    65
 73
     0
 40
0.0
  0
ENDTAB
  0
TABLE
  2
LAYER
  5
2
330
0
100
AcDbSymbolTable
 70
     7
  0
LAYER
  5
10
330
2
100
AcDbSymbolTableRecord
100
AcDbLayerTableRecord
  2
0
 70
     0
 62
     7
  6
Continuous
370
    -3
390
F
347
46
  0
LAYER
  5
5E
330
2
100
AcDbSymbolTableRecord
100
AcDbLayerTableRecord
  2
User.3
 70
     0
 62
     7
  6
Continuous
370
    -3
390
F
347
46
  0
LAYER
  5
2E4
330
2
100
AcDbSymbolTableRecord
100
AcDbLayerTableRecord
  2
Dimensions
 70
     0
 62
     7
  6
Continuous
370
    -3
390
F
347
46
  0
LAYER
  5
2E6
330
2
100
AcDbSymbolTableRecord
100
AcDbLayerTableRecord
  2
Defpoints
 70
     0
 62
     7
  6
Continuous
290
     0
370
    -3
390
F
347
46
  0
LAYER
  5
30A
330
2
100
AcDbSymbolTableRecord
100
AcDbLayerTableRecord
  2
User.2
 70
     0
 62
     7
  6
Continuous
370
    -3
390
F
347
46
  0
LAYER
  5
32B
330
2
100
AcDbSymbolTableRecord
100
AcDbLayerTableRecord
  2
Edge.Cuts
 70
     0
 62
     7
  6
Continuous
370
    -3
390
F
347
46
  0
LAYER
  5
AFE
330
2
100
AcDbSymbolTableRecord
100
AcDbLayerTableRecord
  2
Sketch 04
 70
     0
 62
     7
  6
Continuous
370
    -3
390
F
347
46
  0
ENDTAB
  0
TABLE
  2
STYLE
  5
3
330
0
100
AcDbSymbolTable
 70
     1
  0
STYLE
  5
11
330
3
100
AcDbSymbolTableRecord
100
AcDbTextStyleTableRecord
  2
Standard
 70
     0
 40
0.0
 41
1.0
 50
0.0
 71
     0
 42
2.5
  3
txt
  4

  0
ENDTAB
  0
TABLE
  2
VIEW
  5
6
330
0
100
AcDbSymbolTable
 70
     0
  0
ENDTAB
  0
TABLE
  2
UCS
  5
7
330
0
100
AcDbSymbolTable
 70
     0
  0
ENDTAB
  0
TABLE
  2
APPID
  5
9
330
0
100
AcDbSymbolTable
 70
     1
  0
APPID
  5
12
330
9
100
AcDbSymbolTableRecord
100
AcDbRegAppTableRecord
  2
ACAD
 70
     0
  0
ENDTAB
  0
TABLE
  2
DIMSTYLE
  5
A
330
0
100
AcDbSymbolTable
 70
     1
100
AcDbDimStyleTable
  0
DIMSTYLE
105
27
102
{ACAD_REACTORS
330
2E5
330
2EF
330
2F8
330
301
330
7F8
330
805
330
815
330
825
330
835
330
845
330
852
330
85F
330
868
330
871
330
87A
330
883
330
88C
330
895
330
89E
330
8A7
330
8B0
330
8B9
330
8C2
330
8CB
330
8D4
330
8DD
330
8E6
330
8EF
330
8F8
330
901
330
90A
330
913
330
91C
330
925
330
92E
330
937
330
940
330
949
330
952
330
95B
330
964
330
96D
330
976
330
97F
330
988
330
991
330
99A
330
9AA
330
9BA
330
9C8
330
9D8
330
9E8
330
9F6
330
A06
330
A16
330
A26
330
A36
330
A46
330
A56
330
A64
330
A74
330
A82
330
A92
330
AA2
330
AB2
330
AC2
330
AD2
330
AE2
330
AF0
330
B02
330
B0B
330
B14
102
}
330
A
100
AcDbSymbolTableRecord
100
AcDbDimStyleTableRecord
  2
ISO-25
 70
     0
 41
2.5
 42
0.625
 43
3.75
 44
1.25
 73
     0
 74
     0
 77
     1
 78
     8
140
2.5
141
2.5
143
0.03937007874016
147
0.625
171
     3
172
     1
178
     0
271
     2
272
     2
274
     3
278
    44
283
     0
284
     8
340
11
  0
ENDTAB
  0
TABLE
  2
BLOCK_RECORD
  5
1
330
0
100
AcDbSymbolTable
 70
    73
  0
BLOCK_RECORD
  5
1F
330
1
100
AcDbSymbolTableRecord
100
AcDbBlockTableRecord
  2
*Model_Space
340
22
 70
     0
280
     1
281
     0
  0
BLOCK_RECORD
  5
1B
330
1
100
AcDbSymbolTableRecord
100
AcDbBlockTableRecord
  2
*Paper_Space
340
1E
 70
     0
280
     1
281
     0
  0
BLOCK_RECORD
  5
23
330
1
100
AcDbSymbolTableRecord
100
AcDbBlockTableRecord
  2
*Paper_Space0
340
26
 70
     0
280
     1
281
     0
  0
BLOCK_RECORD
  5
2E7
330
1
100
AcDbSymbolTableRecord
100
AcDbBlockTableRecord
  2
*D1
340
0
 70
     0
280
     1
281
     0
  0
BLOCK_RECORD
  5
2F0
330
1
100
AcDbSymbolTableRecord
100
AcDbBlockTableRecord
  2
*D2
340
0
 70
     0
280
     1
281
     0
  0
BLOCK_RECORD
  5
2F9
330
1
100
AcDbSymbolTableRecord
100
AcDbBlockTableRecord
  2
*D3
340
0
 70
     0
280
     1
281
     0
  0
BLOCK_RECORD
  5
302
330
1
100
AcDbSymbolTableRecord
100
AcDbBlockTableRecord
  2
*D4
340
0
 70
     0
280
     1
281
     0
  0
BLOCK_RECORD
  5
7F9
330
1
100
AcDbSymbolTableRecord
100
AcDbBlockTableRecord
  2
*D5
340
0
 70
     0
280
     1
281
     0
  0
BLOCK_RECORD
  5
806
330
1
100
AcDbSymbolTableRecord
100
AcDbBlockTableRecord
  2
*D6
340
0
 70
     0
280
     1
281
     0
  0
BLOCK_RECORD
  5
816
330
1
100
AcDbSymbolTableRecord
100
AcDbBlockTableRecord
  2
*D7
340
0
 70
     0
280
     1
281
     0
  0
BLOCK_RECORD
  5
826
330
1
100
AcDbSymbolTableRecord
100
AcDbBlockTableRecord
  2
*D8
340
0
 70
     0
280
     1
281
     0
  0
BLOCK_RECORD
  5
836
330
1
100
AcDbSymbolTableRecord
100
AcDbBlockTableRecord
  2
*D9
340
0
 70
     0
280
     1
281
     0
  0
BLOCK_RECORD
  5
846
330
1
100
AcDbSymbolTableRecord
100
AcDbBlockTableRecord
  2
*D10
340
0
 70
     0
280
     1
281
     0
  0
BLOCK_RECORD
  5
853
330
1
100
AcDbSymbolTableRecord
100
AcDbBlockTableRecord
  2
*D11
340
0
 70
     0
280
     1
281
     0
  0
BLOCK_RECORD
  5
860
330
1
100
AcDbSymbolTableRecord
100
AcDbBlockTableRecord
  2
*D12
340
0
 70
     0
280
     1
281
     0
  0
BLOCK_RECORD
  5
869
330
1
100
AcDbSymbolTableRecord
100
AcDbBlockTableRecord
  2
*D13
340
0
 70
     0
280
     1
281
     0
  0
BLOCK_RECORD
  5
872
330
1
100
AcDbSymbolTableRecord
100
AcDbBlockTableRecord
  2
*D14
340
0
 70
     0
280
     1
281
     0
  0
BLOCK_RECORD
  5
87B
330
1
100
AcDbSymbolTableRecord
100
AcDbBlockTableRecord
  2
*D15
340
0
 70
     0
280
     1
281
     0
  0
BLOCK_RECORD
  5
884
330
1
100
AcDbSymbolTableRecord
100
AcDbBlockTableRecord
  2
*D16
340
0
 70
     0
280
     1
281
     0
  0
BLOCK_RECORD
  5
88D
330
1
100
AcDbSymbolTableRecord
100
AcDbBlockTableRecord
  2
*D17
340
0
 70
     0
280
     1
281
     0
  0
BLOCK_RECORD
  5
896
330
1
100
AcDbSymbolTableRecord
100
AcDbBlockTableRecord
  2
*D18
340
0
 70
     0
280
     1
281
     0
  0
BLOCK_RECORD
  5
89F
330
1
100
AcDbSymbolTableRecord
100
AcDbBlockTableRecord
  2
*D19
340
0
 70
     0
280
     1
281
     0
  0
BLOCK_RECORD
  5
8A8
330
1
100
AcDbSymbolTableRecord
100
AcDbBlockTableRecord
  2
*D20
340
0
 70
     0
280
     1
281
     0
  0
BLOCK_RECORD
  5
8B1
330
1
100
AcDbSymbolTableRecord
100
AcDbBlockTableRecord
  2
*D21
340
0
 70
     0
280
     1
281
     0
  0
BLOCK_RECORD
  5
8BA
330
1
100
AcDbSymbolTableRecord
100
AcDbBlockTableRecord
  2
*D22
340
0
 70
     0
280
     1
281
     0
  0
BLOCK_RECORD
  5
8C3
330
1
100
AcDbSymbolTableRecord
100
AcDbBlockTableRecord
  2
*D23
340
0
 70
     0
280
     1
281
     0
  0
BLOCK_RECORD
  5
8CC
330
1
100
AcDbSymbolTableRecord
100
AcDbBlockTableRecord
  2
*D24
340
0
 70
     0
280
     1
281
     0
  0
BLOCK_RECORD
  5
8D5
330
1
100
AcDbSymbolTableRecord
100
AcDbBlockTableRecord
  2
*D25
340
0
 70
     0
280
     1
281
     0
  0
BLOCK_RECORD
  5
8DE
330
1
100
AcDbSymbolTableRecord
100
AcDbBlockTableRecord
  2
*D26
340
0
 70
     0
280
     1
281
     0
  0
BLOCK_RECORD
  5
8E7
330
1
100
AcDbSymbolTableRecord
100
AcDbBlockTableRecord
  2
*D27
340
0
 70
     0
280
     1
281
     0
  0
BLOCK_RECORD
  5
8F0
330
1
100
AcDbSymbolTableRecord
100
AcDbBlockTableRecord
  2
*D28
340
0
 70
     0
280
     1
281
     0
  0
BLOCK_RECORD
  5
8F9
330
1
100
AcDbSymbolTableRecord
100
AcDbBlockTableRecord
  2
*D29
340
0
 70
     0
280
     1
281
     0
  0
BLOCK_RECORD
  5
902
330
1
100
AcDbSymbolTableRecord
100
AcDbBlockTableRecord
  2
*D30
340
0
 70
     0
280
     1
281
     0
  0
BLOCK_RECORD
  5
90B
330
1
100
AcDbSymbolTableRecord
100
AcDbBlockTableRecord
  2
*D31
340
0
 70
     0
280
     1
281
     0
  0
BLOCK_RECORD
  5
914
330
1
100
AcDbSymbolTableRecord
100
AcDbBlockTableRecord
  2
*D32
340
0
 70
     0
280
     1
281
     0
  0
BLOCK_RECORD
  5
91D
330
1
100
AcDbSymbolTableRecord
100
AcDbBlockTableRecord
  2
*D33
340
0
 70
     0
280
     1
281
     0
  0
BLOCK_RECORD
  5
926
330
1
100
AcDbSymbolTableRecord
100
AcDbBlockTableRecord
  2
*D34
340
0
 70
     0
280
     1
281
     0
  0
BLOCK_RECORD
  5
92F
330
1
100
AcDbSymbolTableRecord
100
AcDbBlockTableRecord
  2
*D35
340
0
 70
     0
280
     1
281
     0
  0
BLOCK_RECORD
  5
938
330
1
100
AcDbSymbolTableRecord
100
AcDbBlockTableRecord
  2
*D36
340
0
 70
     0
280
     1
281
     0
  0
BLOCK_RECORD
  5
941
330
1
100
AcDbSymbolTableRecord
100
AcDbBlockTableRecord
  2
*D37
340
0
 70
     0
280
     1
281
     0
  0
BLOCK_RECORD
  5
94A
330
1
100
AcDbSymbolTableRecord
100
AcDbBlockTableRecord
  2
*D38
340
0
 70
     0
280
     1
281
     0
  0
BLOCK_RECORD
  5
953
330
1
100
AcDbSymbolTableRecord
100
AcDbBlockTableRecord
  2
*D39
340
0
 70
     0
280
     1
281
     0
  0
BLOCK_RECORD
  5
95C
330
1
100
AcDbSymbolTableRecord
100
AcDbBlockTableRecord
  2
*D40
340
0
 70
     0
280
     1
281
     0
  0
BLOCK_RECORD
  5
965
330
1
100
AcDbSymbolTableRecord
100
AcDbBlockTableRecord
  2
*D41
340
0
 70
     0
280
     1
281
     0
  0
BLOCK_RECORD
  5
96E
330
1
100
AcDbSymbolTableRecord
100
AcDbBlockTableRecord
  2
*D42
340
0
 70
     0
280
     1
281
     0
  0
BLOCK_RECORD
  5
977
330
1
100
AcDbSymbolTableRecord
100
AcDbBlockTableRecord
  2
*D43
340
0
 70
     0
280
     1
281
     0
  0
BLOCK_RECORD
  5
980
330
1
100
AcDbSymbolTableRecord
100
AcDbBlockTableRecord
  2
*D44
340
0
 70
     0
280
     1
281
     0
  0
BLOCK_RECORD
  5
989
330
1
100
AcDbSymbolTableRecord
100
AcDbBlockTableRecord
  2
*D45
340
0
 70
     0
280
     1
281
     0
  0
BLOCK_RECORD
  5
992
330
1
100
AcDbSymbolTableRecord
100
AcDbBlockTableRecord
  2
*D46
340
0
 70
     0
280
     1
281
     0
  0
BLOCK_RECORD
  5
99B
330
1
100
AcDbSymbolTableRecord
100
AcDbBlockTableRecord
  2
*D47
340
0
 70
     0
280
     1
281
     0
  0
BLOCK_RECORD
  5
9AB
330
1
100
AcDbSymbolTableRecord
100
AcDbBlockTableRecord
  2
*D48
340
0
 70
     0
280
     1
281
     0
  0
BLOCK_RECORD
  5
9BB
330
1
100
AcDbSymbolTableRecord
100
AcDbBlockTableRecord
  2
*D49
340
0
 70
     0
280
     1
281
     0
  0
BLOCK_RECORD
  5
9C9
330
1
100
AcDbSymbolTableRecord
100
AcDbBlockTableRecord
  2
*D50
340
0
 70
     0
280
     1
281
     0
  0
BLOCK_RECORD
  5
9D9
330
1
100
AcDbSymbolTableRecord
100
AcDbBlockTableRecord
  2
*D51
340
0
 70
     0
280
     1
281
     0
  0
BLOCK_RECORD
  5
9E9
330
1
100
AcDbSymbolTableRecord
100
AcDbBlockTableRecord
  2
*D52
340
0
 70
     0
280
     1
281
     0
  0
BLOCK_RECORD
  5
9F7
330
1
100
AcDbSymbolTableRecord
100
AcDbBlockTableRecord
  2
*D53
340
0
 70
     0
280
     1
281
     0
  0
BLOCK_RECORD
  5
A07
330
1
100
AcDbSymbolTableRecord
100
AcDbBlockTableRecord
  2
*D54
340
0
 70
     0
280
     1
281
     0
  0
BLOCK_RECORD
  5
A17
330
1
100
AcDbSymbolTableRecord
100
AcDbBlockTableRecord
  2
*D55
340
0
 70
     0
280
     1
281
     0
  0
BLOCK_RECORD
  5
A27
330
1
100
AcDbSymbolTableRecord
100
AcDbBlockTableRecord
  2
*D56
340
0
 70
     0
280
     1
281
     0
  0
BLOCK_RECORD
  5
A37
330
1
100
AcDbSymbolTableRecord
100
AcDbBlockTableRecord
  2
*D57
340
0
 70
     0
280
     1
281
     0
  0
BLOCK_RECORD
  5
A47
330
1
100
AcDbSymbolTableRecord
100
AcDbBlockTableRecord
  2
*D58
340
0
 70
     0
280
     1
281
     0
  0
BLOCK_RECORD
  5
A57
330
1
100
AcDbSymbolTableRecord
100
AcDbBlockTableRecord
  2
*D59
340
0
 70
     0
280
     1
281
     0
  0
BLOCK_RECORD
  5
A65
330
1
100
AcDbSymbolTableRecord
100
AcDbBlockTableRecord
  2
*D60
340
0
 70
     0
280
     1
281
     0
  0
BLOCK_RECORD
  5
A75
330
1
100
AcDbSymbolTableRecord
100
AcDbBlockTableRecord
  2
*D61
340
0
 70
     0
280
     1
281
     0
  0
BLOCK_RECORD
  5
A83
330
1
100
AcDbSymbolTableRecord
100
AcDbBlockTableRecord
  2
*D62
340
0
 70
     0
280
     1
281
     0
  0
BLOCK_RECORD
  5
A93
330
1
100
AcDbSymbolTableRecord
100
AcDbBlockTableRecord
  2
*D63
340
0
 70
     0
280
     1
281
     0
  0
BLOCK_RECORD
  5
AA3
330
1
100
AcDbSymbolTableRecord
100
AcDbBlockTableRecord
  2
*D64
340
0
 70
     0
280
     1
281
     0
  0
BLOCK_RECORD
  5
AB3
330
1
100
AcDbSymbolTableRecord
100
AcDbBlockTableRecord
  2
*D65
340
0
 70
     0
280
     1
281
     0
  0
BLOCK_RECORD
  5
AC3
330
1
100
AcDbSymbolTableRecord
100
AcDbBlockTableRecord
  2
*D66
340
0
 70
     0
280
     1
281
     0
  0
BLOCK_RECORD
  5
AD3
330
1
100
AcDbSymbolTableRecord
100
AcDbBlockTableRecord
  2
*D67
340
0
 70
     0
280
     1
281
     0
  0
BLOCK_RECORD
  5
AE3
330
1
100
AcDbSymbolTableRecord
100
AcDbBlockTableRecord
  2
*D68
340
0
 70
     0
280
     1
281
     0
  0
BLOCK_RECORD
  5
AF1
330
1
100
AcDbSymbolTableRecord
100
AcDbBlockTableRecord
  2
*D69
340
0
 70
     0
280
     1
281
     0
  0
BLOCK_RECORD
  5
B03
330
1
100
AcDbSymbolTableRecord
100
AcDbBlockTableRecord
  2
*D70
340
0
 70
     0
280
     1
281
     0
  0
BLOCK_RECORD
  5
B0C
330
1
100
AcDbSymbolTableRecord
100
AcDbBlockTableRecord
  2
*D71
340
0
 70
     0
280
     1
281
     0
  0
BLOCK_RECORD
  5
B15
330
1
100
AcDbSymbolTableRecord
100
AcDbBlockTableRecord
  2
*D72
340
0
 70
     0
280
     1
281
     0
  0
ENDTAB
  0
ENDSEC
  0
SECTION
  2
BLOCKS
  0
BLOCK
  5
20
330
1F
100
AcDbEntity
  8
0
100
AcDbBlockBegin
  2
*Model_Space
 70
     0
 10
0.0
 20
0.0
 30
0.0
  3
*Model_Space
  1

  0
ENDBLK
  5
21
330
1F
100
AcDbEntity
  8
0
100
AcDbBlockEnd
  0
BLOCK
  5
1C
330
1B
100
AcDbEntity
 67
     1
  8
0
100
AcDbBlockBegin
  2
*Paper_Space
 70
     0
 10
0.0
 20
0.0
 30
0.0
  3
*Paper_Space
  1

  0
ENDBLK
  5
1D
330
1B
100
AcDbEntity
 67
     1
  8
0
100
AcDbBlockEnd
  0
BLOCK
  5
24
330
23
100
AcDbEntity
  8
0
100
AcDbBlockBegin
  2
*Paper_Space0
 70
     0
 10
0.0
 20
0.0
 30
0.0
  3
*Paper_Space0
  1

  0
ENDBLK
  5
25
330
23
100
AcDbEntity
  8
0
100
AcDbBlockEnd
  0
BLOCK
  5
2E8
330
2E7
100
AcDbEntity
  8
0
100
AcDbBlockBegin
  2
*D1
 70
     1
 10
0.0
 20
0.0
 30
0.0
  3
*D1
  1

  0
LINE
  5
2EA
330
2E7
100
AcDbEntity
  8
Dimensions
 62
   140
370
    -2
100
AcDbLine
 10
359.2242414485256
 20
-154.1850636137281
 30
0.0
 11
348.1560607842996
 21
-154.1800094685807
 31
0.0
  0
MTEXT
  5
2EB
330
2E7
100
AcDbEntity
  8
Dimensions
 62
   140
100
AcDbMText
 10
352.4613025883914
 20
-152.1030309822755
 30
0.0
 40
2.459595959595959
 41
0.0
 46
0.0
 71
     5
 72
     1
  1
%%c5,2
 11
0.9999998957411628
 21
-0.0004566373439073582
 31
0.0
 73
     1
 44
1.0
  0
SOLID
  5
2EC
330
2E7
100
AcDbEntity
  8
Dimensions
 62
   140
100
AcDbTrace
 10
359.2240542579646
 20
-154.5949962309216
 30
0.0
 11
359.2244286390866
 21
-153.7751309965345
 31
0.0
 12
361.683837151687
 22
-154.1861867570941
 32
0.0
 13
361.683837151687
 23
-154.1861867570941
 33
0.0
  0
POINT
  5
2ED
330
2E7
100
AcDbEntity
  8
Defpoints
 62
     0
100
AcDbPoint
 10
361.683837151687
 20
-154.1861867570941
 30
0.0
  0
POINT
  5
2EE
330
2E7
100
AcDbEntity
  8
Defpoints
 62
     0
100
AcDbPoint
 10
356.483837693833
 20
-154.1838122429058
 30
0.0
  0
ENDBLK
  5
2E9
330
2E7
100
AcDbEntity
  8
0
100
AcDbBlockEnd
  0
BLOCK
  5
2F1
330
2F0
100
AcDbEntity
  8
0
100
AcDbBlockBegin
  2
*D2
 70
     1
 10
0.0
 20
0.0
 30
0.0
  3
*D2
  1

  0
LINE
  5
2F3
330
2F0
100
AcDbEntity
  8
Dimensions
 62
   140
370
    -2
100
AcDbLine
 10
359.2276450404041
 20
-107.7750407234247
 30
0.0
 11
348.1594632222223
 21
-107.7750407234247
 31
0.0
  0
MTEXT
  5
2F4
330
2F0
100
AcDbEntity
  8
Dimensions
 62
   140
100
AcDbMText
 10
352.4637561515152
 20
-105.6960965194804
 30
0.0
 40
2.459595959595959
 41
0.0
 46
0.0
 71
     5
 72
     1
  1
%%c5,2
 73
     1
 44
1.0
  0
SOLID
  5
2F5
330
2F0
100
AcDbEntity
  8
Dimensions
 62
   140
100
AcDbTrace
 10
359.2276450404041
 20
-108.1849733833573
 30
0.0
 11
359.2276450404041
 21
-107.365108063492
 31
0.0
 12
361.687241
 22
-107.7750407234247
 32
0.0
 13
361.687241
 23
-107.7750407234247
 33
0.0
  0
POINT
  5
2F6
330
2F0
100
AcDbEntity
  8
Defpoints
 62
     0
100
AcDbPoint
 10
361.687241
 20
-107.7750407234247
 30
0.0
  0
POINT
  5
2F7
330
2F0
100
AcDbEntity
  8
Defpoints
 62
     0
100
AcDbPoint
 10
356.487241
 20
-107.7750407234247
 30
0.0
  0
ENDBLK
  5
2F2
330
2F0
100
AcDbEntity
  8
0
100
AcDbBlockEnd
  0
BLOCK
  5
2FA
330
2F9
100
AcDbEntity
  8
0
100
AcDbBlockBegin
  2
*D3
 70
     1
 10
0.0
 20
0.0
 30
0.0
  3
*D3
  1

  0
LINE
  5
2FC
330
2F9
100
AcDbEntity
  8
Dimensions
 62
   140
370
    -2
100
AcDbLine
 10
80.89964487179498
 20
-154.2599995
 30
0.0
 11
91.96782668997679
 21
-154.2599995
 31
0.0
  0
MTEXT
  5
2FD
330
2F9
100
AcDbEntity
  8
Dimensions
 62
   140
100
AcDbMText
 10
87.66353376068386
 20
-152.1810552960558
 30
0.0
 40
2.459595959595959
 41
0.0
 46
0.0
 71
     5
 72
     1
  1
%%c5,2
 73
     1
 44
1.0
  0
SOLID
  5
2FE
330
2F9
100
AcDbEntity
  8
Dimensions
 62
   140
100
AcDbTrace
 10
80.89964487179498
 20
-153.8500668400673
 30
0.0
 11
80.89964487179498
 21
-154.6699321599326
 31
0.0
 12
78.44004891219902
 22
-154.2599995
 32
0.0
 13
78.44004891219902
 23
-154.2599995
 33
0.0
  0
POINT
  5
2FF
330
2F9
100
AcDbEntity
  8
Defpoints
 62
     0
100
AcDbPoint
 10
78.44004891219902
 20
-154.2599995
 30
0.0
  0
POINT
  5
300
330
2F9
100
AcDbEntity
  8
Defpoints
 62
     0
100
AcDbPoint
 10
83.640048912199
 20
-154.2599995
 30
0.0
  0
ENDBLK
  5
2FB
330
2F9
100
AcDbEntity
  8
0
100
AcDbBlockEnd
  0
BLOCK
  5
303
330
302
100
AcDbEntity
  8
0
100
AcDbBlockBegin
  2
*D4
 70
     1
 10
0.0
 20
0.0
 30
0.0
  3
*D4
  1

  0
LINE
  5
305
330
302
100
AcDbEntity
  8
Dimensions
 62
   140
370
    -2
100
AcDbLine
 10
81.02764504040404
 20
-107.700001
 30
0.0
 11
69.95946322222223
 21
-107.700001
 31
0.0
  0
MTEXT
  5
306
330
302
100
AcDbEntity
  8
Dimensions
 62
   140
100
AcDbMText
 10
74.26375615151515
 20
-105.6210567960558
 30
0.0
 40
2.459595959595959
 41
0.0
 46
0.0
 71
     5
 72
     1
  1
%%c5,2
 73
     1
 44
1.0
  0
SOLID
  5
307
330
302
100
AcDbEntity
  8
Dimensions
 62
   140
100
AcDbTrace
 10
81.02764504040404
 20
-108.1099336599327
 30
0.0
 11
81.02764504040404
 21
-107.2900683400673
 31
0.0
 12
83.487241
 22
-107.700001
 32
0.0
 13
83.487241
 23
-107.700001
 33
0.0
  0
POINT
  5
308
330
302
100
AcDbEntity
  8
Defpoints
 62
     0
100
AcDbPoint
 10
83.487241
 20
-107.700001
 30
0.0
  0
POINT
  5
309
330
302
100
AcDbEntity
  8
Defpoints
 62
     0
100
AcDbPoint
 10
78.28724100000001
 20
-107.700001
 30
0.0
  0
ENDBLK
  5
304
330
302
100
AcDbEntity
  8
0
100
AcDbBlockEnd
  0
BLOCK
  5
7FA
330
7F9
100
AcDbEntity
  8
0
100
AcDbBlockBegin
  2
*D5
 70
     1
 10
0.0
 20
0.0
 30
0.0
  3
*D5
  1

  0
LINE
  5
7FC
330
7F9
100
AcDbEntity
  8
Dimensions
 62
   140
370
    -2
100
AcDbLine
 10
186.4204127661269
 20
-123.0875
 30
0.0
 11
191.5658252177258
 21
-123.0875
 31
0.0
  0
LINE
  5
7FD
330
7F9
100
AcDbEntity
  8
Dimensions
 62
   140
370
    -2
100
AcDbLine
 10
186.4204127661269
 20
-168.0875
 30
0.0
 11
191.5658252177258
 21
-168.0875
 31
0.0
  0
LINE
  5
7FE
330
7F9
100
AcDbEntity
  8
Dimensions
 62
   140
370
    -2
100
AcDbLine
 10
190.2750003145281
 20
-125.6691498063955
 30
0.0
 11
190.2750003145281
 21
-165.5058501936045
 31
0.0
  0
SOLID
  5
7FF
330
7F9
100
AcDbEntity
  8
Dimensions
 62
   140
100
AcDbTrace
 10
190.7052752822606
 20
-125.6691498063955
 30
0.0
 11
189.8447253467955
 21
-125.6691498063955
 31
0.0
 12
190.2750003145281
 22
-123.0875
 32
0.0
 13
190.2750003145281
 23
-123.0875
 33
0.0
  0
SOLID
  5
800
330
7F9
100
AcDbEntity
  8
Dimensions
 62
   140
100
AcDbTrace
 10
189.8447253467955
 20
-165.5058501936045
 30
0.0
 11
190.7052752822606
 21
-165.5058501936045
 31
0.0
 12
190.2750003145281
 22
-168.0875
 32
0.0
 13
190.2750003145281
 23
-168.0875
 33
0.0
  0
MTEXT
  5
801
330
7F9
100
AcDbEntity
  8
Dimensions
 62
   140
100
AcDbMText
 10
188.3387629597314
 20
-145.5875
 30
0.0
 40
2.581649806395483
 41
0.0
 46
0.0
 71
     5
 72
     1
  1
45
 11
0.0
 21
1.0
 31
0.0
 73
     1
 44
1.0
  0
POINT
  5
802
330
7F9
100
AcDbEntity
  8
Defpoints
 62
     0
100
AcDbPoint
 10
185.7750003145281
 20
-123.0875
 30
0.0
  0
POINT
  5
803
330
7F9
100
AcDbEntity
  8
Defpoints
 62
     0
100
AcDbPoint
 10
185.7750003145281
 20
-168.0875
 30
0.0
  0
POINT
  5
804
330
7F9
100
AcDbEntity
  8
Defpoints
 62
     0
100
AcDbPoint
 10
190.2750003145281
 20
-168.0875
 30
0.0
  0
ENDBLK
  5
7FB
330
7F9
100
AcDbEntity
  8
0
100
AcDbBlockEnd
  0
BLOCK
  5
807
330
806
100
AcDbEntity
  8
0
100
AcDbBlockBegin
  2
*D6
 70
     1
 10
0.0
 20
0.0
 30
0.0
  3
*D6
  1

  0
LINE
  5
809
330
806
100
AcDbEntity
  8
Dimensions
 62
   140
370
    -2
100
AcDbLine
 10
367.569985
 20
-105.5970935484011
 30
0.0
 11
367.569985
 21
-104.7516810968022
 31
0.0
  0
LINE
  5
80A
330
806
100
AcDbEntity
  8
Dimensions
 62
   140
370
    -2
100
AcDbLine
 10
369.569985
 20
-105.5970935484011
 30
0.0
 11
369.569985
 21
-104.7516810968022
 31
0.0
  0
LINE
  5
80B
330
806
100
AcDbEntity
  8
Dimensions
 62
   140
370
    -2
100
AcDbLine
 10
367.569985
 20
-106.042506
 30
0.0
 11
369.569985
 21
-106.042506
 31
0.0
  0
LINE
  5
80C
330
806
100
AcDbEntity
  8
Dimensions
 62
   140
370
    -2
100
AcDbLine
 10
364.9883351936045
 20
-106.042506
 30
0.0
 11
362.4066853872091
 21
-106.042506
 31
0.0
  0
LINE
  5
80D
330
806
100
AcDbEntity
  8
Dimensions
 62
   140
370
    -2
100
AcDbLine
 10
372.1516348063955
 20
-106.042506
 30
0.0
 11
374.733284612791
 21
-106.042506
 31
0.0
  0
LINE
  5
80E
330
806
100
AcDbEntity
  8
Dimensions
 62
   140
370
    -2
100
AcDbLine
 10
367.569985
 20
-106.042506
 30
0.0
 11
369.569985
 21
-106.042506
 31
0.0
  0
SOLID
  5
80F
330
806
100
AcDbEntity
  8
Dimensions
 62
   140
100
AcDbTrace
 10
364.9883351936045
 20
-106.4727809677326
 30
0.0
 11
364.9883351936045
 21
-105.6122310322674
 31
0.0
 12
367.569985
 22
-106.042506
 32
0.0
 13
367.569985
 23
-106.042506
 33
0.0
  0
SOLID
  5
810
330
806
100
AcDbEntity
  8
Dimensions
 62
   140
100
AcDbTrace
 10
372.1516348063955
 20
-105.6122310322674
 30
0.0
 11
372.1516348063955
 21
-106.4727809677326
 31
0.0
 12
369.569985
 22
-106.042506
 32
0.0
 13
369.569985
 23
-106.042506
 33
0.0
  0
MTEXT
  5
811
330
806
100
AcDbEntity
  8
Dimensions
 62
   140
100
AcDbMText
 10
368.569985
 20
-104.1062686452034
 30
0.0
 40
2.581649806395483
 41
0.0
 46
0.0
 71
     5
 72
     1
  1
2
 73
     1
 44
1.0
  0
POINT
  5
812
330
806
100
AcDbEntity
  8
Defpoints
 62
     0
100
AcDbPoint
 10
367.569985
 20
-106.242506
 30
0.0
  0
POINT
  5
813
330
806
100
AcDbEntity
  8
Defpoints
 62
     0
100
AcDbPoint
 10
369.569985
 20
-106.242506
 30
0.0
  0
POINT
  5
814
330
806
100
AcDbEntity
  8
Defpoints
 62
     0
100
AcDbPoint
 10
369.569985
 20
-106.042506
 30
0.0
  0
ENDBLK
  5
808
330
806
100
AcDbEntity
  8
0
100
AcDbBlockEnd
  0
BLOCK
  5
817
330
816
100
AcDbEntity
  8
0
100
AcDbBlockBegin
  2
*D7
 70
     1
 10
0.0
 20
0.0
 30
0.0
  3
*D7
  1

  0
LINE
  5
819
330
816
100
AcDbEntity
  8
Dimensions
 62
   140
370
    -2
100
AcDbLine
 10
350.85
 20
-106.8879184515988
 30
0.0
 11
350.85
 21
-107.7333309031977
 31
0.0
  0
LINE
  5
81A
330
816
100
AcDbEntity
  8
Dimensions
 62
   140
370
    -2
100
AcDbLine
 10
348.85
 20
-106.8879184515988
 30
0.0
 11
348.85
 21
-107.7333309031977
 31
0.0
  0
LINE
  5
81B
330
816
100
AcDbEntity
  8
Dimensions
 62
   140
370
    -2
100
AcDbLine
 10
350.85
 20
-106.442506
 30
0.0
 11
348.85
 21
-106.442506
 31
0.0
  0
LINE
  5
81C
330
816
100
AcDbEntity
  8
Dimensions
 62
   140
370
    -2
100
AcDbLine
 10
353.4316498063955
 20
-106.442506
 30
0.0
 11
356.013299612791
 21
-106.442506
 31
0.0
  0
LINE
  5
81D
330
816
100
AcDbEntity
  8
Dimensions
 62
   140
370
    -2
100
AcDbLine
 10
346.2683501936045
 20
-106.442506
 30
0.0
 11
343.686700387209
 21
-106.442506
 31
0.0
  0
LINE
  5
81E
330
816
100
AcDbEntity
  8
Dimensions
 62
   140
370
    -2
100
AcDbLine
 10
350.85
 20
-106.442506
 30
0.0
 11
348.85
 21
-106.442506
 31
0.0
  0
SOLID
  5
81F
330
816
100
AcDbEntity
  8
Dimensions
 62
   140
100
AcDbTrace
 10
353.4316498063955
 20
-106.0122310322674
 30
0.0
 11
353.4316498063955
 21
-106.8727809677326
 31
0.0
 12
350.85
 22
-106.442506
 32
0.0
 13
350.85
 23
-106.442506
 33
0.0
  0
SOLID
  5
820
330
816
100
AcDbEntity
  8
Dimensions
 62
   140
100
AcDbTrace
 10
346.2683501936045
 20
-106.8727809677326
 30
0.0
 11
346.2683501936045
 21
-106.0122310322674
 31
0.0
 12
348.85
 22
-106.442506
 32
0.0
 13
348.85
 23
-106.442506
 33
0.0
  0
MTEXT
  5
821
330
816
100
AcDbEntity
  8
Dimensions
 62
   140
100
AcDbMText
 10
349.85
 20
-104.5062686452034
 30
0.0
 40
2.581649806395483
 41
0.0
 46
0.0
 71
     5
 72
     1
  1
2
 73
     1
 44
1.0
  0
POINT
  5
822
330
816
100
AcDbEntity
  8
Defpoints
 62
     0
100
AcDbPoint
 10
350.85
 20
-106.242506
 30
0.0
  0
POINT
  5
823
330
816
100
AcDbEntity
  8
Defpoints
 62
     0
100
AcDbPoint
 10
348.85
 20
-106.242506
 30
0.0
  0
POINT
  5
824
330
816
100
AcDbEntity
  8
Defpoints
 62
     0
100
AcDbPoint
 10
348.85
 20
-106.442506
 30
0.0
  0
ENDBLK
  5
818
330
816
100
AcDbEntity
  8
0
100
AcDbBlockEnd
  0
BLOCK
  5
827
330
826
100
AcDbEntity
  8
0
100
AcDbBlockBegin
  2
*D8
 70
     1
 10
0.0
 20
0.0
 30
0.0
  3
*D8
  1

  0
LINE
  5
829
330
826
100
AcDbEntity
  8
Dimensions
 62
   140
370
    -2
100
AcDbLine
 10
89.26999299999999
 20
-105.5970855484011
 30
0.0
 11
89.26999299999999
 21
-104.7516730968023
 31
0.0
  0
LINE
  5
82A
330
826
100
AcDbEntity
  8
Dimensions
 62
   140
370
    -2
100
AcDbLine
 10
91.269993
 20
-105.5970855484011
 30
0.0
 11
91.269993
 21
-104.7516730968023
 31
0.0
  0
LINE
  5
82B
330
826
100
AcDbEntity
  8
Dimensions
 62
   140
370
    -2
100
AcDbLine
 10
89.26999299999999
 20
-106.042498
 30
0.0
 11
91.269993
 21
-106.042498
 31
0.0
  0
LINE
  5
82C
330
826
100
AcDbEntity
  8
Dimensions
 62
   140
370
    -2
100
AcDbLine
 10
86.6883431936045
 20
-106.042498
 30
0.0
 11
84.106693387209
 21
-106.042498
 31
0.0
  0
LINE
  5
82D
330
826
100
AcDbEntity
  8
Dimensions
 62
   140
370
    -2
100
AcDbLine
 10
93.85164280639549
 20
-106.042498
 30
0.0
 11
96.43329261279098
 21
-106.042498
 31
0.0
  0
LINE
  5
82E
330
826
100
AcDbEntity
  8
Dimensions
 62
   140
370
    -2
100
AcDbLine
 10
89.26999299999999
 20
-106.042498
 30
0.0
 11
91.269993
 21
-106.042498
 31
0.0
  0
SOLID
  5
82F
330
826
100
AcDbEntity
  8
Dimensions
 62
   140
100
AcDbTrace
 10
86.6883431936045
 20
-106.4727729677326
 30
0.0
 11
86.6883431936045
 21
-105.6122230322674
 31
0.0
 12
89.26999299999999
 22
-106.042498
 32
0.0
 13
89.26999299999999
 23
-106.042498
 33
0.0
  0
SOLID
  5
830
330
826
100
AcDbEntity
  8
Dimensions
 62
   140
100
AcDbTrace
 10
93.85164280639549
 20
-105.6122230322674
 30
0.0
 11
93.85164280639549
 21
-106.4727729677326
 31
0.0
 12
91.269993
 22
-106.042498
 32
0.0
 13
91.269993
 23
-106.042498
 33
0.0
  0
MTEXT
  5
831
330
826
100
AcDbEntity
  8
Dimensions
 62
   140
100
AcDbMText
 10
90.269993
 20
-104.1062606452034
 30
0.0
 40
2.581649806395483
 41
0.0
 46
0.0
 71
     5
 72
     1
  1
2
 73
     1
 44
1.0
  0
POINT
  5
832
330
826
100
AcDbEntity
  8
Defpoints
 62
     0
100
AcDbPoint
 10
89.26999299999999
 20
-106.242498
 30
0.0
  0
POINT
  5
833
330
826
100
AcDbEntity
  8
Defpoints
 62
     0
100
AcDbPoint
 10
91.269993
 20
-106.242498
 30
0.0
  0
POINT
  5
834
330
826
100
AcDbEntity
  8
Defpoints
 62
     0
100
AcDbPoint
 10
91.269993
 20
-106.042498
 30
0.0
  0
ENDBLK
  5
828
330
826
100
AcDbEntity
  8
0
100
AcDbBlockEnd
  0
BLOCK
  5
837
330
836
100
AcDbEntity
  8
0
100
AcDbBlockBegin
  2
*D9
 70
     1
 10
0.0
 20
0.0
 30
0.0
  3
*D9
  1

  0
LINE
  5
839
330
836
100
AcDbEntity
  8
Dimensions
 62
   140
370
    -2
100
AcDbLine
 10
72.53
 20
-106.8879104515989
 30
0.0
 11
72.53
 21
-107.7333229031977
 31
0.0
  0
LINE
  5
83A
330
836
100
AcDbEntity
  8
Dimensions
 62
   140
370
    -2
100
AcDbLine
 10
70.53
 20
-106.8879104515989
 30
0.0
 11
70.53
 21
-107.7333229031977
 31
0.0
  0
LINE
  5
83B
330
836
100
AcDbEntity
  8
Dimensions
 62
   140
370
    -2
100
AcDbLine
 10
72.53
 20
-106.442498
 30
0.0
 11
70.53
 21
-106.442498
 31
0.0
  0
LINE
  5
83C
330
836
100
AcDbEntity
  8
Dimensions
 62
   140
370
    -2
100
AcDbLine
 10
75.11164980639549
 20
-106.442498
 30
0.0
 11
77.69329961279098
 21
-106.442498
 31
0.0
  0
LINE
  5
83D
330
836
100
AcDbEntity
  8
Dimensions
 62
   140
370
    -2
100
AcDbLine
 10
67.94835019360451
 20
-106.442498
 30
0.0
 11
65.36670038720902
 21
-106.442498
 31
0.0
  0
LINE
  5
83E
330
836
100
AcDbEntity
  8
Dimensions
 62
   140
370
    -2
100
AcDbLine
 10
72.53
 20
-106.442498
 30
0.0
 11
70.53
 21
-106.442498
 31
0.0
  0
SOLID
  5
83F
330
836
100
AcDbEntity
  8
Dimensions
 62
   140
100
AcDbTrace
 10
75.11164980639549
 20
-106.0122230322674
 30
0.0
 11
75.11164980639549
 21
-106.8727729677326
 31
0.0
 12
72.53
 22
-106.442498
 32
0.0
 13
72.53
 23
-106.442498
 33
0.0
  0
SOLID
  5
840
330
836
100
AcDbEntity
  8
Dimensions
 62
   140
100
AcDbTrace
 10
67.94835019360451
 20
-106.8727729677326
 30
0.0
 11
67.94835019360451
 21
-106.0122230322674
 31
0.0
 12
70.53
 22
-106.442498
 32
0.0
 13
70.53
 23
-106.442498
 33
0.0
  0
MTEXT
  5
841
330
836
100
AcDbEntity
  8
Dimensions
 62
   140
100
AcDbMText
 10
71.53
 20
-104.5062606452034
 30
0.0
 40
2.581649806395483
 41
0.0
 46
0.0
 71
     5
 72
     1
  1
2
 73
     1
 44
1.0
  0
POINT
  5
842
330
836
100
AcDbEntity
  8
Defpoints
 62
     0
100
AcDbPoint
 10
72.53
 20
-106.242498
 30
0.0
  0
POINT
  5
843
330
836
100
AcDbEntity
  8
Defpoints
 62
     0
100
AcDbPoint
 10
70.53
 20
-106.242498
 30
0.0
  0
POINT
  5
844
330
836
100
AcDbEntity
  8
Defpoints
 62
     0
100
AcDbPoint
 10
70.53
 20
-106.442498
 30
0.0
  0
ENDBLK
  5
838
330
836
100
AcDbEntity
  8
0
100
AcDbBlockEnd
  0
BLOCK
  5
847
330
846
100
AcDbEntity
  8
0
100
AcDbBlockBegin
  2
*D10
 70
     1
 10
0.0
 20
0.0
 30
0.0
  3
*D10
  1

  0
LINE
  5
849
330
846
100
AcDbEntity
  8
Dimensions
 62
   140
370
    -2
100
AcDbLine
 10
254.4458041742805
 20
-168.8496597204974
 30
0.0
 11
254.4499548325309
 21
-172.0950695178926
 31
0.0
  0
LINE
  5
84A
330
846
100
AcDbEntity
  8
Dimensions
 62
   140
370
    -2
100
AcDbLine
 10
228.4458254379242
 20
-168.8829119237596
 30
0.0
 11
228.4499760961746
 21
-172.1283217211549
 31
0.0
  0
LINE
  5
84B
330
846
100
AcDbEntity
  8
Dimensions
 62
   140
370
    -2
100
AcDbLine
 10
251.866656261644
 20
-170.8075474220701
 30
0.0
 11
231.0299729153647
 21
-170.8341961219389
 31
0.0
  0
SOLID
  5
84C
330
846
100
AcDbEntity
  8
Dimensions
 62
   140
100
AcDbTrace
 10
251.8672065535935
 20
-171.2378220379098
 30
0.0
 11
251.8661059696946
 21
-170.3772728062303
 31
0.0
 12
254.4483039566825
 22
-170.8042456703734
 32
0.0
 13
254.4483039566825
 23
-170.8042456703734
 33
0.0
  0
SOLID
  5
84D
330
846
100
AcDbEntity
  8
Dimensions
 62
   140
100
AcDbTrace
 10
231.0294226234153
 20
-170.4039215060992
 30
0.0
 11
231.0305232073142
 21
-171.2644707377787
 31
0.0
 12
228.4483252203262
 22
-170.8374978736356
 32
0.0
 13
228.4483252203262
 23
-170.8374978736356
 33
0.0
  0
MTEXT
  5
84E
330
846
100
AcDbEntity
  8
Dimensions
 62
   140
100
AcDbMText
 10
241.4458382747319
 20
-168.8846360007256
 30
0.0
 40
2.581649806395483
 41
0.0
 46
0.0
 71
     5
 72
     1
  1
26
 11
0.9999991821675489
 21
0.001278930894701401
 31
0.0
 73
     1
 44
1.0
  0
POINT
  5
84F
330
846
100
AcDbEntity
  8
Defpoints
 62
     0
100
AcDbPoint
 10
254.4449787363563
 20
-168.2042477967377
 30
0.0
  0
POINT
  5
850
330
846
100
AcDbEntity
  8
Defpoints
 62
     0
100
AcDbPoint
 10
228.445
 20
-168.2375
 30
0.0
  0
POINT
  5
851
330
846
100
AcDbEntity
  8
Defpoints
 62
     0
100
AcDbPoint
 10
228.4483252203262
 20
-170.8374978736356
 30
0.0
  0
ENDBLK
  5
848
330
846
100
AcDbEntity
  8
0
100
AcDbBlockEnd
  0
BLOCK
  5
854
330
853
100
AcDbEntity
  8
0
100
AcDbBlockBegin
  2
*D11
 70
     1
 10
0.0
 20
0.0
 30
0.0
  3
*D11
  1

  0
LINE
  5
856
330
853
100
AcDbEntity
  8
Dimensions
 62
   140
370
    -2
100
AcDbLine
 10
254.4450119999788
 20
-123.7329922483366
 30
0.0
 11
254.4450119999788
 21
-126.9784046999355
 31
0.0
  0
LINE
  5
857
330
853
100
AcDbEntity
  8
Dimensions
 62
   140
370
    -2
100
AcDbLine
 10
228.4450119999787
 20
-123.7329922483366
 30
0.0
 11
228.4450119999787
 21
-126.9784046999355
 31
0.0
  0
LINE
  5
858
330
853
100
AcDbEntity
  8
Dimensions
 62
   140
370
    -2
100
AcDbLine
 10
251.8633621935833
 20
-125.6875797967377
 30
0.0
 11
231.0266618063742
 21
-125.6875797967377
 31
0.0
  0
SOLID
  5
859
330
853
100
AcDbEntity
  8
Dimensions
 62
   140
100
AcDbTrace
 10
251.8633621935833
 20
-126.1178547644703
 30
0.0
 11
251.8633621935833
 21
-125.2573048290051
 31
0.0
 12
254.4450119999788
 22
-125.6875797967377
 32
0.0
 13
254.4450119999788
 23
-125.6875797967377
 33
0.0
  0
SOLID
  5
85A
330
853
100
AcDbEntity
  8
Dimensions
 62
   140
100
AcDbTrace
 10
231.0266618063742
 20
-125.2573048290051
 30
0.0
 11
231.0266618063742
 21
-126.1178547644703
 31
0.0
 12
228.4450119999787
 22
-125.6875797967377
 32
0.0
 13
228.4450119999787
 23
-125.6875797967377
 33
0.0
  0
MTEXT
  5
85B
330
853
100
AcDbEntity
  8
Dimensions
 62
   140
100
AcDbMText
 10
241.4450119999788
 20
-123.7513424419411
 30
0.0
 40
2.581649806395483
 41
0.0
 46
0.0
 71
     5
 72
     1
  1
26
 73
     1
 44
1.0
  0
POINT
  5
85C
330
853
100
AcDbEntity
  8
Defpoints
 62
     0
100
AcDbPoint
 10
254.4450119999788
 20
-123.0875797967377
 30
0.0
  0
POINT
  5
85D
330
853
100
AcDbEntity
  8
Defpoints
 62
     0
100
AcDbPoint
 10
228.4450119999787
 20
-123.0875797967377
 30
0.0
  0
POINT
  5
85E
330
853
100
AcDbEntity
  8
Defpoints
 62
     0
100
AcDbPoint
 10
228.4450119999787
 20
-125.6875797967377
 30
0.0
  0
ENDBLK
  5
855
330
853
100
AcDbEntity
  8
0
100
AcDbBlockEnd
  0
BLOCK
  5
861
330
860
100
AcDbEntity
  8
0
100
AcDbBlockBegin
  2
*D12
 70
     1
 10
0.0
 20
0.0
 30
0.0
  3
*D12
  1

  0
LINE
  5
863
330
860
100
AcDbEntity
  8
Dimensions
 62
   140
370
    -2
100
AcDbLine
 10
89.26999299999999
 20
-108.8241478063955
 30
0.0
 11
89.26999299999999
 21
-112.4262100643898
 31
0.0
  0
MTEXT
  5
864
330
860
100
AcDbEntity
  8
Dimensions
 62
   140
100
AcDbMText
 10
87.08788423507046
 20
-106.617498
 30
0.0
 40
2.581649806395483
 41
0.0
 46
0.0
 71
     5
 72
     1
  1
R0,75
 11
0.0
 21
1.0
 31
0.0
 73
     1
 44
1.0
  0
SOLID
  5
865
330
860
100
AcDbEntity
  8
Dimensions
 62
   140
100
AcDbTrace
 10
89.70026796773257
 20
-108.8241478063955
 30
0.0
 11
88.8397180322674
 21
-108.8241478063955
 31
0.0
 12
89.26999299999999
 22
-106.242498
 32
0.0
 13
89.26999299999999
 23
-106.242498
 33
0.0
  0
POINT
  5
866
330
860
100
AcDbEntity
  8
Defpoints
 62
     0
100
AcDbPoint
 10
89.26999299999999
 20
-106.242498
 30
0.0
  0
POINT
  5
867
330
860
100
AcDbEntity
  8
Defpoints
 62
     0
100
AcDbPoint
 10
89.26999299999999
 20
-106.992498
 30
0.0
  0
ENDBLK
  5
862
330
860
100
AcDbEntity
  8
0
100
AcDbBlockEnd
  0
BLOCK
  5
86A
330
869
100
AcDbEntity
  8
0
100
AcDbBlockBegin
  2
*D13
 70
     1
 10
0.0
 20
0.0
 30
0.0
  3
*D13
  1

  0
LINE
  5
86C
330
869
100
AcDbEntity
  8
Dimensions
 62
   140
370
    -2
100
AcDbLine
 10
87.43834319360451
 20
-109.0125
 30
0.0
 11
73.23926925842936
 21
-109.0125
 31
0.0
  0
MTEXT
  5
86D
330
869
100
AcDbEntity
  8
Dimensions
 62
   140
100
AcDbMText
 10
79.0479813228192
 20
-106.8303912350705
 30
0.0
 40
2.581649806395483
 41
0.0
 46
0.0
 71
     5
 72
     1
  1
R0,75
 73
     1
 44
1.0
  0
SOLID
  5
86E
330
869
100
AcDbEntity
  8
Dimensions
 62
   140
100
AcDbTrace
 10
87.43834319360451
 20
-109.4427749677326
 30
0.0
 11
87.43834319360451
 21
-108.5822250322674
 31
0.0
 12
90.019993
 22
-109.0125
 32
0.0
 13
90.019993
 23
-109.0125
 33
0.0
  0
POINT
  5
86F
330
869
100
AcDbEntity
  8
Defpoints
 62
     0
100
AcDbPoint
 10
90.019993
 20
-109.0125
 30
0.0
  0
POINT
  5
870
330
869
100
AcDbEntity
  8
Defpoints
 62
     0
100
AcDbPoint
 10
89.26999299999999
 20
-109.0125
 30
0.0
  0
ENDBLK
  5
86B
330
869
100
AcDbEntity
  8
0
100
AcDbBlockEnd
  0
BLOCK
  5
873
330
872
100
AcDbEntity
  8
0
100
AcDbBlockBegin
  2
*D14
 70
     1
 10
0.0
 20
0.0
 30
0.0
  3
*D14
  1

  0
LINE
  5
875
330
872
100
AcDbEntity
  8
Dimensions
 62
   140
370
    -2
100
AcDbLine
 10
72.53
 20
-107.1808501936045
 30
0.0
 11
72.53
 21
-103.5787879356102
 31
0.0
  0
MTEXT
  5
876
330
872
100
AcDbEntity
  8
Dimensions
 62
   140
100
AcDbMText
 10
74.71210876492952
 20
-109.3875
 30
0.0
 40
2.581649806395483
 41
0.0
 46
0.0
 71
     5
 72
     1
  1
R0,75
 11
0.0
 21
-1.0
 31
0.0
 73
     1
 44
1.0
  0
SOLID
  5
877
330
872
100
AcDbEntity
  8
Dimensions
 62
   140
100
AcDbTrace
 10
72.09972503226741
 20
-107.1808501936045
 30
0.0
 11
72.96027496773259
 21
-107.1808501936045
 31
0.0
 12
72.53
 22
-109.7625
 32
0.0
 13
72.53
 23
-109.7625
 33
0.0
  0
POINT
  5
878
330
872
100
AcDbEntity
  8
Defpoints
 62
     0
100
AcDbPoint
 10
72.53
 20
-109.7625
 30
0.0
  0
POINT
  5
879
330
872
100
AcDbEntity
  8
Defpoints
 62
     0
100
AcDbPoint
 10
72.53
 20
-109.0125
 30
0.0
  0
ENDBLK
  5
874
330
872
100
AcDbEntity
  8
0
100
AcDbBlockEnd
  0
BLOCK
  5
87C
330
87B
100
AcDbEntity
  8
0
100
AcDbBlockBegin
  2
*D15
 70
     1
 10
0.0
 20
0.0
 30
0.0
  3
*D15
  1

  0
LINE
  5
87E
330
87B
100
AcDbEntity
  8
Dimensions
 62
   140
370
    -2
100
AcDbLine
 10
74.36164980639549
 20
-106.992498
 30
0.0
 11
77.96371206438984
 21
-106.992498
 31
0.0
  0
MTEXT
  5
87F
330
87B
100
AcDbEntity
  8
Dimensions
 62
   140
100
AcDbMText
 10
72.155
 20
-104.8103892350705
 30
0.0
 40
2.581649806395483
 41
0.0
 46
0.0
 71
     5
 72
     1
  1
R0,75
 73
     1
 44
1.0
  0
SOLID
  5
880
330
87B
100
AcDbEntity
  8
Dimensions
 62
   140
100
AcDbTrace
 10
74.36164980639549
 20
-106.5622230322674
 30
0.0
 11
74.36164980639549
 21
-107.4227729677326
 31
0.0
 12
71.78
 22
-106.992498
 32
0.0
 13
71.78
 23
-106.992498
 33
0.0
  0
POINT
  5
881
330
87B
100
AcDbEntity
  8
Defpoints
 62
     0
100
AcDbPoint
 10
71.78
 20
-106.992498
 30
0.0
  0
POINT
  5
882
330
87B
100
AcDbEntity
  8
Defpoints
 62
     0
100
AcDbPoint
 10
72.53
 20
-106.992498
 30
0.0
  0
ENDBLK
  5
87D
330
87B
100
AcDbEntity
  8
0
100
AcDbBlockEnd
  0
BLOCK
  5
885
330
884
100
AcDbEntity
  8
0
100
AcDbBlockBegin
  2
*D16
 70
     1
 10
0.0
 20
0.0
 30
0.0
  3
*D16
  1

  0
LINE
  5
887
330
884
100
AcDbEntity
  8
Dimensions
 62
   140
370
    -2
100
AcDbLine
 10
350.85
 20
-107.1808511936045
 30
0.0
 11
350.85
 21
-103.5787889356101
 31
0.0
  0
MTEXT
  5
888
330
884
100
AcDbEntity
  8
Dimensions
 62
   140
100
AcDbMText
 10
353.0321087649295
 20
-109.387501
 30
0.0
 40
2.581649806395483
 41
0.0
 46
0.0
 71
     5
 72
     1
  1
R0,75
 11
0.0
 21
-1.0
 31
0.0
 73
     1
 44
1.0
  0
SOLID
  5
889
330
884
100
AcDbEntity
  8
Dimensions
 62
   140
100
AcDbTrace
 10
350.4197250322674
 20
-107.1808511936045
 30
0.0
 11
351.2802749677326
 21
-107.1808511936045
 31
0.0
 12
350.85
 22
-109.762501
 32
0.0
 13
350.85
 23
-109.762501
 33
0.0
  0
POINT
  5
88A
330
884
100
AcDbEntity
  8
Defpoints
 62
     0
100
AcDbPoint
 10
350.85
 20
-109.762501
 30
0.0
  0
POINT
  5
88B
330
884
100
AcDbEntity
  8
Defpoints
 62
     0
100
AcDbPoint
 10
350.85
 20
-109.012501
 30
0.0
  0
ENDBLK
  5
886
330
884
100
AcDbEntity
  8
0
100
AcDbBlockEnd
  0
BLOCK
  5
88E
330
88D
100
AcDbEntity
  8
0
100
AcDbBlockBegin
  2
*D17
 70
     1
 10
0.0
 20
0.0
 30
0.0
  3
*D17
  1

  0
LINE
  5
890
330
88D
100
AcDbEntity
  8
Dimensions
 62
   140
370
    -2
100
AcDbLine
 10
352.6816498063955
 20
-106.992506
 30
0.0
 11
356.2837120643899
 21
-106.992506
 31
0.0
  0
MTEXT
  5
891
330
88D
100
AcDbEntity
  8
Dimensions
 62
   140
100
AcDbMText
 10
350.475
 20
-104.8103972350705
 30
0.0
 40
2.581649806395483
 41
0.0
 46
0.0
 71
     5
 72
     1
  1
R0,75
 73
     1
 44
1.0
  0
SOLID
  5
892
330
88D
100
AcDbEntity
  8
Dimensions
 62
   140
100
AcDbTrace
 10
352.6816498063955
 20
-106.5622310322674
 30
0.0
 11
352.6816498063955
 21
-107.4227809677326
 31
0.0
 12
350.1
 22
-106.992506
 32
0.0
 13
350.1
 23
-106.992506
 33
0.0
  0
POINT
  5
893
330
88D
100
AcDbEntity
  8
Defpoints
 62
     0
100
AcDbPoint
 10
350.1
 20
-106.992506
 30
0.0
  0
POINT
  5
894
330
88D
100
AcDbEntity
  8
Defpoints
 62
     0
100
AcDbPoint
 10
350.85
 20
-106.992506
 30
0.0
  0
ENDBLK
  5
88F
330
88D
100
AcDbEntity
  8
0
100
AcDbBlockEnd
  0
BLOCK
  5
897
330
896
100
AcDbEntity
  8
0
100
AcDbBlockBegin
  2
*D18
 70
     1
 10
0.0
 20
0.0
 30
0.0
  3
*D18
  1

  0
LINE
  5
899
330
896
100
AcDbEntity
  8
Dimensions
 62
   140
370
    -2
100
AcDbLine
 10
367.5699850000003
 20
-108.8241558063955
 30
0.0
 11
367.5699850000008
 21
-112.4262180643898
 31
0.0
  0
MTEXT
  5
89A
330
896
100
AcDbEntity
  8
Dimensions
 62
   140
100
AcDbMText
 10
369.7520937649295
 20
-106.6175059999997
 30
0.0
 40
2.581649806395483
 41
0.0
 46
0.0
 71
     5
 72
     1
  1
R0,75
 11
1.515824502954967E-13
 21
-1.0
 31
0.0
 73
     1
 44
1.0
  0
SOLID
  5
89B
330
896
100
AcDbEntity
  8
Dimensions
 62
   140
100
AcDbTrace
 10
368.0002599677329
 20
-108.8241558063954
 30
0.0
 11
367.1397100322677
 21
-108.8241558063956
 31
0.0
 12
367.5699849999999
 22
-106.242506
 32
0.0
 13
367.5699849999999
 23
-106.242506
 33
0.0
  0
POINT
  5
89C
330
896
100
AcDbEntity
  8
Defpoints
 62
     0
100
AcDbPoint
 10
367.5699849999999
 20
-106.242506
 30
0.0
  0
POINT
  5
89D
330
896
100
AcDbEntity
  8
Defpoints
 62
     0
100
AcDbPoint
 10
367.569985
 20
-106.992506
 30
0.0
  0
ENDBLK
  5
898
330
896
100
AcDbEntity
  8
0
100
AcDbBlockEnd
  0
BLOCK
  5
8A0
330
89F
100
AcDbEntity
  8
0
100
AcDbBlockBegin
  2
*D19
 70
     1
 10
0.0
 20
0.0
 30
0.0
  3
*D19
  1

  0
LINE
  5
8A2
330
89F
100
AcDbEntity
  8
Dimensions
 62
   140
370
    -2
100
AcDbLine
 10
365.7383351936044
 20
-109.0125010000002
 30
0.0
 11
351.5392612584292
 21
-109.0125010000021
 31
0.0
  0
MTEXT
  5
8A3
330
89F
100
AcDbEntity
  8
Dimensions
 62
   140
100
AcDbMText
 10
357.3479733228188
 20
-106.8303922350718
 30
0.0
 40
2.581649806395483
 41
0.0
 46
0.0
 71
     5
 72
     1
  1
R0,75
 73
     1
 44
1.0
  0
SOLID
  5
8A4
330
89F
100
AcDbEntity
  8
Dimensions
 62
   140
100
AcDbTrace
 10
365.7383351936045
 20
-109.4427759677328
 30
0.0
 11
365.7383351936044
 21
-108.5822260322676
 31
0.0
 12
368.3199849999999
 22
-109.0125009999999
 32
0.0
 13
368.3199849999999
 23
-109.0125009999999
 33
0.0
  0
POINT
  5
8A5
330
89F
100
AcDbEntity
  8
Defpoints
 62
     0
100
AcDbPoint
 10
368.3199849999999
 20
-109.0125009999999
 30
0.0
  0
POINT
  5
8A6
330
89F
100
AcDbEntity
  8
Defpoints
 62
     0
100
AcDbPoint
 10
367.569985
 20
-109.012501
 30
0.0
  0
ENDBLK
  5
8A1
330
89F
100
AcDbEntity
  8
0
100
AcDbBlockEnd
  0
BLOCK
  5
8A9
330
8A8
100
AcDbEntity
  8
0
100
AcDbBlockBegin
  2
*D20
 70
     1
 10
0.0
 20
0.0
 30
0.0
  3
*D20
  1

  0
LINE
  5
8AB
330
8A8
100
AcDbEntity
  8
Dimensions
 62
   140
370
    -2
100
AcDbLine
 10
124.9543146297838
 20
-167.0691488063955
 30
0.0
 11
124.9543146297838
 21
-170.3168540137253
 31
0.0
  0
MTEXT
  5
8AC
330
8A8
100
AcDbEntity
  8
Dimensions
 62
   140
100
AcDbMText
 10
122.7722058648543
 20
-165.737499
 30
0.0
 40
2.581649806395483
 41
0.0
 46
0.0
 71
     5
 72
     1
  1
R2,5
 11
0.0
 21
1.0
 31
0.0
 73
     1
 44
1.0
  0
SOLID
  5
8AD
330
8A8
100
AcDbEntity
  8
Dimensions
 62
   140
100
AcDbTrace
 10
125.3845895975164
 20
-167.0691488063955
 30
0.0
 11
124.5240396620512
 21
-167.0691488063955
 31
0.0
 12
124.9543146297838
 22
-164.487499
 32
0.0
 13
124.9543146297838
 23
-164.487499
 33
0.0
  0
POINT
  5
8AE
330
8A8
100
AcDbEntity
  8
Defpoints
 62
     0
100
AcDbPoint
 10
124.9543146297838
 20
-164.487499
 30
0.0
  0
POINT
  5
8AF
330
8A8
100
AcDbEntity
  8
Defpoints
 62
     0
100
AcDbPoint
 10
124.9543146297838
 20
-166.987499
 30
0.0
  0
ENDBLK
  5
8AA
330
8A8
100
AcDbEntity
  8
0
100
AcDbBlockEnd
  0
BLOCK
  5
8B2
330
8B1
100
AcDbEntity
  8
0
100
AcDbBlockBegin
  2
*D21
 70
     1
 10
0.0
 20
0.0
 30
0.0
  3
*D21
  1

  0
LINE
  5
8B4
330
8B1
100
AcDbEntity
  8
Dimensions
 62
   140
370
    -2
100
AcDbLine
 10
172.4814886341424
 20
-94.95084628532206
 30
0.0
 11
172.4814886341424
 21
-91.70314107799223
 31
0.0
  0
MTEXT
  5
8B5
330
8B1
100
AcDbEntity
  8
Dimensions
 62
   140
100
AcDbMText
 10
174.6635973990719
 20
-96.28249609171755
 30
0.0
 40
2.581649806395483
 41
0.0
 46
0.0
 71
     5
 72
     1
  1
R2,5
 11
0.0
 21
-1.0
 31
0.0
 73
     1
 44
1.0
  0
SOLID
  5
8B6
330
8B1
100
AcDbEntity
  8
Dimensions
 62
   140
100
AcDbTrace
 10
172.0512136664098
 20
-94.95084628532206
 30
0.0
 11
172.911763601875
 21
-94.95084628532206
 31
0.0
 12
172.4814886341424
 22
-97.53249609171755
 32
0.0
 13
172.4814886341424
 23
-97.53249609171755
 33
0.0
  0
POINT
  5
8B7
330
8B1
100
AcDbEntity
  8
Defpoints
 62
     0
100
AcDbPoint
 10
172.4814886341424
 20
-97.53249609171755
 30
0.0
  0
POINT
  5
8B8
330
8B1
100
AcDbEntity
  8
Defpoints
 62
     0
100
AcDbPoint
 10
172.4814886341424
 20
-95.03249609171755
 30
0.0
  0
ENDBLK
  5
8B3
330
8B1
100
AcDbEntity
  8
0
100
AcDbBlockEnd
  0
BLOCK
  5
8BB
330
8BA
100
AcDbEntity
  8
0
100
AcDbBlockBegin
  2
*D22
 70
     1
 10
0.0
 20
0.0
 30
0.0
  3
*D22
  1

  0
LINE
  5
8BD
330
8BA
100
AcDbEntity
  8
Dimensions
 62
   140
370
    -2
100
AcDbLine
 10
152.5462182141636
 20
-90.18834828532205
 30
0.0
 11
152.5462182141636
 21
-86.94064307799222
 31
0.0
  0
MTEXT
  5
8BE
330
8BA
100
AcDbEntity
  8
Dimensions
 62
   140
100
AcDbMText
 10
154.7283269790932
 20
-91.51999809171754
 30
0.0
 40
2.581649806395483
 41
0.0
 46
0.0
 71
     5
 72
     1
  1
R2,5
 11
0.0
 21
-1.0
 31
0.0
 73
     1
 44
1.0
  0
SOLID
  5
8BF
330
8BA
100
AcDbEntity
  8
Dimensions
 62
   140
100
AcDbTrace
 10
152.1159432464311
 20
-90.18834828532205
 30
0.0
 11
152.9764931818962
 21
-90.18834828532205
 31
0.0
 12
152.5462182141636
 22
-92.76999809171754
 32
0.0
 13
152.5462182141636
 23
-92.76999809171754
 33
0.0
  0
POINT
  5
8C0
330
8BA
100
AcDbEntity
  8
Defpoints
 62
     0
100
AcDbPoint
 10
152.5462182141636
 20
-92.76999809171754
 30
0.0
  0
POINT
  5
8C1
330
8BA
100
AcDbEntity
  8
Defpoints
 62
     0
100
AcDbPoint
 10
152.5462182141636
 20
-90.26999809171754
 30
0.0
  0
ENDBLK
  5
8BC
330
8BA
100
AcDbEntity
  8
0
100
AcDbBlockEnd
  0
BLOCK
  5
8C4
330
8C3
100
AcDbEntity
  8
0
100
AcDbBlockBegin
  2
*D23
 70
     1
 10
0.0
 20
0.0
 30
0.0
  3
*D23
  1

  0
LINE
  5
8C6
330
8C3
100
AcDbEntity
  8
Dimensions
 62
   140
370
    -2
100
AcDbLine
 10
123.6022491787315
 20
-90.21405436472969
 30
0.0
 11
121.2368488288276
 21
-87.988639729568
 31
0.0
  0
MTEXT
  5
8C7
330
8C3
100
AcDbEntity
  8
Dimensions
 62
   140
100
AcDbMText
 10
126.0673687594487
 20
-89.53724174544732
 30
0.0
 40
2.581649806395483
 41
0.0
 46
0.0
 71
     5
 72
     1
  1
R2,5
 11
0.7283297586755612
 21
-0.6852267964897454
 31
0.0
 73
     1
 44
1.0
  0
SOLID
  5
8C8
330
8C3
100
AcDbEntity
  8
Dimensions
 62
   140
100
AcDbTrace
 10
123.3074132409823
 20
-90.5274364281425
 30
0.0
 11
123.8970851164806
 21
-89.90067230131689
 31
0.0
 12
125.4825415592083
 22
-91.98306999122444
 32
0.0
 13
125.4825415592083
 23
-91.98306999122444
 33
0.0
  0
POINT
  5
8C9
330
8C3
100
AcDbEntity
  8
Defpoints
 62
     0
100
AcDbPoint
 10
125.4825415592083
 20
-91.98306999122444
 30
0.0
  0
POINT
  5
8CA
330
8C3
100
AcDbEntity
  8
Defpoints
 62
     0
100
AcDbPoint
 10
123.6617171625194
 20
-90.27000300000007
 30
0.0
  0
ENDBLK
  5
8C5
330
8C3
100
AcDbEntity
  8
0
100
AcDbBlockEnd
  0
BLOCK
  5
8CD
330
8CC
100
AcDbEntity
  8
0
100
AcDbBlockBegin
  2
*D24
 70
     1
 10
0.0
 20
0.0
 30
0.0
  3
*D24
  1

  0
LINE
  5
8CF
330
8CC
100
AcDbEntity
  8
Dimensions
 62
   140
370
    -2
100
AcDbLine
 10
103.7264584318907
 20
-94.99519448872911
 30
0.0
 11
100.8376010109512
 21
-93.51124977439494
 31
0.0
  0
MTEXT
  5
8D0
330
8CC
100
AcDbEntity
  8
Dimensions
 62
   140
100
AcDbMText
 10
105.9080219485323
 20
-93.6626516219838
 30
0.0
 40
2.581649806395483
 41
0.0
 46
0.0
 71
     5
 72
     1
  1
R2,5
 11
0.8895072786838907
 21
-0.4569210010148139
 31
0.0
 73
     1
 44
1.0
  0
SOLID
  5
8D1
330
8CC
100
AcDbEntity
  8
Dimensions
 62
   140
100
AcDbTrace
 10
103.5298567629227
 20
-95.37792720436272
 30
0.0
 11
103.9230601008587
 21
-94.6124617730955
 31
0.0
 12
106.0228547256923
 22
-96.17480450253704
 32
0.0
 13
106.0228547256923
 23
-96.17480450253704
 33
0.0
  0
POINT
  5
8D2
330
8CC
100
AcDbEntity
  8
Defpoints
 62
     0
100
AcDbPoint
 10
106.0228547256923
 20
-96.17480450253704
 30
0.0
  0
POINT
  5
8D3
330
8CC
100
AcDbEntity
  8
Defpoints
 62
     0
100
AcDbPoint
 10
103.7990865289826
 20
-95.03250200000001
 30
0.0
  0
ENDBLK
  5
8CE
330
8CC
100
AcDbEntity
  8
0
100
AcDbBlockEnd
  0
BLOCK
  5
8D6
330
8D5
100
AcDbEntity
  8
0
100
AcDbBlockBegin
  2
*D25
 70
     1
 10
0.0
 20
0.0
 30
0.0
  3
*D25
  1

  0
LINE
  5
8D8
330
8D5
100
AcDbEntity
  8
Dimensions
 62
   140
370
    -2
100
AcDbLine
 10
315.1127666158323
 20
-166.8899806666199
 30
0.0
 11
324.1066232371719
 21
-174.4362772485847
 31
0.0
  0
MTEXT
  5
8D9
330
8D5
100
AcDbEntity
  8
Dimensions
 62
   140
100
AcDbMText
 10
322.0011321919884
 20
-169.821193450606
 30
0.0
 40
2.581649806395483
 41
0.0
 46
0.0
 71
     5
 72
     1
  1
R2,5
 11
0.7660631146424812
 21
-0.6427653571749655
 31
0.0
 73
     1
 44
1.0
  0
SOLID
  5
8DA
330
8D5
100
AcDbEntity
  8
Dimensions
 62
   140
100
AcDbTrace
 10
315.3893324591504
 20
-166.560362884686
 30
0.0
 11
314.8362007725142
 21
-167.2195984485539
 31
0.0
 12
313.1350599242288
 22
-165.2305856067115
 32
0.0
 13
313.1350599242288
 23
-165.2305856067115
 33
0.0
  0
POINT
  5
8DB
330
8D5
100
AcDbEntity
  8
Defpoints
 62
     0
100
AcDbPoint
 10
313.1350599242288
 20
-165.2305856067115
 30
0.0
  0
POINT
  5
8DC
330
8D5
100
AcDbEntity
  8
Defpoints
 62
     0
100
AcDbPoint
 10
315.050217710835
 20
-166.8374989996489
 30
0.0
  0
ENDBLK
  5
8D7
330
8D5
100
AcDbEntity
  8
0
100
AcDbBlockEnd
  0
BLOCK
  5
8DF
330
8DE
100
AcDbEntity
  8
0
100
AcDbBlockBegin
  2
*D26
 70
     1
 10
0.0
 20
0.0
 30
0.0
  3
*D26
  1

  0
LINE
  5
8E1
330
8DE
100
AcDbEntity
  8
Dimensions
 62
   140
370
    -2
100
AcDbLine
 10
336.1865114037577
 20
-95.1008514712428
 30
0.0
 11
336.1865114037577
 21
-83.36049163739669
 31
0.0
  0
MTEXT
  5
8E2
330
8DE
100
AcDbEntity
  8
Dimensions
 62
   140
100
AcDbMText
 10
338.3686201686872
 20
-87.93984665112201
 30
0.0
 40
2.581649806395483
 41
0.0
 46
0.0
 71
     5
 72
     1
  1
R2,5
 11
0.0
 21
-1.0
 31
0.0
 73
     1
 44
1.0
  0
SOLID
  5
8E3
330
8DE
100
AcDbEntity
  8
Dimensions
 62
   140
100
AcDbTrace
 10
335.7562364360251
 20
-95.1008514712428
 30
0.0
 11
336.6167863714903
 21
-95.1008514712428
 31
0.0
 12
336.1865114037577
 22
-97.6825012776383
 32
0.0
 13
336.1865114037577
 23
-97.6825012776383
 33
0.0
  0
POINT
  5
8E4
330
8DE
100
AcDbEntity
  8
Defpoints
 62
     0
100
AcDbPoint
 10
336.1865114037577
 20
-97.6825012776383
 30
0.0
  0
POINT
  5
8E5
330
8DE
100
AcDbEntity
  8
Defpoints
 62
     0
100
AcDbPoint
 10
336.1865114037577
 20
-95.18250127763828
 30
0.0
  0
ENDBLK
  5
8E0
330
8DE
100
AcDbEntity
  8
0
100
AcDbBlockEnd
  0
BLOCK
  5
8E8
330
8E7
100
AcDbEntity
  8
0
100
AcDbBlockBegin
  2
*D27
 70
     1
 10
0.0
 20
0.0
 30
0.0
  3
*D27
  1

  0
LINE
  5
8EA
330
8E7
100
AcDbEntity
  8
Dimensions
 62
   140
370
    -2
100
AcDbLine
 10
316.3479413919852
 20
-90.3383584712428
 30
0.0
 11
316.3479413919852
 21
-78.59799863739669
 31
0.0
  0
MTEXT
  5
8EB
330
8E7
100
AcDbEntity
  8
Dimensions
 62
   140
100
AcDbMText
 10
318.5300501569147
 20
-83.177353651122
 30
0.0
 40
2.581649806395483
 41
0.0
 46
0.0
 71
     5
 72
     1
  1
R2,5
 11
0.0
 21
-1.0
 31
0.0
 73
     1
 44
1.0
  0
SOLID
  5
8EC
330
8E7
100
AcDbEntity
  8
Dimensions
 62
   140
100
AcDbTrace
 10
315.9176664242526
 20
-90.3383584712428
 30
0.0
 11
316.7782163597178
 21
-90.3383584712428
 31
0.0
 12
316.3479413919852
 22
-92.92000827763829
 32
0.0
 13
316.3479413919852
 23
-92.92000827763829
 33
0.0
  0
POINT
  5
8ED
330
8E7
100
AcDbEntity
  8
Defpoints
 62
     0
100
AcDbPoint
 10
316.3479413919852
 20
-92.92000827763829
 30
0.0
  0
POINT
  5
8EE
330
8E7
100
AcDbEntity
  8
Defpoints
 62
     0
100
AcDbPoint
 10
316.3479413919852
 20
-90.42000827763827
 30
0.0
  0
ENDBLK
  5
8E9
330
8E7
100
AcDbEntity
  8
0
100
AcDbBlockEnd
  0
BLOCK
  5
8F1
330
8F0
100
AcDbEntity
  8
0
100
AcDbBlockBegin
  2
*D28
 70
     1
 10
0.0
 20
0.0
 30
0.0
  3
*D28
  1

  0
LINE
  5
8F3
330
8F0
100
AcDbEntity
  8
Dimensions
 62
   140
370
    -2
100
AcDbLine
 10
287.5330286424302
 20
-90.36296942695643
 30
0.0
 11
285.209272651407
 21
-88.0941046870697
 31
0.0
  0
MTEXT
  5
8F4
330
8F0
100
AcDbEntity
  8
Dimensions
 62
   140
100
AcDbMText
 10
290.0102666727615
 20
-89.73195309599869
 30
0.0
 40
2.581649806395483
 41
0.0
 46
0.0
 71
     5
 72
     1
  1
R2,5
 11
0.7155070558062477
 21
-0.6986055060557962
 31
0.0
 73
     1
 44
1.0
  0
SOLID
  5
8F5
330
8F0
100
AcDbEntity
  8
Dimensions
 62
   140
100
AcDbTrace
 10
287.2324361808542
 20
-90.6708342023059
 30
0.0
 11
287.8336211040061
 21
-90.05510465160695
 31
0.0
 12
289.380217294527
 22
-92.16652419641218
 32
0.0
 13
289.380217294527
 23
-92.16652419641218
 33
0.0
  0
POINT
  5
8F6
330
8F0
100
AcDbEntity
  8
Defpoints
 62
     0
100
AcDbPoint
 10
289.380217294527
 20
-92.16652419641218
 30
0.0
  0
POINT
  5
8F7
330
8F0
100
AcDbEntity
  8
Defpoints
 62
     0
100
AcDbPoint
 10
287.5914496550113
 20
-90.42001043127267
 30
0.0
  0
ENDBLK
  5
8F2
330
8F0
100
AcDbEntity
  8
0
100
AcDbBlockEnd
  0
BLOCK
  5
8FA
330
8F9
100
AcDbEntity
  8
0
100
AcDbBlockBegin
  2
*D29
 70
     1
 10
0.0
 20
0.0
 30
0.0
  3
*D29
  1

  0
LINE
  5
8FC
330
8F9
100
AcDbEntity
  8
Dimensions
 62
   140
370
    -2
100
AcDbLine
 10
267.6079765241651
 20
-95.14058219978199
 30
0.0
 11
257.5337007406112
 21
-89.11189938634033
 31
0.0
  0
MTEXT
  5
8FD
330
8F9
100
AcDbEntity
  8
Dimensions
 62
   140
100
AcDbMText
 10
262.5837100900978
 20
-89.59095739306932
 30
0.0
 40
2.581649806395483
 41
0.0
 46
0.0
 71
     5
 72
     1
  1
R2,5
 11
0.858089183477231
 21
-0.5135006847116947
 31
0.0
 73
     1
 44
1.0
  0
SOLID
  5
8FE
330
8F9
100
AcDbEntity
  8
Dimensions
 62
   140
100
AcDbTrace
 10
267.3870300336201
 20
-95.50979649551434
 30
0.0
 11
267.8289230147101
 21
-94.77136790404964
 31
0.0
 12
269.8232622985591
 22
-96.46626114305188
 32
0.0
 13
269.8232622985591
 23
-96.46626114305188
 33
0.0
  0
POINT
  5
8FF
330
8F9
100
AcDbEntity
  8
Defpoints
 62
     0
100
AcDbPoint
 10
269.8232622985591
 20
-96.46626114305188
 30
0.0
  0
POINT
  5
900
330
8F9
100
AcDbEntity
  8
Defpoints
 62
     0
100
AcDbPoint
 10
267.6780393398661
 20
-95.18250943127265
 30
0.0
  0
ENDBLK
  5
8FB
330
8F9
100
AcDbEntity
  8
0
100
AcDbBlockEnd
  0
BLOCK
  5
903
330
902
100
AcDbEntity
  8
0
100
AcDbBlockBegin
  2
*D30
 70
     1
 10
0.0
 20
0.0
 30
0.0
  3
*D30
  1

  0
LINE
  5
905
330
902
100
AcDbEntity
  8
Dimensions
 62
   140
370
    -2
100
AcDbLine
 10
88.7983501936045
 20
-119.9525
 30
0.0
 11
77.18092606482485
 21
-119.9525
 31
0.0
  0
MTEXT
  5
906
330
902
100
AcDbEntity
  8
Dimensions
 62
   140
100
AcDbMText
 10
81.69881322601694
 20
-117.7703912350705
 30
0.0
 40
2.581649806395483
 41
0.0
 46
0.0
 71
     5
 72
     1
  1
%%c1,6
 73
     1
 44
1.0
  0
SOLID
  5
907
330
902
100
AcDbEntity
  8
Dimensions
 62
   140
100
AcDbTrace
 10
88.7983501936045
 20
-120.3827749677326
 30
0.0
 11
88.7983501936045
 21
-119.5222250322674
 31
0.0
 12
91.38
 22
-119.9525
 32
0.0
 13
91.38
 23
-119.9525
 33
0.0
  0
POINT
  5
908
330
902
100
AcDbEntity
  8
Defpoints
 62
     0
100
AcDbPoint
 10
91.38
 20
-119.9525
 30
0.0
  0
POINT
  5
909
330
902
100
AcDbEntity
  8
Defpoints
 62
     0
100
AcDbPoint
 10
89.78
 20
-119.9525
 30
0.0
  0
ENDBLK
  5
904
330
902
100
AcDbEntity
  8
0
100
AcDbBlockEnd
  0
BLOCK
  5
90C
330
90B
100
AcDbEntity
  8
0
100
AcDbBlockBegin
  2
*D31
 70
     1
 10
0.0
 20
0.0
 30
0.0
  3
*D31
  1

  0
LINE
  5
90E
330
90B
100
AcDbEntity
  8
Dimensions
 62
   140
370
    -2
100
AcDbLine
 10
88.7983501936045
 20
-139.2025
 30
0.0
 11
77.18092606482485
 21
-139.2025
 31
0.0
  0
MTEXT
  5
90F
330
90B
100
AcDbEntity
  8
Dimensions
 62
   140
100
AcDbMText
 10
81.69881322601694
 20
-137.0203912350705
 30
0.0
 40
2.581649806395483
 41
0.0
 46
0.0
 71
     5
 72
     1
  1
%%c1,6
 73
     1
 44
1.0
  0
SOLID
  5
910
330
90B
100
AcDbEntity
  8
Dimensions
 62
   140
100
AcDbTrace
 10
88.7983501936045
 20
-139.6327749677326
 30
0.0
 11
88.7983501936045
 21
-138.7722250322674
 31
0.0
 12
91.38
 22
-139.2025
 32
0.0
 13
91.38
 23
-139.2025
 33
0.0
  0
POINT
  5
911
330
90B
100
AcDbEntity
  8
Defpoints
 62
     0
100
AcDbPoint
 10
91.38
 20
-139.2025
 30
0.0
  0
POINT
  5
912
330
90B
100
AcDbEntity
  8
Defpoints
 62
     0
100
AcDbPoint
 10
89.78
 20
-139.2025
 30
0.0
  0
ENDBLK
  5
90D
330
90B
100
AcDbEntity
  8
0
100
AcDbBlockEnd
  0
BLOCK
  5
915
330
914
100
AcDbEntity
  8
0
100
AcDbBlockBegin
  2
*D32
 70
     1
 10
0.0
 20
0.0
 30
0.0
  3
*D32
  1

  0
LINE
  5
917
330
914
100
AcDbEntity
  8
Dimensions
 62
   140
370
    -2
100
AcDbLine
 10
145.8483501936045
 20
-100.1525
 30
0.0
 11
134.2309260648248
 21
-100.1525
 31
0.0
  0
MTEXT
  5
918
330
914
100
AcDbEntity
  8
Dimensions
 62
   140
100
AcDbMText
 10
138.7488132260169
 20
-97.97039123507047
 30
0.0
 40
2.581649806395483
 41
0.0
 46
0.0
 71
     5
 72
     1
  1
%%c1,6
 73
     1
 44
1.0
  0
SOLID
  5
919
330
914
100
AcDbEntity
  8
Dimensions
 62
   140
100
AcDbTrace
 10
145.8483501936045
 20
-100.5827749677326
 30
0.0
 11
145.8483501936045
 21
-99.7222250322674
 31
0.0
 12
148.43
 22
-100.1525
 32
0.0
 13
148.43
 23
-100.1525
 33
0.0
  0
POINT
  5
91A
330
914
100
AcDbEntity
  8
Defpoints
 62
     0
100
AcDbPoint
 10
148.43
 20
-100.1525
 30
0.0
  0
POINT
  5
91B
330
914
100
AcDbEntity
  8
Defpoints
 62
     0
100
AcDbPoint
 10
146.83
 20
-100.1525
 30
0.0
  0
ENDBLK
  5
916
330
914
100
AcDbEntity
  8
0
100
AcDbBlockEnd
  0
BLOCK
  5
91E
330
91D
100
AcDbEntity
  8
0
100
AcDbBlockBegin
  2
*D33
 70
     1
 10
0.0
 20
0.0
 30
0.0
  3
*D33
  1

  0
LINE
  5
920
330
91D
100
AcDbEntity
  8
Dimensions
 62
   140
370
    -2
100
AcDbLine
 10
165.4983501936045
 20
-162.0525
 30
0.0
 11
153.8809260648248
 21
-162.0525
 31
0.0
  0
MTEXT
  5
921
330
91D
100
AcDbEntity
  8
Dimensions
 62
   140
100
AcDbMText
 10
158.3988132260169
 20
-159.8703912350705
 30
0.0
 40
2.581649806395483
 41
0.0
 46
0.0
 71
     5
 72
     1
  1
%%c1,6
 73
     1
 44
1.0
  0
SOLID
  5
922
330
91D
100
AcDbEntity
  8
Dimensions
 62
   140
100
AcDbTrace
 10
165.4983501936045
 20
-162.4827749677326
 30
0.0
 11
165.4983501936045
 21
-161.6222250322674
 31
0.0
 12
168.08
 22
-162.0525
 32
0.0
 13
168.08
 23
-162.0525
 33
0.0
  0
POINT
  5
923
330
91D
100
AcDbEntity
  8
Defpoints
 62
     0
100
AcDbPoint
 10
168.08
 20
-162.0525
 30
0.0
  0
POINT
  5
924
330
91D
100
AcDbEntity
  8
Defpoints
 62
     0
100
AcDbPoint
 10
166.48
 20
-162.0525
 30
0.0
  0
ENDBLK
  5
91F
330
91D
100
AcDbEntity
  8
0
100
AcDbBlockEnd
  0
BLOCK
  5
927
330
926
100
AcDbEntity
  8
0
100
AcDbBlockBegin
  2
*D34
 70
     1
 10
0.0
 20
0.0
 30
0.0
  3
*D34
  1

  0
LINE
  5
929
330
926
100
AcDbEntity
  8
Dimensions
 62
   140
370
    -2
100
AcDbLine
 10
290.6983501936045
 20
-100.1525
 30
0.0
 11
279.0809260648248
 21
-100.1525
 31
0.0
  0
MTEXT
  5
92A
330
926
100
AcDbEntity
  8
Dimensions
 62
   140
100
AcDbMText
 10
283.5988132260169
 20
-97.97039123507047
 30
0.0
 40
2.581649806395483
 41
0.0
 46
0.0
 71
     5
 72
     1
  1
%%c1,6
 73
     1
 44
1.0
  0
SOLID
  5
92B
330
926
100
AcDbEntity
  8
Dimensions
 62
   140
100
AcDbTrace
 10
290.6983501936045
 20
-100.5827749677326
 30
0.0
 11
290.6983501936045
 21
-99.7222250322674
 31
0.0
 12
293.28
 22
-100.1525
 32
0.0
 13
293.28
 23
-100.1525
 33
0.0
  0
POINT
  5
92C
330
926
100
AcDbEntity
  8
Defpoints
 62
     0
100
AcDbPoint
 10
293.28
 20
-100.1525
 30
0.0
  0
POINT
  5
92D
330
926
100
AcDbEntity
  8
Defpoints
 62
     0
100
AcDbPoint
 10
291.6799999999999
 20
-100.1525
 30
0.0
  0
ENDBLK
  5
928
330
926
100
AcDbEntity
  8
0
100
AcDbBlockEnd
  0
BLOCK
  5
930
330
92F
100
AcDbEntity
  8
0
100
AcDbBlockBegin
  2
*D35
 70
     1
 10
0.0
 20
0.0
 30
0.0
  3
*D35
  1

  0
LINE
  5
932
330
92F
100
AcDbEntity
  8
Dimensions
 62
   140
370
    -2
100
AcDbLine
 10
347.3983501936045
 20
-119.9525
 30
0.0
 11
335.7809260648248
 21
-119.9525
 31
0.0
  0
MTEXT
  5
933
330
92F
100
AcDbEntity
  8
Dimensions
 62
   140
100
AcDbMText
 10
340.2988132260169
 20
-117.7703912350705
 30
0.0
 40
2.581649806395483
 41
0.0
 46
0.0
 71
     5
 72
     1
  1
%%c1,6
 73
     1
 44
1.0
  0
SOLID
  5
934
330
92F
100
AcDbEntity
  8
Dimensions
 62
   140
100
AcDbTrace
 10
347.3983501936045
 20
-120.3827749677326
 30
0.0
 11
347.3983501936045
 21
-119.5222250322674
 31
0.0
 12
349.98
 22
-119.9525
 32
0.0
 13
349.98
 23
-119.9525
 33
0.0
  0
POINT
  5
935
330
92F
100
AcDbEntity
  8
Defpoints
 62
     0
100
AcDbPoint
 10
349.98
 20
-119.9525
 30
0.0
  0
POINT
  5
936
330
92F
100
AcDbEntity
  8
Defpoints
 62
     0
100
AcDbPoint
 10
348.38
 20
-119.9525
 30
0.0
  0
ENDBLK
  5
931
330
92F
100
AcDbEntity
  8
0
100
AcDbBlockEnd
  0
BLOCK
  5
939
330
938
100
AcDbEntity
  8
0
100
AcDbBlockBegin
  2
*D36
 70
     1
 10
0.0
 20
0.0
 30
0.0
  3
*D36
  1

  0
LINE
  5
93B
330
938
100
AcDbEntity
  8
Dimensions
 62
   140
370
    -2
100
AcDbLine
 10
347.3983588930972
 20
-139.2080676586655
 30
0.0
 11
335.7809914902213
 21
-139.2443721287636
 31
0.0
  0
MTEXT
  5
93C
330
938
100
AcDbEntity
  8
Dimensions
 62
   140
100
AcDbMText
 10
340.2920374977498
 20
-137.0481556136614
 30
0.0
 40
2.581649806395483
 41
0.0
 46
0.0
 71
     5
 72
     1
  1
%%c1,6
 11
0.9999951171702811
 21
0.003125001695352066
 31
0.0
 73
     1
 44
1.0
  0
SOLID
  5
93D
330
938
100
AcDbEntity
  8
Dimensions
 62
   140
100
AcDbTrace
 10
347.3997035031008
 20
-139.6383405254387
 30
0.0
 11
347.3970142830935
 21
-138.7777947918923
 31
0.0
 12
349.9799960937362
 22
-139.1999999986437
 32
0.0
 13
349.9799960937362
 23
-139.1999999986437
 33
0.0
  0
POINT
  5
93E
330
938
100
AcDbEntity
  8
Defpoints
 62
     0
100
AcDbPoint
 10
349.9799960937362
 20
-139.1999999986437
 30
0.0
  0
POINT
  5
93F
330
938
100
AcDbEntity
  8
Defpoints
 62
     0
100
AcDbPoint
 10
348.3800039062638
 20
-139.2050000013563
 30
0.0
  0
ENDBLK
  5
93A
330
938
100
AcDbEntity
  8
0
100
AcDbBlockEnd
  0
BLOCK
  5
942
330
941
100
AcDbEntity
  8
0
100
AcDbBlockBegin
  2
*D37
 70
     1
 10
0.0
 20
0.0
 30
0.0
  3
*D37
  1

  0
LINE
  5
944
330
941
100
AcDbEntity
  8
Dimensions
 62
   140
370
    -2
100
AcDbLine
 10
271.0483501936046
 20
-162.0525
 30
0.0
 11
259.4309260648249
 21
-162.0525
 31
0.0
  0
MTEXT
  5
945
330
941
100
AcDbEntity
  8
Dimensions
 62
   140
100
AcDbMText
 10
263.948813226017
 20
-159.8703912350705
 30
0.0
 40
2.581649806395483
 41
0.0
 46
0.0
 71
     5
 72
     1
  1
%%c1,6
 73
     1
 44
1.0
  0
SOLID
  5
946
330
941
100
AcDbEntity
  8
Dimensions
 62
   140
100
AcDbTrace
 10
271.0483501936046
 20
-162.4827749677326
 30
0.0
 11
271.0483501936046
 21
-161.6222250322674
 31
0.0
 12
273.6300000000001
 22
-162.0525
 32
0.0
 13
273.6300000000001
 23
-162.0525
 33
0.0
  0
POINT
  5
947
330
941
100
AcDbEntity
  8
Defpoints
 62
     0
100
AcDbPoint
 10
273.6300000000001
 20
-162.0525
 30
0.0
  0
POINT
  5
948
330
941
100
AcDbEntity
  8
Defpoints
 62
     0
100
AcDbPoint
 10
272.03
 20
-162.0525
 30
0.0
  0
ENDBLK
  5
943
330
941
100
AcDbEntity
  8
0
100
AcDbBlockEnd
  0
BLOCK
  5
94B
330
94A
100
AcDbEntity
  8
0
100
AcDbBlockBegin
  2
*D38
 70
     1
 10
0.0
 20
0.0
 30
0.0
  3
*D38
  1

  0
LINE
  5
94D
330
94A
100
AcDbEntity
  8
Dimensions
 62
   140
370
    -2
100
AcDbLine
 10
89.99835019360451
 20
-119.9525
 30
0.0
 11
81.94606151175194
 21
-119.9525
 31
0.0
  0
MTEXT
  5
94E
330
94A
100
AcDbEntity
  8
Dimensions
 62
   140
100
AcDbMText
 10
84.68138094948048
 20
-118.0162626452034
 30
0.0
 40
2.581649806395483
 41
0.0
 46
0.0
 71
     5
 72
     1
  1
%%c4
 73
     1
 44
1.0
  0
SOLID
  5
94F
330
94A
100
AcDbEntity
  8
Dimensions
 62
   140
100
AcDbTrace
 10
89.99835019360451
 20
-120.3827749677326
 30
0.0
 11
89.99835019360451
 21
-119.5222250322674
 31
0.0
 12
92.58
 22
-119.9525
 32
0.0
 13
92.58
 23
-119.9525
 33
0.0
  0
POINT
  5
950
330
94A
100
AcDbEntity
  8
Defpoints
 62
     0
100
AcDbPoint
 10
92.58
 20
-119.9525
 30
0.0
  0
POINT
  5
951
330
94A
100
AcDbEntity
  8
Defpoints
 62
     0
100
AcDbPoint
 10
88.58
 20
-119.9525
 30
0.0
  0
ENDBLK
  5
94C
330
94A
100
AcDbEntity
  8
0
100
AcDbBlockEnd
  0
BLOCK
  5
954
330
953
100
AcDbEntity
  8
0
100
AcDbBlockBegin
  2
*D39
 70
     1
 10
0.0
 20
0.0
 30
0.0
  3
*D39
  1

  0
LINE
  5
956
330
953
100
AcDbEntity
  8
Dimensions
 62
   140
370
    -2
100
AcDbLine
 10
89.99835019360451
 20
-139.2025
 30
0.0
 11
81.94606151175194
 21
-139.2025
 31
0.0
  0
MTEXT
  5
957
330
953
100
AcDbEntity
  8
Dimensions
 62
   140
100
AcDbMText
 10
84.68138094948048
 20
-137.2662626452034
 30
0.0
 40
2.581649806395483
 41
0.0
 46
0.0
 71
     5
 72
     1
  1
%%c4
 73
     1
 44
1.0
  0
SOLID
  5
958
330
953
100
AcDbEntity
  8
Dimensions
 62
   140
100
AcDbTrace
 10
89.99835019360451
 20
-139.6327749677326
 30
0.0
 11
89.99835019360451
 21
-138.7722250322674
 31
0.0
 12
92.58
 22
-139.2025
 32
0.0
 13
92.58
 23
-139.2025
 33
0.0
  0
POINT
  5
959
330
953
100
AcDbEntity
  8
Defpoints
 62
     0
100
AcDbPoint
 10
92.58
 20
-139.2025
 30
0.0
  0
POINT
  5
95A
330
953
100
AcDbEntity
  8
Defpoints
 62
     0
100
AcDbPoint
 10
88.58
 20
-139.2025
 30
0.0
  0
ENDBLK
  5
955
330
953
100
AcDbEntity
  8
0
100
AcDbBlockEnd
  0
BLOCK
  5
95D
330
95C
100
AcDbEntity
  8
0
100
AcDbBlockBegin
  2
*D40
 70
     1
 10
0.0
 20
0.0
 30
0.0
  3
*D40
  1

  0
LINE
  5
95F
330
95C
100
AcDbEntity
  8
Dimensions
 62
   140
370
    -2
100
AcDbLine
 10
166.6983501936045
 20
-162.0525
 30
0.0
 11
158.6460615117519
 21
-162.0525
 31
0.0
  0
MTEXT
  5
960
330
95C
100
AcDbEntity
  8
Dimensions
 62
   140
100
AcDbMText
 10
161.3813809494805
 20
-160.1162626452034
 30
0.0
 40
2.581649806395483
 41
0.0
 46
0.0
 71
     5
 72
     1
  1
%%c4
 73
     1
 44
1.0
  0
SOLID
  5
961
330
95C
100
AcDbEntity
  8
Dimensions
 62
   140
100
AcDbTrace
 10
166.6983501936045
 20
-162.4827749677326
 30
0.0
 11
166.6983501936045
 21
-161.6222250322674
 31
0.0
 12
169.28
 22
-162.0525
 32
0.0
 13
169.28
 23
-162.0525
 33
0.0
  0
POINT
  5
962
330
95C
100
AcDbEntity
  8
Defpoints
 62
     0
100
AcDbPoint
 10
169.28
 20
-162.0525
 30
0.0
  0
POINT
  5
963
330
95C
100
AcDbEntity
  8
Defpoints
 62
     0
100
AcDbPoint
 10
165.28
 20
-162.0525
 30
0.0
  0
ENDBLK
  5
95E
330
95C
100
AcDbEntity
  8
0
100
AcDbBlockEnd
  0
BLOCK
  5
966
330
965
100
AcDbEntity
  8
0
100
AcDbBlockBegin
  2
*D41
 70
     1
 10
0.0
 20
0.0
 30
0.0
  3
*D41
  1

  0
LINE
  5
968
330
965
100
AcDbEntity
  8
Dimensions
 62
   140
370
    -2
100
AcDbLine
 10
147.0483501936045
 20
-100.1525
 30
0.0
 11
138.9960615117519
 21
-100.1525
 31
0.0
  0
MTEXT
  5
969
330
965
100
AcDbEntity
  8
Dimensions
 62
   140
100
AcDbMText
 10
141.7313809494805
 20
-98.21626264520337
 30
0.0
 40
2.581649806395483
 41
0.0
 46
0.0
 71
     5
 72
     1
  1
%%c4
 73
     1
 44
1.0
  0
SOLID
  5
96A
330
965
100
AcDbEntity
  8
Dimensions
 62
   140
100
AcDbTrace
 10
147.0483501936045
 20
-100.5827749677326
 30
0.0
 11
147.0483501936045
 21
-99.7222250322674
 31
0.0
 12
149.63
 22
-100.1525
 32
0.0
 13
149.63
 23
-100.1525
 33
0.0
  0
POINT
  5
96B
330
965
100
AcDbEntity
  8
Defpoints
 62
     0
100
AcDbPoint
 10
149.63
 20
-100.1525
 30
0.0
  0
POINT
  5
96C
330
965
100
AcDbEntity
  8
Defpoints
 62
     0
100
AcDbPoint
 10
145.63
 20
-100.1525
 30
0.0
  0
ENDBLK
  5
967
330
965
100
AcDbEntity
  8
0
100
AcDbBlockEnd
  0
BLOCK
  5
96F
330
96E
100
AcDbEntity
  8
0
100
AcDbBlockBegin
  2
*D42
 70
     1
 10
0.0
 20
0.0
 30
0.0
  3
*D42
  1

  0
LINE
  5
971
330
96E
100
AcDbEntity
  8
Dimensions
 62
   140
370
    -2
100
AcDbLine
 10
291.8983501936045
 20
-100.1525
 30
0.0
 11
283.8460615117519
 21
-100.1525
 31
0.0
  0
MTEXT
  5
972
330
96E
100
AcDbEntity
  8
Dimensions
 62
   140
100
AcDbMText
 10
286.5813809494804
 20
-98.21626264520337
 30
0.0
 40
2.581649806395483
 41
0.0
 46
0.0
 71
     5
 72
     1
  1
%%c4
 73
     1
 44
1.0
  0
SOLID
  5
973
330
96E
100
AcDbEntity
  8
Dimensions
 62
   140
100
AcDbTrace
 10
291.8983501936045
 20
-100.5827749677326
 30
0.0
 11
291.8983501936045
 21
-99.7222250322674
 31
0.0
 12
294.48
 22
-100.1525
 32
0.0
 13
294.48
 23
-100.1525
 33
0.0
  0
POINT
  5
974
330
96E
100
AcDbEntity
  8
Defpoints
 62
     0
100
AcDbPoint
 10
294.48
 20
-100.1525
 30
0.0
  0
POINT
  5
975
330
96E
100
AcDbEntity
  8
Defpoints
 62
     0
100
AcDbPoint
 10
290.48
 20
-100.1525
 30
0.0
  0
ENDBLK
  5
970
330
96E
100
AcDbEntity
  8
0
100
AcDbBlockEnd
  0
BLOCK
  5
978
330
977
100
AcDbEntity
  8
0
100
AcDbBlockBegin
  2
*D43
 70
     1
 10
0.0
 20
0.0
 30
0.0
  3
*D43
  1

  0
LINE
  5
97A
330
977
100
AcDbEntity
  8
Dimensions
 62
   140
370
    -2
100
AcDbLine
 10
348.5983501936045
 20
-119.9525
 30
0.0
 11
340.5460615117519
 21
-119.9525
 31
0.0
  0
MTEXT
  5
97B
330
977
100
AcDbEntity
  8
Dimensions
 62
   140
100
AcDbMText
 10
343.2813809494805
 20
-118.0162626452034
 30
0.0
 40
2.581649806395483
 41
0.0
 46
0.0
 71
     5
 72
     1
  1
%%c4
 73
     1
 44
1.0
  0
SOLID
  5
97C
330
977
100
AcDbEntity
  8
Dimensions
 62
   140
100
AcDbTrace
 10
348.5983501936045
 20
-120.3827749677326
 30
0.0
 11
348.5983501936045
 21
-119.5222250322674
 31
0.0
 12
351.18
 22
-119.9525
 32
0.0
 13
351.18
 23
-119.9525
 33
0.0
  0
POINT
  5
97D
330
977
100
AcDbEntity
  8
Defpoints
 62
     0
100
AcDbPoint
 10
351.18
 20
-119.9525
 30
0.0
  0
POINT
  5
97E
330
977
100
AcDbEntity
  8
Defpoints
 62
     0
100
AcDbPoint
 10
347.18
 20
-119.9525
 30
0.0
  0
ENDBLK
  5
979
330
977
100
AcDbEntity
  8
0
100
AcDbBlockEnd
  0
BLOCK
  5
981
330
980
100
AcDbEntity
  8
0
100
AcDbBlockBegin
  2
*D44
 70
     1
 10
0.0
 20
0.0
 30
0.0
  3
*D44
  1

  0
LINE
  5
983
330
980
100
AcDbEntity
  8
Dimensions
 62
   140
370
    -2
100
AcDbLine
 10
348.5983501936045
 20
-139.2025
 30
0.0
 11
340.5460615117519
 21
-139.2025
 31
0.0
  0
MTEXT
  5
984
330
980
100
AcDbEntity
  8
Dimensions
 62
   140
100
AcDbMText
 10
343.2813809494805
 20
-137.2662626452034
 30
0.0
 40
2.581649806395483
 41
0.0
 46
0.0
 71
     5
 72
     1
  1
%%c4
 73
     1
 44
1.0
  0
SOLID
  5
985
330
980
100
AcDbEntity
  8
Dimensions
 62
   140
100
AcDbTrace
 10
348.5983501936045
 20
-139.6327749677326
 30
0.0
 11
348.5983501936045
 21
-138.7722250322674
 31
0.0
 12
351.18
 22
-139.2025
 32
0.0
 13
351.18
 23
-139.2025
 33
0.0
  0
POINT
  5
986
330
980
100
AcDbEntity
  8
Defpoints
 62
     0
100
AcDbPoint
 10
351.18
 20
-139.2025
 30
0.0
  0
POINT
  5
987
330
980
100
AcDbEntity
  8
Defpoints
 62
     0
100
AcDbPoint
 10
347.18
 20
-139.2025
 30
0.0
  0
ENDBLK
  5
982
330
980
100
AcDbEntity
  8
0
100
AcDbBlockEnd
  0
BLOCK
  5
98A
330
989
100
AcDbEntity
  8
0
100
AcDbBlockBegin
  2
*D45
 70
     1
 10
0.0
 20
0.0
 30
0.0
  3
*D45
  1

  0
LINE
  5
98C
330
989
100
AcDbEntity
  8
Dimensions
 62
   140
370
    -2
100
AcDbLine
 10
272.2483501936046
 20
-162.0525
 30
0.0
 11
264.196061511752
 21
-162.0525
 31
0.0
  0
MTEXT
  5
98D
330
989
100
AcDbEntity
  8
Dimensions
 62
   140
100
AcDbMText
 10
266.9313809494805
 20
-160.1162626452034
 30
0.0
 40
2.581649806395483
 41
0.0
 46
0.0
 71
     5
 72
     1
  1
%%c4
 73
     1
 44
1.0
  0
SOLID
  5
98E
330
989
100
AcDbEntity
  8
Dimensions
 62
   140
100
AcDbTrace
 10
272.2483501936046
 20
-162.4827749677326
 30
0.0
 11
272.2483501936046
 21
-161.6222250322674
 31
0.0
 12
274.83
 22
-162.0525
 32
0.0
 13
274.83
 23
-162.0525
 33
0.0
  0
POINT
  5
98F
330
989
100
AcDbEntity
  8
Defpoints
 62
     0
100
AcDbPoint
 10
274.83
 20
-162.0525
 30
0.0
  0
POINT
  5
990
330
989
100
AcDbEntity
  8
Defpoints
 62
     0
100
AcDbPoint
 10
270.83
 20
-162.0525
 30
0.0
  0
ENDBLK
  5
98B
330
989
100
AcDbEntity
  8
0
100
AcDbBlockEnd
  0
BLOCK
  5
993
330
992
100
AcDbEntity
  8
0
100
AcDbBlockBegin
  2
*D46
 70
     1
 10
0.0
 20
0.0
 30
0.0
  3
*D46
  1

  0
LINE
  5
995
330
992
100
AcDbEntity
  8
Dimensions
 62
   140
370
    -2
100
AcDbLine
 10
241.463350877683
 20
-181.0404355890906
 30
0.0
 11
229.8459267489069
 21
-181.0404447996054
 31
0.0
  0
MTEXT
  5
996
330
992
100
AcDbEntity
  8
Dimensions
 62
   140
100
AcDbMText
 10
234.3638121800803
 20
-178.8583324528097
 30
0.0
 40
2.581649806395483
 41
0.0
 46
0.0
 71
     5
 72
     1
  1
%%c5,2
 11
0.9999999999996858
 21
7.928190152247615E-7
 31
0.0
 73
     1
 44
1.0
  0
SOLID
  5
997
330
992
100
AcDbEntity
  8
Dimensions
 62
   140
100
AcDbTrace
 10
241.4633512188131
 20
-181.470710556823
 30
0.0
 11
241.4633505365528
 21
-180.6101606213581
 31
0.0
 12
244.0450006840776
 22
-181.0404335423095
 32
0.0
 13
244.0450006840776
 23
-181.0404335423095
 33
0.0
  0
POINT
  5
998
330
992
100
AcDbEntity
  8
Defpoints
 62
     0
100
AcDbPoint
 10
244.0450006840776
 20
-181.0404335423095
 30
0.0
  0
POINT
  5
999
330
992
100
AcDbEntity
  8
Defpoints
 62
     0
100
AcDbPoint
 10
238.8450006840793
 20
-181.0404376649684
 30
0.0
  0
ENDBLK
  5
994
330
992
100
AcDbEntity
  8
0
100
AcDbBlockEnd
  0
BLOCK
  5
99C
330
99B
100
AcDbEntity
  8
0
100
AcDbBlockBegin
  2
*D47
 70
     1
 10
0.0
 20
0.0
 30
0.0
  3
*D47
  1

  0
LINE
  5
99E
330
99B
100
AcDbEntity
  8
Dimensions
 62
   140
370
    -2
100
AcDbLine
 10
211.9310328025045
 20
-177.530407901864
 30
0.0
 11
213.3866547462671
 21
-178.3241527760223
 31
0.0
  0
LINE
  5
99F
330
99B
100
AcDbEntity
  8
Dimensions
 62
   140
370
    -2
100
AcDbLine
 10
212.4201570406294
 20
-175.7180679140554
 30
0.0
 11
214.077478322517
 21
-175.7644612004049
 31
0.0
  0
ARC
  5
9A0
330
99B
100
AcDbEntity
  8
Dimensions
 62
   140
370
    -2
100
AcDbCircle
 10
208.4011254619072
 20
-175.6055634256877
 30
0.0
 40
4.38775152940946
100
AcDbArc
 50
262.9610717978878
 51
297.1788060466288
  0
ARC
  5
9A1
330
99B
100
AcDbEntity
  8
Dimensions
 62
   140
370
    -2
100
AcDbCircle
 10
208.4011254619072
 20
-175.6055634256877
 30
0.0
 40
4.38775152940946
100
AcDbArc
 50
32.61427597487395
 51
66.83201022361486
  0
ARC
  5
9A2
330
99B
100
AcDbEntity
  8
Dimensions
 62
   140
370
    -2
100
AcDbCircle
 10
208.4011254619072
 20
-175.6055634256877
 30
0.0
 40
4.38775152940946
100
AcDbArc
 50
331.3965402953697
 51
358.396541726133
  0
SOLID
  5
9A3
330
99B
100
AcDbEntity
  8
Dimensions
 62
   140
100
AcDbTrace
 10
210.7057582428635
 20
-179.8168524165097
 30
0.0
 11
210.1048695327094
 21
-179.2008337890004
 31
0.0
 12
212.2533697703143
 22
-177.7061769722927
 32
0.0
 13
212.2533697703143
 23
-177.7061769722927
 33
0.0
  0
SOLID
  5
9A4
330
99B
100
AcDbEntity
  8
Dimensions
 62
   140
100
AcDbTrace
 10
211.6823929163484
 20
-173.3556752647932
 30
0.0
 11
212.5116233271032
 21
-173.1256250152637
 31
0.0
 12
212.7871588703143
 22
-175.7283413722927
 32
0.0
 13
212.7871588703143
 23
-175.7283413722927
 33
0.0
  0
MTEXT
  5
9A5
330
99B
100
AcDbEntity
  8
Dimensions
 62
   140
100
AcDbMText
 10
210.7086121802968
 20
-176.2283205742955
 30
0.0
 40
2.581649806395483
 41
0.0
 46
0.0
 71
     5
 72
     1
  1
27%%d
 11
0.2605627944758596
 21
0.9654569022669687
 31
0.0
 73
     1
 44
1.0
  0
POINT
  5
9A6
330
99B
100
AcDbEntity
  8
Defpoints
 62
     0
100
AcDbPoint
 10
208.4011254619072
 20
-175.6055634256877
 30
0.0
  0
POINT
  5
9A7
330
99B
100
AcDbEntity
  8
Defpoints
 62
     0
100
AcDbPoint
 10
211.3643903145281
 20
-177.2214199999993
 30
0.0
  0
POINT
  5
9A8
330
99B
100
AcDbEntity
  8
Defpoints
 62
     0
100
AcDbPoint
 10
211.774997314528
 20
-175.7000079999993
 30
0.0
  0
POINT
  5
9A9
330
99B
100
AcDbEntity
  8
Defpoints
 62
     0
100
AcDbPoint
 10
212.5345506191181
 20
-177.0776911217698
 30
0.0
  0
ENDBLK
  5
99D
330
99B
100
AcDbEntity
  8
0
100
AcDbBlockEnd
  0
BLOCK
  5
9AC
330
9AB
100
AcDbEntity
  8
0
100
AcDbBlockBegin
  2
*D48
 70
     1
 10
0.0
 20
0.0
 30
0.0
  3
*D48
  1

  0
LINE
  5
9AE
330
9AB
100
AcDbEntity
  8
Dimensions
 62
   140
370
    -2
100
AcDbLine
 10
227.7998525646303
 20
-175.7027657642116
 30
0.0
 11
226.1802965370934
 21
-175.7491918765368
 31
0.0
  0
LINE
  5
9AF
330
9AB
100
AcDbEntity
  8
Dimensions
 62
   140
370
    -2
100
AcDbLine
 10
228.2748494192786
 20
-177.4580668711585
 30
0.0
 11
226.8528914463901
 21
-178.2346958904307
 31
0.0
  0
ARC
  5
9B0
330
9AB
100
AcDbEntity
  8
Dimensions
 62
   140
370
    -2
100
AcDbCircle
 10
231.6930286405572
 20
-175.5911641729548
 30
0.0
 40
4.224171742282614
100
AcDbArc
 50
110.4695997595816
 51
146.0557940279233
  0
ARC
  5
9B1
330
9AB
100
AcDbEntity
  8
Dimensions
 62
   140
370
    -2
100
AcDbCircle
 10
231.6930286405572
 20
-175.5911641729548
 30
0.0
 40
4.224171742282614
100
AcDbArc
 50
244.2281825646069
 51
279.8143768329485
  0
ARC
  5
9B2
330
9AB
100
AcDbEntity
  8
Dimensions
 62
   140
370
    -2
100
AcDbCircle
 10
231.6930286405572
 20
-175.5911641729548
 30
0.0
 40
4.224171742282614
100
AcDbArc
 50
181.6419882962649
 51
208.6419882962653
  0
SOLID
  5
9B3
330
9AB
100
AcDbEntity
  8
Dimensions
 62
   140
100
AcDbTrace
 10
227.7754403815593
 20
-173.1127583736919
 30
0.0
 11
228.6020256179271
 21
-173.3521389043287
 31
0.0
 12
227.4705914078329
 22
-175.7122043481135
 32
0.0
 13
227.4705914078329
 23
-175.7122043481135
 33
0.0
  0
SOLID
  5
9B4
330
9AB
100
AcDbEntity
  8
Dimensions
 62
   140
100
AcDbTrace
 10
230.1529437807573
 20
-179.083394472358
 30
0.0
 11
229.5598734500335
 21
-179.7069438082122
 31
0.0
 12
227.9857606078328
 22
-177.6159581481135
 32
0.0
 13
227.9857606078328
 23
-177.6159581481135
 33
0.0
  0
MTEXT
  5
9B5
330
9AB
100
AcDbEntity
  8
Dimensions
 62
   140
100
AcDbMText
 10
229.5438617617479
 20
-176.1727438822757
 30
0.0
 40
2.581649806395483
 41
0.0
 46
0.0
 71
     5
 72
     1
  1
27%%d
 11
0.2612119698144211
 21
-0.9652814650793157
 31
0.0
 73
     1
 44
1.0
  0
POINT
  5
9B6
330
9AB
100
AcDbEntity
  8
Defpoints
 62
     0
100
AcDbPoint
 10
231.6930286405572
 20
-175.5911641729548
 30
0.0
  0
POINT
  5
9B7
330
9AB
100
AcDbEntity
  8
Defpoints
 62
     0
100
AcDbPoint
 10
228.445
 20
-175.684272
 30
0.0
  0
POINT
  5
9B8
330
9AB
100
AcDbEntity
  8
Defpoints
 62
     0
100
AcDbPoint
 10
228.841284
 20
-177.148698
 30
0.0
  0
POINT
  5
9B9
330
9AB
100
AcDbEntity
  8
Defpoints
 62
     0
100
AcDbPoint
 10
227.5415114719499
 20
-176.3712488523699
 30
0.0
  0
ENDBLK
  5
9AD
330
9AB
100
AcDbEntity
  8
0
100
AcDbBlockEnd
  0
BLOCK
  5
9BC
330
9BB
100
AcDbEntity
  8
0
100
AcDbBlockBegin
  2
*D49
 70
     1
 10
0.0
 20
0.0
 30
0.0
  3
*D49
  1

  0
LINE
  5
9BE
330
9BB
100
AcDbEntity
  8
Dimensions
 62
   140
370
    -2
100
AcDbLine
 10
198.0631536114187
 20
-194.4630717796999
 30
0.0
 11
197.2740280583093
 21
-195.8868672094004
 31
0.0
  0
LINE
  5
9BF
330
9BB
100
AcDbEntity
  8
Dimensions
 62
   140
370
    -2
100
AcDbLine
 10
203.3923380942286
 20
-192.9346517031086
 30
0.0
 11
204.8161335239292
 21
-193.723777256218
 31
0.0
  0
ARC
  5
9C0
330
9BB
100
AcDbEntity
  8
Dimensions
 62
   140
370
    -2
100
AcDbCircle
 10
199.9635358145281
 20
-191.0342694999993
 30
0.0
 40
4.257251925762515
100
AcDbArc
 50
276.3035368177175
 51
295.702443973519
  0
SOLID
  5
9C1
330
9BB
100
AcDbEntity
  8
Dimensions
 62
   140
100
AcDbTrace
 10
200.5156184961872
 20
-194.8439178182881
 30
0.0
 11
200.3463087642201
 21
-195.6876478735133
 31
0.0
 12
197.8997734645281
 22
-194.7578536499993
 32
0.0
 13
197.8997734645281
 23
-194.7578536499993
 33
0.0
  0
SOLID
  5
9C2
330
9BB
100
AcDbEntity
  8
Dimensions
 62
   140
100
AcDbTrace
 10
202.105273880094
 20
-195.1831733885715
 30
0.0
 11
201.5145169532291
 21
-194.557431872616
 31
0.0
 12
203.6871199645281
 22
-193.0980318499993
 32
0.0
 13
203.6871199645281
 23
-193.0980318499993
 33
0.0
  0
MTEXT
  5
9C3
330
9BB
100
AcDbEntity
  8
Dimensions
 62
   140
100
AcDbMText
 10
200.5864646588793
 20
-193.2062527015124
 30
0.0
 40
2.581649806395483
 41
0.0
 46
0.0
 71
     5
 72
     1
  1
90%%d
 11
0.9612473084954311
 21
0.2756875258518049
 31
0.0
 73
     1
 44
1.0
  0
POINT
  5
9C4
330
9BB
100
AcDbEntity
  8
Defpoints
 62
     0
100
AcDbPoint
 10
199.9635358145281
 20
-191.0342694999993
 30
0.0
  0
POINT
  5
9C5
330
9BB
100
AcDbEntity
  8
Defpoints
 62
     0
100
AcDbPoint
 10
198.3760263145281
 20
-193.8985649999993
 30
0.0
  0
POINT
  5
9C6
330
9BB
100
AcDbEntity
  8
Defpoints
 62
     0
100
AcDbPoint
 10
202.8278313145281
 20
-192.6217789999993
 30
0.0
  0
POINT
  5
9C7
330
9BB
100
AcDbEntity
  8
Defpoints
 62
     0
100
AcDbPoint
 10
200.0380572670542
 20
-195.2908691420284
 30
0.0
  0
ENDBLK
  5
9BD
330
9BB
100
AcDbEntity
  8
0
100
AcDbBlockEnd
  0
BLOCK
  5
9CA
330
9C9
100
AcDbEntity
  8
0
100
AcDbBlockBegin
  2
*D50
 70
     1
 10
0.0
 20
0.0
 30
0.0
  3
*D50
  1

  0
LINE
  5
9CC
330
9C9
100
AcDbEntity
  8
Dimensions
 62
   140
370
    -2
100
AcDbLine
 10
294.1281608276613
 20
-181.3797967544484
 30
0.0
 11
294.2014995989322
 21
-183.0589731061471
 31
0.0
  0
LINE
  5
9CD
330
9C9
100
AcDbEntity
  8
Dimensions
 62
   140
370
    -2
100
AcDbLine
 10
296.9698002839741
 20
-180.0546684453544
 30
0.0
 11
298.2090156115579
 21
-181.1901670879591
 31
0.0
  0
ARC
  5
9CE
330
9C9
100
AcDbEntity
  8
Dimensions
 62
   140
370
    -2
100
AcDbCircle
 10
293.9494091879681
 20
-177.2870703424989
 30
0.0
 40
4.486580317860387
100
AcDbArc
 50
205.6176891647538
 51
239.0592591927886
  0
ARC
  5
9CF
330
9C9
100
AcDbEntity
  8
Dimensions
 62
   140
370
    -2
100
AcDbCircle
 10
293.9494091879681
 20
-177.2870703424989
 30
0.0
 40
4.486580317860387
100
AcDbArc
 50
350.9423992488573
 51
24.38396927689207
  0
ARC
  5
9D0
330
9C9
100
AcDbEntity
  8
Dimensions
 62
   140
370
    -2
100
AcDbCircle
 10
293.9494091879681
 20
-177.2870703424989
 30
0.0
 40
4.486580317860387
100
AcDbArc
 50
272.5008292208234
 51
317.5008292208225
  0
SOLID
  5
9D1
330
9C9
100
AcDbEntity
  8
Dimensions
 62
   140
100
AcDbTrace
 10
291.5369333650759
 20
-181.5522994494723
 30
0.0
 11
291.7483231740057
 21
-180.7181168914494
 31
0.0
 12
294.1451759436096
 22
-181.7693775972504
 32
0.0
 13
294.1451759436096
 23
-181.7693775972504
 33
0.0
  0
SOLID
  5
9D2
330
9C9
100
AcDbEntity
  8
Dimensions
 62
   140
100
AcDbTrace
 10
297.9925891782173
 20
-177.8062578118917
 30
0.0
 11
298.7674996743008
 21
-178.1805036061082
 31
0.0
 12
297.2573070436095
 22
-180.3181121972504
 32
0.0
 13
297.2573070436095
 23
-180.3181121972504
 33
0.0
  0
MTEXT
  5
9D3
330
9C9
100
AcDbEntity
  8
Dimensions
 62
   140
100
AcDbMText
 10
295.00128590649
 20
-179.5427420129443
 30
0.0
 40
2.581649806395483
 41
0.0
 46
0.0
 71
     5
 72
     1
  1
45%%d
 11
0.9063016705424819
 21
0.4226313783569637
 31
0.0
 73
     1
 44
1.0
  0
POINT
  5
9D4
330
9C9
100
AcDbEntity
  8
Defpoints
 62
     0
100
AcDbPoint
 10
293.9494091879681
 20
-177.2870703424989
 30
0.0
  0
POINT
  5
9D5
330
9C9
100
AcDbEntity
  8
Defpoints
 62
     0
100
AcDbPoint
 10
294.099999
 20
-180.734999
 30
0.0
  0
POINT
  5
9D6
330
9C9
100
AcDbEntity
  8
Defpoints
 62
     0
100
AcDbPoint
 10
296.4939459999999
 20
-179.618641
 30
0.0
  0
POINT
  5
9D7
330
9C9
100
AcDbEntity
  8
Defpoints
 62
     0
100
AcDbPoint
 10
295.2986118367019
 20
-181.5659785164682
 30
0.0
  0
ENDBLK
  5
9CB
330
9C9
100
AcDbEntity
  8
0
100
AcDbBlockEnd
  0
BLOCK
  5
9DA
330
9D9
100
AcDbEntity
  8
0
100
AcDbBlockBegin
  2
*D51
 70
     1
 10
0.0
 20
0.0
 30
0.0
  3
*D51
  1

  0
LINE
  5
9DC
330
9D9
100
AcDbEntity
  8
Dimensions
 62
   140
370
    -2
100
AcDbLine
 10
313.7794704418257
 20
-160.1920865484719
 30
0.0
 11
313.77944633296
 21
-158.5641436387595
 31
0.0
  0
LINE
  5
9DD
330
9D9
100
AcDbEntity
  8
Dimensions
 62
   140
370
    -2
100
AcDbLine
 10
310.7762032341111
 20
-161.5925871950066
 30
0.0
 11
309.5291111175309
 21
-160.5461841318289
 31
0.0
  0
ARC
  5
9DE
330
9D9
100
AcDbEntity
  8
Dimensions
 62
   140
370
    -2
100
AcDbCircle
 10
313.7795285023043
 20
-164.1126005272809
 30
0.0
 40
4.257631985932094
100
AcDbArc
 50
19.40626512027078
 51
54.70355681833235
  0
ARC
  5
9DF
330
9D9
100
AcDbEntity
  8
Dimensions
 62
   140
370
    -2
100
AcDbCircle
 10
313.7795285023043
 20
-164.1126005272809
 30
0.0
 40
4.257631985932094
100
AcDbArc
 50
175.2981402144545
 51
210.5954319125161
  0
ARC
  5
9E0
330
9D9
100
AcDbEntity
  8
Dimensions
 62
   140
370
    -2
100
AcDbCircle
 10
313.7795285023043
 20
-164.1126005272809
 30
0.0
 40
4.257631985932094
100
AcDbArc
 50
90.00084851639393
 51
140.0008485163929
  0
SOLID
  5
9E1
330
9D9
100
AcDbEntity
  8
Dimensions
 62
   140
100
AcDbTrace
 10
316.3700621843885
 20
-160.2276088870717
 30
0.0
 11
316.1091736002471
 21
-161.0476597014082
 31
0.0
 12
313.7794654493086
 22
-159.8549685418157
 32
0.0
 13
313.7794654493086
 23
-159.8549685418157
 33
0.0
  0
SOLID
  5
9E2
330
9D9
100
AcDbEntity
  8
Dimensions
 62
   140
100
AcDbTrace
 10
309.9341751177975
 20
-163.9272201164145
 30
0.0
 11
309.1382741061175
 21
-163.5999774372974
 31
0.0
 12
310.5179526493087
 22
-161.3758957418157
 32
0.0
 13
310.5179526493087
 23
-161.3758957418157
 33
0.0
  0
MTEXT
  5
9E3
330
9D9
100
AcDbEntity
  8
Dimensions
 62
   140
100
AcDbMText
 10
311.1358248129976
 20
-158.4433788695441
 30
0.0
 40
2.581649806395483
 41
0.0
 46
0.0
 71
     5
 72
     1
  1
50%%d
 11
0.9063015282123466
 21
0.4226316835732565
 31
0.0
 73
     1
 44
1.0
  0
POINT
  5
9E4
330
9D9
100
AcDbEntity
  8
Defpoints
 62
     0
100
AcDbPoint
 10
313.7795285023043
 20
-164.1126005272809
 30
0.0
  0
POINT
  5
9E5
330
9D9
100
AcDbEntity
  8
Defpoints
 62
     0
100
AcDbPoint
 10
313.7794799999999
 20
-160.837499
 30
0.0
  0
POINT
  5
9E6
330
9D9
100
AcDbEntity
  8
Defpoints
 62
     0
100
AcDbPoint
 10
311.270624
 20
-162.007443
 30
0.0
  0
POINT
  5
9E7
330
9D9
100
AcDbEntity
  8
Defpoints
 62
     0
100
AcDbPoint
 10
312.5583654810701
 20
-160.0338518217093
 30
0.0
  0
ENDBLK
  5
9DB
330
9D9
100
AcDbEntity
  8
0
100
AcDbBlockEnd
  0
BLOCK
  5
9EA
330
9E9
100
AcDbEntity
  8
0
100
AcDbBlockBegin
  2
*D52
 70
     1
 10
0.0
 20
0.0
 30
0.0
  3
*D52
  1

  0
LINE
  5
9EC
330
9E9
100
AcDbEntity
  8
Dimensions
 62
   140
370
    -2
100
AcDbLine
 10
370.4576504515777
 20
-104.2925790337853
 30
0.0
 11
372.0405629031764
 21
-104.2925780207213
 31
0.0
  0
LINE
  5
9ED
330
9E9
100
AcDbEntity
  8
Dimensions
 62
   140
370
    -2
100
AcDbLine
 10
366.6872355869149
 20
-100.5221689952506
 30
0.0
 11
366.6872345738509
 21
-98.93925654365184
 31
0.0
  0
ARC
  5
9EE
330
9E9
100
AcDbEntity
  8
Dimensions
 62
   140
370
    -2
100
AcDbCircle
 10
366.6872379999789
 20
-104.2925814468493
 30
0.0
 40
4.062500000000825
100
AcDbArc
 50
37.05282890491307
 51
52.94724443368678
  0
SOLID
  5
9EF
330
9E9
100
AcDbEntity
  8
Dimensions
 62
   140
100
AcDbTrace
 10
369.5214622127163
 20
-101.9814339225437
 30
0.0
 11
370.3374160145053
 21
-101.7080009604209
 31
0.0
 12
370.7497379999789
 22
-104.2925788468492
 32
0.0
 13
370.7497379999789
 23
-104.2925788468492
 33
0.0
  0
SOLID
  5
9F0
330
9E9
100
AcDbEntity
  8
Dimensions
 62
   140
100
AcDbTrace
 10
369.2718138141772
 20
-100.6424001240629
 30
0.0
 11
368.9983818964756
 21
-101.4583542758454
 31
0.0
 12
366.6872353999789
 22
-100.2300814468493
 32
0.0
 13
366.6872353999789
 23
-100.2300814468493
 33
0.0
  0
MTEXT
  5
9F1
330
9E9
100
AcDbEntity
  8
Dimensions
 62
   140
100
AcDbMText
 10
370.9724474549278
 20
-100.0073665068288
 30
0.0
 40
2.581649806395483
 41
0.0
 46
0.0
 71
     5
 72
     1
  1
90%%d
 11
0.7071072337347529
 21
-0.7071063286380527
 31
0.0
 73
     1
 44
1.0
  0
POINT
  5
9F2
330
9E9
100
AcDbEntity
  8
Defpoints
 62
     0
100
AcDbPoint
 10
366.6872379999789
 20
-104.2925814468493
 30
0.0
  0
POINT
  5
9F3
330
9E9
100
AcDbEntity
  8
Defpoints
 62
     0
100
AcDbPoint
 10
369.8122379999789
 20
-104.2925794468493
 30
0.0
  0
POINT
  5
9F4
330
9E9
100
AcDbEntity
  8
Defpoints
 62
     0
100
AcDbPoint
 10
366.6872359999789
 20
-101.1675814468493
 30
0.0
  0
POINT
  5
9F5
330
9E9
100
AcDbEntity
  8
Defpoints
 62
     0
100
AcDbPoint
 10
370.2054649028532
 20
-102.2613291951832
 30
0.0
  0
ENDBLK
  5
9EB
330
9E9
100
AcDbEntity
  8
0
100
AcDbBlockEnd
  0
BLOCK
  5
9F8
330
9F7
100
AcDbEntity
  8
0
100
AcDbBlockBegin
  2
*D53
 70
     1
 10
0.0
 20
0.0
 30
0.0
  3
*D53
  1

  0
LINE
  5
9FA
330
9F7
100
AcDbEntity
  8
Dimensions
 62
   140
370
    -2
100
AcDbLine
 10
331.2848567024751
 20
-99.91637426618495
 30
0.0
 11
329.8929748585613
 21
-100.7345773548515
 31
0.0
  0
LINE
  5
9FB
330
9F7
100
AcDbEntity
  8
Dimensions
 62
   140
370
    -2
100
AcDbLine
 10
334.6565502846722
 20
-101.8279744577474
 30
0.0
 11
334.6691940229554
 21
-103.4424810379764
 31
0.0
  0
ARC
  5
9FC
330
9F7
100
AcDbEntity
  8
Dimensions
 62
   140
370
    -2
100
AcDbCircle
 10
334.6261978213459
 20
-97.95220206600662
 30
0.0
 40
4.199622424972015
100
AcDbArc
 50
138.846218065233
 51
174.6474556040529
  0
ARC
  5
9FD
330
9F7
100
AcDbEntity
  8
Dimensions
 62
   140
370
    -2
100
AcDbCircle
 10
334.6261978213459
 20
-97.95220206600662
 30
0.0
 40
4.199622424972015
100
AcDbArc
 50
306.2499306816937
 51
342.0511682205136
  0
ARC
  5
9FE
330
9F7
100
AcDbEntity
  8
Dimensions
 62
   140
370
    -2
100
AcDbCircle
 10
334.6261978213459
 20
-97.95220206600662
 30
0.0
 40
4.199622424972015
100
AcDbArc
 50
210.4486931428727
 51
270.4486931428739
  0
SOLID
  5
9FF
330
9F7
100
AcDbEntity
  8
Dimensions
 62
   140
100
AcDbTrace
 10
330.0248901154209
 20
-97.6539267280013
 30
0.0
 11
330.8648850054686
 21
-97.46696476362666
 31
0.0
 12
331.0057734535687
 22
-100.0804304159571
 32
0.0
 13
331.0057734535687
 23
-100.0804304159571
 33
0.0
  0
SOLID
  5
A00
330
9F7
100
AcDbEntity
  8
Dimensions
 62
   140
100
AcDbTrace
 10
336.9740163497938
 20
-100.9305703266454
 30
0.0
 11
337.2449256168017
 21
-101.7473655032217
 31
0.0
 12
334.6590854535688
 22
-102.1516957159571
 32
0.0
 13
334.6590854535688
 23
-102.1516957159571
 33
0.0
  0
MTEXT
  5
A01
330
9F7
100
AcDbEntity
  8
Dimensions
 62
   140
100
AcDbMText
 10
333.5402062095154
 20
-99.86768154968242
 30
0.0
 40
2.581649806395483
 41
0.0
 46
0.0
 71
     5
 72
     1
  1
60%%d
 11
0.8699143947504552
 21
-0.4932027431046481
 31
0.0
 73
     1
 44
1.0
  0
POINT
  5
A02
330
9F7
100
AcDbEntity
  8
Defpoints
 62
     0
100
AcDbPoint
 10
334.6261978213459
 20
-97.95220206600662
 30
0.0
  0
POINT
  5
A03
330
9F7
100
AcDbEntity
  8
Defpoints
 62
     0
100
AcDbPoint
 10
331.8412559999788
 20
-99.58930079673776
 30
0.0
  0
POINT
  5
A04
330
9F7
100
AcDbEntity
  8
Defpoints
 62
     0
100
AcDbPoint
 10
334.6514959999789
 20
-101.1825817967378
 30
0.0
  0
POINT
  5
A05
330
9F7
100
AcDbEntity
  8
Defpoints
 62
     0
100
AcDbPoint
 10
331.9520087241121
 20
-101.1903406029694
 30
0.0
  0
ENDBLK
  5
9F9
330
9F7
100
AcDbEntity
  8
0
100
AcDbBlockEnd
  0
BLOCK
  5
A08
330
A07
100
AcDbEntity
  8
0
100
AcDbBlockBegin
  2
*D54
 70
     1
 10
0.0
 20
0.0
 30
0.0
  3
*D54
  1

  0
LINE
  5
A0A
330
A07
100
AcDbEntity
  8
Dimensions
 62
   140
370
    -2
100
AcDbLine
 10
331.4109061476683
 20
-97.61331707243497
 30
0.0
 11
332.764519641385
 21
-96.8176087962901
 31
0.0
  0
LINE
  5
A0B
330
A07
100
AcDbEntity
  8
Dimensions
 62
   140
370
    -2
100
AcDbLine
 10
328.1679304196669
 20
-95.77469613804328
 30
0.0
 11
328.1556335853823
 21
-94.20457832750674
 31
0.0
  0
ARC
  5
A0C
330
A07
100
AcDbEntity
  8
Dimensions
 62
   140
370
    -2
100
AcDbCircle
 10
328.1971258465545
 20
-99.50250596954464
 30
0.0
 40
4.007265215704211
100
AcDbArc
 50
315.2837113525893
 51
352.8662153697399
  0
ARC
  5
A0D
330
A07
100
AcDbEntity
  8
Dimensions
 62
   140
370
    -2
100
AcDbCircle
 10
328.1971258465545
 20
-99.50250596954464
 30
0.0
 40
4.007265215704211
100
AcDbArc
 50
128.0312234040412
 51
165.6137274211918
  0
ARC
  5
A0E
330
A07
100
AcDbEntity
  8
Dimensions
 62
   140
370
    -2
100
AcDbCircle
 10
328.1971258465545
 20
-99.50250596954464
 30
0.0
 40
4.007265215704211
100
AcDbArc
 50
30.44871938689056
 51
90.44871938689047
  0
SOLID
  5
A0F
330
A07
100
AcDbEntity
  8
Dimensions
 62
   140
100
AcDbTrace
 10
332.5947700739463
 20
-99.91321305742574
 30
0.0
 11
331.7519706359398
 21
-100.0870960604047
 31
0.0
 12
331.6517213460061
 22
-97.4717562448957
 32
0.0
 13
331.6517213460061
 23
-97.4717562448957
 33
0.0
  0
SOLID
  5
A10
330
A07
100
AcDbEntity
  8
Dimensions
 62
   140
100
AcDbTrace
 10
325.8700730971157
 20
-96.75232551141453
 30
0.0
 11
325.5865000403469
 21
-95.93984011898958
 31
0.0
 12
328.1657427460061
 22
-95.4953636448957
 32
0.0
 13
328.1657427460061
 23
-95.4953636448957
 33
0.0
  0
MTEXT
  5
A11
330
A07
100
AcDbEntity
  8
Dimensions
 62
   140
100
AcDbMText
 10
331.1587913387193
 20
-94.27869440192141
 30
0.0
 40
2.581649806395483
 41
0.0
 46
0.0
 71
     5
 72
     1
  1
60%%d
 11
0.8699146206591741
 21
-0.4932023446450811
 31
0.0
 73
     1
 44
1.0
  0
POINT
  5
A12
330
A07
100
AcDbEntity
  8
Defpoints
 62
     0
100
AcDbPoint
 10
328.1971258465545
 20
-99.50250596954464
 30
0.0
  0
POINT
  5
A13
330
A07
100
AcDbEntity
  8
Defpoints
 62
     0
100
AcDbPoint
 10
330.8545069999788
 20
-97.94039079673776
 30
0.0
  0
POINT
  5
A14
330
A07
100
AcDbEntity
  8
Defpoints
 62
     0
100
AcDbPoint
 10
328.1729849999788
 20
-96.42008879673777
 30
0.0
  0
POINT
  5
A15
330
A07
100
AcDbEntity
  8
Defpoints
 62
     0
100
AcDbPoint
 10
330.7488264333063
 20
-96.41268419077439
 30
0.0
  0
ENDBLK
  5
A09
330
A07
100
AcDbEntity
  8
0
100
AcDbBlockEnd
  0
BLOCK
  5
A18
330
A17
100
AcDbEntity
  8
0
100
AcDbBlockBegin
  2
*D55
 70
     1
 10
0.0
 20
0.0
 30
0.0
  3
*D55
  1

  0
LINE
  5
A1A
330
A17
100
AcDbEntity
  8
Dimensions
 62
   140
370
    -2
100
AcDbLine
 10
312.3216788544262
 20
-95.83857367639423
 30
0.0
 11
311.1272934630326
 21
-96.9970941928272
 31
0.0
  0
LINE
  5
A1B
330
A17
100
AcDbEntity
  8
Dimensions
 62
   140
370
    -2
100
AcDbLine
 10
315.1603992495287
 20
-97.06542628287929
 30
0.0
 11
315.1350389532377
 21
-98.72918200579736
 31
0.0
  0
ARC
  5
A1C
330
A17
100
AcDbEntity
  8
Dimensions
 62
   140
370
    -2
100
AcDbCircle
 10
315.221981152782
 20
-93.02536134081598
 30
0.0
 40
4.413658344593434
100
AcDbArc
 50
156.1052121707946
 51
190.1159658364804
  0
ARC
  5
A1D
330
A17
100
AcDbEntity
  8
Dimensions
 62
   140
370
    -2
100
AcDbCircle
 10
315.221981152782
 20
-93.02536134081598
 30
0.0
 40
4.413658344593434
100
AcDbArc
 50
303.137473167852
 51
337.1482268335378
  0
ARC
  5
A1E
330
A17
100
AcDbEntity
  8
Dimensions
 62
   140
370
    -2
100
AcDbCircle
 10
315.221981152782
 20
-93.02536134081598
 30
0.0
 40
4.413658344593434
100
AcDbArc
 50
224.1267195021662
 51
269.1267195021662
  0
SOLID
  5
A1F
330
A17
100
AcDbEntity
  8
Dimensions
 62
   140
100
AcDbTrace
 10
310.4939730827596
 20
-93.99673319710703
 30
0.0
 11
311.2598995741013
 21
-93.60442872187124
 31
0.0
 12
312.0538497541379
 22
-96.09836043351433
 32
0.0
 13
312.0538497541379
 23
-96.09836043351433
 33
0.0
  0
SOLID
  5
A20
330
A17
100
AcDbEntity
  8
Dimensions
 62
   140
100
AcDbTrace
 10
317.5151532126708
 20
-96.30785602804207
 30
0.0
 11
317.7542594437141
 21
-97.13452065272693
 31
0.0
 12
315.1547124541378
 22
-97.43850703351433
 32
0.0
 13
315.1547124541378
 23
-97.43850703351433
 33
0.0
  0
MTEXT
  5
A21
330
A17
100
AcDbEntity
  8
Dimensions
 62
   140
100
AcDbMText
 10
314.2635245654053
 20
-95.24306071890311
 30
0.0
 40
2.581649806395483
 41
0.0
 46
0.0
 71
     5
 72
     1
  1
45%%d
 11
0.9179397331353006
 21
-0.3967198587561419
 31
0.0
 73
     1
 44
1.0
  0
POINT
  5
A22
330
A17
100
AcDbEntity
  8
Defpoints
 62
     0
100
AcDbPoint
 10
315.221981152782
 20
-93.02536134081598
 30
0.0
  0
POINT
  5
A23
330
A17
100
AcDbEntity
  8
Defpoints
 62
     0
100
AcDbPoint
 10
312.7849569999788
 20
-95.3892067967378
 30
0.0
  0
POINT
  5
A24
330
A17
100
AcDbEntity
  8
Defpoints
 62
     0
100
AcDbPoint
 10
315.1702359999788
 20
-96.42008879673777
 30
0.0
  0
POINT
  5
A25
330
A17
100
AcDbEntity
  8
Defpoints
 62
     0
100
AcDbPoint
 10
312.9571519045274
 20
-96.81362327197257
 30
0.0
  0
ENDBLK
  5
A19
330
A17
100
AcDbEntity
  8
0
100
AcDbBlockEnd
  0
BLOCK
  5
A28
330
A27
100
AcDbEntity
  8
0
100
AcDbBlockBegin
  2
*D56
 70
     1
 10
0.0
 20
0.0
 30
0.0
  3
*D56
  1

  0
LINE
  5
A2A
330
A27
100
AcDbEntity
  8
Dimensions
 62
   140
370
    -2
100
AcDbLine
 10
310.5070537088212
 20
-92.02633736304031
 30
0.0
 11
311.6709057150221
 21
-90.88322991432175
 31
0.0
  0
LINE
  5
A2B
330
A27
100
AcDbEntity
  8
Dimensions
 62
   140
370
    -2
100
AcDbLine
 10
307.7373094198888
 20
-90.84978343726291
 30
0.0
 11
307.7519780371572
 21
-89.21851676276697
 31
0.0
  0
ARC
  5
A2C
330
A27
100
AcDbEntity
  8
Dimensions
 62
   140
370
    -2
100
AcDbCircle
 10
307.7019553421175
 20
-94.78143751347467
 30
0.0
 40
4.272320749099482
100
AcDbArc
 50
334.1408659520554
 51
9.31283339946384
  0
ARC
  5
A2D
330
A27
100
AcDbEntity
  8
Dimensions
 62
   140
370
    -2
100
AcDbCircle
 10
307.7019553421175
 20
-94.78143751347467
 30
0.0
 40
4.272320749099482
100
AcDbArc
 50
124.6567682942808
 51
159.8287357416892
  0
ARC
  5
A2E
330
A27
100
AcDbEntity
  8
Dimensions
 62
   140
370
    -2
100
AcDbCircle
 10
307.7019553421175
 20
-94.78143751347467
 30
0.0
 40
4.272320749099482
100
AcDbArc
 50
44.4848008468723
 51
89.48480084687226
  0
SOLID
  5
A2F
330
A27
100
AcDbEntity
  8
Dimensions
 62
   140
100
AcDbTrace
 10
312.3016869176037
 20
-93.89540640691351
 30
0.0
 11
311.5342425732011
 21
-94.28473322293524
 31
0.0
 12
310.7499842973372
 22
-91.78773678171672
 32
0.0
 13
310.7499842973372
 23
-91.78773678171672
 33
0.0
  0
SOLID
  5
A30
330
A27
100
AcDbEntity
  8
Dimensions
 62
   140
100
AcDbTrace
 10
305.398770067107
 20
-91.67845859592747
 30
0.0
 11
305.1461531181862
 21
-90.85582206103065
 31
0.0
 12
307.7403711973371
 22
-90.50928948171668
 32
0.0
 13
307.7403711973371
 23
-90.50928948171668
 33
0.0
  0
MTEXT
  5
A31
330
A27
100
AcDbEntity
  8
Dimensions
 62
   140
100
AcDbMText
 10
310.1533806334023
 20
-89.01049828874304
 30
0.0
 40
2.581649806395483
 41
0.0
 46
0.0
 71
     5
 72
     1
  1
45%%d
 11
0.9204011697613603
 21
-0.3909753019078313
 31
0.0
 73
     1
 44
1.0
  0
POINT
  5
A32
330
A27
100
AcDbEntity
  8
Defpoints
 62
     0
100
AcDbPoint
 10
307.7019553421175
 20
-94.78143751347467
 30
0.0
  0
POINT
  5
A33
330
A27
100
AcDbEntity
  8
Defpoints
 62
     0
100
AcDbPoint
 10
310.0465929999788
 20
-92.47859079673779
 30
0.0
  0
POINT
  5
A34
330
A27
100
AcDbEntity
  8
Defpoints
 62
     0
100
AcDbPoint
 10
307.7315059999787
 20
-91.49516979673777
 30
0.0
  0
POINT
  5
A35
330
A27
100
AcDbEntity
  8
Defpoints
 62
     0
100
AcDbPoint
 10
309.8712984645247
 20
-91.10085671685438
 30
0.0
  0
ENDBLK
  5
A29
330
A27
100
AcDbEntity
  8
0
100
AcDbBlockEnd
  0
BLOCK
  5
A38
330
A37
100
AcDbEntity
  8
0
100
AcDbBlockBegin
  2
*D57
 70
     1
 10
0.0
 20
0.0
 30
0.0
  3
*D57
  1

  0
LINE
  5
A3A
330
A37
100
AcDbEntity
  8
Dimensions
 62
   140
370
    -2
100
AcDbLine
 10
296.0546488122306
 20
-90.99566757583908
 30
0.0
 11
296.0353052432166
 21
-89.41349390079583
 31
0.0
  0
LINE
  5
A3B
330
A37
100
AcDbEntity
  8
Dimensions
 62
   140
370
    -2
100
AcDbLine
 10
293.4037193777845
 20
-92.13188258506663
 30
0.0
 11
292.2712756743243
 21
-91.02679481925094
 31
0.0
  0
ARC
  5
A3C
330
A37
100
AcDbEntity
  8
Dimensions
 62
   140
370
    -2
100
AcDbCircle
 10
296.100716937532
 20
-94.76372997721967
 30
0.0
 40
4.059811018187716
100
AcDbArc
 50
16.54400529815622
 51
53.62223273659474
  0
ARC
  5
A3D
330
A37
100
AcDbEntity
  8
Dimensions
 62
   140
370
    -2
100
AcDbCircle
 10
296.100716937532
 20
-94.76372997721967
 30
0.0
 40
4.059811018187716
100
AcDbArc
 50
172.7786876134731
 51
209.8569150519116
  0
ARC
  5
A3E
330
A37
100
AcDbEntity
  8
Dimensions
 62
   140
370
    -2
100
AcDbCircle
 10
296.100716937532
 20
-94.76372997721967
 30
0.0
 40
4.059811018187716
100
AcDbArc
 50
90.70046017503324
 51
135.7004601750346
  0
SOLID
  5
A3F
330
A37
100
AcDbEntity
  8
Dimensions
 62
   140
100
AcDbTrace
 10
298.6404266926314
 20
-91.08549006170499
 30
0.0
 11
298.3768079148698
 21
-91.90466729005097
 31
0.0
 12
296.0510856187127
 22
-90.7042223425932
 32
0.0
 13
296.0510856187127
 23
-90.7042223425932
 33
0.0
  0
SOLID
  5
A40
330
A37
100
AcDbEntity
  8
Dimensions
 62
   140
100
AcDbTrace
 10
292.4606221740061
 20
-94.44040398254872
 30
0.0
 11
291.6855944067073
 21
-94.06640110643006
 31
0.0
 12
293.1951169187126
 22
-91.92831924259316
 32
0.0
 13
293.1951169187126
 23
-91.92831924259316
 33
0.0
  0
MTEXT
  5
A41
330
A37
100
AcDbEntity
  8
Dimensions
 62
   140
100
AcDbMText
 10
293.7143627111639
 20
-89.19607191222471
 30
0.0
 40
2.581649806395483
 41
0.0
 46
0.0
 71
     5
 72
     1
  1
45%%d
 11
0.9191321752537677
 21
0.3939492916775931
 31
0.0
 73
     1
 44
1.0
  0
POINT
  5
A42
330
A37
100
AcDbEntity
  8
Defpoints
 62
     0
100
AcDbPoint
 10
296.100716937532
 20
-94.76372997721967
 30
0.0
  0
POINT
  5
A43
330
A37
100
AcDbEntity
  8
Defpoints
 62
     0
100
AcDbPoint
 10
296.0625389999787
 20
-91.64103179673776
 30
0.0
  0
POINT
  5
A44
330
A37
100
AcDbEntity
  8
Defpoints
 62
     0
100
AcDbPoint
 10
293.8656399999787
 20
-92.58264479673775
 30
0.0
  0
POINT
  5
A45
330
A37
100
AcDbEntity
  8
Defpoints
 62
     0
100
AcDbPoint
 10
295.0020988753112
 20
-90.85539224146032
 30
0.0
  0
ENDBLK
  5
A39
330
A37
100
AcDbEntity
  8
0
100
AcDbBlockEnd
  0
BLOCK
  5
A48
330
A47
100
AcDbEntity
  8
0
100
AcDbBlockBegin
  2
*D58
 70
     1
 10
0.0
 20
0.0
 30
0.0
  3
*D58
  1

  0
LINE
  5
A4A
330
A47
100
AcDbEntity
  8
Dimensions
 62
   140
370
    -2
100
AcDbLine
 10
275.7065620826629
 20
-95.77469813414613
 30
0.0
 11
275.7188577202817
 21
-94.20457853048201
 31
0.0
  0
LINE
  5
A4B
330
A47
100
AcDbEntity
  8
Dimensions
 62
   140
370
    -2
100
AcDbLine
 10
272.4635826001004
 20
-97.61332450144452
 30
0.0
 11
271.1099669551568
 21
-96.81761636507885
 31
0.0
  0
ARC
  5
A4C
330
A47
100
AcDbEntity
  8
Dimensions
 62
   140
370
    -2
100
AcDbCircle
 10
275.67736948353
 20
-99.50251393364614
 30
0.0
 40
4.007272945076538
100
AcDbArc
 50
14.3864671695364
 51
51.96889598017202
  0
ARC
  5
A4D
330
A47
100
AcDbEntity
  8
Dimensions
 62
   140
370
    -2
100
AcDbCircle
 10
275.67736948353
 20
-99.50251393364614
 30
0.0
 40
4.007272945076538
100
AcDbArc
 50
187.1337536014433
 51
224.716182412079
  0
ARC
  5
A4E
330
A47
100
AcDbEntity
  8
Dimensions
 62
   140
370
    -2
100
AcDbCircle
 10
275.67736948353
 20
-99.50251393364614
 30
0.0
 40
4.007272945076538
100
AcDbArc
 50
89.55132479080766
 51
149.5513247908077
  0
SOLID
  5
A4F
330
A47
100
AcDbEntity
  8
Dimensions
 62
   140
100
AcDbTrace
 10
278.2879928949919
 20
-95.93983664828448
 30
0.0
 11
278.004420997922
 21
-96.75232244546572
 31
0.0
 12
275.7087495549133
 22
-95.49536385566523
 32
0.0
 13
275.7087495549133
 23
-95.49536385566523
 33
0.0
  0
SOLID
  5
A50
330
A47
100
AcDbEntity
  8
Dimensions
 62
   140
100
AcDbTrace
 10
272.1225167650784
 20
-100.0871027826774
 30
0.0
 11
271.2797173071197
 21
-99.91321987640599
 31
0.0
 12
272.2227657549134
 22
-97.47176295566524
 32
0.0
 13
272.2227657549134
 23
-97.47176295566524
 33
0.0
  0
MTEXT
  5
A51
330
A47
100
AcDbEntity
  8
Dimensions
 62
   140
100
AcDbMText
 10
272.7156961514159
 20
-94.27869792571457
 30
0.0
 40
2.581649806395483
 41
0.0
 46
0.0
 71
     5
 72
     1
  1
60%%d
 11
0.8699142403770826
 21
0.4932030153893665
 31
0.0
 73
     1
 44
1.0
  0
POINT
  5
A52
330
A47
100
AcDbEntity
  8
Defpoints
 62
     0
100
AcDbPoint
 10
275.67736948353
 20
-99.50251393364614
 30
0.0
  0
POINT
  5
A53
330
A47
100
AcDbEntity
  8
Defpoints
 62
     0
100
AcDbPoint
 10
275.7015079999787
 20
-96.42009079673774
 30
0.0
  0
POINT
  5
A54
330
A47
100
AcDbEntity
  8
Defpoints
 62
     0
100
AcDbPoint
 10
273.0199819999787
 20
-97.94039779673773
 30
0.0
  0
POINT
  5
A55
330
A47
100
AcDbEntity
  8
Defpoints
 62
     0
100
AcDbPoint
 10
274.3363310610501
 20
-95.72629195847375
 30
0.0
  0
ENDBLK
  5
A49
330
A47
100
AcDbEntity
  8
0
100
AcDbBlockEnd
  0
BLOCK
  5
A58
330
A57
100
AcDbEntity
  8
0
100
AcDbBlockBegin
  2
*D59
 70
     1
 10
0.0
 20
0.0
 30
0.0
  3
*D59
  1

  0
LINE
  5
A5A
330
A57
100
AcDbEntity
  8
Dimensions
 62
   140
370
    -2
100
AcDbLine
 10
231.5782414899523
 20
-100.5371775672833
 30
0.0
 11
231.579556079926
 21
-98.9527362378288
 31
0.0
  0
LINE
  5
A5B
330
A57
100
AcDbEntity
  8
Dimensions
 62
   140
370
    -2
100
AcDbLine
 10
227.7995997705243
 20
-104.3095543067641
 30
0.0
 11
226.2151584410699
 21
-104.3082397167905
 31
0.0
  0
ARC
  5
A5C
330
A57
100
AcDbEntity
  8
Dimensions
 62
   140
370
    -2
100
AcDbCircle
 10
231.5751089999787
 20
-104.3126867967377
 30
0.0
 40
4.069127500552491
100
AcDbArc
 50
126.9427164384709
 51
142.9622084854194
  0
SOLID
  5
A5D
330
A57
100
AcDbEntity
  8
Dimensions
 62
   140
100
AcDbTrace
 10
229.2656521637668
 20
-101.4686550114304
 30
0.0
 11
228.9933422744726
 21
-100.6523257178107
 31
0.0
 12
231.5784850999788
 22
-100.2435606967377
 32
0.0
 13
231.5784850999788
 23
-100.2435606967377
 33
0.0
  0
SOLID
  5
A5E
330
A57
100
AcDbEntity
  8
Dimensions
 62
   140
100
AcDbTrace
 10
227.9190370728143
 20
-101.7248497237257
 30
0.0
 11
228.7349133790433
 21
-101.9985138323757
 31
0.0
 12
227.5059828999787
 22
-104.3093106967377
 32
0.0
 13
227.5059828999787
 23
-104.3093106967377
 33
0.0
  0
MTEXT
  5
A5F
330
A57
100
AcDbEntity
  8
Dimensions
 62
   140
100
AcDbMText
 10
227.2887711991998
 20
-100.0192304544601
 30
0.0
 40
2.581649806395483
 41
0.0
 46
0.0
 71
     5
 72
     1
  1
90%%d
 11
0.7076932147312017
 21
0.7065198608839085
 31
0.0
 73
     1
 44
1.0
  0
POINT
  5
A60
330
A57
100
AcDbEntity
  8
Defpoints
 62
     0
100
AcDbPoint
 10
231.5751089999787
 20
-104.3126867967377
 30
0.0
  0
POINT
  5
A61
330
A57
100
AcDbEntity
  8
Defpoints
 62
     0
100
AcDbPoint
 10
231.5777059999787
 20
-101.1825897967377
 30
0.0
  0
POINT
  5
A62
330
A57
100
AcDbEntity
  8
Defpoints
 62
     0
100
AcDbPoint
 10
228.4450119999787
 20
-104.3100897967377
 30
0.0
  0
POINT
  5
A63
330
A57
100
AcDbEntity
  8
Defpoints
 62
     0
100
AcDbPoint
 10
229.5434697383444
 20
-100.7870321729354
 30
0.0
  0
ENDBLK
  5
A59
330
A57
100
AcDbEntity
  8
0
100
AcDbBlockEnd
  0
BLOCK
  5
A66
330
A65
100
AcDbEntity
  8
0
100
AcDbBlockBegin
  2
*D60
 70
     1
 10
0.0
 20
0.0
 30
0.0
  3
*D60
  1

  0
LINE
  5
A68
330
A65
100
AcDbEntity
  8
Dimensions
 62
   140
370
    -2
100
AcDbLine
 10
269.2146626775391
 20
-101.8279800797667
 30
0.0
 11
269.2012744642029
 21
-103.4432543302652
 31
0.0
  0
LINE
  5
A69
330
A65
100
AcDbEntity
  8
Dimensions
 62
   140
370
    -2
100
AcDbLine
 10
272.5894737192177
 20
-99.91665058737797
 30
0.0
 11
273.9816481475601
 21
-100.7358822454876
 31
0.0
  0
ARC
  5
A6A
330
A65
100
AcDbEntity
  8
Dimensions
 62
   140
370
    -2
100
AcDbCircle
 10
269.2468083029673
 20
-97.94964323850641
 30
0.0
 40
4.202974889110634
100
AcDbArc
 50
197.9816836661141
 51
233.753399010664
  0
ARC
  5
A6B
330
A65
100
AcDbEntity
  8
Dimensions
 62
   140
370
    -2
100
AcDbCircle
 10
269.2468083029673
 20
-97.94964323850641
 30
0.0
 40
4.202974889110634
100
AcDbArc
 50
5.296829699763893
 51
41.06854504431379
  0
ARC
  5
A6C
330
A65
100
AcDbEntity
  8
Dimensions
 62
   140
370
    -2
100
AcDbCircle
 10
269.2468083029673
 20
-97.94964323850641
 30
0.0
 40
4.202974889110634
100
AcDbArc
 50
269.5251143552139
 51
329.525114355214
  0
SOLID
  5
A6D
330
A65
100
AcDbEntity
  8
Dimensions
 62
   140
100
AcDbTrace
 10
266.626213667521
 20
-101.7476276439378
 30
0.0
 11
266.8972858925576
 21
-100.9308865342568
 31
0.0
 12
269.2119731090821
 22
-102.1524737642071
 32
0.0
 13
269.2119731090821
 23
-102.1524737642071
 33
0.0
  0
SOLID
  5
A6E
330
A65
100
AcDbEntity
  8
Dimensions
 62
   140
100
AcDbTrace
 10
273.0119051613208
 20
-97.46786238304323
 30
0.0
 11
273.8517662010368
 21
-97.65542470707543
 31
0.0
 12
272.8691487090822
 22
-100.0812266642071
 32
0.0
 13
272.8691487090822
 23
-100.0812266642071
 33
0.0
  0
MTEXT
  5
A6F
330
A65
100
AcDbEntity
  8
Dimensions
 62
   140
100
AcDbMText
 10
270.3335762598592
 20
-99.8685360904538
 30
0.0
 40
2.581649806395483
 41
0.0
 46
0.0
 71
     5
 72
     1
  1
60%%d
 11
0.8701397692085626
 21
0.4928050142213138
 31
0.0
 73
     1
 44
1.0
  0
POINT
  5
A70
330
A65
100
AcDbEntity
  8
Defpoints
 62
     0
100
AcDbPoint
 10
269.2468083029673
 20
-97.94964323850641
 30
0.0
  0
POINT
  5
A71
330
A65
100
AcDbEntity
  8
Defpoints
 62
     0
100
AcDbPoint
 10
269.2200119999787
 20
-101.1825897967377
 30
0.0
  0
POINT
  5
A72
330
A65
100
AcDbEntity
  8
Defpoints
 62
     0
100
AcDbPoint
 10
272.0332239999788
 20
-99.58932279673772
 30
0.0
  0
POINT
  5
A73
330
A65
100
AcDbEntity
  8
Defpoints
 62
     0
100
AcDbPoint
 10
270.6515266271033
 20
-101.9109264079265
 30
0.0
  0
ENDBLK
  5
A67
330
A65
100
AcDbEntity
  8
0
100
AcDbBlockEnd
  0
BLOCK
  5
A76
330
A75
100
AcDbEntity
  8
0
100
AcDbBlockBegin
  2
*D61
 70
     1
 10
0.0
 20
0.0
 30
0.0
  3
*D61
  1

  0
LINE
  5
A78
330
A75
100
AcDbEntity
  8
Dimensions
 62
   140
370
    -2
100
AcDbLine
 10
212.4204010162346
 20
-104.3065121406979
 30
0.0
 11
214.0498127179412
 21
-104.3040282813965
 31
0.0
  0
LINE
  5
A79
330
A75
100
AcDbEntity
  8
Dimensions
 62
   140
370
    -2
100
AcDbLine
 10
208.4890054552267
 20
-100.3870842982927
 30
0.0
 11
208.4865215959254
 21
-98.75767259658615
 31
0.0
  0
ARC
  5
A7A
330
A75
100
AcDbEntity
  8
Dimensions
 62
   140
370
    -2
100
AcDbCircle
 10
208.4949893145281
 20
-104.3124959999993
 30
0.0
 40
4.264004954265437
100
AcDbArc
 50
35.33014732169235
 51
54.8445347976141
  0
SOLID
  5
A7B
330
A75
100
AcDbEntity
  8
Dimensions
 62
   140
100
AcDbTrace
 10
211.5638206652334
 20
-101.9775578602879
 30
0.0
 11
212.383593502399
 21
-101.7157971167173
 31
0.0
 12
212.7589893145281
 22
-104.3059959999992
 32
0.0
 13
212.7589893145281
 23
-104.3059959999992
 33
0.0
  0
SOLID
  5
A7C
330
A75
100
AcDbEntity
  8
Dimensions
 62
   140
100
AcDbTrace
 10
211.0798206565755
 20
-100.4159931380044
 30
0.0
 11
210.8205604311658
 21
-101.2365602144519
 31
0.0
 12
208.4884893145281
 22
-100.0484959999992
 32
0.0
 13
208.4884893145281
 23
-100.0484959999992
 33
0.0
  0
MTEXT
  5
A7D
330
A75
100
AcDbEntity
  8
Dimensions
 62
   140
100
AcDbMText
 10
212.9159323557992
 20
-99.8780538960067
 30
0.0
 40
2.581649806395483
 41
0.0
 46
0.0
 71
     5
 72
     1
  1
90%%d
 11
0.7081838650390062
 21
-0.7060280541865279
 31
0.0
 73
     1
 44
1.0
  0
POINT
  5
A7E
330
A75
100
AcDbEntity
  8
Defpoints
 62
     0
100
AcDbPoint
 10
208.4949893145281
 20
-104.3124959999993
 30
0.0
  0
POINT
  5
A7F
330
A75
100
AcDbEntity
  8
Defpoints
 62
     0
100
AcDbPoint
 10
211.7749893145281
 20
-104.3074959999992
 30
0.0
  0
POINT
  5
A80
330
A75
100
AcDbEntity
  8
Defpoints
 62
     0
100
AcDbPoint
 10
208.4899893145281
 20
-101.0324959999993
 30
0.0
  0
POINT
  5
A81
330
A75
100
AcDbEntity
  8
Defpoints
 62
     0
100
AcDbPoint
 10
212.1844716362649
 20
-102.1748668348746
 30
0.0
  0
ENDBLK
  5
A77
330
A75
100
AcDbEntity
  8
0
100
AcDbBlockEnd
  0
BLOCK
  5
A84
330
A83
100
AcDbEntity
  8
0
100
AcDbBlockBegin
  2
*D62
 70
     1
 10
0.0
 20
0.0
 30
0.0
  3
*D62
  1

  0
LINE
  5
A86
330
A83
100
AcDbEntity
  8
Dimensions
 62
   140
370
    -2
100
AcDbLine
 10
167.6135629146499
 20
-99.83926229529244
 30
0.0
 11
166.2599472697062
 21
-100.6349704316582
 31
0.0
  0
LINE
  5
A87
330
A83
100
AcDbEntity
  8
Dimensions
 62
   140
370
    -2
100
AcDbLine
 10
170.8565423972124
 20
-101.6778886625909
 30
0.0
 11
170.8688380348313
 21
-103.248008266255
 31
0.0
  0
ARC
  5
A88
330
A83
100
AcDbEntity
  8
Dimensions
 62
   140
370
    -2
100
AcDbCircle
 10
170.8273497980795
 20
-97.9500728630908
 30
0.0
 40
4.007272945076646
100
AcDbArc
 50
135.2838175879234
 51
172.866246398558
  0
ARC
  5
A89
330
A83
100
AcDbEntity
  8
Dimensions
 62
   140
370
    -2
100
AcDbCircle
 10
170.8273497980795
 20
-97.9500728630908
 30
0.0
 40
4.007272945076646
100
AcDbArc
 50
308.0311040198274
 51
345.6135328304619
  0
ARC
  5
A8A
330
A83
100
AcDbEntity
  8
Dimensions
 62
   140
370
    -2
100
AcDbCircle
 10
170.8273497980795
 20
-97.9500728630908
 30
0.0
 40
4.007272945076646
100
AcDbArc
 50
210.4486752091925
 51
270.4486752091928
  0
SOLID
  5
A8B
330
A83
100
AcDbEntity
  8
Dimensions
 62
   140
100
AcDbTrace
 10
166.429697621669
 20
-97.53936692033102
 30
0.0
 11
167.2724970796278
 21
-97.36548401405958
 31
0.0
 12
167.3727460694627
 22
-99.98082384107177
 32
0.0
 13
167.3727460694627
 23
-99.98082384107177
 33
0.0
  0
SOLID
  5
A8C
330
A83
100
AcDbEntity
  8
Dimensions
 62
   140
100
AcDbTrace
 10
173.1544013124715
 20
-100.7002643512713
 30
0.0
 11
173.4379732095415
 21
-101.5127501484526
 31
0.0
 12
170.8587298694627
 22
-101.9572229410718
 32
0.0
 13
170.8587298694627
 23
-101.9572229410718
 33
0.0
  0
MTEXT
  5
A8D
330
A83
100
AcDbEntity
  8
Dimensions
 62
   140
100
AcDbMText
 10
169.8362249301936
 20
-99.69822445515909
 30
0.0
 40
2.581649806395483
 41
0.0
 46
0.0
 71
     5
 72
     1
  1
60%%d
 11
0.8699142403770808
 21
-0.4932030153893695
 31
0.0
 73
     1
 44
1.0
  0
POINT
  5
A8E
330
A83
100
AcDbEntity
  8
Defpoints
 62
     0
100
AcDbPoint
 10
170.8273497980795
 20
-97.9500728630908
 30
0.0
  0
POINT
  5
A8F
330
A83
100
AcDbEntity
  8
Defpoints
 62
     0
100
AcDbPoint
 10
168.1699623145281
 20
-99.51218899999924
 30
0.0
  0
POINT
  5
A90
330
A83
100
AcDbEntity
  8
Defpoints
 62
     0
100
AcDbPoint
 10
170.8514883145281
 20
-101.0324959999993
 30
0.0
  0
POINT
  5
A91
330
A83
100
AcDbEntity
  8
Defpoints
 62
     0
100
AcDbPoint
 10
168.2756419071066
 20
-101.0398986341482
 30
0.0
  0
ENDBLK
  5
A85
330
A83
100
AcDbEntity
  8
0
100
AcDbBlockEnd
  0
BLOCK
  5
A94
330
A93
100
AcDbEntity
  8
0
100
AcDbBlockBegin
  2
*D63
 70
     1
 10
0.0
 20
0.0
 30
0.0
  3
*D63
  1

  0
LINE
  5
A96
330
A93
100
AcDbEntity
  8
Dimensions
 62
   140
370
    -2
100
AcDbLine
 10
167.7396146120319
 20
-97.53620553055207
 30
0.0
 11
169.1314964559457
 21
-96.71800244188553
 31
0.0
  0
LINE
  5
A97
330
A93
100
AcDbEntity
  8
Dimensions
 62
   140
370
    -2
100
AcDbLine
 10
164.3679210298348
 20
-95.6246053389896
 30
0.0
 11
164.3552772915517
 21
-94.01009875876059
 31
0.0
  0
ARC
  5
A98
330
A93
100
AcDbEntity
  8
Dimensions
 62
   140
370
    -2
100
AcDbCircle
 10
164.398273493161
 20
-99.5003777307304
 30
0.0
 40
4.199622424972048
100
AcDbArc
 50
318.8462180652336
 51
354.6474556040532
  0
ARC
  5
A99
330
A93
100
AcDbEntity
  8
Dimensions
 62
   140
370
    -2
100
AcDbCircle
 10
164.398273493161
 20
-99.5003777307304
 30
0.0
 40
4.199622424972048
100
AcDbArc
 50
126.2499306816923
 51
162.0511682205118
  0
ARC
  5
A9A
330
A93
100
AcDbEntity
  8
Dimensions
 62
   140
370
    -2
100
AcDbCircle
 10
164.398273493161
 20
-99.5003777307304
 30
0.0
 40
4.199622424972048
100
AcDbArc
 50
30.4486931428727
 51
90.44869314287276
  0
SOLID
  5
A9B
330
A93
100
AcDbEntity
  8
Dimensions
 62
   140
100
AcDbTrace
 10
168.9995811990861
 20
-99.79865306873569
 30
0.0
 11
168.1595863090384
 21
-99.98561503311035
 31
0.0
 12
168.0186978609383
 22
-97.37214938077989
 32
0.0
 13
168.0186978609383
 23
-97.37214938077989
 33
0.0
  0
SOLID
  5
A9C
330
A93
100
AcDbEntity
  8
Dimensions
 62
   140
100
AcDbTrace
 10
162.0504549647132
 20
-96.52200947009159
 30
0.0
 11
161.7795456977053
 21
-95.70521429351525
 31
0.0
 12
164.3653858609383
 22
-95.30088408077987
 32
0.0
 13
164.3653858609383
 23
-95.30088408077987
 33
0.0
  0
MTEXT
  5
A9D
330
A93
100
AcDbEntity
  8
Dimensions
 62
   140
100
AcDbMText
 10
167.4548124813306
 20
-94.10923321440626
 30
0.0
 40
2.581649806395483
 41
0.0
 46
0.0
 71
     5
 72
     1
  1
60%%d
 11
0.869914394750453
 21
-0.4932027431046517
 31
0.0
 73
     1
 44
1.0
  0
POINT
  5
A9E
330
A93
100
AcDbEntity
  8
Defpoints
 62
     0
100
AcDbPoint
 10
164.398273493161
 20
-99.5003777307304
 30
0.0
  0
POINT
  5
A9F
330
A93
100
AcDbEntity
  8
Defpoints
 62
     0
100
AcDbPoint
 10
167.1832153145281
 20
-97.86327899999924
 30
0.0
  0
POINT
  5
AA0
330
A93
100
AcDbEntity
  8
Defpoints
 62
     0
100
AcDbPoint
 10
164.3729753145281
 20
-96.26999799999923
 30
0.0
  0
POINT
  5
AA1
330
A93
100
AcDbEntity
  8
Defpoints
 62
     0
100
AcDbPoint
 10
167.072462590395
 20
-96.26223919376761
 30
0.0
  0
ENDBLK
  5
A95
330
A93
100
AcDbEntity
  8
0
100
AcDbBlockEnd
  0
BLOCK
  5
AA4
330
AA3
100
AcDbEntity
  8
0
100
AcDbBlockBegin
  2
*D64
 70
     1
 10
0.0
 20
0.0
 30
0.0
  3
*D64
  1

  0
LINE
  5
AA6
330
AA3
100
AcDbEntity
  8
Dimensions
 62
   140
370
    -2
100
AcDbLine
 10
148.6401261733292
 20
-95.78178460906814
 30
0.0
 11
147.5045631232156
 21
-96.90385842238969
 31
0.0
  0
LINE
  5
AA7
330
AA3
100
AcDbEntity
  8
Dimensions
 62
   140
370
    -2
100
AcDbLine
 10
151.3313201105011
 20
-96.91539893133766
 30
0.0
 11
151.3217817796928
 21
-98.51178926692931
 31
0.0
  0
ARC
  5
AA8
330
AA3
100
AcDbEntity
  8
Dimensions
 62
   140
370
    -2
100
AcDbCircle
 10
151.3541166775766
 20
-93.10003331915513
 30
0.0
 40
4.121027643194342
100
AcDbArc
 50
151.6419598346263
 51
188.149812633382
  0
ARC
  5
AA9
330
AA3
100
AcDbEntity
  8
Dimensions
 62
   140
370
    -2
100
AcDbCircle
 10
151.3541166775766
 20
-93.10003331915513
 30
0.0
 40
4.121027643194342
100
AcDbArc
 50
306.1655182309017
 51
342.6733710296573
  0
ARC
  5
AAA
330
AA3
100
AcDbEntity
  8
Dimensions
 62
   140
370
    -2
100
AcDbCircle
 10
151.3541166775766
 20
-93.10003331915513
 30
0.0
 40
4.121027643194342
100
AcDbArc
 50
224.6576654321377
 51
269.657665432146
  0
SOLID
  5
AAB
330
AA3
100
AcDbEntity
  8
Dimensions
 62
   140
100
AcDbTrace
 10
146.8893183163078
 20
-93.87557856414524
 30
0.0
 11
147.6600980422513
 21
-93.49289748870056
 31
0.0
 12
148.4227514056136
 22
-95.99657720425354
 32
0.0
 13
148.4227514056136
 23
-95.99657720425354
 33
0.0
  0
SOLID
  5
AAC
330
AA3
100
AcDbEntity
  8
Dimensions
 62
   140
100
AcDbTrace
 10
153.6536864685337
 20
-96.01758275495914
 30
0.0
 11
153.9183478558862
 21
-96.83642372943083
 31
0.0
 12
151.3294942387949
 22
-97.22098740425245
 32
0.0
 13
151.3294942387949
 23
-97.22098740425245
 33
0.0
  0
MTEXT
  5
AAD
330
AA3
100
AcDbEntity
  8
Dimensions
 62
   140
100
AcDbMText
 10
150.5298500749521
 20
-95.05683753379785
 30
0.0
 40
2.581649806395483
 41
0.0
 46
0.0
 71
     5
 72
     1
  1
45%%d
 11
0.921576573388396
 21
-0.3881966246397595
 31
0.0
 73
     1
 44
1.0
  0
POINT
  5
AAE
330
AA3
100
AcDbEntity
  8
Defpoints
 62
     0
100
AcDbPoint
 10
151.3541166775766
 20
-93.10003331915513
 30
0.0
  0
POINT
  5
AAF
330
AA3
100
AcDbEntity
  8
Defpoints
 62
     0
100
AcDbPoint
 10
149.0992203145281
 20
-95.32814400000007
 30
0.0
  0
POINT
  5
AB0
330
AA3
100
AcDbEntity
  8
Defpoints
 62
     0
100
AcDbPoint
 10
151.3351763400522
 20
-96.26999799999923
 30
0.0
  0
POINT
  5
AB1
330
AA3
100
AcDbEntity
  8
Defpoints
 62
     0
100
AcDbPoint
 10
149.2723159775395
 20
-96.65657302528763
 30
0.0
  0
ENDBLK
  5
AA5
330
AA3
100
AcDbEntity
  8
0
100
AcDbBlockEnd
  0
BLOCK
  5
AB4
330
AB3
100
AcDbEntity
  8
0
100
AcDbBlockBegin
  2
*D65
 70
     1
 10
0.0
 20
0.0
 30
0.0
  3
*D65
  1

  0
LINE
  5
AB6
330
AB3
100
AcDbEntity
  8
Dimensions
 62
   140
370
    -2
100
AcDbLine
 10
124.9140860143132
 20
-96.91534048691386
 30
0.0
 11
124.9387351837752
 21
-98.53245124791665
 31
0.0
  0
LINE
  5
AB7
330
AB3
100
AcDbEntity
  8
Dimensions
 62
   140
370
    -2
100
AcDbLine
 10
127.6435574246743
 20
-95.73570391616303
 30
0.0
 11
128.8044570045863
 21
-96.8617443063206
 31
0.0
  0
ARC
  5
AB8
330
AB3
100
AcDbEntity
  8
Dimensions
 62
   140
370
    -2
100
AcDbCircle
 10
124.8548744156048
 20
-93.03075875303675
 30
0.0
 40
4.211506687742227
100
AcDbArc
 50
199.4796633124181
 51
235.1764696559977
  0
ARC
  5
AB9
330
AB3
100
AcDbEntity
  8
Dimensions
 62
   140
370
    -2
100
AcDbCircle
 10
124.8548744156048
 20
-93.03075875303675
 30
0.0
 40
4.211506687742227
100
AcDbArc
 50
351.570082343157
 51
27.26688868673651
  0
ARC
  5
ABA
330
AB3
100
AcDbEntity
  8
Dimensions
 62
   140
370
    -2
100
AcDbCircle
 10
124.8548744156048
 20
-93.03075875303675
 30
0.0
 40
4.211506687742227
100
AcDbArc
 50
270.8732759995773
 51
315.8732759995773
  0
SOLID
  5
ABB
330
AB3
100
AcDbEntity
  8
Dimensions
 62
   140
100
AcDbTrace
 10
122.3242687720133
 20
-96.8995753176328
 30
0.0
 11
122.5755119477392
 21
-96.07651817618985
 31
0.0
 12
124.9190617842051
 22
-97.24177627408908
 32
0.0
 13
124.9190617842051
 23
-97.24177627408908
 33
0.0
  0
SOLID
  5
ABC
330
AB3
100
AcDbEntity
  8
Dimensions
 62
   140
100
AcDbTrace
 10
128.6350718683721
 20
-93.45766734012675
 30
0.0
 11
129.4066874208312
 21
-93.83866029364727
 31
0.0
 12
127.8779007840401
 22
-95.96301047426437
 32
0.0
 13
127.8779007840401
 23
-95.96301047426437
 33
0.0
  0
MTEXT
  5
ABD
330
AB3
100
AcDbEntity
  8
Dimensions
 62
   140
100
AcDbMText
 10
125.7331332666863
 20
-95.06289516213259
 30
0.0
 40
2.581649806395483
 41
0.0
 46
0.0
 71
     5
 72
     1
  1
45%%d
 11
0.9179397642815282
 21
0.3967197866892611
 31
0.0
 73
     1
 44
1.0
  0
POINT
  5
ABE
330
AB3
100
AcDbEntity
  8
Defpoints
 62
     0
100
AcDbPoint
 10
124.8548744156048
 20
-93.03075875303675
 30
0.0
  0
POINT
  5
ABF
330
AB3
100
AcDbEntity
  8
Defpoints
 62
     0
100
AcDbPoint
 10
124.9042493145281
 20
-96.27000300000007
 30
0.0
  0
POINT
  5
AC0
330
AB3
100
AcDbEntity
  8
Defpoints
 62
     0
100
AcDbPoint
 10
127.1802793144011
 20
-95.28633700013492
 30
0.0
  0
POINT
  5
AC1
330
AB3
100
AcDbEntity
  8
Defpoints
 62
     0
100
AcDbPoint
 10
126.0067661863661
 20
-97.08167641812818
 30
0.0
  0
ENDBLK
  5
AB5
330
AB3
100
AcDbEntity
  8
0
100
AcDbBlockEnd
  0
BLOCK
  5
AC4
330
AC3
100
AcDbEntity
  8
0
100
AcDbBlockBegin
  2
*D66
 70
     1
 10
0.0
 20
0.0
 30
0.0
  3
*D66
  1

  0
LINE
  5
AC6
330
AC3
100
AcDbEntity
  8
Dimensions
 62
   140
370
    -2
100
AcDbLine
 10
111.9065536033443
 20
-95.62461033899044
 30
0.0
 11
111.9191973416275
 21
-94.01010375876143
 31
0.0
  0
LINE
  5
AC7
330
AC3
100
AcDbEntity
  8
Dimensions
 62
   140
370
    -2
100
AcDbLine
 10
108.5348600211472
 20
-97.53621053055288
 30
0.0
 11
107.1429781772334
 21
-96.71800744188633
 31
0.0
  0
ARC
  5
AC8
330
AC3
100
AcDbEntity
  8
Dimensions
 62
   140
370
    -2
100
AcDbCircle
 10
111.876201140018
 20
-99.50038273073129
 30
0.0
 40
4.199622424972087
100
AcDbArc
 50
17.94883177948806
 51
53.75006931830728
  0
ARC
  5
AC9
330
AC3
100
AcDbEntity
  8
Dimensions
 62
   140
370
    -2
100
AcDbCircle
 10
111.876201140018
 20
-99.50038273073129
 30
0.0
 40
4.199622424972087
100
AcDbArc
 50
185.3525443959456
 51
221.1537819347648
  0
ARC
  5
ACA
330
AC3
100
AcDbEntity
  8
Dimensions
 62
   140
370
    -2
100
AcDbCircle
 10
111.876201140018
 20
-99.50038273073129
 30
0.0
 40
4.199622424972087
100
AcDbArc
 50
89.55130685712649
 51
149.5513068571264
  0
SOLID
  5
ACB
330
AC3
100
AcDbEntity
  8
Dimensions
 62
   140
100
AcDbTrace
 10
114.4949289354738
 20
-95.70521929351611
 30
0.0
 11
114.2240196684659
 21
-96.52201447009244
 31
0.0
 12
111.9090887722409
 22
-95.3008890807807
 32
0.0
 13
111.9090887722409
 23
-95.3008890807807
 33
0.0
  0
SOLID
  5
ACC
330
AC3
100
AcDbEntity
  8
Dimensions
 62
   140
100
AcDbTrace
 10
108.1148883241407
 20
-99.98562003311115
 30
0.0
 11
107.274893434093
 21
-99.79865806873649
 31
0.0
 12
108.2557767722408
 22
-97.3721543807807
 32
0.0
 13
108.2557767722408
 23
-97.3721543807807
 33
0.0
  0
MTEXT
  5
ACD
330
AC3
100
AcDbEntity
  8
Dimensions
 62
   140
100
AcDbMText
 10
108.8196621518485
 20
-94.10923821440706
 30
0.0
 40
2.581649806395483
 41
0.0
 46
0.0
 71
     5
 72
     1
  1
60%%d
 11
0.8699143947504601
 21
0.4932027431046394
 31
0.0
 73
     1
 44
1.0
  0
POINT
  5
ACE
330
AC3
100
AcDbEntity
  8
Defpoints
 62
     0
100
AcDbPoint
 10
111.876201140018
 20
-99.50038273073129
 30
0.0
  0
POINT
  5
ACF
330
AC3
100
AcDbEntity
  8
Defpoints
 62
     0
100
AcDbPoint
 10
111.901499318651
 20
-96.27000300000007
 30
0.0
  0
POINT
  5
AD0
330
AC3
100
AcDbEntity
  8
Defpoints
 62
     0
100
AcDbPoint
 10
109.091259318651
 20
-97.86328400000006
 30
0.0
  0
POINT
  5
AD1
330
AC3
100
AcDbEntity
  8
Defpoints
 62
     0
100
AcDbPoint
 10
110.4707939852816
 20
-95.54290130414894
 30
0.0
  0
ENDBLK
  5
AC5
330
AC3
100
AcDbEntity
  8
0
100
AcDbBlockEnd
  0
BLOCK
  5
AD4
330
AD3
100
AcDbEntity
  8
0
100
AcDbBlockBegin
  2
*D67
 70
     1
 10
0.0
 20
0.0
 30
0.0
  3
*D67
  1

  0
LINE
  5
AD6
330
AD3
100
AcDbEntity
  8
Dimensions
 62
   140
370
    -2
100
AcDbLine
 10
105.4179292362014
 20
-101.6778946625934
 30
0.0
 11
105.4056335991492
 21
-103.2480142668556
 31
0.0
  0
LINE
  5
AD7
330
AD3
100
AcDbEntity
  8
Dimensions
 62
   140
370
    -2
100
AcDbLine
 10
108.6609087198162
 20
-99.83926829313914
 30
0.0
 11
110.0145243655611
 21
-100.6349764293132
 31
0.0
  0
ARC
  5
AD8
330
AD3
100
AcDbEntity
  8
Dimensions
 62
   140
370
    -2
100
AcDbCircle
 10
105.4471218339934
 20
-97.95007886110416
 30
0.0
 40
4.007272947648882
100
AcDbArc
 50
194.3864672404409
 51
231.9688960260478
  0
ARC
  5
AD9
330
AD3
100
AcDbEntity
  8
Dimensions
 62
   140
370
    -2
100
AcDbCircle
 10
105.4471218339934
 20
-97.95007886110416
 30
0.0
 40
4.007272947648882
100
AcDbArc
 50
7.13375359726188
 51
44.71618238286874
  0
ARC
  5
ADA
330
AD3
100
AcDbEntity
  8
Dimensions
 62
   140
370
    -2
100
AcDbCircle
 10
105.4471218339934
 20
-97.95007886110416
 30
0.0
 40
4.007272947648882
100
AcDbArc
 50
269.5513248116547
 51
329.551324811655
  0
SOLID
  5
ADB
330
AD3
100
AcDbEntity
  8
Dimensions
 62
   140
100
AcDbTrace
 10
102.8364984237105
 20
-101.5127561505513
 30
0.0
 11
103.1200703203074
 21
-100.700270353205
 31
0.0
 12
105.4157417640481
 22
-101.9572289416687
 32
0.0
 13
105.4157417640481
 23
-101.9572289416687
 33
0.0
  0
SOLID
  5
ADC
330
AD3
100
AcDbEntity
  8
Dimensions
 62
   140
100
AcDbTrace
 10
109.0019745550211
 20
-97.3654900121049
 30
0.0
 11
109.8447740130052
 21
-97.53937291825376
 31
0.0
 12
108.9017255655666
 22
-99.98082983913167
 32
0.0
 13
108.9017255655666
 23
-99.98082983913167
 33
0.0
  0
MTEXT
  5
ADD
330
AD3
100
AcDbEntity
  8
Dimensions
 62
   140
100
AcDbMText
 10
106.4382467037841
 20
-99.69823045504947
 30
0.0
 40
2.581649806395483
 41
0.0
 46
0.0
 71
     5
 72
     1
  1
60%%d
 11
0.8699142401976278
 21
0.4932030157058896
 31
0.0
 73
     1
 44
1.0
  0
POINT
  5
ADE
330
AD3
100
AcDbEntity
  8
Defpoints
 62
     0
100
AcDbPoint
 10
105.4471218339934
 20
-97.95007886110416
 30
0.0
  0
POINT
  5
ADF
330
AD3
100
AcDbEntity
  8
Defpoints
 62
     0
100
AcDbPoint
 10
105.4229833186508
 20
-101.032502
 30
0.0
  0
POINT
  5
AE0
330
AD3
100
AcDbEntity
  8
Defpoints
 62
     0
100
AcDbPoint
 10
108.1045093198189
 20
-99.5121949980484
 30
0.0
  0
POINT
  5
AE1
330
AD3
100
AcDbEntity
  8
Defpoints
 62
     0
100
AcDbPoint
 10
106.7881602587082
 20
-101.7263008382127
 30
0.0
  0
ENDBLK
  5
AD5
330
AD3
100
AcDbEntity
  8
0
100
AcDbBlockEnd
  0
BLOCK
  5
AE4
330
AE3
100
AcDbEntity
  8
0
100
AcDbBlockBegin
  2
*D68
 70
     1
 10
0.0
 20
0.0
 30
0.0
  3
*D68
  1

  0
LINE
  5
AE6
330
AE3
100
AcDbEntity
  8
Dimensions
 62
   140
370
    -2
100
AcDbLine
 10
192.2558364769271
 20
-193.7844597457537
 30
0.0
 11
203.3604127240858
 21
-175.2460548025831
 31
0.0
  0
LINE
  5
AE7
330
AE3
100
AcDbEntity
  8
Dimensions
 62
   140
370
    -2
100
AcDbLine
 10
157.1490291504832
 20
-183.7695983855598
 30
0.0
 11
157.4966718071986
 21
-162.1625806355518
 31
0.0
  0
ARC
  5
AE8
330
AE3
100
AcDbEntity
  8
Dimensions
 62
   140
370
    -2
100
AcDbCircle
 10
156.0144471002042
 20
-254.2872233825668
 30
0.0
 40
90.84574108092812
100
AcDbArc
 50
60.70651169196597
 51
87.44994481091537
  0
SOLID
  5
AE9
330
AE3
100
AcDbEntity
  8
Dimensions
 62
   140
100
AcDbTrace
 10
200.2479174079552
 20
-175.430616118495
 30
0.0
 11
200.6795915818315
 21
-174.686167598423
 31
0.0
 12
202.6971000551094
 22
-176.3534143800876
 32
0.0
 13
202.6971000551094
 23
-176.3534143800876
 33
0.0
  0
SOLID
  5
AEA
330
AE3
100
AcDbEntity
  8
Dimensions
 62
   140
100
AcDbTrace
 10
160.0694052013954
 20
-163.1013663195737
 30
0.0
 11
160.0433367596021
 21
-163.9615213217516
 31
0.0
 12
157.4759059739652
 22
-163.4532384952828
 32
0.0
 13
157.4759059739652
 23
-163.4532384952828
 33
0.0
  0
MTEXT
  5
AEB
330
AE3
100
AcDbEntity
  8
Dimensions
 62
   140
100
AcDbMText
 10
181.4836929830801
 20
-165.0055173457854
 30
0.0
 40
2.581649806395483
 41
0.0
 46
0.0
 71
     5
 72
     1
  1
30%%d
 11
0.961637138711782
 21
-0.2743246497313304
 31
0.0
 73
     1
 44
1.0
  0
POINT
  5
AEC
330
AE3
100
AcDbEntity
  8
Defpoints
 62
     0
100
AcDbPoint
 10
156.0144471002042
 20
-254.2872233825668
 30
0.0
  0
POINT
  5
AED
330
AE3
100
AcDbEntity
  8
Defpoints
 62
     0
100
AcDbPoint
 10
191.9241801424389
 20
-194.3381395345059
 30
0.0
  0
POINT
  5
AEE
330
AE3
100
AcDbEntity
  8
Defpoints
 62
     0
100
AcDbPoint
 10
157.1386462338665
 20
-184.4149273154253
 30
0.0
  0
POINT
  5
AEF
330
AE3
100
AcDbEntity
  8
Defpoints
 62
     0
100
AcDbPoint
 10
188.45482174945
 20
-169.4310464408756
 30
0.0
  0
ENDBLK
  5
AE5
330
AE3
100
AcDbEntity
  8
0
100
AcDbBlockEnd
  0
BLOCK
  5
AF2
330
AF1
100
AcDbEntity
  8
0
100
AcDbBlockBegin
  2
*D69
 70
     1
 10
0.0
 20
0.0
 30
0.0
  3
*D69
  1

  0
LINE
  5
AF4
330
AF1
100
AcDbEntity
  8
Dimensions
 62
   140
370
    -2
100
AcDbLine
 10
283.486582470026
 20
-183.5994321583313
 30
0.0
 11
283.570940749324
 21
-162.9454982411737
 31
0.0
  0
LINE
  5
AF5
330
AF1
100
AcDbEntity
  8
Dimensions
 62
   140
370
    -2
100
AcDbLine
 10
249.7794853579183
 20
-192.4838262894601
 30
0.0
 11
239.5255748122311
 21
-174.5548156894676
 31
0.0
  0
ARC
  5
AF6
330
AF1
100
AcDbEntity
  8
Dimensions
 62
   140
370
    -2
100
AcDbCircle
 10
283.2115390598919
 20
-250.9399287229179
 30
0.0
 40
86.70433953997426
100
AcDbArc
 50
91.47204764651845
 51
118.0599207897583
  0
SOLID
  5
AF7
330
AF1
100
AcDbEntity
  8
Dimensions
 62
   140
100
AcDbTrace
 10
280.9888179930794
 20
-164.6944534903948
 30
0.0
 11
280.9795209076358
 21
-163.8339537776515
 31
0.0
 12
283.5656685885876
 22
-164.2363123776925
 32
0.0
 13
283.5656685885876
 23
-164.2363123776925
 33
0.0
  0
SOLID
  5
AF8
330
AF1
100
AcDbEntity
  8
Dimensions
 62
   140
100
AcDbTrace
 10
242.2182473094666
 20
-174.0505093749875
 30
0.0
 11
242.6343062347487
 21
-174.8037962805701
 31
0.0
 12
240.1664160553599
 22
-175.6753296036251
 32
0.0
 13
240.1664160553599
 23
-175.6753296036251
 33
0.0
  0
MTEXT
  5
AF9
330
AF1
100
AcDbEntity
  8
Dimensions
 62
   140
100
AcDbMText
 10
260.6038961616709
 20
-165.167280256526
 30
0.0
 40
2.581649806395483
 41
0.0
 46
0.0
 71
     5
 72
     1
  1
30%%d
 11
0.9669748731355921
 21
0.2548717220964419
 31
0.0
 73
     1
 44
1.0
  0
POINT
  5
AFA
330
AF1
100
AcDbEntity
  8
Defpoints
 62
     0
100
AcDbPoint
 10
283.2115390598919
 20
-250.9399287229179
 30
0.0
  0
POINT
  5
AFB
330
AF1
100
AcDbEntity
  8
Defpoints
 62
     0
100
AcDbPoint
 10
283.4839463896578
 20
-184.2448392265907
 30
0.0
  0
POINT
  5
AFC
330
AF1
100
AcDbEntity
  8
Defpoints
 62
     0
100
AcDbPoint
 10
250.0999059794827
 20
-193.0440832465389
 30
0.0
  0
POINT
  5
AFD
330
AF1
100
AcDbEntity
  8
Defpoints
 62
     0
100
AcDbPoint
 10
268.5043635898409
 20
-165.4920411846278
 30
0.0
  0
ENDBLK
  5
AF3
330
AF1
100
AcDbEntity
  8
0
100
AcDbBlockEnd
  0
BLOCK
  5
B04
330
B03
100
AcDbEntity
  8
0
100
AcDbBlockBegin
  2
*D70
 70
     1
 10
0.0
 20
0.0
 30
0.0
  3
*D70
  1

  0
LINE
  5
B06
330
B03
100
AcDbEntity
  8
Dimensions
 62
   140
370
    -2
100
AcDbLine
 10
198.2404198975767
 20
-181.1987973378636
 30
0.0
 11
202.2228280926609
 21
-181.1976136686546
 31
0.0
  0
MTEXT
  5
B07
330
B03
100
AcDbEntity
  8
Dimensions
 62
   140
100
AcDbMText
 10
200.6738914651709
 20
-180.4500555139528
 30
0.0
 40
0.8849796379982073
 41
0.0
 46
0.0
 71
     5
 72
     1
  1
%%c5,2
 11
0.9999999558288069
 21
0.0002972244679055039
 31
0.0
 73
     1
 44
1.0
  0
SOLID
  5
B08
330
B03
100
AcDbEntity
  8
Dimensions
 62
   140
100
AcDbTrace
 10
198.2403760579763
 20
-181.0513007380456
 30
0.0
 11
198.240463737177
 21
-181.3462939376815
 31
0.0
 12
197.3554402986691
 22
-181.1990603754656
 32
0.0
 13
197.3554402986691
 23
-181.1990603754656
 33
0.0
  0
POINT
  5
B09
330
B03
100
AcDbEntity
  8
Defpoints
 62
     0
100
AcDbPoint
 10
197.3554402986691
 20
-181.1990603754656
 30
0.0
  0
POINT
  5
B0A
330
B03
100
AcDbEntity
  8
Defpoints
 62
     0
100
AcDbPoint
 10
202.5554400689788
 20
-181.1975148082325
 30
0.0
  0
ENDBLK
  5
B05
330
B03
100
AcDbEntity
  8
0
100
AcDbBlockEnd
  0
BLOCK
  5
B0D
330
B0C
100
AcDbEntity
  8
0
100
AcDbBlockBegin
  2
*D71
 70
     1
 10
0.0
 20
0.0
 30
0.0
  3
*D71
  1

  0
LINE
  5
B0F
330
B0C
100
AcDbEntity
  8
Dimensions
 62
   140
370
    -2
100
AcDbLine
 10
196.9453843516109
 20
-112.0599979999996
 30
0.0
 11
200.9277927226028
 21
-112.0599979999996
 31
0.0
  0
MTEXT
  5
B10
330
B0C
100
AcDbEntity
  8
Dimensions
 62
   140
100
AcDbMText
 10
199.379078356106
 20
-111.3119794964535
 30
0.0
 40
0.8849796379982073
 41
0.0
 46
0.0
 71
     5
 72
     1
  1
%%c5,2
 73
     1
 44
1.0
  0
SOLID
  5
B11
330
B0C
100
AcDbEntity
  8
Dimensions
 62
   140
100
AcDbTrace
 10
196.9453843516109
 20
-111.9125013936666
 30
0.0
 11
196.9453843516109
 21
-112.2074946063326
 31
0.0
 12
196.0604047136127
 22
-112.0599979999996
 32
0.0
 13
196.0604047136127
 23
-112.0599979999996
 33
0.0
  0
POINT
  5
B12
330
B0C
100
AcDbEntity
  8
Defpoints
 62
     0
100
AcDbPoint
 10
196.0604047136127
 20
-112.0599979999996
 30
0.0
  0
POINT
  5
B13
330
B0C
100
AcDbEntity
  8
Defpoints
 62
     0
100
AcDbPoint
 10
201.2604047136127
 20
-112.0599979999996
 30
0.0
  0
ENDBLK
  5
B0E
330
B0C
100
AcDbEntity
  8
0
100
AcDbBlockEnd
  0
BLOCK
  5
B16
330
B15
100
AcDbEntity
  8
0
100
AcDbBlockBegin
  2
*D72
 70
     1
 10
0.0
 20
0.0
 30
0.0
  3
*D72
  1

  0
LINE
  5
B18
330
B15
100
AcDbEntity
  8
Dimensions
 62
   140
370
    -2
100
AcDbLine
 10
243.1432650256646
 20
-112.1350847967377
 30
0.0
 11
239.1608566546726
 21
-112.1350847967377
 31
0.0
  0
MTEXT
  5
B19
330
B15
100
AcDbEntity
  8
Dimensions
 62
   140
100
AcDbMText
 10
240.7095710211695
 20
-111.3870662931916
 30
0.0
 40
0.8849796379982073
 41
0.0
 46
0.0
 71
     5
 72
     1
  1
%%c5,2
 73
     1
 44
1.0
  0
SOLID
  5
B1A
330
B15
100
AcDbEntity
  8
Dimensions
 62
   140
100
AcDbTrace
 10
243.1432650256646
 20
-112.2825814030708
 30
0.0
 11
243.1432650256646
 21
-111.9875881904047
 31
0.0
 12
244.0282446636628
 22
-112.1350847967377
 32
0.0
 13
244.0282446636628
 23
-112.1350847967377
 33
0.0
  0
POINT
  5
B1B
330
B15
100
AcDbEntity
  8
Defpoints
 62
     0
100
AcDbPoint
 10
244.0282446636628
 20
-112.1350847967377
 30
0.0
  0
POINT
  5
B1C
330
B15
100
AcDbEntity
  8
Defpoints
 62
     0
100
AcDbPoint
 10
238.8282446636628
 20
-112.1350847967377
 30
0.0
  0
ENDBLK
  5
B17
330
B15
100
AcDbEntity
  8
0
100
AcDbBlockEnd
  0
ENDSEC
  0
SECTION
  2
ENTITIES
  0
LINE
  5
5F
330
1F
100
AcDbEntity
  8
User.3
100
AcDbLine
 10
194.296464
 20
-171.142629
 30
0.0
 11
206.541141
 21
-177.929963
 31
0.0
  0
LINE
  5
60
330
1F
100
AcDbEntity
  8
User.3
100
AcDbLine
 10
206.541141
 20
-177.929963
 30
0.0
 11
206.55603
 21
-177.942568
 31
0.0
  0
LINE
  5
61
330
1F
100
AcDbEntity
  8
User.3
100
AcDbLine
 10
206.55603
 20
-177.942568
 30
0.0
 11
206.566579
 21
-177.979354
 31
0.0
  0
LINE
  5
62
330
1F
100
AcDbEntity
  8
User.3
100
AcDbLine
 10
206.566579
 20
-177.979354
 30
0.0
 11
206.560631
 21
-177.997934
 31
0.0
  0
LINE
  5
63
330
1F
100
AcDbEntity
  8
User.3
100
AcDbLine
 10
206.560631
 20
-177.997934
 30
0.0
 11
199.773297
 21
-190.24261
 31
0.0
  0
LINE
  5
64
330
1F
100
AcDbEntity
  8
User.3
100
AcDbLine
 10
199.773297
 20
-190.24261
 30
0.0
 11
199.760692
 21
-190.2575
 31
0.0
  0
LINE
  5
65
330
1F
100
AcDbEntity
  8
User.3
100
AcDbLine
 10
199.760692
 20
-190.2575
 30
0.0
 11
199.723906
 21
-190.268049
 31
0.0
  0
LINE
  5
66
330
1F
100
AcDbEntity
  8
User.3
100
AcDbLine
 10
199.723906
 20
-190.268049
 30
0.0
 11
199.705326
 21
-190.262101
 31
0.0
  0
LINE
  5
67
330
1F
100
AcDbEntity
  8
User.3
100
AcDbLine
 10
199.705326
 20
-190.262101
 30
0.0
 11
187.46065
 21
-183.474767
 31
0.0
  0
LINE
  5
68
330
1F
100
AcDbEntity
  8
User.3
100
AcDbLine
 10
187.46065
 20
-183.474767
 30
0.0
 11
187.44576
 21
-183.462162
 31
0.0
  0
LINE
  5
69
330
1F
100
AcDbEntity
  8
User.3
100
AcDbLine
 10
187.44576
 20
-183.462162
 30
0.0
 11
187.435211
 21
-183.425376
 31
0.0
  0
LINE
  5
6A
330
1F
100
AcDbEntity
  8
User.3
100
AcDbLine
 10
187.435211
 20
-183.425376
 30
0.0
 11
187.441159
 21
-183.406796
 31
0.0
  0
LINE
  5
6B
330
1F
100
AcDbEntity
  8
User.3
100
AcDbLine
 10
187.441159
 20
-183.406796
 30
0.0
 11
194.228493
 21
-171.162119
 31
0.0
  0
LINE
  5
6C
330
1F
100
AcDbEntity
  8
User.3
100
AcDbLine
 10
194.228493
 20
-171.162119
 30
0.0
 11
194.241098
 21
-171.14723
 31
0.0
  0
LINE
  5
6D
330
1F
100
AcDbEntity
  8
User.3
100
AcDbLine
 10
194.241098
 20
-171.14723
 30
0.0
 11
194.277884
 21
-171.136681
 31
0.0
  0
LINE
  5
6E
330
1F
100
AcDbEntity
  8
User.3
100
AcDbLine
 10
194.277884
 20
-171.136681
 30
0.0
 11
194.296464
 21
-171.142629
 31
0.0
  0
LINE
  5
6F
330
1F
100
AcDbEntity
  8
User.3
100
AcDbLine
 10
245.833384
 20
-171.14723
 30
0.0
 11
245.845989
 21
-171.16212
 31
0.0
  0
LINE
  5
70
330
1F
100
AcDbEntity
  8
User.3
100
AcDbLine
 10
245.845989
 20
-171.16212
 30
0.0
 11
252.633323
 21
-183.406796
 31
0.0
  0
LINE
  5
71
330
1F
100
AcDbEntity
  8
User.3
100
AcDbLine
 10
252.633323
 20
-183.406796
 30
0.0
 11
252.639271
 21
-183.425376
 31
0.0
  0
LINE
  5
72
330
1F
100
AcDbEntity
  8
User.3
100
AcDbLine
 10
252.639271
 20
-183.425376
 30
0.0
 11
252.628722
 21
-183.462162
 31
0.0
  0
LINE
  5
73
330
1F
100
AcDbEntity
  8
User.3
100
AcDbLine
 10
252.628722
 20
-183.462162
 30
0.0
 11
252.6138329999999
 21
-183.474767
 31
0.0
  0
LINE
  5
74
330
1F
100
AcDbEntity
  8
User.3
100
AcDbLine
 10
252.6138329999999
 20
-183.474767
 30
0.0
 11
240.369156
 21
-190.262101
 31
0.0
  0
LINE
  5
75
330
1F
100
AcDbEntity
  8
User.3
100
AcDbLine
 10
240.369156
 20
-190.262101
 30
0.0
 11
240.350576
 21
-190.268049
 31
0.0
  0
LINE
  5
76
330
1F
100
AcDbEntity
  8
User.3
100
AcDbLine
 10
240.350576
 20
-190.268049
 30
0.0
 11
240.31379
 21
-190.2575
 31
0.0
  0
LINE
  5
77
330
1F
100
AcDbEntity
  8
User.3
100
AcDbLine
 10
240.31379
 20
-190.2575
 30
0.0
 11
240.301185
 21
-190.242611
 31
0.0
  0
LINE
  5
78
330
1F
100
AcDbEntity
  8
User.3
100
AcDbLine
 10
240.301185
 20
-190.242611
 30
0.0
 11
233.513851
 21
-177.997934
 31
0.0
  0
LINE
  5
79
330
1F
100
AcDbEntity
  8
User.3
100
AcDbLine
 10
233.513851
 20
-177.997934
 30
0.0
 11
233.507903
 21
-177.979354
 31
0.0
  0
LINE
  5
7A
330
1F
100
AcDbEntity
  8
User.3
100
AcDbLine
 10
233.507903
 20
-177.979354
 30
0.0
 11
233.518452
 21
-177.942568
 31
0.0
  0
LINE
  5
7B
330
1F
100
AcDbEntity
  8
User.3
100
AcDbLine
 10
233.518452
 20
-177.942568
 30
0.0
 11
233.533342
 21
-177.929963
 31
0.0
  0
LINE
  5
7C
330
1F
100
AcDbEntity
  8
User.3
100
AcDbLine
 10
233.533342
 20
-177.929963
 30
0.0
 11
245.778018
 21
-171.142629
 31
0.0
  0
LINE
  5
7D
330
1F
100
AcDbEntity
  8
User.3
100
AcDbLine
 10
245.778018
 20
-171.142629
 30
0.0
 11
245.796598
 21
-171.136681
 31
0.0
  0
LINE
  5
7E
330
1F
100
AcDbEntity
  8
User.3
100
AcDbLine
 10
245.796598
 20
-171.136681
 30
0.0
 11
245.833384
 21
-171.14723
 31
0.0
  0
LINE
  5
7F
330
1F
100
AcDbEntity
  8
User.3
100
AcDbLine
 10
268.215667
 20
-164.097118
 30
0.0
 11
268.231654
 21
-164.106348
 31
0.0
  0
LINE
  5
80
330
1F
100
AcDbEntity
  8
User.3
100
AcDbLine
 10
268.231654
 20
-164.106348
 30
0.0
 11
268.240282
 21
-164.123845
 31
0.0
  0
LINE
  5
81
330
1F
100
AcDbEntity
  8
User.3
100
AcDbLine
 10
268.240282
 20
-164.123845
 30
0.0
 11
271.863749
 21
-177.646806
 31
0.0
  0
LINE
  5
82
330
1F
100
AcDbEntity
  8
User.3
100
AcDbLine
 10
271.863749
 20
-177.646806
 30
0.0
 11
271.865024
 21
-177.666267
 31
0.0
  0
LINE
  5
83
330
1F
100
AcDbEntity
  8
User.3
100
AcDbLine
 10
271.865024
 20
-177.666267
 30
0.0
 11
271.845889
 21
-177.699417
 31
0.0
  0
LINE
  5
84
330
1F
100
AcDbEntity
  8
User.3
100
AcDbLine
 10
271.845889
 20
-177.699417
 30
0.0
 11
271.828392
 21
-177.708045
 31
0.0
  0
LINE
  5
85
330
1F
100
AcDbEntity
  8
User.3
100
AcDbLine
 10
271.828392
 20
-177.708045
 30
0.0
 11
258.3054310000001
 21
-181.331512
 31
0.0
  0
LINE
  5
86
330
1F
100
AcDbEntity
  8
User.3
100
AcDbLine
 10
258.3054310000001
 20
-181.331512
 30
0.0
 11
258.285968
 21
-181.332787
 31
0.0
  0
LINE
  5
87
330
1F
100
AcDbEntity
  8
User.3
100
AcDbLine
 10
258.285968
 20
-181.332787
 30
0.0
 11
258.252826
 21
-181.313652
 31
0.0
  0
LINE
  5
88
330
1F
100
AcDbEntity
  8
User.3
100
AcDbLine
 10
258.252826
 20
-181.313652
 30
0.0
 11
258.244198
 21
-181.296155
 31
0.0
  0
LINE
  5
89
330
1F
100
AcDbEntity
  8
User.3
100
AcDbLine
 10
258.244198
 20
-181.296155
 30
0.0
 11
254.620731
 21
-167.773194
 31
0.0
  0
LINE
  5
8A
330
1F
100
AcDbEntity
  8
User.3
100
AcDbLine
 10
254.620731
 20
-167.773194
 30
0.0
 11
254.619455
 21
-167.753727
 31
0.0
  0
LINE
  5
8B
330
1F
100
AcDbEntity
  8
User.3
100
AcDbLine
 10
254.619455
 20
-167.753727
 30
0.0
 11
254.638589
 21
-167.720585
 31
0.0
  0
LINE
  5
8C
330
1F
100
AcDbEntity
  8
User.3
100
AcDbLine
 10
254.638589
 20
-167.720585
 30
0.0
 11
254.656086
 21
-167.711957
 31
0.0
  0
LINE
  5
8D
330
1F
100
AcDbEntity
  8
User.3
100
AcDbLine
 10
254.656086
 20
-167.711957
 30
0.0
 11
268.179047
 21
-164.08849
 31
0.0
  0
LINE
  5
8E
330
1F
100
AcDbEntity
  8
User.3
100
AcDbLine
 10
268.179047
 20
-164.08849
 30
0.0
 11
268.198513
 21
-164.087214
 31
0.0
  0
LINE
  5
8F
330
1F
100
AcDbEntity
  8
User.3
100
AcDbLine
 10
268.198513
 20
-164.087214
 30
0.0
 11
268.215667
 21
-164.097118
 31
0.0
  0
LINE
  5
90
330
1F
100
AcDbEntity
  8
User.3
100
AcDbLine
 10
171.875968
 20
-164.087213
 30
0.0
 11
171.895431
 21
-164.088489
 31
0.0
  0
LINE
  5
91
330
1F
100
AcDbEntity
  8
User.3
100
AcDbLine
 10
171.895431
 20
-164.088489
 30
0.0
 11
185.418392
 21
-167.711956
 31
0.0
  0
LINE
  5
92
330
1F
100
AcDbEntity
  8
User.3
100
AcDbLine
 10
185.418392
 20
-167.711956
 30
0.0
 11
185.435889
 21
-167.720584
 31
0.0
  0
LINE
  5
93
330
1F
100
AcDbEntity
  8
User.3
100
AcDbLine
 10
185.435889
 20
-167.720584
 30
0.0
 11
185.455024
 21
-167.753726
 31
0.0
  0
LINE
  5
94
330
1F
100
AcDbEntity
  8
User.3
100
AcDbLine
 10
185.455024
 20
-167.753726
 30
0.0
 11
185.453749
 21
-167.773193
 31
0.0
  0
LINE
  5
95
330
1F
100
AcDbEntity
  8
User.3
100
AcDbLine
 10
185.453749
 20
-167.773193
 30
0.0
 11
181.830282
 21
-181.296154
 31
0.0
  0
LINE
  5
96
330
1F
100
AcDbEntity
  8
User.3
100
AcDbLine
 10
181.830282
 20
-181.296154
 30
0.0
 11
181.821654
 21
-181.313651
 31
0.0
  0
LINE
  5
97
330
1F
100
AcDbEntity
  8
User.3
100
AcDbLine
 10
181.821654
 20
-181.313651
 30
0.0
 11
181.788513
 21
-181.332785
 31
0.0
  0
LINE
  5
98
330
1F
100
AcDbEntity
  8
User.3
100
AcDbLine
 10
181.788513
 20
-181.332785
 30
0.0
 11
181.769047
 21
-181.33151
 31
0.0
  0
LINE
  5
99
330
1F
100
AcDbEntity
  8
User.3
100
AcDbLine
 10
181.769047
 20
-181.33151
 30
0.0
 11
168.246086
 21
-177.708043
 31
0.0
  0
LINE
  5
9A
330
1F
100
AcDbEntity
  8
User.3
100
AcDbLine
 10
168.246086
 20
-177.708043
 30
0.0
 11
168.228589
 21
-177.699415
 31
0.0
  0
LINE
  5
9B
330
1F
100
AcDbEntity
  8
User.3
100
AcDbLine
 10
168.228589
 20
-177.699415
 30
0.0
 11
168.209455
 21
-177.666273
 31
0.0
  0
LINE
  5
9C
330
1F
100
AcDbEntity
  8
User.3
100
AcDbLine
 10
168.209455
 20
-177.666273
 30
0.0
 11
168.210731
 21
-177.646806
 31
0.0
  0
LINE
  5
9D
330
1F
100
AcDbEntity
  8
User.3
100
AcDbLine
 10
168.210731
 20
-177.646806
 30
0.0
 11
171.834198
 21
-164.123845
 31
0.0
  0
LINE
  5
9E
330
1F
100
AcDbEntity
  8
User.3
100
AcDbLine
 10
171.834198
 20
-164.123845
 30
0.0
 11
171.842826
 21
-164.106348
 31
0.0
  0
LINE
  5
9F
330
1F
100
AcDbEntity
  8
User.3
100
AcDbLine
 10
171.842826
 20
-164.106348
 30
0.0
 11
171.875968
 21
-164.087213
 31
0.0
  0
LINE
  5
A0
330
1F
100
AcDbEntity
  8
User.3
100
AcDbLine
 10
162.301375
 20
-162.963806
 30
0.0
 11
162.328435
 21
-162.990866
 31
0.0
  0
LINE
  5
A1
330
1F
100
AcDbEntity
  8
User.3
100
AcDbLine
 10
162.328435
 20
-162.990866
 30
0.0
 11
162.332241
 21
-163.01
 31
0.0
  0
LINE
  5
A2
330
1F
100
AcDbEntity
  8
User.3
100
AcDbLine
 10
162.332241
 20
-163.01
 30
0.0
 11
162.332241
 21
-177.01
 31
0.0
  0
LINE
  5
A3
330
1F
100
AcDbEntity
  8
User.3
100
AcDbLine
 10
162.332241
 20
-177.01
 30
0.0
 11
162.328435
 21
-177.029134
 31
0.0
  0
LINE
  5
A4
330
1F
100
AcDbEntity
  8
User.3
100
AcDbLine
 10
162.328435
 20
-177.029134
 30
0.0
 11
162.301375
 21
-177.056194
 31
0.0
  0
LINE
  5
A5
330
1F
100
AcDbEntity
  8
User.3
100
AcDbLine
 10
162.301375
 20
-177.056194
 30
0.0
 11
162.282241
 21
-177.06
 31
0.0
  0
LINE
  5
A6
330
1F
100
AcDbEntity
  8
User.3
100
AcDbLine
 10
162.282241
 20
-177.06
 30
0.0
 11
148.282241
 21
-177.06
 31
0.0
  0
LINE
  5
A7
330
1F
100
AcDbEntity
  8
User.3
100
AcDbLine
 10
148.282241
 20
-177.06
 30
0.0
 11
148.263107
 21
-177.056194
 31
0.0
  0
LINE
  5
A8
330
1F
100
AcDbEntity
  8
User.3
100
AcDbLine
 10
148.263107
 20
-177.056194
 30
0.0
 11
148.236047
 21
-177.029134
 31
0.0
  0
LINE
  5
A9
330
1F
100
AcDbEntity
  8
User.3
100
AcDbLine
 10
148.236047
 20
-177.029134
 30
0.0
 11
148.232241
 21
-177.01
 31
0.0
  0
LINE
  5
AA
330
1F
100
AcDbEntity
  8
User.3
100
AcDbLine
 10
148.232241
 20
-177.01
 30
0.0
 11
148.232241
 21
-163.01
 31
0.0
  0
LINE
  5
AB
330
1F
100
AcDbEntity
  8
User.3
100
AcDbLine
 10
148.232241
 20
-163.01
 30
0.0
 11
148.236047
 21
-162.990866
 31
0.0
  0
LINE
  5
AC
330
1F
100
AcDbEntity
  8
User.3
100
AcDbLine
 10
148.236047
 20
-162.990866
 30
0.0
 11
148.263107
 21
-162.963806
 31
0.0
  0
LINE
  5
AD
330
1F
100
AcDbEntity
  8
User.3
100
AcDbLine
 10
148.263107
 20
-162.963806
 30
0.0
 11
148.282241
 21
-162.96
 31
0.0
  0
LINE
  5
AE
330
1F
100
AcDbEntity
  8
User.3
100
AcDbLine
 10
148.282241
 20
-162.96
 30
0.0
 11
162.282241
 21
-162.96
 31
0.0
  0
LINE
  5
AF
330
1F
100
AcDbEntity
  8
User.3
100
AcDbLine
 10
162.282241
 20
-162.96
 30
0.0
 11
162.301375
 21
-162.963806
 31
0.0
  0
LINE
  5
B0
330
1F
100
AcDbEntity
  8
User.3
100
AcDbLine
 10
291.811375
 20
-162.963806
 30
0.0
 11
291.838435
 21
-162.990866
 31
0.0
  0
LINE
  5
B1
330
1F
100
AcDbEntity
  8
User.3
100
AcDbLine
 10
291.838435
 20
-162.990866
 30
0.0
 11
291.842241
 21
-163.01
 31
0.0
  0
LINE
  5
B2
330
1F
100
AcDbEntity
  8
User.3
100
AcDbLine
 10
291.842241
 20
-163.01
 30
0.0
 11
291.842241
 21
-177.01
 31
0.0
  0
LINE
  5
B3
330
1F
100
AcDbEntity
  8
User.3
100
AcDbLine
 10
291.842241
 20
-177.01
 30
0.0
 11
291.838435
 21
-177.029134
 31
0.0
  0
LINE
  5
B4
330
1F
100
AcDbEntity
  8
User.3
100
AcDbLine
 10
291.838435
 20
-177.029134
 30
0.0
 11
291.811375
 21
-177.056194
 31
0.0
  0
LINE
  5
B5
330
1F
100
AcDbEntity
  8
User.3
100
AcDbLine
 10
291.811375
 20
-177.056194
 30
0.0
 11
291.792241
 21
-177.06
 31
0.0
  0
LINE
  5
B6
330
1F
100
AcDbEntity
  8
User.3
100
AcDbLine
 10
291.792241
 20
-177.06
 30
0.0
 11
277.792241
 21
-177.06
 31
0.0
  0
LINE
  5
B7
330
1F
100
AcDbEntity
  8
User.3
100
AcDbLine
 10
277.792241
 20
-177.06
 30
0.0
 11
277.773107
 21
-177.056194
 31
0.0
  0
LINE
  5
B8
330
1F
100
AcDbEntity
  8
User.3
100
AcDbLine
 10
277.773107
 20
-177.056194
 30
0.0
 11
277.746047
 21
-177.029134
 31
0.0
  0
LINE
  5
B9
330
1F
100
AcDbEntity
  8
User.3
100
AcDbLine
 10
277.746047
 20
-177.029134
 30
0.0
 11
277.742241
 21
-177.01
 31
0.0
  0
LINE
  5
BA
330
1F
100
AcDbEntity
  8
User.3
100
AcDbLine
 10
277.742241
 20
-177.01
 30
0.0
 11
277.742241
 21
-163.01
 31
0.0
  0
LINE
  5
BB
330
1F
100
AcDbEntity
  8
User.3
100
AcDbLine
 10
277.742241
 20
-163.01
 30
0.0
 11
277.746047
 21
-162.990866
 31
0.0
  0
LINE
  5
BC
330
1F
100
AcDbEntity
  8
User.3
100
AcDbLine
 10
277.746047
 20
-162.990866
 30
0.0
 11
277.773107
 21
-162.963806
 31
0.0
  0
LINE
  5
BD
330
1F
100
AcDbEntity
  8
User.3
100
AcDbLine
 10
277.773107
 20
-162.963806
 30
0.0
 11
277.792241
 21
-162.96
 31
0.0
  0
LINE
  5
BE
330
1F
100
AcDbEntity
  8
User.3
100
AcDbLine
 10
277.792241
 20
-162.96
 30
0.0
 11
291.792241
 21
-162.96
 31
0.0
  0
LINE
  5
BF
330
1F
100
AcDbEntity
  8
User.3
100
AcDbLine
 10
291.792241
 20
-162.96
 30
0.0
 11
291.811375
 21
-162.963806
 31
0.0
  0
LINE
  5
C0
330
1F
100
AcDbEntity
  8
User.3
100
AcDbLine
 10
107.056375
 20
-142.961306
 30
0.0
 11
107.083435
 21
-142.988366
 31
0.0
  0
LINE
  5
C1
330
1F
100
AcDbEntity
  8
User.3
100
AcDbLine
 10
107.083435
 20
-142.988366
 30
0.0
 11
107.087241
 21
-143.0075
 31
0.0
  0
LINE
  5
C2
330
1F
100
AcDbEntity
  8
User.3
100
AcDbLine
 10
107.087241
 20
-143.0075
 30
0.0
 11
107.087241
 21
-157.0075
 31
0.0
  0
LINE
  5
C3
330
1F
100
AcDbEntity
  8
User.3
100
AcDbLine
 10
107.087241
 20
-157.0075
 30
0.0
 11
107.083435
 21
-157.026634
 31
0.0
  0
LINE
  5
C4
330
1F
100
AcDbEntity
  8
User.3
100
AcDbLine
 10
107.083435
 20
-157.026634
 30
0.0
 11
107.056375
 21
-157.053694
 31
0.0
  0
LINE
  5
C5
330
1F
100
AcDbEntity
  8
User.3
100
AcDbLine
 10
107.056375
 20
-157.053694
 30
0.0
 11
107.037241
 21
-157.0575
 31
0.0
  0
LINE
  5
C6
330
1F
100
AcDbEntity
  8
User.3
100
AcDbLine
 10
107.037241
 20
-157.0575
 30
0.0
 11
93.03724100000001
 21
-157.0575
 31
0.0
  0
LINE
  5
C7
330
1F
100
AcDbEntity
  8
User.3
100
AcDbLine
 10
93.03724100000001
 20
-157.0575
 30
0.0
 11
93.01810699999999
 21
-157.053694
 31
0.0
  0
LINE
  5
C8
330
1F
100
AcDbEntity
  8
User.3
100
AcDbLine
 10
93.01810699999999
 20
-157.053694
 30
0.0
 11
92.991047
 21
-157.026634
 31
0.0
  0
LINE
  5
C9
330
1F
100
AcDbEntity
  8
User.3
100
AcDbLine
 10
92.991047
 20
-157.026634
 30
0.0
 11
92.98724099999998
 21
-157.0075
 31
0.0
  0
LINE
  5
CA
330
1F
100
AcDbEntity
  8
User.3
100
AcDbLine
 10
92.98724099999998
 20
-157.0075
 30
0.0
 11
92.98724099999998
 21
-143.0075
 31
0.0
  0
LINE
  5
CB
330
1F
100
AcDbEntity
  8
User.3
100
AcDbLine
 10
92.98724099999998
 20
-143.0075
 30
0.0
 11
92.991047
 21
-142.988366
 31
0.0
  0
LINE
  5
CC
330
1F
100
AcDbEntity
  8
User.3
100
AcDbLine
 10
92.991047
 20
-142.988366
 30
0.0
 11
93.01810699999999
 21
-142.961306
 31
0.0
  0
LINE
  5
CD
330
1F
100
AcDbEntity
  8
User.3
100
AcDbLine
 10
93.01810699999999
 20
-142.961306
 30
0.0
 11
93.03724100000001
 21
-142.9575
 31
0.0
  0
LINE
  5
CE
330
1F
100
AcDbEntity
  8
User.3
100
AcDbLine
 10
93.03724100000001
 20
-142.9575
 30
0.0
 11
107.037241
 21
-142.9575
 31
0.0
  0
LINE
  5
CF
330
1F
100
AcDbEntity
  8
User.3
100
AcDbLine
 10
107.037241
 20
-142.9575
 30
0.0
 11
107.056375
 21
-142.961306
 31
0.0
  0
LINE
  5
D0
330
1F
100
AcDbEntity
  8
User.3
100
AcDbLine
 10
183.256375
 20
-142.961306
 30
0.0
 11
183.283435
 21
-142.988366
 31
0.0
  0
LINE
  5
D1
330
1F
100
AcDbEntity
  8
User.3
100
AcDbLine
 10
183.283435
 20
-142.988366
 30
0.0
 11
183.287241
 21
-143.0075
 31
0.0
  0
LINE
  5
D2
330
1F
100
AcDbEntity
  8
User.3
100
AcDbLine
 10
183.287241
 20
-143.0075
 30
0.0
 11
183.287241
 21
-157.0075
 31
0.0
  0
LINE
  5
D3
330
1F
100
AcDbEntity
  8
User.3
100
AcDbLine
 10
183.287241
 20
-157.0075
 30
0.0
 11
183.283435
 21
-157.026634
 31
0.0
  0
LINE
  5
D4
330
1F
100
AcDbEntity
  8
User.3
100
AcDbLine
 10
183.283435
 20
-157.026634
 30
0.0
 11
183.256375
 21
-157.053694
 31
0.0
  0
LINE
  5
D5
330
1F
100
AcDbEntity
  8
User.3
100
AcDbLine
 10
183.256375
 20
-157.053694
 30
0.0
 11
183.237241
 21
-157.0575
 31
0.0
  0
LINE
  5
D6
330
1F
100
AcDbEntity
  8
User.3
100
AcDbLine
 10
183.237241
 20
-157.0575
 30
0.0
 11
169.237241
 21
-157.0575
 31
0.0
  0
LINE
  5
D7
330
1F
100
AcDbEntity
  8
User.3
100
AcDbLine
 10
169.237241
 20
-157.0575
 30
0.0
 11
169.218107
 21
-157.053694
 31
0.0
  0
LINE
  5
D8
330
1F
100
AcDbEntity
  8
User.3
100
AcDbLine
 10
169.218107
 20
-157.053694
 30
0.0
 11
169.191047
 21
-157.026634
 31
0.0
  0
LINE
  5
D9
330
1F
100
AcDbEntity
  8
User.3
100
AcDbLine
 10
169.191047
 20
-157.026634
 30
0.0
 11
169.187241
 21
-157.0075
 31
0.0
  0
LINE
  5
DA
330
1F
100
AcDbEntity
  8
User.3
100
AcDbLine
 10
169.187241
 20
-157.0075
 30
0.0
 11
169.187241
 21
-143.0075
 31
0.0
  0
LINE
  5
DB
330
1F
100
AcDbEntity
  8
User.3
100
AcDbLine
 10
169.187241
 20
-143.0075
 30
0.0
 11
169.191047
 21
-142.988366
 31
0.0
  0
LINE
  5
DC
330
1F
100
AcDbEntity
  8
User.3
100
AcDbLine
 10
169.191047
 20
-142.988366
 30
0.0
 11
169.218107
 21
-142.961306
 31
0.0
  0
LINE
  5
DD
330
1F
100
AcDbEntity
  8
User.3
100
AcDbLine
 10
169.218107
 20
-142.961306
 30
0.0
 11
169.237241
 21
-142.9575
 31
0.0
  0
LINE
  5
DE
330
1F
100
AcDbEntity
  8
User.3
100
AcDbLine
 10
169.237241
 20
-142.9575
 30
0.0
 11
183.237241
 21
-142.9575
 31
0.0
  0
LINE
  5
DF
330
1F
100
AcDbEntity
  8
User.3
100
AcDbLine
 10
183.237241
 20
-142.9575
 30
0.0
 11
183.256375
 21
-142.961306
 31
0.0
  0
LINE
  5
E0
330
1F
100
AcDbEntity
  8
User.3
100
AcDbLine
 10
270.856375
 20
-142.961306
 30
0.0
 11
270.883435
 21
-142.988366
 31
0.0
  0
LINE
  5
E1
330
1F
100
AcDbEntity
  8
User.3
100
AcDbLine
 10
270.883435
 20
-142.988366
 30
0.0
 11
270.887241
 21
-143.0075
 31
0.0
  0
LINE
  5
E2
330
1F
100
AcDbEntity
  8
User.3
100
AcDbLine
 10
270.887241
 20
-143.0075
 30
0.0
 11
270.887241
 21
-157.0075
 31
0.0
  0
LINE
  5
E3
330
1F
100
AcDbEntity
  8
User.3
100
AcDbLine
 10
270.887241
 20
-157.0075
 30
0.0
 11
270.883435
 21
-157.026634
 31
0.0
  0
LINE
  5
E4
330
1F
100
AcDbEntity
  8
User.3
100
AcDbLine
 10
270.883435
 20
-157.026634
 30
0.0
 11
270.856375
 21
-157.053694
 31
0.0
  0
LINE
  5
E5
330
1F
100
AcDbEntity
  8
User.3
100
AcDbLine
 10
270.856375
 20
-157.053694
 30
0.0
 11
270.837241
 21
-157.0575
 31
0.0
  0
LINE
  5
E6
330
1F
100
AcDbEntity
  8
User.3
100
AcDbLine
 10
270.837241
 20
-157.0575
 30
0.0
 11
256.8372410000001
 21
-157.0575
 31
0.0
  0
LINE
  5
E7
330
1F
100
AcDbEntity
  8
User.3
100
AcDbLine
 10
256.8372410000001
 20
-157.0575
 30
0.0
 11
256.8181069999999
 21
-157.053694
 31
0.0
  0
LINE
  5
E8
330
1F
100
AcDbEntity
  8
User.3
100
AcDbLine
 10
256.8181069999999
 20
-157.053694
 30
0.0
 11
256.791047
 21
-157.026634
 31
0.0
  0
LINE
  5
E9
330
1F
100
AcDbEntity
  8
User.3
100
AcDbLine
 10
256.791047
 20
-157.026634
 30
0.0
 11
256.7872409999999
 21
-157.0075
 31
0.0
  0
LINE
  5
EA
330
1F
100
AcDbEntity
  8
User.3
100
AcDbLine
 10
256.7872409999999
 20
-157.0075
 30
0.0
 11
256.7872409999999
 21
-143.0075
 31
0.0
  0
LINE
  5
EB
330
1F
100
AcDbEntity
  8
User.3
100
AcDbLine
 10
256.7872409999999
 20
-143.0075
 30
0.0
 11
256.791047
 21
-142.988366
 31
0.0
  0
LINE
  5
EC
330
1F
100
AcDbEntity
  8
User.3
100
AcDbLine
 10
256.791047
 20
-142.988366
 30
0.0
 11
256.8181069999999
 21
-142.961306
 31
0.0
  0
LINE
  5
ED
330
1F
100
AcDbEntity
  8
User.3
100
AcDbLine
 10
256.8181069999999
 20
-142.961306
 30
0.0
 11
256.8372410000001
 21
-142.9575
 31
0.0
  0
LINE
  5
EE
330
1F
100
AcDbEntity
  8
User.3
100
AcDbLine
 10
256.8372410000001
 20
-142.9575
 30
0.0
 11
270.837241
 21
-142.9575
 31
0.0
  0
LINE
  5
EF
330
1F
100
AcDbEntity
  8
User.3
100
AcDbLine
 10
270.837241
 20
-142.9575
 30
0.0
 11
270.856375
 21
-142.961306
 31
0.0
  0
LINE
  5
F0
330
1F
100
AcDbEntity
  8
User.3
100
AcDbLine
 10
347.056375
 20
-142.961306
 30
0.0
 11
347.083435
 21
-142.988366
 31
0.0
  0
LINE
  5
F1
330
1F
100
AcDbEntity
  8
User.3
100
AcDbLine
 10
347.083435
 20
-142.988366
 30
0.0
 11
347.087241
 21
-143.0075
 31
0.0
  0
LINE
  5
F2
330
1F
100
AcDbEntity
  8
User.3
100
AcDbLine
 10
347.087241
 20
-143.0075
 30
0.0
 11
347.087241
 21
-157.0075
 31
0.0
  0
LINE
  5
F3
330
1F
100
AcDbEntity
  8
User.3
100
AcDbLine
 10
347.087241
 20
-157.0075
 30
0.0
 11
347.083435
 21
-157.026634
 31
0.0
  0
LINE
  5
F4
330
1F
100
AcDbEntity
  8
User.3
100
AcDbLine
 10
347.083435
 20
-157.026634
 30
0.0
 11
347.056375
 21
-157.053694
 31
0.0
  0
LINE
  5
F5
330
1F
100
AcDbEntity
  8
User.3
100
AcDbLine
 10
347.056375
 20
-157.053694
 30
0.0
 11
347.037241
 21
-157.0575
 31
0.0
  0
LINE
  5
F6
330
1F
100
AcDbEntity
  8
User.3
100
AcDbLine
 10
347.037241
 20
-157.0575
 30
0.0
 11
333.037241
 21
-157.0575
 31
0.0
  0
LINE
  5
F7
330
1F
100
AcDbEntity
  8
User.3
100
AcDbLine
 10
333.037241
 20
-157.0575
 30
0.0
 11
333.018107
 21
-157.053694
 31
0.0
  0
LINE
  5
F8
330
1F
100
AcDbEntity
  8
User.3
100
AcDbLine
 10
333.018107
 20
-157.053694
 30
0.0
 11
332.991047
 21
-157.026634
 31
0.0
  0
LINE
  5
F9
330
1F
100
AcDbEntity
  8
User.3
100
AcDbLine
 10
332.991047
 20
-157.026634
 30
0.0
 11
332.987241
 21
-157.0075
 31
0.0
  0
LINE
  5
FA
330
1F
100
AcDbEntity
  8
User.3
100
AcDbLine
 10
332.987241
 20
-157.0075
 30
0.0
 11
332.987241
 21
-143.0075
 31
0.0
  0
LINE
  5
FB
330
1F
100
AcDbEntity
  8
User.3
100
AcDbLine
 10
332.987241
 20
-143.0075
 30
0.0
 11
332.991047
 21
-142.988366
 31
0.0
  0
LINE
  5
FC
330
1F
100
AcDbEntity
  8
User.3
100
AcDbLine
 10
332.991047
 20
-142.988366
 30
0.0
 11
333.018107
 21
-142.961306
 31
0.0
  0
LINE
  5
FD
330
1F
100
AcDbEntity
  8
User.3
100
AcDbLine
 10
333.018107
 20
-142.961306
 30
0.0
 11
333.037241
 21
-142.9575
 31
0.0
  0
LINE
  5
FE
330
1F
100
AcDbEntity
  8
User.3
100
AcDbLine
 10
333.037241
 20
-142.9575
 30
0.0
 11
347.037241
 21
-142.9575
 31
0.0
  0
LINE
  5
FF
330
1F
100
AcDbEntity
  8
User.3
100
AcDbLine
 10
347.037241
 20
-142.9575
 30
0.0
 11
347.056375
 21
-142.961306
 31
0.0
  0
LINE
  5
100
330
1F
100
AcDbEntity
  8
User.3
100
AcDbLine
 10
126.106375
 20
-138.198806
 30
0.0
 11
126.133435
 21
-138.225866
 31
0.0
  0
LINE
  5
101
330
1F
100
AcDbEntity
  8
User.3
100
AcDbLine
 10
126.133435
 20
-138.225866
 30
0.0
 11
126.137241
 21
-138.245
 31
0.0
  0
LINE
  5
102
330
1F
100
AcDbEntity
  8
User.3
100
AcDbLine
 10
126.137241
 20
-138.245
 30
0.0
 11
126.137241
 21
-152.245
 31
0.0
  0
LINE
  5
103
330
1F
100
AcDbEntity
  8
User.3
100
AcDbLine
 10
126.137241
 20
-152.245
 30
0.0
 11
126.133435
 21
-152.264134
 31
0.0
  0
LINE
  5
104
330
1F
100
AcDbEntity
  8
User.3
100
AcDbLine
 10
126.133435
 20
-152.264134
 30
0.0
 11
126.106375
 21
-152.291194
 31
0.0
  0
LINE
  5
105
330
1F
100
AcDbEntity
  8
User.3
100
AcDbLine
 10
126.106375
 20
-152.291194
 30
0.0
 11
126.087241
 21
-152.295
 31
0.0
  0
LINE
  5
106
330
1F
100
AcDbEntity
  8
User.3
100
AcDbLine
 10
126.087241
 20
-152.295
 30
0.0
 11
112.087241
 21
-152.295
 31
0.0
  0
LINE
  5
107
330
1F
100
AcDbEntity
  8
User.3
100
AcDbLine
 10
112.087241
 20
-152.295
 30
0.0
 11
112.068107
 21
-152.291194
 31
0.0
  0
LINE
  5
108
330
1F
100
AcDbEntity
  8
User.3
100
AcDbLine
 10
112.068107
 20
-152.291194
 30
0.0
 11
112.041047
 21
-152.264134
 31
0.0
  0
LINE
  5
109
330
1F
100
AcDbEntity
  8
User.3
100
AcDbLine
 10
112.041047
 20
-152.264134
 30
0.0
 11
112.037241
 21
-152.245
 31
0.0
  0
LINE
  5
10A
330
1F
100
AcDbEntity
  8
User.3
100
AcDbLine
 10
112.037241
 20
-152.245
 30
0.0
 11
112.037241
 21
-138.245
 31
0.0
  0
LINE
  5
10B
330
1F
100
AcDbEntity
  8
User.3
100
AcDbLine
 10
112.037241
 20
-138.245
 30
0.0
 11
112.041047
 21
-138.225866
 31
0.0
  0
LINE
  5
10C
330
1F
100
AcDbEntity
  8
User.3
100
AcDbLine
 10
112.041047
 20
-138.225866
 30
0.0
 11
112.068107
 21
-138.198806
 31
0.0
  0
LINE
  5
10D
330
1F
100
AcDbEntity
  8
User.3
100
AcDbLine
 10
112.068107
 20
-138.198806
 30
0.0
 11
112.087241
 21
-138.195
 31
0.0
  0
LINE
  5
10E
330
1F
100
AcDbEntity
  8
User.3
100
AcDbLine
 10
112.087241
 20
-138.195
 30
0.0
 11
126.087241
 21
-138.195
 31
0.0
  0
LINE
  5
10F
330
1F
100
AcDbEntity
  8
User.3
100
AcDbLine
 10
126.087241
 20
-138.195
 30
0.0
 11
126.106375
 21
-138.198806
 31
0.0
  0
LINE
  5
110
330
1F
100
AcDbEntity
  8
User.3
100
AcDbLine
 10
164.206375
 20
-138.198806
 30
0.0
 11
164.233435
 21
-138.225866
 31
0.0
  0
LINE
  5
111
330
1F
100
AcDbEntity
  8
User.3
100
AcDbLine
 10
164.233435
 20
-138.225866
 30
0.0
 11
164.237241
 21
-138.245
 31
0.0
  0
LINE
  5
112
330
1F
100
AcDbEntity
  8
User.3
100
AcDbLine
 10
164.237241
 20
-138.245
 30
0.0
 11
164.237241
 21
-152.245
 31
0.0
  0
LINE
  5
113
330
1F
100
AcDbEntity
  8
User.3
100
AcDbLine
 10
164.237241
 20
-152.245
 30
0.0
 11
164.233435
 21
-152.264134
 31
0.0
  0
LINE
  5
114
330
1F
100
AcDbEntity
  8
User.3
100
AcDbLine
 10
164.233435
 20
-152.264134
 30
0.0
 11
164.206375
 21
-152.291194
 31
0.0
  0
LINE
  5
115
330
1F
100
AcDbEntity
  8
User.3
100
AcDbLine
 10
164.206375
 20
-152.291194
 30
0.0
 11
164.187241
 21
-152.295
 31
0.0
  0
LINE
  5
116
330
1F
100
AcDbEntity
  8
User.3
100
AcDbLine
 10
164.187241
 20
-152.295
 30
0.0
 11
150.187241
 21
-152.295
 31
0.0
  0
LINE
  5
117
330
1F
100
AcDbEntity
  8
User.3
100
AcDbLine
 10
150.187241
 20
-152.295
 30
0.0
 11
150.168107
 21
-152.291194
 31
0.0
  0
LINE
  5
118
330
1F
100
AcDbEntity
  8
User.3
100
AcDbLine
 10
150.168107
 20
-152.291194
 30
0.0
 11
150.141047
 21
-152.264134
 31
0.0
  0
LINE
  5
119
330
1F
100
AcDbEntity
  8
User.3
100
AcDbLine
 10
150.141047
 20
-152.264134
 30
0.0
 11
150.137241
 21
-152.245
 31
0.0
  0
LINE
  5
11A
330
1F
100
AcDbEntity
  8
User.3
100
AcDbLine
 10
150.137241
 20
-152.245
 30
0.0
 11
150.137241
 21
-138.245
 31
0.0
  0
LINE
  5
11B
330
1F
100
AcDbEntity
  8
User.3
100
AcDbLine
 10
150.137241
 20
-138.245
 30
0.0
 11
150.141047
 21
-138.225866
 31
0.0
  0
LINE
  5
11C
330
1F
100
AcDbEntity
  8
User.3
100
AcDbLine
 10
150.141047
 20
-138.225866
 30
0.0
 11
150.168107
 21
-138.198806
 31
0.0
  0
LINE
  5
11D
330
1F
100
AcDbEntity
  8
User.3
100
AcDbLine
 10
150.168107
 20
-138.198806
 30
0.0
 11
150.187241
 21
-138.195
 31
0.0
  0
LINE
  5
11E
330
1F
100
AcDbEntity
  8
User.3
100
AcDbLine
 10
150.187241
 20
-138.195
 30
0.0
 11
164.187241
 21
-138.195
 31
0.0
  0
LINE
  5
11F
330
1F
100
AcDbEntity
  8
User.3
100
AcDbLine
 10
164.187241
 20
-138.195
 30
0.0
 11
164.206375
 21
-138.198806
 31
0.0
  0
LINE
  5
120
330
1F
100
AcDbEntity
  8
User.3
100
AcDbLine
 10
289.906375
 20
-138.198806
 30
0.0
 11
289.933435
 21
-138.225866
 31
0.0
  0
LINE
  5
121
330
1F
100
AcDbEntity
  8
User.3
100
AcDbLine
 10
289.933435
 20
-138.225866
 30
0.0
 11
289.937241
 21
-138.245
 31
0.0
  0
LINE
  5
122
330
1F
100
AcDbEntity
  8
User.3
100
AcDbLine
 10
289.937241
 20
-138.245
 30
0.0
 11
289.937241
 21
-152.245
 31
0.0
  0
LINE
  5
123
330
1F
100
AcDbEntity
  8
User.3
100
AcDbLine
 10
289.937241
 20
-152.245
 30
0.0
 11
289.933435
 21
-152.264134
 31
0.0
  0
LINE
  5
124
330
1F
100
AcDbEntity
  8
User.3
100
AcDbLine
 10
289.933435
 20
-152.264134
 30
0.0
 11
289.906375
 21
-152.291194
 31
0.0
  0
LINE
  5
125
330
1F
100
AcDbEntity
  8
User.3
100
AcDbLine
 10
289.906375
 20
-152.291194
 30
0.0
 11
289.887241
 21
-152.295
 31
0.0
  0
LINE
  5
126
330
1F
100
AcDbEntity
  8
User.3
100
AcDbLine
 10
289.887241
 20
-152.295
 30
0.0
 11
275.887241
 21
-152.295
 31
0.0
  0
LINE
  5
127
330
1F
100
AcDbEntity
  8
User.3
100
AcDbLine
 10
275.887241
 20
-152.295
 30
0.0
 11
275.868107
 21
-152.291194
 31
0.0
  0
LINE
  5
128
330
1F
100
AcDbEntity
  8
User.3
100
AcDbLine
 10
275.868107
 20
-152.291194
 30
0.0
 11
275.841047
 21
-152.264134
 31
0.0
  0
LINE
  5
129
330
1F
100
AcDbEntity
  8
User.3
100
AcDbLine
 10
275.841047
 20
-152.264134
 30
0.0
 11
275.8372409999999
 21
-152.245
 31
0.0
  0
LINE
  5
12A
330
1F
100
AcDbEntity
  8
User.3
100
AcDbLine
 10
275.8372409999999
 20
-152.245
 30
0.0
 11
275.8372409999999
 21
-138.245
 31
0.0
  0
LINE
  5
12B
330
1F
100
AcDbEntity
  8
User.3
100
AcDbLine
 10
275.8372409999999
 20
-138.245
 30
0.0
 11
275.841047
 21
-138.225866
 31
0.0
  0
LINE
  5
12C
330
1F
100
AcDbEntity
  8
User.3
100
AcDbLine
 10
275.841047
 20
-138.225866
 30
0.0
 11
275.868107
 21
-138.198806
 31
0.0
  0
LINE
  5
12D
330
1F
100
AcDbEntity
  8
User.3
100
AcDbLine
 10
275.868107
 20
-138.198806
 30
0.0
 11
275.887241
 21
-138.195
 31
0.0
  0
LINE
  5
12E
330
1F
100
AcDbEntity
  8
User.3
100
AcDbLine
 10
275.887241
 20
-138.195
 30
0.0
 11
289.887241
 21
-138.195
 31
0.0
  0
LINE
  5
12F
330
1F
100
AcDbEntity
  8
User.3
100
AcDbLine
 10
289.887241
 20
-138.195
 30
0.0
 11
289.906375
 21
-138.198806
 31
0.0
  0
LINE
  5
130
330
1F
100
AcDbEntity
  8
User.3
100
AcDbLine
 10
328.006375
 20
-138.198806
 30
0.0
 11
328.033435
 21
-138.225866
 31
0.0
  0
LINE
  5
131
330
1F
100
AcDbEntity
  8
User.3
100
AcDbLine
 10
328.033435
 20
-138.225866
 30
0.0
 11
328.037241
 21
-138.245
 31
0.0
  0
LINE
  5
132
330
1F
100
AcDbEntity
  8
User.3
100
AcDbLine
 10
328.037241
 20
-138.245
 30
0.0
 11
328.037241
 21
-152.245
 31
0.0
  0
LINE
  5
133
330
1F
100
AcDbEntity
  8
User.3
100
AcDbLine
 10
328.037241
 20
-152.245
 30
0.0
 11
328.033435
 21
-152.264134
 31
0.0
  0
LINE
  5
134
330
1F
100
AcDbEntity
  8
User.3
100
AcDbLine
 10
328.033435
 20
-152.264134
 30
0.0
 11
328.006375
 21
-152.291194
 31
0.0
  0
LINE
  5
135
330
1F
100
AcDbEntity
  8
User.3
100
AcDbLine
 10
328.006375
 20
-152.291194
 30
0.0
 11
327.987241
 21
-152.295
 31
0.0
  0
LINE
  5
136
330
1F
100
AcDbEntity
  8
User.3
100
AcDbLine
 10
327.987241
 20
-152.295
 30
0.0
 11
313.987241
 21
-152.295
 31
0.0
  0
LINE
  5
137
330
1F
100
AcDbEntity
  8
User.3
100
AcDbLine
 10
313.987241
 20
-152.295
 30
0.0
 11
313.968107
 21
-152.291194
 31
0.0
  0
LINE
  5
138
330
1F
100
AcDbEntity
  8
User.3
100
AcDbLine
 10
313.968107
 20
-152.291194
 30
0.0
 11
313.941047
 21
-152.264134
 31
0.0
  0
LINE
  5
139
330
1F
100
AcDbEntity
  8
User.3
100
AcDbLine
 10
313.941047
 20
-152.264134
 30
0.0
 11
313.937241
 21
-152.245
 31
0.0
  0
LINE
  5
13A
330
1F
100
AcDbEntity
  8
User.3
100
AcDbLine
 10
313.937241
 20
-152.245
 30
0.0
 11
313.937241
 21
-138.245
 31
0.0
  0
LINE
  5
13B
330
1F
100
AcDbEntity
  8
User.3
100
AcDbLine
 10
313.937241
 20
-138.245
 30
0.0
 11
313.941047
 21
-138.225866
 31
0.0
  0
LINE
  5
13C
330
1F
100
AcDbEntity
  8
User.3
100
AcDbLine
 10
313.941047
 20
-138.225866
 30
0.0
 11
313.968107
 21
-138.198806
 31
0.0
  0
LINE
  5
13D
330
1F
100
AcDbEntity
  8
User.3
100
AcDbLine
 10
313.968107
 20
-138.198806
 30
0.0
 11
313.987241
 21
-138.195
 31
0.0
  0
LINE
  5
13E
330
1F
100
AcDbEntity
  8
User.3
100
AcDbLine
 10
313.987241
 20
-138.195
 30
0.0
 11
327.987241
 21
-138.195
 31
0.0
  0
LINE
  5
13F
330
1F
100
AcDbEntity
  8
User.3
100
AcDbLine
 10
327.987241
 20
-138.195
 30
0.0
 11
328.006375
 21
-138.198806
 31
0.0
  0
LINE
  5
140
330
1F
100
AcDbEntity
  8
User.3
100
AcDbLine
 10
88.00637499999999
 20
-133.436306
 30
0.0
 11
88.033435
 21
-133.463366
 31
0.0
  0
LINE
  5
141
330
1F
100
AcDbEntity
  8
User.3
100
AcDbLine
 10
88.033435
 20
-133.463366
 30
0.0
 11
88.03724100000001
 21
-133.4825
 31
0.0
  0
LINE
  5
142
330
1F
100
AcDbEntity
  8
User.3
100
AcDbLine
 10
88.03724100000001
 20
-133.4825
 30
0.0
 11
88.03724100000001
 21
-147.4825
 31
0.0
  0
LINE
  5
143
330
1F
100
AcDbEntity
  8
User.3
100
AcDbLine
 10
88.03724100000001
 20
-147.4825
 30
0.0
 11
88.033435
 21
-147.501634
 31
0.0
  0
LINE
  5
144
330
1F
100
AcDbEntity
  8
User.3
100
AcDbLine
 10
88.033435
 20
-147.501634
 30
0.0
 11
88.00637499999999
 21
-147.528694
 31
0.0
  0
LINE
  5
145
330
1F
100
AcDbEntity
  8
User.3
100
AcDbLine
 10
88.00637499999999
 20
-147.528694
 30
0.0
 11
87.987241
 21
-147.5325
 31
0.0
  0
LINE
  5
146
330
1F
100
AcDbEntity
  8
User.3
100
AcDbLine
 10
87.987241
 20
-147.5325
 30
0.0
 11
73.987241
 21
-147.5325
 31
0.0
  0
LINE
  5
147
330
1F
100
AcDbEntity
  8
User.3
100
AcDbLine
 10
73.987241
 20
-147.5325
 30
0.0
 11
73.96810699999999
 21
-147.528694
 31
0.0
  0
LINE
  5
148
330
1F
100
AcDbEntity
  8
User.3
100
AcDbLine
 10
73.96810699999999
 20
-147.528694
 30
0.0
 11
73.941047
 21
-147.501634
 31
0.0
  0
LINE
  5
149
330
1F
100
AcDbEntity
  8
User.3
100
AcDbLine
 10
73.941047
 20
-147.501634
 30
0.0
 11
73.937241
 21
-147.4825
 31
0.0
  0
LINE
  5
14A
330
1F
100
AcDbEntity
  8
User.3
100
AcDbLine
 10
73.937241
 20
-147.4825
 30
0.0
 11
73.937241
 21
-133.4825
 31
0.0
  0
LINE
  5
14B
330
1F
100
AcDbEntity
  8
User.3
100
AcDbLine
 10
73.937241
 20
-133.4825
 30
0.0
 11
73.941047
 21
-133.463366
 31
0.0
  0
LINE
  5
14C
330
1F
100
AcDbEntity
  8
User.3
100
AcDbLine
 10
73.941047
 20
-133.463366
 30
0.0
 11
73.96810699999999
 21
-133.436306
 31
0.0
  0
LINE
  5
14D
330
1F
100
AcDbEntity
  8
User.3
100
AcDbLine
 10
73.96810699999999
 20
-133.436306
 30
0.0
 11
73.987241
 21
-133.4325
 31
0.0
  0
LINE
  5
14E
330
1F
100
AcDbEntity
  8
User.3
100
AcDbLine
 10
73.987241
 20
-133.4325
 30
0.0
 11
87.987241
 21
-133.4325
 31
0.0
  0
LINE
  5
14F
330
1F
100
AcDbEntity
  8
User.3
100
AcDbLine
 10
87.987241
 20
-133.4325
 30
0.0
 11
88.00637499999999
 21
-133.436306
 31
0.0
  0
LINE
  5
150
330
1F
100
AcDbEntity
  8
User.3
100
AcDbLine
 10
145.156375
 20
-133.436306
 30
0.0
 11
145.183435
 21
-133.463366
 31
0.0
  0
LINE
  5
151
330
1F
100
AcDbEntity
  8
User.3
100
AcDbLine
 10
145.183435
 20
-133.463366
 30
0.0
 11
145.187241
 21
-133.4825
 31
0.0
  0
LINE
  5
152
330
1F
100
AcDbEntity
  8
User.3
100
AcDbLine
 10
145.187241
 20
-133.4825
 30
0.0
 11
145.187241
 21
-147.4825
 31
0.0
  0
LINE
  5
153
330
1F
100
AcDbEntity
  8
User.3
100
AcDbLine
 10
145.187241
 20
-147.4825
 30
0.0
 11
145.183435
 21
-147.501634
 31
0.0
  0
LINE
  5
154
330
1F
100
AcDbEntity
  8
User.3
100
AcDbLine
 10
145.183435
 20
-147.501634
 30
0.0
 11
145.156375
 21
-147.528694
 31
0.0
  0
LINE
  5
155
330
1F
100
AcDbEntity
  8
User.3
100
AcDbLine
 10
145.156375
 20
-147.528694
 30
0.0
 11
145.137241
 21
-147.5325
 31
0.0
  0
LINE
  5
156
330
1F
100
AcDbEntity
  8
User.3
100
AcDbLine
 10
145.137241
 20
-147.5325
 30
0.0
 11
131.137241
 21
-147.5325
 31
0.0
  0
LINE
  5
157
330
1F
100
AcDbEntity
  8
User.3
100
AcDbLine
 10
131.137241
 20
-147.5325
 30
0.0
 11
131.118107
 21
-147.528694
 31
0.0
  0
LINE
  5
158
330
1F
100
AcDbEntity
  8
User.3
100
AcDbLine
 10
131.118107
 20
-147.528694
 30
0.0
 11
131.091047
 21
-147.501634
 31
0.0
  0
LINE
  5
159
330
1F
100
AcDbEntity
  8
User.3
100
AcDbLine
 10
131.091047
 20
-147.501634
 30
0.0
 11
131.087241
 21
-147.4825
 31
0.0
  0
LINE
  5
15A
330
1F
100
AcDbEntity
  8
User.3
100
AcDbLine
 10
131.087241
 20
-147.4825
 30
0.0
 11
131.087241
 21
-133.4825
 31
0.0
  0
LINE
  5
15B
330
1F
100
AcDbEntity
  8
User.3
100
AcDbLine
 10
131.087241
 20
-133.4825
 30
0.0
 11
131.091047
 21
-133.463366
 31
0.0
  0
LINE
  5
15C
330
1F
100
AcDbEntity
  8
User.3
100
AcDbLine
 10
131.091047
 20
-133.463366
 30
0.0
 11
131.118107
 21
-133.436306
 31
0.0
  0
LINE
  5
15D
330
1F
100
AcDbEntity
  8
User.3
100
AcDbLine
 10
131.118107
 20
-133.436306
 30
0.0
 11
131.137241
 21
-133.4325
 31
0.0
  0
LINE
  5
15E
330
1F
100
AcDbEntity
  8
User.3
100
AcDbLine
 10
131.137241
 20
-133.4325
 30
0.0
 11
145.137241
 21
-133.4325
 31
0.0
  0
LINE
  5
15F
330
1F
100
AcDbEntity
  8
User.3
100
AcDbLine
 10
145.137241
 20
-133.4325
 30
0.0
 11
145.156375
 21
-133.436306
 31
0.0
  0
LINE
  5
160
330
1F
100
AcDbEntity
  8
User.3
100
AcDbLine
 10
308.956375
 20
-133.436306
 30
0.0
 11
308.983435
 21
-133.463366
 31
0.0
  0
LINE
  5
161
330
1F
100
AcDbEntity
  8
User.3
100
AcDbLine
 10
308.983435
 20
-133.463366
 30
0.0
 11
308.987241
 21
-133.4825
 31
0.0
  0
LINE
  5
162
330
1F
100
AcDbEntity
  8
User.3
100
AcDbLine
 10
308.987241
 20
-133.4825
 30
0.0
 11
308.987241
 21
-147.4825
 31
0.0
  0
LINE
  5
163
330
1F
100
AcDbEntity
  8
User.3
100
AcDbLine
 10
308.987241
 20
-147.4825
 30
0.0
 11
308.983435
 21
-147.501634
 31
0.0
  0
LINE
  5
164
330
1F
100
AcDbEntity
  8
User.3
100
AcDbLine
 10
308.983435
 20
-147.501634
 30
0.0
 11
308.956375
 21
-147.528694
 31
0.0
  0
LINE
  5
165
330
1F
100
AcDbEntity
  8
User.3
100
AcDbLine
 10
308.956375
 20
-147.528694
 30
0.0
 11
308.937241
 21
-147.5325
 31
0.0
  0
LINE
  5
166
330
1F
100
AcDbEntity
  8
User.3
100
AcDbLine
 10
308.937241
 20
-147.5325
 30
0.0
 11
294.937241
 21
-147.5325
 31
0.0
  0
LINE
  5
167
330
1F
100
AcDbEntity
  8
User.3
100
AcDbLine
 10
294.937241
 20
-147.5325
 30
0.0
 11
294.918107
 21
-147.528694
 31
0.0
  0
LINE
  5
168
330
1F
100
AcDbEntity
  8
User.3
100
AcDbLine
 10
294.918107
 20
-147.528694
 30
0.0
 11
294.891047
 21
-147.501634
 31
0.0
  0
LINE
  5
169
330
1F
100
AcDbEntity
  8
User.3
100
AcDbLine
 10
294.891047
 20
-147.501634
 30
0.0
 11
294.887241
 21
-147.4825
 31
0.0
  0
LINE
  5
16A
330
1F
100
AcDbEntity
  8
User.3
100
AcDbLine
 10
294.887241
 20
-147.4825
 30
0.0
 11
294.887241
 21
-133.4825
 31
0.0
  0
LINE
  5
16B
330
1F
100
AcDbEntity
  8
User.3
100
AcDbLine
 10
294.887241
 20
-133.4825
 30
0.0
 11
294.891047
 21
-133.463366
 31
0.0
  0
LINE
  5
16C
330
1F
100
AcDbEntity
  8
User.3
100
AcDbLine
 10
294.891047
 20
-133.463366
 30
0.0
 11
294.918107
 21
-133.436306
 31
0.0
  0
LINE
  5
16D
330
1F
100
AcDbEntity
  8
User.3
100
AcDbLine
 10
294.918107
 20
-133.436306
 30
0.0
 11
294.937241
 21
-133.4325
 31
0.0
  0
LINE
  5
16E
330
1F
100
AcDbEntity
  8
User.3
100
AcDbLine
 10
294.937241
 20
-133.4325
 30
0.0
 11
308.937241
 21
-133.4325
 31
0.0
  0
LINE
  5
16F
330
1F
100
AcDbEntity
  8
User.3
100
AcDbLine
 10
308.937241
 20
-133.4325
 30
0.0
 11
308.956375
 21
-133.436306
 31
0.0
  0
LINE
  5
170
330
1F
100
AcDbEntity
  8
User.3
100
AcDbLine
 10
366.106375
 20
-133.436306
 30
0.0
 11
366.133435
 21
-133.463366
 31
0.0
  0
LINE
  5
171
330
1F
100
AcDbEntity
  8
User.3
100
AcDbLine
 10
366.133435
 20
-133.463366
 30
0.0
 11
366.137241
 21
-133.4825
 31
0.0
  0
LINE
  5
172
330
1F
100
AcDbEntity
  8
User.3
100
AcDbLine
 10
366.137241
 20
-133.4825
 30
0.0
 11
366.137241
 21
-147.4825
 31
0.0
  0
LINE
  5
173
330
1F
100
AcDbEntity
  8
User.3
100
AcDbLine
 10
366.137241
 20
-147.4825
 30
0.0
 11
366.133435
 21
-147.501634
 31
0.0
  0
LINE
  5
174
330
1F
100
AcDbEntity
  8
User.3
100
AcDbLine
 10
366.133435
 20
-147.501634
 30
0.0
 11
366.106375
 21
-147.528694
 31
0.0
  0
LINE
  5
175
330
1F
100
AcDbEntity
  8
User.3
100
AcDbLine
 10
366.106375
 20
-147.528694
 30
0.0
 11
366.087241
 21
-147.5325
 31
0.0
  0
LINE
  5
176
330
1F
100
AcDbEntity
  8
User.3
100
AcDbLine
 10
366.087241
 20
-147.5325
 30
0.0
 11
352.087241
 21
-147.5325
 31
0.0
  0
LINE
  5
177
330
1F
100
AcDbEntity
  8
User.3
100
AcDbLine
 10
352.087241
 20
-147.5325
 30
0.0
 11
352.0681069999999
 21
-147.528694
 31
0.0
  0
LINE
  5
178
330
1F
100
AcDbEntity
  8
User.3
100
AcDbLine
 10
352.0681069999999
 20
-147.528694
 30
0.0
 11
352.041047
 21
-147.501634
 31
0.0
  0
LINE
  5
179
330
1F
100
AcDbEntity
  8
User.3
100
AcDbLine
 10
352.041047
 20
-147.501634
 30
0.0
 11
352.037241
 21
-147.4825
 31
0.0
  0
LINE
  5
17A
330
1F
100
AcDbEntity
  8
User.3
100
AcDbLine
 10
352.037241
 20
-147.4825
 30
0.0
 11
352.037241
 21
-133.4825
 31
0.0
  0
LINE
  5
17B
330
1F
100
AcDbEntity
  8
User.3
100
AcDbLine
 10
352.037241
 20
-133.4825
 30
0.0
 11
352.041047
 21
-133.463366
 31
0.0
  0
LINE
  5
17C
330
1F
100
AcDbEntity
  8
User.3
100
AcDbLine
 10
352.041047
 20
-133.463366
 30
0.0
 11
352.0681069999999
 21
-133.436306
 31
0.0
  0
LINE
  5
17D
330
1F
100
AcDbEntity
  8
User.3
100
AcDbLine
 10
352.0681069999999
 20
-133.436306
 30
0.0
 11
352.087241
 21
-133.4325
 31
0.0
  0
LINE
  5
17E
330
1F
100
AcDbEntity
  8
User.3
100
AcDbLine
 10
352.087241
 20
-133.4325
 30
0.0
 11
366.087241
 21
-133.4325
 31
0.0
  0
LINE
  5
17F
330
1F
100
AcDbEntity
  8
User.3
100
AcDbLine
 10
366.087241
 20
-133.4325
 30
0.0
 11
366.106375
 21
-133.436306
 31
0.0
  0
LINE
  5
180
330
1F
100
AcDbEntity
  8
User.3
100
AcDbLine
 10
107.056375
 20
-123.911306
 30
0.0
 11
107.083435
 21
-123.938366
 31
0.0
  0
LINE
  5
181
330
1F
100
AcDbEntity
  8
User.3
100
AcDbLine
 10
107.083435
 20
-123.938366
 30
0.0
 11
107.087241
 21
-123.9575
 31
0.0
  0
LINE
  5
182
330
1F
100
AcDbEntity
  8
User.3
100
AcDbLine
 10
107.087241
 20
-123.9575
 30
0.0
 11
107.087241
 21
-137.9575
 31
0.0
  0
LINE
  5
183
330
1F
100
AcDbEntity
  8
User.3
100
AcDbLine
 10
107.087241
 20
-137.9575
 30
0.0
 11
107.083435
 21
-137.976634
 31
0.0
  0
LINE
  5
184
330
1F
100
AcDbEntity
  8
User.3
100
AcDbLine
 10
107.083435
 20
-137.976634
 30
0.0
 11
107.056375
 21
-138.003694
 31
0.0
  0
LINE
  5
185
330
1F
100
AcDbEntity
  8
User.3
100
AcDbLine
 10
107.056375
 20
-138.003694
 30
0.0
 11
107.037241
 21
-138.0075
 31
0.0
  0
LINE
  5
186
330
1F
100
AcDbEntity
  8
User.3
100
AcDbLine
 10
107.037241
 20
-138.0075
 30
0.0
 11
93.03724100000001
 21
-138.0075
 31
0.0
  0
LINE
  5
187
330
1F
100
AcDbEntity
  8
User.3
100
AcDbLine
 10
93.03724100000001
 20
-138.0075
 30
0.0
 11
93.01810699999999
 21
-138.003694
 31
0.0
  0
LINE
  5
188
330
1F
100
AcDbEntity
  8
User.3
100
AcDbLine
 10
93.01810699999999
 20
-138.003694
 30
0.0
 11
92.991047
 21
-137.976634
 31
0.0
  0
LINE
  5
189
330
1F
100
AcDbEntity
  8
User.3
100
AcDbLine
 10
92.991047
 20
-137.976634
 30
0.0
 11
92.98724099999998
 21
-137.9575
 31
0.0
  0
LINE
  5
18A
330
1F
100
AcDbEntity
  8
User.3
100
AcDbLine
 10
92.98724099999998
 20
-137.9575
 30
0.0
 11
92.98724099999998
 21
-123.9575
 31
0.0
  0
LINE
  5
18B
330
1F
100
AcDbEntity
  8
User.3
100
AcDbLine
 10
92.98724099999998
 20
-123.9575
 30
0.0
 11
92.991047
 21
-123.938366
 31
0.0
  0
LINE
  5
18C
330
1F
100
AcDbEntity
  8
User.3
100
AcDbLine
 10
92.991047
 20
-123.938366
 30
0.0
 11
93.01810699999999
 21
-123.911306
 31
0.0
  0
LINE
  5
18D
330
1F
100
AcDbEntity
  8
User.3
100
AcDbLine
 10
93.01810699999999
 20
-123.911306
 30
0.0
 11
93.03724100000001
 21
-123.9075
 31
0.0
  0
LINE
  5
18E
330
1F
100
AcDbEntity
  8
User.3
100
AcDbLine
 10
93.03724100000001
 20
-123.9075
 30
0.0
 11
107.037241
 21
-123.9075
 31
0.0
  0
LINE
  5
18F
330
1F
100
AcDbEntity
  8
User.3
100
AcDbLine
 10
107.037241
 20
-123.9075
 30
0.0
 11
107.056375
 21
-123.911306
 31
0.0
  0
LINE
  5
190
330
1F
100
AcDbEntity
  8
User.3
100
AcDbLine
 10
183.256375
 20
-123.911306
 30
0.0
 11
183.283435
 21
-123.938366
 31
0.0
  0
LINE
  5
191
330
1F
100
AcDbEntity
  8
User.3
100
AcDbLine
 10
183.283435
 20
-123.938366
 30
0.0
 11
183.287241
 21
-123.9575
 31
0.0
  0
LINE
  5
192
330
1F
100
AcDbEntity
  8
User.3
100
AcDbLine
 10
183.287241
 20
-123.9575
 30
0.0
 11
183.287241
 21
-137.9575
 31
0.0
  0
LINE
  5
193
330
1F
100
AcDbEntity
  8
User.3
100
AcDbLine
 10
183.287241
 20
-137.9575
 30
0.0
 11
183.283435
 21
-137.976634
 31
0.0
  0
LINE
  5
194
330
1F
100
AcDbEntity
  8
User.3
100
AcDbLine
 10
183.283435
 20
-137.976634
 30
0.0
 11
183.256375
 21
-138.003694
 31
0.0
  0
LINE
  5
195
330
1F
100
AcDbEntity
  8
User.3
100
AcDbLine
 10
183.256375
 20
-138.003694
 30
0.0
 11
183.237241
 21
-138.0075
 31
0.0
  0
LINE
  5
196
330
1F
100
AcDbEntity
  8
User.3
100
AcDbLine
 10
183.237241
 20
-138.0075
 30
0.0
 11
169.237241
 21
-138.0075
 31
0.0
  0
LINE
  5
197
330
1F
100
AcDbEntity
  8
User.3
100
AcDbLine
 10
169.237241
 20
-138.0075
 30
0.0
 11
169.218107
 21
-138.003694
 31
0.0
  0
LINE
  5
198
330
1F
100
AcDbEntity
  8
User.3
100
AcDbLine
 10
169.218107
 20
-138.003694
 30
0.0
 11
169.191047
 21
-137.976634
 31
0.0
  0
LINE
  5
199
330
1F
100
AcDbEntity
  8
User.3
100
AcDbLine
 10
169.191047
 20
-137.976634
 30
0.0
 11
169.187241
 21
-137.9575
 31
0.0
  0
LINE
  5
19A
330
1F
100
AcDbEntity
  8
User.3
100
AcDbLine
 10
169.187241
 20
-137.9575
 30
0.0
 11
169.187241
 21
-123.9575
 31
0.0
  0
LINE
  5
19B
330
1F
100
AcDbEntity
  8
User.3
100
AcDbLine
 10
169.187241
 20
-123.9575
 30
0.0
 11
169.191047
 21
-123.938366
 31
0.0
  0
LINE
  5
19C
330
1F
100
AcDbEntity
  8
User.3
100
AcDbLine
 10
169.191047
 20
-123.938366
 30
0.0
 11
169.218107
 21
-123.911306
 31
0.0
  0
LINE
  5
19D
330
1F
100
AcDbEntity
  8
User.3
100
AcDbLine
 10
169.218107
 20
-123.911306
 30
0.0
 11
169.237241
 21
-123.9075
 31
0.0
  0
LINE
  5
19E
330
1F
100
AcDbEntity
  8
User.3
100
AcDbLine
 10
169.237241
 20
-123.9075
 30
0.0
 11
183.237241
 21
-123.9075
 31
0.0
  0
LINE
  5
19F
330
1F
100
AcDbEntity
  8
User.3
100
AcDbLine
 10
183.237241
 20
-123.9075
 30
0.0
 11
183.256375
 21
-123.911306
 31
0.0
  0
LINE
  5
1A0
330
1F
100
AcDbEntity
  8
User.3
100
AcDbLine
 10
270.856375
 20
-123.911306
 30
0.0
 11
270.883435
 21
-123.938366
 31
0.0
  0
LINE
  5
1A1
330
1F
100
AcDbEntity
  8
User.3
100
AcDbLine
 10
270.883435
 20
-123.938366
 30
0.0
 11
270.887241
 21
-123.9575
 31
0.0
  0
LINE
  5
1A2
330
1F
100
AcDbEntity
  8
User.3
100
AcDbLine
 10
270.887241
 20
-123.9575
 30
0.0
 11
270.887241
 21
-137.9575
 31
0.0
  0
LINE
  5
1A3
330
1F
100
AcDbEntity
  8
User.3
100
AcDbLine
 10
270.887241
 20
-137.9575
 30
0.0
 11
270.883435
 21
-137.976634
 31
0.0
  0
LINE
  5
1A4
330
1F
100
AcDbEntity
  8
User.3
100
AcDbLine
 10
270.883435
 20
-137.976634
 30
0.0
 11
270.856375
 21
-138.003694
 31
0.0
  0
LINE
  5
1A5
330
1F
100
AcDbEntity
  8
User.3
100
AcDbLine
 10
270.856375
 20
-138.003694
 30
0.0
 11
270.837241
 21
-138.0075
 31
0.0
  0
LINE
  5
1A6
330
1F
100
AcDbEntity
  8
User.3
100
AcDbLine
 10
270.837241
 20
-138.0075
 30
0.0
 11
256.8372410000001
 21
-138.0075
 31
0.0
  0
LINE
  5
1A7
330
1F
100
AcDbEntity
  8
User.3
100
AcDbLine
 10
256.8372410000001
 20
-138.0075
 30
0.0
 11
256.8181069999999
 21
-138.003694
 31
0.0
  0
LINE
  5
1A8
330
1F
100
AcDbEntity
  8
User.3
100
AcDbLine
 10
256.8181069999999
 20
-138.003694
 30
0.0
 11
256.791047
 21
-137.976634
 31
0.0
  0
LINE
  5
1A9
330
1F
100
AcDbEntity
  8
User.3
100
AcDbLine
 10
256.791047
 20
-137.976634
 30
0.0
 11
256.7872409999999
 21
-137.9575
 31
0.0
  0
LINE
  5
1AA
330
1F
100
AcDbEntity
  8
User.3
100
AcDbLine
 10
256.7872409999999
 20
-137.9575
 30
0.0
 11
256.7872409999999
 21
-123.9575
 31
0.0
  0
LINE
  5
1AB
330
1F
100
AcDbEntity
  8
User.3
100
AcDbLine
 10
256.7872409999999
 20
-123.9575
 30
0.0
 11
256.791047
 21
-123.938366
 31
0.0
  0
LINE
  5
1AC
330
1F
100
AcDbEntity
  8
User.3
100
AcDbLine
 10
256.791047
 20
-123.938366
 30
0.0
 11
256.8181069999999
 21
-123.911306
 31
0.0
  0
LINE
  5
1AD
330
1F
100
AcDbEntity
  8
User.3
100
AcDbLine
 10
256.8181069999999
 20
-123.911306
 30
0.0
 11
256.8372410000001
 21
-123.9075
 31
0.0
  0
LINE
  5
1AE
330
1F
100
AcDbEntity
  8
User.3
100
AcDbLine
 10
256.8372410000001
 20
-123.9075
 30
0.0
 11
270.837241
 21
-123.9075
 31
0.0
  0
LINE
  5
1AF
330
1F
100
AcDbEntity
  8
User.3
100
AcDbLine
 10
270.837241
 20
-123.9075
 30
0.0
 11
270.856375
 21
-123.911306
 31
0.0
  0
LINE
  5
1B0
330
1F
100
AcDbEntity
  8
User.3
100
AcDbLine
 10
347.056375
 20
-123.911306
 30
0.0
 11
347.083435
 21
-123.938366
 31
0.0
  0
LINE
  5
1B1
330
1F
100
AcDbEntity
  8
User.3
100
AcDbLine
 10
347.083435
 20
-123.938366
 30
0.0
 11
347.087241
 21
-123.9575
 31
0.0
  0
LINE
  5
1B2
330
1F
100
AcDbEntity
  8
User.3
100
AcDbLine
 10
347.087241
 20
-123.9575
 30
0.0
 11
347.087241
 21
-137.9575
 31
0.0
  0
LINE
  5
1B3
330
1F
100
AcDbEntity
  8
User.3
100
AcDbLine
 10
347.087241
 20
-137.9575
 30
0.0
 11
347.083435
 21
-137.976634
 31
0.0
  0
LINE
  5
1B4
330
1F
100
AcDbEntity
  8
User.3
100
AcDbLine
 10
347.083435
 20
-137.976634
 30
0.0
 11
347.056375
 21
-138.003694
 31
0.0
  0
LINE
  5
1B5
330
1F
100
AcDbEntity
  8
User.3
100
AcDbLine
 10
347.056375
 20
-138.003694
 30
0.0
 11
347.037241
 21
-138.0075
 31
0.0
  0
LINE
  5
1B6
330
1F
100
AcDbEntity
  8
User.3
100
AcDbLine
 10
347.037241
 20
-138.0075
 30
0.0
 11
333.037241
 21
-138.0075
 31
0.0
  0
LINE
  5
1B7
330
1F
100
AcDbEntity
  8
User.3
100
AcDbLine
 10
333.037241
 20
-138.0075
 30
0.0
 11
333.018107
 21
-138.003694
 31
0.0
  0
LINE
  5
1B8
330
1F
100
AcDbEntity
  8
User.3
100
AcDbLine
 10
333.018107
 20
-138.003694
 30
0.0
 11
332.991047
 21
-137.976634
 31
0.0
  0
LINE
  5
1B9
330
1F
100
AcDbEntity
  8
User.3
100
AcDbLine
 10
332.991047
 20
-137.976634
 30
0.0
 11
332.987241
 21
-137.9575
 31
0.0
  0
LINE
  5
1BA
330
1F
100
AcDbEntity
  8
User.3
100
AcDbLine
 10
332.987241
 20
-137.9575
 30
0.0
 11
332.987241
 21
-123.9575
 31
0.0
  0
LINE
  5
1BB
330
1F
100
AcDbEntity
  8
User.3
100
AcDbLine
 10
332.987241
 20
-123.9575
 30
0.0
 11
332.991047
 21
-123.938366
 31
0.0
  0
LINE
  5
1BC
330
1F
100
AcDbEntity
  8
User.3
100
AcDbLine
 10
332.991047
 20
-123.938366
 30
0.0
 11
333.018107
 21
-123.911306
 31
0.0
  0
LINE
  5
1BD
330
1F
100
AcDbEntity
  8
User.3
100
AcDbLine
 10
333.018107
 20
-123.911306
 30
0.0
 11
333.037241
 21
-123.9075
 31
0.0
  0
LINE
  5
1BE
330
1F
100
AcDbEntity
  8
User.3
100
AcDbLine
 10
333.037241
 20
-123.9075
 30
0.0
 11
347.037241
 21
-123.9075
 31
0.0
  0
LINE
  5
1BF
330
1F
100
AcDbEntity
  8
User.3
100
AcDbLine
 10
347.037241
 20
-123.9075
 30
0.0
 11
347.056375
 21
-123.911306
 31
0.0
  0
LINE
  5
1C0
330
1F
100
AcDbEntity
  8
User.3
100
AcDbLine
 10
126.106375
 20
-119.148806
 30
0.0
 11
126.133435
 21
-119.175866
 31
0.0
  0
LINE
  5
1C1
330
1F
100
AcDbEntity
  8
User.3
100
AcDbLine
 10
126.133435
 20
-119.175866
 30
0.0
 11
126.137241
 21
-119.195
 31
0.0
  0
LINE
  5
1C2
330
1F
100
AcDbEntity
  8
User.3
100
AcDbLine
 10
126.137241
 20
-119.195
 30
0.0
 11
126.137241
 21
-133.195
 31
0.0
  0
LINE
  5
1C3
330
1F
100
AcDbEntity
  8
User.3
100
AcDbLine
 10
126.137241
 20
-133.195
 30
0.0
 11
126.133435
 21
-133.214134
 31
0.0
  0
LINE
  5
1C4
330
1F
100
AcDbEntity
  8
User.3
100
AcDbLine
 10
126.133435
 20
-133.214134
 30
0.0
 11
126.106375
 21
-133.241194
 31
0.0
  0
LINE
  5
1C5
330
1F
100
AcDbEntity
  8
User.3
100
AcDbLine
 10
126.106375
 20
-133.241194
 30
0.0
 11
126.087241
 21
-133.245
 31
0.0
  0
LINE
  5
1C6
330
1F
100
AcDbEntity
  8
User.3
100
AcDbLine
 10
126.087241
 20
-133.245
 30
0.0
 11
112.087241
 21
-133.245
 31
0.0
  0
LINE
  5
1C7
330
1F
100
AcDbEntity
  8
User.3
100
AcDbLine
 10
112.087241
 20
-133.245
 30
0.0
 11
112.068107
 21
-133.241194
 31
0.0
  0
LINE
  5
1C8
330
1F
100
AcDbEntity
  8
User.3
100
AcDbLine
 10
112.068107
 20
-133.241194
 30
0.0
 11
112.041047
 21
-133.214134
 31
0.0
  0
LINE
  5
1C9
330
1F
100
AcDbEntity
  8
User.3
100
AcDbLine
 10
112.041047
 20
-133.214134
 30
0.0
 11
112.037241
 21
-133.195
 31
0.0
  0
LINE
  5
1CA
330
1F
100
AcDbEntity
  8
User.3
100
AcDbLine
 10
112.037241
 20
-133.195
 30
0.0
 11
112.037241
 21
-119.195
 31
0.0
  0
LINE
  5
1CB
330
1F
100
AcDbEntity
  8
User.3
100
AcDbLine
 10
112.037241
 20
-119.195
 30
0.0
 11
112.041047
 21
-119.175866
 31
0.0
  0
LINE
  5
1CC
330
1F
100
AcDbEntity
  8
User.3
100
AcDbLine
 10
112.041047
 20
-119.175866
 30
0.0
 11
112.068107
 21
-119.148806
 31
0.0
  0
LINE
  5
1CD
330
1F
100
AcDbEntity
  8
User.3
100
AcDbLine
 10
112.068107
 20
-119.148806
 30
0.0
 11
112.087241
 21
-119.145
 31
0.0
  0
LINE
  5
1CE
330
1F
100
AcDbEntity
  8
User.3
100
AcDbLine
 10
112.087241
 20
-119.145
 30
0.0
 11
126.087241
 21
-119.145
 31
0.0
  0
LINE
  5
1CF
330
1F
100
AcDbEntity
  8
User.3
100
AcDbLine
 10
126.087241
 20
-119.145
 30
0.0
 11
126.106375
 21
-119.148806
 31
0.0
  0
LINE
  5
1D0
330
1F
100
AcDbEntity
  8
User.3
100
AcDbLine
 10
164.206375
 20
-119.148806
 30
0.0
 11
164.233435
 21
-119.175866
 31
0.0
  0
LINE
  5
1D1
330
1F
100
AcDbEntity
  8
User.3
100
AcDbLine
 10
164.233435
 20
-119.175866
 30
0.0
 11
164.237241
 21
-119.195
 31
0.0
  0
LINE
  5
1D2
330
1F
100
AcDbEntity
  8
User.3
100
AcDbLine
 10
164.237241
 20
-119.195
 30
0.0
 11
164.237241
 21
-133.195
 31
0.0
  0
LINE
  5
1D3
330
1F
100
AcDbEntity
  8
User.3
100
AcDbLine
 10
164.237241
 20
-133.195
 30
0.0
 11
164.233435
 21
-133.214134
 31
0.0
  0
LINE
  5
1D4
330
1F
100
AcDbEntity
  8
User.3
100
AcDbLine
 10
164.233435
 20
-133.214134
 30
0.0
 11
164.206375
 21
-133.241194
 31
0.0
  0
LINE
  5
1D5
330
1F
100
AcDbEntity
  8
User.3
100
AcDbLine
 10
164.206375
 20
-133.241194
 30
0.0
 11
164.187241
 21
-133.245
 31
0.0
  0
LINE
  5
1D6
330
1F
100
AcDbEntity
  8
User.3
100
AcDbLine
 10
164.187241
 20
-133.245
 30
0.0
 11
150.187241
 21
-133.245
 31
0.0
  0
LINE
  5
1D7
330
1F
100
AcDbEntity
  8
User.3
100
AcDbLine
 10
150.187241
 20
-133.245
 30
0.0
 11
150.168107
 21
-133.241194
 31
0.0
  0
LINE
  5
1D8
330
1F
100
AcDbEntity
  8
User.3
100
AcDbLine
 10
150.168107
 20
-133.241194
 30
0.0
 11
150.141047
 21
-133.214134
 31
0.0
  0
LINE
  5
1D9
330
1F
100
AcDbEntity
  8
User.3
100
AcDbLine
 10
150.141047
 20
-133.214134
 30
0.0
 11
150.137241
 21
-133.195
 31
0.0
  0
LINE
  5
1DA
330
1F
100
AcDbEntity
  8
User.3
100
AcDbLine
 10
150.137241
 20
-133.195
 30
0.0
 11
150.137241
 21
-119.195
 31
0.0
  0
LINE
  5
1DB
330
1F
100
AcDbEntity
  8
User.3
100
AcDbLine
 10
150.137241
 20
-119.195
 30
0.0
 11
150.141047
 21
-119.175866
 31
0.0
  0
LINE
  5
1DC
330
1F
100
AcDbEntity
  8
User.3
100
AcDbLine
 10
150.141047
 20
-119.175866
 30
0.0
 11
150.168107
 21
-119.148806
 31
0.0
  0
LINE
  5
1DD
330
1F
100
AcDbEntity
  8
User.3
100
AcDbLine
 10
150.168107
 20
-119.148806
 30
0.0
 11
150.187241
 21
-119.145
 31
0.0
  0
LINE
  5
1DE
330
1F
100
AcDbEntity
  8
User.3
100
AcDbLine
 10
150.187241
 20
-119.145
 30
0.0
 11
164.187241
 21
-119.145
 31
0.0
  0
LINE
  5
1DF
330
1F
100
AcDbEntity
  8
User.3
100
AcDbLine
 10
164.187241
 20
-119.145
 30
0.0
 11
164.206375
 21
-119.148806
 31
0.0
  0
LINE
  5
1E0
330
1F
100
AcDbEntity
  8
User.3
100
AcDbLine
 10
289.906375
 20
-119.148806
 30
0.0
 11
289.933435
 21
-119.175866
 31
0.0
  0
LINE
  5
1E1
330
1F
100
AcDbEntity
  8
User.3
100
AcDbLine
 10
289.933435
 20
-119.175866
 30
0.0
 11
289.937241
 21
-119.195
 31
0.0
  0
LINE
  5
1E2
330
1F
100
AcDbEntity
  8
User.3
100
AcDbLine
 10
289.937241
 20
-119.195
 30
0.0
 11
289.937241
 21
-133.195
 31
0.0
  0
LINE
  5
1E3
330
1F
100
AcDbEntity
  8
User.3
100
AcDbLine
 10
289.937241
 20
-133.195
 30
0.0
 11
289.933435
 21
-133.214134
 31
0.0
  0
LINE
  5
1E4
330
1F
100
AcDbEntity
  8
User.3
100
AcDbLine
 10
289.933435
 20
-133.214134
 30
0.0
 11
289.906375
 21
-133.241194
 31
0.0
  0
LINE
  5
1E5
330
1F
100
AcDbEntity
  8
User.3
100
AcDbLine
 10
289.906375
 20
-133.241194
 30
0.0
 11
289.887241
 21
-133.245
 31
0.0
  0
LINE
  5
1E6
330
1F
100
AcDbEntity
  8
User.3
100
AcDbLine
 10
289.887241
 20
-133.245
 30
0.0
 11
275.887241
 21
-133.245
 31
0.0
  0
LINE
  5
1E7
330
1F
100
AcDbEntity
  8
User.3
100
AcDbLine
 10
275.887241
 20
-133.245
 30
0.0
 11
275.868107
 21
-133.241194
 31
0.0
  0
LINE
  5
1E8
330
1F
100
AcDbEntity
  8
User.3
100
AcDbLine
 10
275.868107
 20
-133.241194
 30
0.0
 11
275.841047
 21
-133.214134
 31
0.0
  0
LINE
  5
1E9
330
1F
100
AcDbEntity
  8
User.3
100
AcDbLine
 10
275.841047
 20
-133.214134
 30
0.0
 11
275.8372409999999
 21
-133.195
 31
0.0
  0
LINE
  5
1EA
330
1F
100
AcDbEntity
  8
User.3
100
AcDbLine
 10
275.8372409999999
 20
-133.195
 30
0.0
 11
275.8372409999999
 21
-119.195
 31
0.0
  0
LINE
  5
1EB
330
1F
100
AcDbEntity
  8
User.3
100
AcDbLine
 10
275.8372409999999
 20
-119.195
 30
0.0
 11
275.841047
 21
-119.175866
 31
0.0
  0
LINE
  5
1EC
330
1F
100
AcDbEntity
  8
User.3
100
AcDbLine
 10
275.841047
 20
-119.175866
 30
0.0
 11
275.868107
 21
-119.148806
 31
0.0
  0
LINE
  5
1ED
330
1F
100
AcDbEntity
  8
User.3
100
AcDbLine
 10
275.868107
 20
-119.148806
 30
0.0
 11
275.887241
 21
-119.145
 31
0.0
  0
LINE
  5
1EE
330
1F
100
AcDbEntity
  8
User.3
100
AcDbLine
 10
275.887241
 20
-119.145
 30
0.0
 11
289.887241
 21
-119.145
 31
0.0
  0
LINE
  5
1EF
330
1F
100
AcDbEntity
  8
User.3
100
AcDbLine
 10
289.887241
 20
-119.145
 30
0.0
 11
289.906375
 21
-119.148806
 31
0.0
  0
LINE
  5
1F0
330
1F
100
AcDbEntity
  8
User.3
100
AcDbLine
 10
328.006375
 20
-119.148806
 30
0.0
 11
328.033435
 21
-119.175866
 31
0.0
  0
LINE
  5
1F1
330
1F
100
AcDbEntity
  8
User.3
100
AcDbLine
 10
328.033435
 20
-119.175866
 30
0.0
 11
328.037241
 21
-119.195
 31
0.0
  0
LINE
  5
1F2
330
1F
100
AcDbEntity
  8
User.3
100
AcDbLine
 10
328.037241
 20
-119.195
 30
0.0
 11
328.037241
 21
-133.195
 31
0.0
  0
LINE
  5
1F3
330
1F
100
AcDbEntity
  8
User.3
100
AcDbLine
 10
328.037241
 20
-133.195
 30
0.0
 11
328.033435
 21
-133.214134
 31
0.0
  0
LINE
  5
1F4
330
1F
100
AcDbEntity
  8
User.3
100
AcDbLine
 10
328.033435
 20
-133.214134
 30
0.0
 11
328.006375
 21
-133.241194
 31
0.0
  0
LINE
  5
1F5
330
1F
100
AcDbEntity
  8
User.3
100
AcDbLine
 10
328.006375
 20
-133.241194
 30
0.0
 11
327.987241
 21
-133.245
 31
0.0
  0
LINE
  5
1F6
330
1F
100
AcDbEntity
  8
User.3
100
AcDbLine
 10
327.987241
 20
-133.245
 30
0.0
 11
313.987241
 21
-133.245
 31
0.0
  0
LINE
  5
1F7
330
1F
100
AcDbEntity
  8
User.3
100
AcDbLine
 10
313.987241
 20
-133.245
 30
0.0
 11
313.968107
 21
-133.241194
 31
0.0
  0
LINE
  5
1F8
330
1F
100
AcDbEntity
  8
User.3
100
AcDbLine
 10
313.968107
 20
-133.241194
 30
0.0
 11
313.941047
 21
-133.214134
 31
0.0
  0
LINE
  5
1F9
330
1F
100
AcDbEntity
  8
User.3
100
AcDbLine
 10
313.941047
 20
-133.214134
 30
0.0
 11
313.937241
 21
-133.195
 31
0.0
  0
LINE
  5
1FA
330
1F
100
AcDbEntity
  8
User.3
100
AcDbLine
 10
313.937241
 20
-133.195
 30
0.0
 11
313.937241
 21
-119.195
 31
0.0
  0
LINE
  5
1FB
330
1F
100
AcDbEntity
  8
User.3
100
AcDbLine
 10
313.937241
 20
-119.195
 30
0.0
 11
313.941047
 21
-119.175866
 31
0.0
  0
LINE
  5
1FC
330
1F
100
AcDbEntity
  8
User.3
100
AcDbLine
 10
313.941047
 20
-119.175866
 30
0.0
 11
313.968107
 21
-119.148806
 31
0.0
  0
LINE
  5
1FD
330
1F
100
AcDbEntity
  8
User.3
100
AcDbLine
 10
313.968107
 20
-119.148806
 30
0.0
 11
313.987241
 21
-119.145
 31
0.0
  0
LINE
  5
1FE
330
1F
100
AcDbEntity
  8
User.3
100
AcDbLine
 10
313.987241
 20
-119.145
 30
0.0
 11
327.987241
 21
-119.145
 31
0.0
  0
LINE
  5
1FF
330
1F
100
AcDbEntity
  8
User.3
100
AcDbLine
 10
327.987241
 20
-119.145
 30
0.0
 11
328.006375
 21
-119.148806
 31
0.0
  0
LINE
  5
200
330
1F
100
AcDbEntity
  8
User.3
100
AcDbLine
 10
88.00637499999999
 20
-114.386306
 30
0.0
 11
88.033435
 21
-114.413366
 31
0.0
  0
LINE
  5
201
330
1F
100
AcDbEntity
  8
User.3
100
AcDbLine
 10
88.033435
 20
-114.413366
 30
0.0
 11
88.03724100000001
 21
-114.4325
 31
0.0
  0
LINE
  5
202
330
1F
100
AcDbEntity
  8
User.3
100
AcDbLine
 10
88.03724100000001
 20
-114.4325
 30
0.0
 11
88.03724100000001
 21
-128.4325
 31
0.0
  0
LINE
  5
203
330
1F
100
AcDbEntity
  8
User.3
100
AcDbLine
 10
88.03724100000001
 20
-128.4325
 30
0.0
 11
88.033435
 21
-128.451634
 31
0.0
  0
LINE
  5
204
330
1F
100
AcDbEntity
  8
User.3
100
AcDbLine
 10
88.033435
 20
-128.451634
 30
0.0
 11
88.00637499999999
 21
-128.478694
 31
0.0
  0
LINE
  5
205
330
1F
100
AcDbEntity
  8
User.3
100
AcDbLine
 10
88.00637499999999
 20
-128.478694
 30
0.0
 11
87.987241
 21
-128.4825
 31
0.0
  0
LINE
  5
206
330
1F
100
AcDbEntity
  8
User.3
100
AcDbLine
 10
87.987241
 20
-128.4825
 30
0.0
 11
73.987241
 21
-128.4825
 31
0.0
  0
LINE
  5
207
330
1F
100
AcDbEntity
  8
User.3
100
AcDbLine
 10
73.987241
 20
-128.4825
 30
0.0
 11
73.96810699999999
 21
-128.478694
 31
0.0
  0
LINE
  5
208
330
1F
100
AcDbEntity
  8
User.3
100
AcDbLine
 10
73.96810699999999
 20
-128.478694
 30
0.0
 11
73.941047
 21
-128.451634
 31
0.0
  0
LINE
  5
209
330
1F
100
AcDbEntity
  8
User.3
100
AcDbLine
 10
73.941047
 20
-128.451634
 30
0.0
 11
73.937241
 21
-128.4325
 31
0.0
  0
LINE
  5
20A
330
1F
100
AcDbEntity
  8
User.3
100
AcDbLine
 10
73.937241
 20
-128.4325
 30
0.0
 11
73.937241
 21
-114.4325
 31
0.0
  0
LINE
  5
20B
330
1F
100
AcDbEntity
  8
User.3
100
AcDbLine
 10
73.937241
 20
-114.4325
 30
0.0
 11
73.941047
 21
-114.413366
 31
0.0
  0
LINE
  5
20C
330
1F
100
AcDbEntity
  8
User.3
100
AcDbLine
 10
73.941047
 20
-114.413366
 30
0.0
 11
73.96810699999999
 21
-114.386306
 31
0.0
  0
LINE
  5
20D
330
1F
100
AcDbEntity
  8
User.3
100
AcDbLine
 10
73.96810699999999
 20
-114.386306
 30
0.0
 11
73.987241
 21
-114.3825
 31
0.0
  0
LINE
  5
20E
330
1F
100
AcDbEntity
  8
User.3
100
AcDbLine
 10
73.987241
 20
-114.3825
 30
0.0
 11
87.987241
 21
-114.3825
 31
0.0
  0
LINE
  5
20F
330
1F
100
AcDbEntity
  8
User.3
100
AcDbLine
 10
87.987241
 20
-114.3825
 30
0.0
 11
88.00637499999999
 21
-114.386306
 31
0.0
  0
LINE
  5
210
330
1F
100
AcDbEntity
  8
User.3
100
AcDbLine
 10
145.156375
 20
-114.386306
 30
0.0
 11
145.183435
 21
-114.413366
 31
0.0
  0
LINE
  5
211
330
1F
100
AcDbEntity
  8
User.3
100
AcDbLine
 10
145.183435
 20
-114.413366
 30
0.0
 11
145.187241
 21
-114.4325
 31
0.0
  0
LINE
  5
212
330
1F
100
AcDbEntity
  8
User.3
100
AcDbLine
 10
145.187241
 20
-114.4325
 30
0.0
 11
145.187241
 21
-128.4325
 31
0.0
  0
LINE
  5
213
330
1F
100
AcDbEntity
  8
User.3
100
AcDbLine
 10
145.187241
 20
-128.4325
 30
0.0
 11
145.183435
 21
-128.451634
 31
0.0
  0
LINE
  5
214
330
1F
100
AcDbEntity
  8
User.3
100
AcDbLine
 10
145.183435
 20
-128.451634
 30
0.0
 11
145.156375
 21
-128.478694
 31
0.0
  0
LINE
  5
215
330
1F
100
AcDbEntity
  8
User.3
100
AcDbLine
 10
145.156375
 20
-128.478694
 30
0.0
 11
145.137241
 21
-128.4825
 31
0.0
  0
LINE
  5
216
330
1F
100
AcDbEntity
  8
User.3
100
AcDbLine
 10
145.137241
 20
-128.4825
 30
0.0
 11
131.137241
 21
-128.4825
 31
0.0
  0
LINE
  5
217
330
1F
100
AcDbEntity
  8
User.3
100
AcDbLine
 10
131.137241
 20
-128.4825
 30
0.0
 11
131.118107
 21
-128.478694
 31
0.0
  0
LINE
  5
218
330
1F
100
AcDbEntity
  8
User.3
100
AcDbLine
 10
131.118107
 20
-128.478694
 30
0.0
 11
131.091047
 21
-128.451634
 31
0.0
  0
LINE
  5
219
330
1F
100
AcDbEntity
  8
User.3
100
AcDbLine
 10
131.091047
 20
-128.451634
 30
0.0
 11
131.087241
 21
-128.4325
 31
0.0
  0
LINE
  5
21A
330
1F
100
AcDbEntity
  8
User.3
100
AcDbLine
 10
131.087241
 20
-128.4325
 30
0.0
 11
131.087241
 21
-114.4325
 31
0.0
  0
LINE
  5
21B
330
1F
100
AcDbEntity
  8
User.3
100
AcDbLine
 10
131.087241
 20
-114.4325
 30
0.0
 11
131.091047
 21
-114.413366
 31
0.0
  0
LINE
  5
21C
330
1F
100
AcDbEntity
  8
User.3
100
AcDbLine
 10
131.091047
 20
-114.413366
 30
0.0
 11
131.118107
 21
-114.386306
 31
0.0
  0
LINE
  5
21D
330
1F
100
AcDbEntity
  8
User.3
100
AcDbLine
 10
131.118107
 20
-114.386306
 30
0.0
 11
131.137241
 21
-114.3825
 31
0.0
  0
LINE
  5
21E
330
1F
100
AcDbEntity
  8
User.3
100
AcDbLine
 10
131.137241
 20
-114.3825
 30
0.0
 11
145.137241
 21
-114.3825
 31
0.0
  0
LINE
  5
21F
330
1F
100
AcDbEntity
  8
User.3
100
AcDbLine
 10
145.137241
 20
-114.3825
 30
0.0
 11
145.156375
 21
-114.386306
 31
0.0
  0
LINE
  5
220
330
1F
100
AcDbEntity
  8
User.3
100
AcDbLine
 10
308.956375
 20
-114.386306
 30
0.0
 11
308.983435
 21
-114.413366
 31
0.0
  0
LINE
  5
221
330
1F
100
AcDbEntity
  8
User.3
100
AcDbLine
 10
308.983435
 20
-114.413366
 30
0.0
 11
308.987241
 21
-114.4325
 31
0.0
  0
LINE
  5
222
330
1F
100
AcDbEntity
  8
User.3
100
AcDbLine
 10
308.987241
 20
-114.4325
 30
0.0
 11
308.987241
 21
-128.4325
 31
0.0
  0
LINE
  5
223
330
1F
100
AcDbEntity
  8
User.3
100
AcDbLine
 10
308.987241
 20
-128.4325
 30
0.0
 11
308.983435
 21
-128.451634
 31
0.0
  0
LINE
  5
224
330
1F
100
AcDbEntity
  8
User.3
100
AcDbLine
 10
308.983435
 20
-128.451634
 30
0.0
 11
308.956375
 21
-128.478694
 31
0.0
  0
LINE
  5
225
330
1F
100
AcDbEntity
  8
User.3
100
AcDbLine
 10
308.956375
 20
-128.478694
 30
0.0
 11
308.937241
 21
-128.4825
 31
0.0
  0
LINE
  5
226
330
1F
100
AcDbEntity
  8
User.3
100
AcDbLine
 10
308.937241
 20
-128.4825
 30
0.0
 11
294.937241
 21
-128.4825
 31
0.0
  0
LINE
  5
227
330
1F
100
AcDbEntity
  8
User.3
100
AcDbLine
 10
294.937241
 20
-128.4825
 30
0.0
 11
294.918107
 21
-128.478694
 31
0.0
  0
LINE
  5
228
330
1F
100
AcDbEntity
  8
User.3
100
AcDbLine
 10
294.918107
 20
-128.478694
 30
0.0
 11
294.891047
 21
-128.451634
 31
0.0
  0
LINE
  5
229
330
1F
100
AcDbEntity
  8
User.3
100
AcDbLine
 10
294.891047
 20
-128.451634
 30
0.0
 11
294.887241
 21
-128.4325
 31
0.0
  0
LINE
  5
22A
330
1F
100
AcDbEntity
  8
User.3
100
AcDbLine
 10
294.887241
 20
-128.4325
 30
0.0
 11
294.887241
 21
-114.4325
 31
0.0
  0
LINE
  5
22B
330
1F
100
AcDbEntity
  8
User.3
100
AcDbLine
 10
294.887241
 20
-114.4325
 30
0.0
 11
294.891047
 21
-114.413366
 31
0.0
  0
LINE
  5
22C
330
1F
100
AcDbEntity
  8
User.3
100
AcDbLine
 10
294.891047
 20
-114.413366
 30
0.0
 11
294.918107
 21
-114.386306
 31
0.0
  0
LINE
  5
22D
330
1F
100
AcDbEntity
  8
User.3
100
AcDbLine
 10
294.918107
 20
-114.386306
 30
0.0
 11
294.937241
 21
-114.3825
 31
0.0
  0
LINE
  5
22E
330
1F
100
AcDbEntity
  8
User.3
100
AcDbLine
 10
294.937241
 20
-114.3825
 30
0.0
 11
308.937241
 21
-114.3825
 31
0.0
  0
LINE
  5
22F
330
1F
100
AcDbEntity
  8
User.3
100
AcDbLine
 10
308.937241
 20
-114.3825
 30
0.0
 11
308.956375
 21
-114.386306
 31
0.0
  0
LINE
  5
230
330
1F
100
AcDbEntity
  8
User.3
100
AcDbLine
 10
366.106375
 20
-114.386306
 30
0.0
 11
366.133435
 21
-114.413366
 31
0.0
  0
LINE
  5
231
330
1F
100
AcDbEntity
  8
User.3
100
AcDbLine
 10
366.133435
 20
-114.413366
 30
0.0
 11
366.137241
 21
-114.4325
 31
0.0
  0
LINE
  5
232
330
1F
100
AcDbEntity
  8
User.3
100
AcDbLine
 10
366.137241
 20
-114.4325
 30
0.0
 11
366.137241
 21
-128.4325
 31
0.0
  0
LINE
  5
233
330
1F
100
AcDbEntity
  8
User.3
100
AcDbLine
 10
366.137241
 20
-128.4325
 30
0.0
 11
366.133435
 21
-128.451634
 31
0.0
  0
LINE
  5
234
330
1F
100
AcDbEntity
  8
User.3
100
AcDbLine
 10
366.133435
 20
-128.451634
 30
0.0
 11
366.106375
 21
-128.478694
 31
0.0
  0
LINE
  5
235
330
1F
100
AcDbEntity
  8
User.3
100
AcDbLine
 10
366.106375
 20
-128.478694
 30
0.0
 11
366.087241
 21
-128.4825
 31
0.0
  0
LINE
  5
236
330
1F
100
AcDbEntity
  8
User.3
100
AcDbLine
 10
366.087241
 20
-128.4825
 30
0.0
 11
352.087241
 21
-128.4825
 31
0.0
  0
LINE
  5
237
330
1F
100
AcDbEntity
  8
User.3
100
AcDbLine
 10
352.087241
 20
-128.4825
 30
0.0
 11
352.0681069999999
 21
-128.478694
 31
0.0
  0
LINE
  5
238
330
1F
100
AcDbEntity
  8
User.3
100
AcDbLine
 10
352.0681069999999
 20
-128.478694
 30
0.0
 11
352.041047
 21
-128.451634
 31
0.0
  0
LINE
  5
239
330
1F
100
AcDbEntity
  8
User.3
100
AcDbLine
 10
352.041047
 20
-128.451634
 30
0.0
 11
352.037241
 21
-128.4325
 31
0.0
  0
LINE
  5
23A
330
1F
100
AcDbEntity
  8
User.3
100
AcDbLine
 10
352.037241
 20
-128.4325
 30
0.0
 11
352.037241
 21
-114.4325
 31
0.0
  0
LINE
  5
23B
330
1F
100
AcDbEntity
  8
User.3
100
AcDbLine
 10
352.037241
 20
-114.4325
 30
0.0
 11
352.041047
 21
-114.413366
 31
0.0
  0
LINE
  5
23C
330
1F
100
AcDbEntity
  8
User.3
100
AcDbLine
 10
352.041047
 20
-114.413366
 30
0.0
 11
352.0681069999999
 21
-114.386306
 31
0.0
  0
LINE
  5
23D
330
1F
100
AcDbEntity
  8
User.3
100
AcDbLine
 10
352.0681069999999
 20
-114.386306
 30
0.0
 11
352.087241
 21
-114.3825
 31
0.0
  0
LINE
  5
23E
330
1F
100
AcDbEntity
  8
User.3
100
AcDbLine
 10
352.087241
 20
-114.3825
 30
0.0
 11
366.087241
 21
-114.3825
 31
0.0
  0
LINE
  5
23F
330
1F
100
AcDbEntity
  8
User.3
100
AcDbLine
 10
366.087241
 20
-114.3825
 30
0.0
 11
366.106375
 21
-114.386306
 31
0.0
  0
LINE
  5
240
330
1F
100
AcDbEntity
  8
User.3
100
AcDbLine
 10
107.056375
 20
-104.861306
 30
0.0
 11
107.083435
 21
-104.888366
 31
0.0
  0
LINE
  5
241
330
1F
100
AcDbEntity
  8
User.3
100
AcDbLine
 10
107.083435
 20
-104.888366
 30
0.0
 11
107.087241
 21
-104.9075
 31
0.0
  0
LINE
  5
242
330
1F
100
AcDbEntity
  8
User.3
100
AcDbLine
 10
107.087241
 20
-104.9075
 30
0.0
 11
107.087241
 21
-118.9075
 31
0.0
  0
LINE
  5
243
330
1F
100
AcDbEntity
  8
User.3
100
AcDbLine
 10
107.087241
 20
-118.9075
 30
0.0
 11
107.083435
 21
-118.926634
 31
0.0
  0
LINE
  5
244
330
1F
100
AcDbEntity
  8
User.3
100
AcDbLine
 10
107.083435
 20
-118.926634
 30
0.0
 11
107.056375
 21
-118.953694
 31
0.0
  0
LINE
  5
245
330
1F
100
AcDbEntity
  8
User.3
100
AcDbLine
 10
107.056375
 20
-118.953694
 30
0.0
 11
107.037241
 21
-118.9575
 31
0.0
  0
LINE
  5
246
330
1F
100
AcDbEntity
  8
User.3
100
AcDbLine
 10
107.037241
 20
-118.9575
 30
0.0
 11
93.03724100000001
 21
-118.9575
 31
0.0
  0
LINE
  5
247
330
1F
100
AcDbEntity
  8
User.3
100
AcDbLine
 10
93.03724100000001
 20
-118.9575
 30
0.0
 11
93.01810699999999
 21
-118.953694
 31
0.0
  0
LINE
  5
248
330
1F
100
AcDbEntity
  8
User.3
100
AcDbLine
 10
93.01810699999999
 20
-118.953694
 30
0.0
 11
92.991047
 21
-118.926634
 31
0.0
  0
LINE
  5
249
330
1F
100
AcDbEntity
  8
User.3
100
AcDbLine
 10
92.991047
 20
-118.926634
 30
0.0
 11
92.98724099999998
 21
-118.9075
 31
0.0
  0
LINE
  5
24A
330
1F
100
AcDbEntity
  8
User.3
100
AcDbLine
 10
92.98724099999998
 20
-118.9075
 30
0.0
 11
92.98724099999998
 21
-104.9075
 31
0.0
  0
LINE
  5
24B
330
1F
100
AcDbEntity
  8
User.3
100
AcDbLine
 10
92.98724099999998
 20
-104.9075
 30
0.0
 11
92.991047
 21
-104.888366
 31
0.0
  0
LINE
  5
24C
330
1F
100
AcDbEntity
  8
User.3
100
AcDbLine
 10
92.991047
 20
-104.888366
 30
0.0
 11
93.01810699999999
 21
-104.861306
 31
0.0
  0
LINE
  5
24D
330
1F
100
AcDbEntity
  8
User.3
100
AcDbLine
 10
93.01810699999999
 20
-104.861306
 30
0.0
 11
93.03724100000001
 21
-104.8575
 31
0.0
  0
LINE
  5
24E
330
1F
100
AcDbEntity
  8
User.3
100
AcDbLine
 10
93.03724100000001
 20
-104.8575
 30
0.0
 11
107.037241
 21
-104.8575
 31
0.0
  0
LINE
  5
24F
330
1F
100
AcDbEntity
  8
User.3
100
AcDbLine
 10
107.037241
 20
-104.8575
 30
0.0
 11
107.056375
 21
-104.861306
 31
0.0
  0
LINE
  5
250
330
1F
100
AcDbEntity
  8
User.3
100
AcDbLine
 10
183.256375
 20
-104.861306
 30
0.0
 11
183.283435
 21
-104.888366
 31
0.0
  0
LINE
  5
251
330
1F
100
AcDbEntity
  8
User.3
100
AcDbLine
 10
183.283435
 20
-104.888366
 30
0.0
 11
183.287241
 21
-104.9075
 31
0.0
  0
LINE
  5
252
330
1F
100
AcDbEntity
  8
User.3
100
AcDbLine
 10
183.287241
 20
-104.9075
 30
0.0
 11
183.287241
 21
-118.9075
 31
0.0
  0
LINE
  5
253
330
1F
100
AcDbEntity
  8
User.3
100
AcDbLine
 10
183.287241
 20
-118.9075
 30
0.0
 11
183.283435
 21
-118.926634
 31
0.0
  0
LINE
  5
254
330
1F
100
AcDbEntity
  8
User.3
100
AcDbLine
 10
183.283435
 20
-118.926634
 30
0.0
 11
183.256375
 21
-118.953694
 31
0.0
  0
LINE
  5
255
330
1F
100
AcDbEntity
  8
User.3
100
AcDbLine
 10
183.256375
 20
-118.953694
 30
0.0
 11
183.237241
 21
-118.9575
 31
0.0
  0
LINE
  5
256
330
1F
100
AcDbEntity
  8
User.3
100
AcDbLine
 10
183.237241
 20
-118.9575
 30
0.0
 11
169.237241
 21
-118.9575
 31
0.0
  0
LINE
  5
257
330
1F
100
AcDbEntity
  8
User.3
100
AcDbLine
 10
169.237241
 20
-118.9575
 30
0.0
 11
169.218107
 21
-118.953694
 31
0.0
  0
LINE
  5
258
330
1F
100
AcDbEntity
  8
User.3
100
AcDbLine
 10
169.218107
 20
-118.953694
 30
0.0
 11
169.191047
 21
-118.926634
 31
0.0
  0
LINE
  5
259
330
1F
100
AcDbEntity
  8
User.3
100
AcDbLine
 10
169.191047
 20
-118.926634
 30
0.0
 11
169.187241
 21
-118.9075
 31
0.0
  0
LINE
  5
25A
330
1F
100
AcDbEntity
  8
User.3
100
AcDbLine
 10
169.187241
 20
-118.9075
 30
0.0
 11
169.187241
 21
-104.9075
 31
0.0
  0
LINE
  5
25B
330
1F
100
AcDbEntity
  8
User.3
100
AcDbLine
 10
169.187241
 20
-104.9075
 30
0.0
 11
169.191047
 21
-104.888366
 31
0.0
  0
LINE
  5
25C
330
1F
100
AcDbEntity
  8
User.3
100
AcDbLine
 10
169.191047
 20
-104.888366
 30
0.0
 11
169.218107
 21
-104.861306
 31
0.0
  0
LINE
  5
25D
330
1F
100
AcDbEntity
  8
User.3
100
AcDbLine
 10
169.218107
 20
-104.861306
 30
0.0
 11
169.237241
 21
-104.8575
 31
0.0
  0
LINE
  5
25E
330
1F
100
AcDbEntity
  8
User.3
100
AcDbLine
 10
169.237241
 20
-104.8575
 30
0.0
 11
183.237241
 21
-104.8575
 31
0.0
  0
LINE
  5
25F
330
1F
100
AcDbEntity
  8
User.3
100
AcDbLine
 10
183.237241
 20
-104.8575
 30
0.0
 11
183.256375
 21
-104.861306
 31
0.0
  0
LINE
  5
260
330
1F
100
AcDbEntity
  8
User.3
100
AcDbLine
 10
270.856375
 20
-104.861306
 30
0.0
 11
270.883435
 21
-104.888366
 31
0.0
  0
LINE
  5
261
330
1F
100
AcDbEntity
  8
User.3
100
AcDbLine
 10
270.883435
 20
-104.888366
 30
0.0
 11
270.887241
 21
-104.9075
 31
0.0
  0
LINE
  5
262
330
1F
100
AcDbEntity
  8
User.3
100
AcDbLine
 10
270.887241
 20
-104.9075
 30
0.0
 11
270.887241
 21
-118.9075
 31
0.0
  0
LINE
  5
263
330
1F
100
AcDbEntity
  8
User.3
100
AcDbLine
 10
270.887241
 20
-118.9075
 30
0.0
 11
270.883435
 21
-118.926634
 31
0.0
  0
LINE
  5
264
330
1F
100
AcDbEntity
  8
User.3
100
AcDbLine
 10
270.883435
 20
-118.926634
 30
0.0
 11
270.856375
 21
-118.953694
 31
0.0
  0
LINE
  5
265
330
1F
100
AcDbEntity
  8
User.3
100
AcDbLine
 10
270.856375
 20
-118.953694
 30
0.0
 11
270.837241
 21
-118.9575
 31
0.0
  0
LINE
  5
266
330
1F
100
AcDbEntity
  8
User.3
100
AcDbLine
 10
270.837241
 20
-118.9575
 30
0.0
 11
256.8372410000001
 21
-118.9575
 31
0.0
  0
LINE
  5
267
330
1F
100
AcDbEntity
  8
User.3
100
AcDbLine
 10
256.8372410000001
 20
-118.9575
 30
0.0
 11
256.8181069999999
 21
-118.953694
 31
0.0
  0
LINE
  5
268
330
1F
100
AcDbEntity
  8
User.3
100
AcDbLine
 10
256.8181069999999
 20
-118.953694
 30
0.0
 11
256.791047
 21
-118.926634
 31
0.0
  0
LINE
  5
269
330
1F
100
AcDbEntity
  8
User.3
100
AcDbLine
 10
256.791047
 20
-118.926634
 30
0.0
 11
256.7872409999999
 21
-118.9075
 31
0.0
  0
LINE
  5
26A
330
1F
100
AcDbEntity
  8
User.3
100
AcDbLine
 10
256.7872409999999
 20
-118.9075
 30
0.0
 11
256.7872409999999
 21
-104.9075
 31
0.0
  0
LINE
  5
26B
330
1F
100
AcDbEntity
  8
User.3
100
AcDbLine
 10
256.7872409999999
 20
-104.9075
 30
0.0
 11
256.791047
 21
-104.888366
 31
0.0
  0
LINE
  5
26C
330
1F
100
AcDbEntity
  8
User.3
100
AcDbLine
 10
256.791047
 20
-104.888366
 30
0.0
 11
256.8181069999999
 21
-104.861306
 31
0.0
  0
LINE
  5
26D
330
1F
100
AcDbEntity
  8
User.3
100
AcDbLine
 10
256.8181069999999
 20
-104.861306
 30
0.0
 11
256.8372410000001
 21
-104.8575
 31
0.0
  0
LINE
  5
26E
330
1F
100
AcDbEntity
  8
User.3
100
AcDbLine
 10
256.8372410000001
 20
-104.8575
 30
0.0
 11
270.837241
 21
-104.8575
 31
0.0
  0
LINE
  5
26F
330
1F
100
AcDbEntity
  8
User.3
100
AcDbLine
 10
270.837241
 20
-104.8575
 30
0.0
 11
270.856375
 21
-104.861306
 31
0.0
  0
LINE
  5
270
330
1F
100
AcDbEntity
  8
User.3
100
AcDbLine
 10
347.056375
 20
-104.861306
 30
0.0
 11
347.083435
 21
-104.888366
 31
0.0
  0
LINE
  5
271
330
1F
100
AcDbEntity
  8
User.3
100
AcDbLine
 10
347.083435
 20
-104.888366
 30
0.0
 11
347.087241
 21
-104.9075
 31
0.0
  0
LINE
  5
272
330
1F
100
AcDbEntity
  8
User.3
100
AcDbLine
 10
347.087241
 20
-104.9075
 30
0.0
 11
347.087241
 21
-118.9075
 31
0.0
  0
LINE
  5
273
330
1F
100
AcDbEntity
  8
User.3
100
AcDbLine
 10
347.087241
 20
-118.9075
 30
0.0
 11
347.083435
 21
-118.926634
 31
0.0
  0
LINE
  5
274
330
1F
100
AcDbEntity
  8
User.3
100
AcDbLine
 10
347.083435
 20
-118.926634
 30
0.0
 11
347.056375
 21
-118.953694
 31
0.0
  0
LINE
  5
275
330
1F
100
AcDbEntity
  8
User.3
100
AcDbLine
 10
347.056375
 20
-118.953694
 30
0.0
 11
347.037241
 21
-118.9575
 31
0.0
  0
LINE
  5
276
330
1F
100
AcDbEntity
  8
User.3
100
AcDbLine
 10
347.037241
 20
-118.9575
 30
0.0
 11
333.037241
 21
-118.9575
 31
0.0
  0
LINE
  5
277
330
1F
100
AcDbEntity
  8
User.3
100
AcDbLine
 10
333.037241
 20
-118.9575
 30
0.0
 11
333.018107
 21
-118.953694
 31
0.0
  0
LINE
  5
278
330
1F
100
AcDbEntity
  8
User.3
100
AcDbLine
 10
333.018107
 20
-118.953694
 30
0.0
 11
332.991047
 21
-118.926634
 31
0.0
  0
LINE
  5
279
330
1F
100
AcDbEntity
  8
User.3
100
AcDbLine
 10
332.991047
 20
-118.926634
 30
0.0
 11
332.987241
 21
-118.9075
 31
0.0
  0
LINE
  5
27A
330
1F
100
AcDbEntity
  8
User.3
100
AcDbLine
 10
332.987241
 20
-118.9075
 30
0.0
 11
332.987241
 21
-104.9075
 31
0.0
  0
LINE
  5
27B
330
1F
100
AcDbEntity
  8
User.3
100
AcDbLine
 10
332.987241
 20
-104.9075
 30
0.0
 11
332.991047
 21
-104.888366
 31
0.0
  0
LINE
  5
27C
330
1F
100
AcDbEntity
  8
User.3
100
AcDbLine
 10
332.991047
 20
-104.888366
 30
0.0
 11
333.018107
 21
-104.861306
 31
0.0
  0
LINE
  5
27D
330
1F
100
AcDbEntity
  8
User.3
100
AcDbLine
 10
333.018107
 20
-104.861306
 30
0.0
 11
333.037241
 21
-104.8575
 31
0.0
  0
LINE
  5
27E
330
1F
100
AcDbEntity
  8
User.3
100
AcDbLine
 10
333.037241
 20
-104.8575
 30
0.0
 11
347.037241
 21
-104.8575
 31
0.0
  0
LINE
  5
27F
330
1F
100
AcDbEntity
  8
User.3
100
AcDbLine
 10
347.037241
 20
-104.8575
 30
0.0
 11
347.056375
 21
-104.861306
 31
0.0
  0
LINE
  5
280
330
1F
100
AcDbEntity
  8
User.3
100
AcDbLine
 10
126.106375
 20
-100.098806
 30
0.0
 11
126.133435
 21
-100.125866
 31
0.0
  0
LINE
  5
281
330
1F
100
AcDbEntity
  8
User.3
100
AcDbLine
 10
126.133435
 20
-100.125866
 30
0.0
 11
126.137241
 21
-100.145
 31
0.0
  0
LINE
  5
282
330
1F
100
AcDbEntity
  8
User.3
100
AcDbLine
 10
126.137241
 20
-100.145
 30
0.0
 11
126.137241
 21
-114.145
 31
0.0
  0
LINE
  5
283
330
1F
100
AcDbEntity
  8
User.3
100
AcDbLine
 10
126.137241
 20
-114.145
 30
0.0
 11
126.133435
 21
-114.164134
 31
0.0
  0
LINE
  5
284
330
1F
100
AcDbEntity
  8
User.3
100
AcDbLine
 10
126.133435
 20
-114.164134
 30
0.0
 11
126.106375
 21
-114.191194
 31
0.0
  0
LINE
  5
285
330
1F
100
AcDbEntity
  8
User.3
100
AcDbLine
 10
126.106375
 20
-114.191194
 30
0.0
 11
126.087241
 21
-114.195
 31
0.0
  0
LINE
  5
286
330
1F
100
AcDbEntity
  8
User.3
100
AcDbLine
 10
126.087241
 20
-114.195
 30
0.0
 11
112.087241
 21
-114.195
 31
0.0
  0
LINE
  5
287
330
1F
100
AcDbEntity
  8
User.3
100
AcDbLine
 10
112.087241
 20
-114.195
 30
0.0
 11
112.068107
 21
-114.191194
 31
0.0
  0
LINE
  5
288
330
1F
100
AcDbEntity
  8
User.3
100
AcDbLine
 10
112.068107
 20
-114.191194
 30
0.0
 11
112.041047
 21
-114.164134
 31
0.0
  0
LINE
  5
289
330
1F
100
AcDbEntity
  8
User.3
100
AcDbLine
 10
112.041047
 20
-114.164134
 30
0.0
 11
112.037241
 21
-114.145
 31
0.0
  0
LINE
  5
28A
330
1F
100
AcDbEntity
  8
User.3
100
AcDbLine
 10
112.037241
 20
-114.145
 30
0.0
 11
112.037241
 21
-100.145
 31
0.0
  0
LINE
  5
28B
330
1F
100
AcDbEntity
  8
User.3
100
AcDbLine
 10
112.037241
 20
-100.145
 30
0.0
 11
112.041047
 21
-100.125866
 31
0.0
  0
LINE
  5
28C
330
1F
100
AcDbEntity
  8
User.3
100
AcDbLine
 10
112.041047
 20
-100.125866
 30
0.0
 11
112.068107
 21
-100.098806
 31
0.0
  0
LINE
  5
28D
330
1F
100
AcDbEntity
  8
User.3
100
AcDbLine
 10
112.068107
 20
-100.098806
 30
0.0
 11
112.087241
 21
-100.095
 31
0.0
  0
LINE
  5
28E
330
1F
100
AcDbEntity
  8
User.3
100
AcDbLine
 10
112.087241
 20
-100.095
 30
0.0
 11
126.087241
 21
-100.095
 31
0.0
  0
LINE
  5
28F
330
1F
100
AcDbEntity
  8
User.3
100
AcDbLine
 10
126.087241
 20
-100.095
 30
0.0
 11
126.106375
 21
-100.098806
 31
0.0
  0
LINE
  5
290
330
1F
100
AcDbEntity
  8
User.3
100
AcDbLine
 10
164.206375
 20
-100.098806
 30
0.0
 11
164.233435
 21
-100.125866
 31
0.0
  0
LINE
  5
291
330
1F
100
AcDbEntity
  8
User.3
100
AcDbLine
 10
164.233435
 20
-100.125866
 30
0.0
 11
164.237241
 21
-100.145
 31
0.0
  0
LINE
  5
292
330
1F
100
AcDbEntity
  8
User.3
100
AcDbLine
 10
164.237241
 20
-100.145
 30
0.0
 11
164.237241
 21
-114.145
 31
0.0
  0
LINE
  5
293
330
1F
100
AcDbEntity
  8
User.3
100
AcDbLine
 10
164.237241
 20
-114.145
 30
0.0
 11
164.233435
 21
-114.164134
 31
0.0
  0
LINE
  5
294
330
1F
100
AcDbEntity
  8
User.3
100
AcDbLine
 10
164.233435
 20
-114.164134
 30
0.0
 11
164.206375
 21
-114.191194
 31
0.0
  0
LINE
  5
295
330
1F
100
AcDbEntity
  8
User.3
100
AcDbLine
 10
164.206375
 20
-114.191194
 30
0.0
 11
164.187241
 21
-114.195
 31
0.0
  0
LINE
  5
296
330
1F
100
AcDbEntity
  8
User.3
100
AcDbLine
 10
164.187241
 20
-114.195
 30
0.0
 11
150.187241
 21
-114.195
 31
0.0
  0
LINE
  5
297
330
1F
100
AcDbEntity
  8
User.3
100
AcDbLine
 10
150.187241
 20
-114.195
 30
0.0
 11
150.168107
 21
-114.191194
 31
0.0
  0
LINE
  5
298
330
1F
100
AcDbEntity
  8
User.3
100
AcDbLine
 10
150.168107
 20
-114.191194
 30
0.0
 11
150.141047
 21
-114.164134
 31
0.0
  0
LINE
  5
299
330
1F
100
AcDbEntity
  8
User.3
100
AcDbLine
 10
150.141047
 20
-114.164134
 30
0.0
 11
150.137241
 21
-114.145
 31
0.0
  0
LINE
  5
29A
330
1F
100
AcDbEntity
  8
User.3
100
AcDbLine
 10
150.137241
 20
-114.145
 30
0.0
 11
150.137241
 21
-100.145
 31
0.0
  0
LINE
  5
29B
330
1F
100
AcDbEntity
  8
User.3
100
AcDbLine
 10
150.137241
 20
-100.145
 30
0.0
 11
150.141047
 21
-100.125866
 31
0.0
  0
LINE
  5
29C
330
1F
100
AcDbEntity
  8
User.3
100
AcDbLine
 10
150.141047
 20
-100.125866
 30
0.0
 11
150.168107
 21
-100.098806
 31
0.0
  0
LINE
  5
29D
330
1F
100
AcDbEntity
  8
User.3
100
AcDbLine
 10
150.168107
 20
-100.098806
 30
0.0
 11
150.187241
 21
-100.095
 31
0.0
  0
LINE
  5
29E
330
1F
100
AcDbEntity
  8
User.3
100
AcDbLine
 10
150.187241
 20
-100.095
 30
0.0
 11
164.187241
 21
-100.095
 31
0.0
  0
LINE
  5
29F
330
1F
100
AcDbEntity
  8
User.3
100
AcDbLine
 10
164.187241
 20
-100.095
 30
0.0
 11
164.206375
 21
-100.098806
 31
0.0
  0
LINE
  5
2A0
330
1F
100
AcDbEntity
  8
User.3
100
AcDbLine
 10
289.906375
 20
-100.098806
 30
0.0
 11
289.933435
 21
-100.125866
 31
0.0
  0
LINE
  5
2A1
330
1F
100
AcDbEntity
  8
User.3
100
AcDbLine
 10
289.933435
 20
-100.125866
 30
0.0
 11
289.937241
 21
-100.145
 31
0.0
  0
LINE
  5
2A2
330
1F
100
AcDbEntity
  8
User.3
100
AcDbLine
 10
289.937241
 20
-100.145
 30
0.0
 11
289.937241
 21
-114.145
 31
0.0
  0
LINE
  5
2A3
330
1F
100
AcDbEntity
  8
User.3
100
AcDbLine
 10
289.937241
 20
-114.145
 30
0.0
 11
289.933435
 21
-114.164134
 31
0.0
  0
LINE
  5
2A4
330
1F
100
AcDbEntity
  8
User.3
100
AcDbLine
 10
289.933435
 20
-114.164134
 30
0.0
 11
289.906375
 21
-114.191194
 31
0.0
  0
LINE
  5
2A5
330
1F
100
AcDbEntity
  8
User.3
100
AcDbLine
 10
289.906375
 20
-114.191194
 30
0.0
 11
289.887241
 21
-114.195
 31
0.0
  0
LINE
  5
2A6
330
1F
100
AcDbEntity
  8
User.3
100
AcDbLine
 10
289.887241
 20
-114.195
 30
0.0
 11
275.887241
 21
-114.195
 31
0.0
  0
LINE
  5
2A7
330
1F
100
AcDbEntity
  8
User.3
100
AcDbLine
 10
275.887241
 20
-114.195
 30
0.0
 11
275.868107
 21
-114.191194
 31
0.0
  0
LINE
  5
2A8
330
1F
100
AcDbEntity
  8
User.3
100
AcDbLine
 10
275.868107
 20
-114.191194
 30
0.0
 11
275.841047
 21
-114.164134
 31
0.0
  0
LINE
  5
2A9
330
1F
100
AcDbEntity
  8
User.3
100
AcDbLine
 10
275.841047
 20
-114.164134
 30
0.0
 11
275.8372409999999
 21
-114.145
 31
0.0
  0
LINE
  5
2AA
330
1F
100
AcDbEntity
  8
User.3
100
AcDbLine
 10
275.8372409999999
 20
-114.145
 30
0.0
 11
275.8372409999999
 21
-100.145
 31
0.0
  0
LINE
  5
2AB
330
1F
100
AcDbEntity
  8
User.3
100
AcDbLine
 10
275.8372409999999
 20
-100.145
 30
0.0
 11
275.841047
 21
-100.125866
 31
0.0
  0
LINE
  5
2AC
330
1F
100
AcDbEntity
  8
User.3
100
AcDbLine
 10
275.841047
 20
-100.125866
 30
0.0
 11
275.868107
 21
-100.098806
 31
0.0
  0
LINE
  5
2AD
330
1F
100
AcDbEntity
  8
User.3
100
AcDbLine
 10
275.868107
 20
-100.098806
 30
0.0
 11
275.887241
 21
-100.095
 31
0.0
  0
LINE
  5
2AE
330
1F
100
AcDbEntity
  8
User.3
100
AcDbLine
 10
275.887241
 20
-100.095
 30
0.0
 11
289.887241
 21
-100.095
 31
0.0
  0
LINE
  5
2AF
330
1F
100
AcDbEntity
  8
User.3
100
AcDbLine
 10
289.887241
 20
-100.095
 30
0.0
 11
289.906375
 21
-100.098806
 31
0.0
  0
LINE
  5
2B0
330
1F
100
AcDbEntity
  8
User.3
100
AcDbLine
 10
328.006375
 20
-100.098806
 30
0.0
 11
328.033435
 21
-100.125866
 31
0.0
  0
LINE
  5
2B1
330
1F
100
AcDbEntity
  8
User.3
100
AcDbLine
 10
328.033435
 20
-100.125866
 30
0.0
 11
328.037241
 21
-100.145
 31
0.0
  0
LINE
  5
2B2
330
1F
100
AcDbEntity
  8
User.3
100
AcDbLine
 10
328.037241
 20
-100.145
 30
0.0
 11
328.037241
 21
-114.145
 31
0.0
  0
LINE
  5
2B3
330
1F
100
AcDbEntity
  8
User.3
100
AcDbLine
 10
328.037241
 20
-114.145
 30
0.0
 11
328.033435
 21
-114.164134
 31
0.0
  0
LINE
  5
2B4
330
1F
100
AcDbEntity
  8
User.3
100
AcDbLine
 10
328.033435
 20
-114.164134
 30
0.0
 11
328.006375
 21
-114.191194
 31
0.0
  0
LINE
  5
2B5
330
1F
100
AcDbEntity
  8
User.3
100
AcDbLine
 10
328.006375
 20
-114.191194
 30
0.0
 11
327.987241
 21
-114.195
 31
0.0
  0
LINE
  5
2B6
330
1F
100
AcDbEntity
  8
User.3
100
AcDbLine
 10
327.987241
 20
-114.195
 30
0.0
 11
313.987241
 21
-114.195
 31
0.0
  0
LINE
  5
2B7
330
1F
100
AcDbEntity
  8
User.3
100
AcDbLine
 10
313.987241
 20
-114.195
 30
0.0
 11
313.968107
 21
-114.191194
 31
0.0
  0
LINE
  5
2B8
330
1F
100
AcDbEntity
  8
User.3
100
AcDbLine
 10
313.968107
 20
-114.191194
 30
0.0
 11
313.941047
 21
-114.164134
 31
0.0
  0
LINE
  5
2B9
330
1F
100
AcDbEntity
  8
User.3
100
AcDbLine
 10
313.941047
 20
-114.164134
 30
0.0
 11
313.937241
 21
-114.145
 31
0.0
  0
LINE
  5
2BA
330
1F
100
AcDbEntity
  8
User.3
100
AcDbLine
 10
313.937241
 20
-114.145
 30
0.0
 11
313.937241
 21
-100.145
 31
0.0
  0
LINE
  5
2BB
330
1F
100
AcDbEntity
  8
User.3
100
AcDbLine
 10
313.937241
 20
-100.145
 30
0.0
 11
313.941047
 21
-100.125866
 31
0.0
  0
LINE
  5
2BC
330
1F
100
AcDbEntity
  8
User.3
100
AcDbLine
 10
313.941047
 20
-100.125866
 30
0.0
 11
313.968107
 21
-100.098806
 31
0.0
  0
LINE
  5
2BD
330
1F
100
AcDbEntity
  8
User.3
100
AcDbLine
 10
313.968107
 20
-100.098806
 30
0.0
 11
313.987241
 21
-100.095
 31
0.0
  0
LINE
  5
2BE
330
1F
100
AcDbEntity
  8
User.3
100
AcDbLine
 10
313.987241
 20
-100.095
 30
0.0
 11
327.987241
 21
-100.095
 31
0.0
  0
LINE
  5
2BF
330
1F
100
AcDbEntity
  8
User.3
100
AcDbLine
 10
327.987241
 20
-100.095
 30
0.0
 11
328.006375
 21
-100.098806
 31
0.0
  0
LINE
  5
2C0
330
1F
100
AcDbEntity
  8
User.3
100
AcDbLine
 10
145.156375
 20
-95.336306
 30
0.0
 11
145.183435
 21
-95.36336599999998
 31
0.0
  0
LINE
  5
2C1
330
1F
100
AcDbEntity
  8
User.3
100
AcDbLine
 10
145.183435
 20
-95.36336599999998
 30
0.0
 11
145.187241
 21
-95.3825
 31
0.0
  0
LINE
  5
2C2
330
1F
100
AcDbEntity
  8
User.3
100
AcDbLine
 10
145.187241
 20
-95.3825
 30
0.0
 11
145.187241
 21
-109.3825
 31
0.0
  0
LINE
  5
2C3
330
1F
100
AcDbEntity
  8
User.3
100
AcDbLine
 10
145.187241
 20
-109.3825
 30
0.0
 11
145.183435
 21
-109.401634
 31
0.0
  0
LINE
  5
2C4
330
1F
100
AcDbEntity
  8
User.3
100
AcDbLine
 10
145.183435
 20
-109.401634
 30
0.0
 11
145.156375
 21
-109.428694
 31
0.0
  0
LINE
  5
2C5
330
1F
100
AcDbEntity
  8
User.3
100
AcDbLine
 10
145.156375
 20
-109.428694
 30
0.0
 11
145.137241
 21
-109.4325
 31
0.0
  0
LINE
  5
2C6
330
1F
100
AcDbEntity
  8
User.3
100
AcDbLine
 10
145.137241
 20
-109.4325
 30
0.0
 11
131.137241
 21
-109.4325
 31
0.0
  0
LINE
  5
2C7
330
1F
100
AcDbEntity
  8
User.3
100
AcDbLine
 10
131.137241
 20
-109.4325
 30
0.0
 11
131.118107
 21
-109.428694
 31
0.0
  0
LINE
  5
2C8
330
1F
100
AcDbEntity
  8
User.3
100
AcDbLine
 10
131.118107
 20
-109.428694
 30
0.0
 11
131.091047
 21
-109.401634
 31
0.0
  0
LINE
  5
2C9
330
1F
100
AcDbEntity
  8
User.3
100
AcDbLine
 10
131.091047
 20
-109.401634
 30
0.0
 11
131.087241
 21
-109.3825
 31
0.0
  0
LINE
  5
2CA
330
1F
100
AcDbEntity
  8
User.3
100
AcDbLine
 10
131.087241
 20
-109.3825
 30
0.0
 11
131.087241
 21
-95.3825
 31
0.0
  0
LINE
  5
2CB
330
1F
100
AcDbEntity
  8
User.3
100
AcDbLine
 10
131.087241
 20
-95.3825
 30
0.0
 11
131.091047
 21
-95.36336599999998
 31
0.0
  0
LINE
  5
2CC
330
1F
100
AcDbEntity
  8
User.3
100
AcDbLine
 10
131.091047
 20
-95.36336599999998
 30
0.0
 11
131.118107
 21
-95.336306
 31
0.0
  0
LINE
  5
2CD
330
1F
100
AcDbEntity
  8
User.3
100
AcDbLine
 10
131.118107
 20
-95.336306
 30
0.0
 11
131.137241
 21
-95.33249999999998
 31
0.0
  0
LINE
  5
2CE
330
1F
100
AcDbEntity
  8
User.3
100
AcDbLine
 10
131.137241
 20
-95.33249999999998
 30
0.0
 11
145.137241
 21
-95.33249999999998
 31
0.0
  0
LINE
  5
2CF
330
1F
100
AcDbEntity
  8
User.3
100
AcDbLine
 10
145.137241
 20
-95.33249999999998
 30
0.0
 11
145.156375
 21
-95.336306
 31
0.0
  0
LINE
  5
2D0
330
1F
100
AcDbEntity
  8
User.3
100
AcDbLine
 10
308.956375
 20
-95.336306
 30
0.0
 11
308.983435
 21
-95.36336599999998
 31
0.0
  0
LINE
  5
2D1
330
1F
100
AcDbEntity
  8
User.3
100
AcDbLine
 10
308.983435
 20
-95.36336599999998
 30
0.0
 11
308.987241
 21
-95.3825
 31
0.0
  0
LINE
  5
2D2
330
1F
100
AcDbEntity
  8
User.3
100
AcDbLine
 10
308.987241
 20
-95.3825
 30
0.0
 11
308.987241
 21
-109.3825
 31
0.0
  0
LINE
  5
2D3
330
1F
100
AcDbEntity
  8
User.3
100
AcDbLine
 10
308.987241
 20
-109.3825
 30
0.0
 11
308.983435
 21
-109.401634
 31
0.0
  0
LINE
  5
2D4
330
1F
100
AcDbEntity
  8
User.3
100
AcDbLine
 10
308.983435
 20
-109.401634
 30
0.0
 11
308.956375
 21
-109.428694
 31
0.0
  0
LINE
  5
2D5
330
1F
100
AcDbEntity
  8
User.3
100
AcDbLine
 10
308.956375
 20
-109.428694
 30
0.0
 11
308.937241
 21
-109.4325
 31
0.0
  0
LINE
  5
2D6
330
1F
100
AcDbEntity
  8
User.3
100
AcDbLine
 10
308.937241
 20
-109.4325
 30
0.0
 11
294.937241
 21
-109.4325
 31
0.0
  0
LINE
  5
2D7
330
1F
100
AcDbEntity
  8
User.3
100
AcDbLine
 10
294.937241
 20
-109.4325
 30
0.0
 11
294.918107
 21
-109.428694
 31
0.0
  0
LINE
  5
2D8
330
1F
100
AcDbEntity
  8
User.3
100
AcDbLine
 10
294.918107
 20
-109.428694
 30
0.0
 11
294.891047
 21
-109.401634
 31
0.0
  0
LINE
  5
2D9
330
1F
100
AcDbEntity
  8
User.3
100
AcDbLine
 10
294.891047
 20
-109.401634
 30
0.0
 11
294.887241
 21
-109.3825
 31
0.0
  0
LINE
  5
2DA
330
1F
100
AcDbEntity
  8
User.3
100
AcDbLine
 10
294.887241
 20
-109.3825
 30
0.0
 11
294.887241
 21
-95.3825
 31
0.0
  0
LINE
  5
2DB
330
1F
100
AcDbEntity
  8
User.3
100
AcDbLine
 10
294.887241
 20
-95.3825
 30
0.0
 11
294.891047
 21
-95.36336599999998
 31
0.0
  0
LINE
  5
2DC
330
1F
100
AcDbEntity
  8
User.3
100
AcDbLine
 10
294.891047
 20
-95.36336599999998
 30
0.0
 11
294.918107
 21
-95.336306
 31
0.0
  0
LINE
  5
2DD
330
1F
100
AcDbEntity
  8
User.3
100
AcDbLine
 10
294.918107
 20
-95.336306
 30
0.0
 11
294.937241
 21
-95.33249999999998
 31
0.0
  0
LINE
  5
2DE
330
1F
100
AcDbEntity
  8
User.3
100
AcDbLine
 10
294.937241
 20
-95.33249999999998
 30
0.0
 11
308.937241
 21
-95.33249999999998
 31
0.0
  0
LINE
  5
2DF
330
1F
100
AcDbEntity
  8
User.3
100
AcDbLine
 10
308.937241
 20
-95.33249999999998
 30
0.0
 11
308.956375
 21
-95.336306
 31
0.0
  0
CIRCLE
  5
2E0
330
1F
100
AcDbEntity
  8
User.3
100
AcDbCircle
 10
81.04004891219901
 20
-154.2599995
 30
0.0
 40
2.600000000000001
  0
CIRCLE
  5
2E1
330
1F
100
AcDbEntity
  8
User.3
100
AcDbCircle
 10
80.887241
 20
-107.700001
 30
0.0
 40
2.600000000000001
  0
CIRCLE
  5
2E2
330
1F
100
AcDbEntity
  8
User.3
100
AcDbCircle
 10
359.08383742276
 20
-154.1849995
 30
0.0
 40
2.600000000000001
  0
CIRCLE
  5
2E3
330
1F
100
AcDbEntity
  8
User.3
100
AcDbCircle
 10
359.087241
 20
-107.7750407234247
 30
0.0
 40
2.600000000000001
  0
DIMENSION
  5
2E5
330
1F
100
AcDbEntity
  8
Dimensions
100
AcDbDimension
280
     0
  2
*D1
 10
356.483837693833
 20
-154.1838122429058
 30
0.0
 11
352.460353264832
 21
-154.1819749694714
 31
0.0
 70
   163
 71
     5
 42
5.199999999999959
 73
     0
 74
     0
 75
     0
  3
ISO-25
100
AcDbDiametricDimension
 15
361.683837151687
 25
-154.1861867570941
 35
0.0
 40
0.0
1001
ACAD
1000
DSTYLE
1002
{
1070
   271
1070
     3
1070
    78
1070
     8
1070
   177
1070
   140
1070
   176
1070
   140
1070
   178
1070
   140
1070
    40
1040
0.9838383838383836
1070
   277
1070
     2
1002
}
  0
DIMENSION
  5
2EF
330
1F
100
AcDbEntity
  8
Dimensions
100
AcDbDimension
280
     0
  2
*D2
 10
356.487241
 20
-107.7750407234247
 30
0.0
 11
352.4637561515152
 21
-107.7750407234247
 31
0.0
 70
   163
 71
     5
 42
5.200000000000045
 73
     0
 74
     0
 75
     0
  3
ISO-25
100
AcDbDiametricDimension
 15
361.687241
 25
-107.7750407234247
 35
0.0
 40
0.0
1001
ACAD
1000
DSTYLE
1002
{
1070
   271
1070
     3
1070
    78
1070
     8
1070
   177
1070
   140
1070
   176
1070
   140
1070
   178
1070
   140
1070
    40
1040
0.9838383838383836
1070
   277
1070
     2
1002
}
  0
DIMENSION
  5
2F8
330
1F
100
AcDbEntity
  8
Dimensions
100
AcDbDimension
280
     0
  2
*D3
 10
83.640048912199
 20
-154.2599995
 30
0.0
 11
87.66353376068386
 21
-154.2599995
 31
0.0
 70
   163
 71
     5
 42
5.199999999999989
 73
     0
 74
     0
 75
     0
  3
ISO-25
100
AcDbDiametricDimension
 15
78.44004891219902
 25
-154.2599995
 35
0.0
 40
0.0
1001
ACAD
1000
DSTYLE
1002
{
1070
   271
1070
     3
1070
    78
1070
     8
1070
   177
1070
   140
1070
   176
1070
   140
1070
   178
1070
   140
1070
    40
1040
0.9838383838383836
1070
   277
1070
     2
1002
}
  0
DIMENSION
  5
301
330
1F
100
AcDbEntity
  8
Dimensions
100
AcDbDimension
280
     0
  2
*D4
 10
78.28724100000001
 20
-107.700001
 30
0.0
 11
74.26375615151515
 21
-107.700001
 31
0.0
 70
   163
 71
     5
 42
5.199999999999989
 73
     0
 74
     0
 75
     0
  3
ISO-25
100
AcDbDiametricDimension
 15
83.487241
 25
-107.700001
 35
0.0
 40
0.0
1001
ACAD
1000
DSTYLE
1002
{
1070
   271
1070
     3
1070
    78
1070
     8
1070
   177
1070
   140
1070
   176
1070
   140
1070
   178
1070
   140
1070
    40
1040
0.9838383838383836
1070
   277
1070
     2
1002
}
  0
LINE
  5
30B
330
1F
100
AcDbEntity
  8
User.2
100
AcDbLine
 10
173.702961
 20
-105.947067
 30
0.0
 11
173.735433
 21
-105.979539
 31
0.0
  0
LINE
  5
30C
330
1F
100
AcDbEntity
  8
User.2
100
AcDbLine
 10
173.735433
 20
-105.979539
 30
0.0
 11
173.74
 21
-106.0025
 31
0.0
  0
LINE
  5
30D
330
1F
100
AcDbEntity
  8
User.2
100
AcDbLine
 10
173.74
 20
-106.0025
 30
0.0
 11
173.74
 21
-156.0025
 31
0.0
  0
LINE
  5
30E
330
1F
100
AcDbEntity
  8
User.2
100
AcDbLine
 10
173.74
 20
-156.0025
 30
0.0
 11
173.735433
 21
-156.025461
 31
0.0
  0
LINE
  5
30F
330
1F
100
AcDbEntity
  8
User.2
100
AcDbLine
 10
173.735433
 20
-156.025461
 30
0.0
 11
173.702961
 21
-156.057933
 31
0.0
  0
LINE
  5
310
330
1F
100
AcDbEntity
  8
User.2
100
AcDbLine
 10
173.702961
 20
-156.057933
 30
0.0
 11
173.68
 21
-156.0625
 31
0.0
  0
LINE
  5
311
330
1F
100
AcDbEntity
  8
User.2
100
AcDbLine
 10
173.68
 20
-156.0625
 30
0.0
 11
93.67999999999998
 21
-156.0625
 31
0.0
  0
LINE
  5
312
330
1F
100
AcDbEntity
  8
User.2
100
AcDbLine
 10
93.67999999999998
 20
-156.0625
 30
0.0
 11
93.65703899999998
 21
-156.057933
 31
0.0
  0
LINE
  5
313
330
1F
100
AcDbEntity
  8
User.2
100
AcDbLine
 10
93.65703899999998
 20
-156.057933
 30
0.0
 11
93.62456699999998
 21
-156.025461
 31
0.0
  0
LINE
  5
314
330
1F
100
AcDbEntity
  8
User.2
100
AcDbLine
 10
93.62456699999998
 20
-156.025461
 30
0.0
 11
93.61999999999999
 21
-156.0025
 31
0.0
  0
LINE
  5
315
330
1F
100
AcDbEntity
  8
User.2
100
AcDbLine
 10
93.61999999999999
 20
-156.0025
 30
0.0
 11
93.61999999999999
 21
-106.0025
 31
0.0
  0
LINE
  5
316
330
1F
100
AcDbEntity
  8
User.2
100
AcDbLine
 10
93.61999999999999
 20
-106.0025
 30
0.0
 11
93.62456699999998
 21
-105.979539
 31
0.0
  0
LINE
  5
317
330
1F
100
AcDbEntity
  8
User.2
100
AcDbLine
 10
93.62456699999998
 20
-105.979539
 30
0.0
 11
93.65703899999998
 21
-105.947067
 31
0.0
  0
LINE
  5
318
330
1F
100
AcDbEntity
  8
User.2
100
AcDbLine
 10
93.65703899999998
 20
-105.947067
 30
0.0
 11
93.67999999999998
 21
-105.9425
 31
0.0
  0
LINE
  5
319
330
1F
100
AcDbEntity
  8
User.2
100
AcDbLine
 10
93.67999999999998
 20
-105.9425
 30
0.0
 11
173.68
 21
-105.9425
 31
0.0
  0
LINE
  5
31A
330
1F
100
AcDbEntity
  8
User.2
100
AcDbLine
 10
173.68
 20
-105.9425
 30
0.0
 11
173.702961
 21
-105.947067
 31
0.0
  0
LINE
  5
31B
330
1F
100
AcDbEntity
  8
User.2
100
AcDbLine
 10
345.277961
 20
-105.897067
 30
0.0
 11
345.310433
 21
-105.929539
 31
0.0
  0
LINE
  5
31C
330
1F
100
AcDbEntity
  8
User.2
100
AcDbLine
 10
345.310433
 20
-105.929539
 30
0.0
 11
345.315
 21
-105.9525
 31
0.0
  0
LINE
  5
31D
330
1F
100
AcDbEntity
  8
User.2
100
AcDbLine
 10
345.315
 20
-105.9525
 30
0.0
 11
345.315
 21
-155.9525
 31
0.0
  0
LINE
  5
31E
330
1F
100
AcDbEntity
  8
User.2
100
AcDbLine
 10
345.315
 20
-155.9525
 30
0.0
 11
345.310433
 21
-155.975461
 31
0.0
  0
LINE
  5
31F
330
1F
100
AcDbEntity
  8
User.2
100
AcDbLine
 10
345.310433
 20
-155.975461
 30
0.0
 11
345.277961
 21
-156.007933
 31
0.0
  0
LINE
  5
320
330
1F
100
AcDbEntity
  8
User.2
100
AcDbLine
 10
345.277961
 20
-156.007933
 30
0.0
 11
345.255
 21
-156.0125
 31
0.0
  0
LINE
  5
321
330
1F
100
AcDbEntity
  8
User.2
100
AcDbLine
 10
345.255
 20
-156.0125
 30
0.0
 11
265.255
 21
-156.0125
 31
0.0
  0
LINE
  5
322
330
1F
100
AcDbEntity
  8
User.2
100
AcDbLine
 10
265.255
 20
-156.0125
 30
0.0
 11
265.232039
 21
-156.007933
 31
0.0
  0
LINE
  5
323
330
1F
100
AcDbEntity
  8
User.2
100
AcDbLine
 10
265.232039
 20
-156.007933
 30
0.0
 11
265.1995669999999
 21
-155.975461
 31
0.0
  0
LINE
  5
324
330
1F
100
AcDbEntity
  8
User.2
100
AcDbLine
 10
265.1995669999999
 20
-155.975461
 30
0.0
 11
265.195
 21
-155.9525
 31
0.0
  0
LINE
  5
325
330
1F
100
AcDbEntity
  8
User.2
100
AcDbLine
 10
265.195
 20
-155.9525
 30
0.0
 11
265.195
 21
-105.9525
 31
0.0
  0
LINE
  5
326
330
1F
100
AcDbEntity
  8
User.2
100
AcDbLine
 10
265.195
 20
-105.9525
 30
0.0
 11
265.1995669999999
 21
-105.929539
 31
0.0
  0
LINE
  5
327
330
1F
100
AcDbEntity
  8
User.2
100
AcDbLine
 10
265.1995669999999
 20
-105.929539
 30
0.0
 11
265.232039
 21
-105.897067
 31
0.0
  0
LINE
  5
328
330
1F
100
AcDbEntity
  8
User.2
100
AcDbLine
 10
265.232039
 20
-105.897067
 30
0.0
 11
265.255
 21
-105.8925
 31
0.0
  0
LINE
  5
329
330
1F
100
AcDbEntity
  8
User.2
100
AcDbLine
 10
265.255
 20
-105.8925
 30
0.0
 11
345.255
 21
-105.8925
 31
0.0
  0
LINE
  5
32A
330
1F
100
AcDbEntity
  8
User.2
100
AcDbLine
 10
345.255
 20
-105.8925
 30
0.0
 11
345.277961
 21
-105.897067
 31
0.0
  0
LINE
  5
32C
330
1F
100
AcDbEntity
  8
Edge.Cuts
100
AcDbLine
 10
273.257141
 20
-159.538529
 30
0.0
 11
273.535931
 21
-159.602161
 31
0.0
  0
LINE
  5
32D
330
1F
100
AcDbEntity
  8
Edge.Cuts
100
AcDbLine
 10
273.535931
 20
-159.602161
 30
0.0
 11
273.805843
 21
-159.696607
 31
0.0
  0
LINE
  5
32E
330
1F
100
AcDbEntity
  8
Edge.Cuts
100
AcDbLine
 10
273.805843
 20
-159.696607
 30
0.0
 11
274.063483
 21
-159.82068
 31
0.0
  0
LINE
  5
32F
330
1F
100
AcDbEntity
  8
Edge.Cuts
100
AcDbLine
 10
274.063483
 20
-159.82068
 30
0.0
 11
274.305612
 21
-159.97282
 31
0.0
  0
LINE
  5
330
330
1F
100
AcDbEntity
  8
Edge.Cuts
100
AcDbLine
 10
274.305612
 20
-159.97282
 30
0.0
 11
274.529184
 21
-160.151112
 31
0.0
  0
LINE
  5
331
330
1F
100
AcDbEntity
  8
Edge.Cuts
100
AcDbLine
 10
274.529184
 20
-160.151112
 30
0.0
 11
274.731388
 21
-160.353316
 31
0.0
  0
LINE
  5
332
330
1F
100
AcDbEntity
  8
Edge.Cuts
100
AcDbLine
 10
274.731388
 20
-160.353316
 30
0.0
 11
274.90968
 21
-160.576888
 31
0.0
  0
LINE
  5
333
330
1F
100
AcDbEntity
  8
Edge.Cuts
100
AcDbLine
 10
274.90968
 20
-160.576888
 30
0.0
 11
275.06182
 21
-160.819017
 31
0.0
  0
LINE
  5
334
330
1F
100
AcDbEntity
  8
Edge.Cuts
100
AcDbLine
 10
275.06182
 20
-160.819017
 30
0.0
 11
275.185893
 21
-161.076657
 31
0.0
  0
LINE
  5
335
330
1F
100
AcDbEntity
  8
Edge.Cuts
100
AcDbLine
 10
275.185893
 20
-161.076657
 30
0.0
 11
275.280339
 21
-161.346569
 31
0.0
  0
LINE
  5
336
330
1F
100
AcDbEntity
  8
Edge.Cuts
100
AcDbLine
 10
275.280339
 20
-161.346569
 30
0.0
 11
275.343971
 21
-161.625359
 31
0.0
  0
LINE
  5
337
330
1F
100
AcDbEntity
  8
Edge.Cuts
100
AcDbLine
 10
275.343971
 20
-161.625359
 30
0.0
 11
275.3759879999999
 21
-161.90952
 31
0.0
  0
LINE
  5
338
330
1F
100
AcDbEntity
  8
Edge.Cuts
100
AcDbLine
 10
275.3759879999999
 20
-161.90952
 30
0.0
 11
275.3759879999999
 21
-162.19548
 31
0.0
  0
LINE
  5
339
330
1F
100
AcDbEntity
  8
Edge.Cuts
100
AcDbLine
 10
275.3759879999999
 20
-162.19548
 30
0.0
 11
275.343971
 21
-162.479641
 31
0.0
  0
LINE
  5
33A
330
1F
100
AcDbEntity
  8
Edge.Cuts
100
AcDbLine
 10
275.343971
 20
-162.479641
 30
0.0
 11
275.280339
 21
-162.758431
 31
0.0
  0
LINE
  5
33B
330
1F
100
AcDbEntity
  8
Edge.Cuts
100
AcDbLine
 10
275.280339
 20
-162.758431
 30
0.0
 11
275.185893
 21
-163.028343
 31
0.0
  0
LINE
  5
33C
330
1F
100
AcDbEntity
  8
Edge.Cuts
100
AcDbLine
 10
275.185893
 20
-163.028343
 30
0.0
 11
275.06182
 21
-163.285983
 31
0.0
  0
LINE
  5
33D
330
1F
100
AcDbEntity
  8
Edge.Cuts
100
AcDbLine
 10
275.06182
 20
-163.285983
 30
0.0
 11
274.90968
 21
-163.528112
 31
0.0
  0
LINE
  5
33E
330
1F
100
AcDbEntity
  8
Edge.Cuts
100
AcDbLine
 10
274.90968
 20
-163.528112
 30
0.0
 11
274.731388
 21
-163.751684
 31
0.0
  0
LINE
  5
33F
330
1F
100
AcDbEntity
  8
Edge.Cuts
100
AcDbLine
 10
274.731388
 20
-163.751684
 30
0.0
 11
274.529184
 21
-163.953888
 31
0.0
  0
LINE
  5
340
330
1F
100
AcDbEntity
  8
Edge.Cuts
100
AcDbLine
 10
274.529184
 20
-163.953888
 30
0.0
 11
274.305612
 21
-164.13218
 31
0.0
  0
LINE
  5
341
330
1F
100
AcDbEntity
  8
Edge.Cuts
100
AcDbLine
 10
274.305612
 20
-164.13218
 30
0.0
 11
274.063483
 21
-164.28432
 31
0.0
  0
LINE
  5
342
330
1F
100
AcDbEntity
  8
Edge.Cuts
100
AcDbLine
 10
274.063483
 20
-164.28432
 30
0.0
 11
273.805843
 21
-164.408393
 31
0.0
  0
LINE
  5
343
330
1F
100
AcDbEntity
  8
Edge.Cuts
100
AcDbLine
 10
273.805843
 20
-164.408393
 30
0.0
 11
273.535931
 21
-164.502839
 31
0.0
  0
LINE
  5
344
330
1F
100
AcDbEntity
  8
Edge.Cuts
100
AcDbLine
 10
273.535931
 20
-164.502839
 30
0.0
 11
273.257141
 21
-164.566471
 31
0.0
  0
LINE
  5
345
330
1F
100
AcDbEntity
  8
Edge.Cuts
100
AcDbLine
 10
273.257141
 20
-164.566471
 30
0.0
 11
272.9729799999999
 21
-164.598488
 31
0.0
  0
LINE
  5
346
330
1F
100
AcDbEntity
  8
Edge.Cuts
100
AcDbLine
 10
272.9729799999999
 20
-164.598488
 30
0.0
 11
272.68702
 21
-164.598488
 31
0.0
  0
LINE
  5
347
330
1F
100
AcDbEntity
  8
Edge.Cuts
100
AcDbLine
 10
272.68702
 20
-164.598488
 30
0.0
 11
272.402859
 21
-164.566471
 31
0.0
  0
LINE
  5
348
330
1F
100
AcDbEntity
  8
Edge.Cuts
100
AcDbLine
 10
272.402859
 20
-164.566471
 30
0.0
 11
272.124069
 21
-164.502839
 31
0.0
  0
LINE
  5
349
330
1F
100
AcDbEntity
  8
Edge.Cuts
100
AcDbLine
 10
272.124069
 20
-164.502839
 30
0.0
 11
271.854157
 21
-164.408393
 31
0.0
  0
LINE
  5
34A
330
1F
100
AcDbEntity
  8
Edge.Cuts
100
AcDbLine
 10
271.854157
 20
-164.408393
 30
0.0
 11
271.596517
 21
-164.28432
 31
0.0
  0
LINE
  5
34B
330
1F
100
AcDbEntity
  8
Edge.Cuts
100
AcDbLine
 10
271.596517
 20
-164.28432
 30
0.0
 11
271.354388
 21
-164.13218
 31
0.0
  0
LINE
  5
34C
330
1F
100
AcDbEntity
  8
Edge.Cuts
100
AcDbLine
 10
271.354388
 20
-164.13218
 30
0.0
 11
271.130816
 21
-163.953888
 31
0.0
  0
LINE
  5
34D
330
1F
100
AcDbEntity
  8
Edge.Cuts
100
AcDbLine
 10
271.130816
 20
-163.953888
 30
0.0
 11
270.9286119999999
 21
-163.751684
 31
0.0
  0
LINE
  5
34E
330
1F
100
AcDbEntity
  8
Edge.Cuts
100
AcDbLine
 10
270.9286119999999
 20
-163.751684
 30
0.0
 11
270.75032
 21
-163.528112
 31
0.0
  0
LINE
  5
34F
330
1F
100
AcDbEntity
  8
Edge.Cuts
100
AcDbLine
 10
270.75032
 20
-163.528112
 30
0.0
 11
270.59818
 21
-163.285983
 31
0.0
  0
LINE
  5
350
330
1F
100
AcDbEntity
  8
Edge.Cuts
100
AcDbLine
 10
270.59818
 20
-163.285983
 30
0.0
 11
270.474107
 21
-163.028343
 31
0.0
  0
LINE
  5
351
330
1F
100
AcDbEntity
  8
Edge.Cuts
100
AcDbLine
 10
270.474107
 20
-163.028343
 30
0.0
 11
270.379661
 21
-162.758431
 31
0.0
  0
LINE
  5
352
330
1F
100
AcDbEntity
  8
Edge.Cuts
100
AcDbLine
 10
270.379661
 20
-162.758431
 30
0.0
 11
270.316029
 21
-162.479641
 31
0.0
  0
LINE
  5
353
330
1F
100
AcDbEntity
  8
Edge.Cuts
100
AcDbLine
 10
270.316029
 20
-162.479641
 30
0.0
 11
270.284012
 21
-162.19548
 31
0.0
  0
LINE
  5
354
330
1F
100
AcDbEntity
  8
Edge.Cuts
100
AcDbLine
 10
270.284012
 20
-162.19548
 30
0.0
 11
270.284012
 21
-161.914911
 31
0.0
  0
LINE
  5
355
330
1F
100
AcDbEntity
  8
Edge.Cuts
100
AcDbLine
 10
270.284012
 20
-161.914911
 30
0.0
 11
270.284012
 21
-161.90952
 31
0.0
  0
LINE
  5
356
330
1F
100
AcDbEntity
  8
Edge.Cuts
100
AcDbLine
 10
270.284012
 20
-161.90952
 30
0.0
 11
270.316029
 21
-161.625359
 31
0.0
  0
LINE
  5
357
330
1F
100
AcDbEntity
  8
Edge.Cuts
100
AcDbLine
 10
270.316029
 20
-161.625359
 30
0.0
 11
270.379661
 21
-161.346569
 31
0.0
  0
LINE
  5
358
330
1F
100
AcDbEntity
  8
Edge.Cuts
100
AcDbLine
 10
270.379661
 20
-161.346569
 30
0.0
 11
270.474107
 21
-161.076657
 31
0.0
  0
LINE
  5
359
330
1F
100
AcDbEntity
  8
Edge.Cuts
100
AcDbLine
 10
270.474107
 20
-161.076657
 30
0.0
 11
270.59818
 21
-160.819017
 31
0.0
  0
LINE
  5
35A
330
1F
100
AcDbEntity
  8
Edge.Cuts
100
AcDbLine
 10
270.59818
 20
-160.819017
 30
0.0
 11
270.75032
 21
-160.576888
 31
0.0
  0
LINE
  5
35B
330
1F
100
AcDbEntity
  8
Edge.Cuts
100
AcDbLine
 10
270.75032
 20
-160.576888
 30
0.0
 11
270.9286119999999
 21
-160.353316
 31
0.0
  0
LINE
  5
35C
330
1F
100
AcDbEntity
  8
Edge.Cuts
100
AcDbLine
 10
270.9286119999999
 20
-160.353316
 30
0.0
 11
271.130816
 21
-160.151112
 31
0.0
  0
LINE
  5
35D
330
1F
100
AcDbEntity
  8
Edge.Cuts
100
AcDbLine
 10
271.130816
 20
-160.151112
 30
0.0
 11
271.354388
 21
-159.97282
 31
0.0
  0
LINE
  5
35E
330
1F
100
AcDbEntity
  8
Edge.Cuts
100
AcDbLine
 10
271.354388
 20
-159.97282
 30
0.0
 11
271.596517
 21
-159.82068
 31
0.0
  0
LINE
  5
35F
330
1F
100
AcDbEntity
  8
Edge.Cuts
100
AcDbLine
 10
271.596517
 20
-159.82068
 30
0.0
 11
271.854157
 21
-159.696607
 31
0.0
  0
LINE
  5
360
330
1F
100
AcDbEntity
  8
Edge.Cuts
100
AcDbLine
 10
271.854157
 20
-159.696607
 30
0.0
 11
272.124069
 21
-159.602161
 31
0.0
  0
LINE
  5
361
330
1F
100
AcDbEntity
  8
Edge.Cuts
100
AcDbLine
 10
272.124069
 20
-159.602161
 30
0.0
 11
272.402859
 21
-159.538529
 31
0.0
  0
LINE
  5
362
330
1F
100
AcDbEntity
  8
Edge.Cuts
100
AcDbLine
 10
272.402859
 20
-159.538529
 30
0.0
 11
272.68702
 21
-159.506512
 31
0.0
  0
LINE
  5
363
330
1F
100
AcDbEntity
  8
Edge.Cuts
100
AcDbLine
 10
272.68702
 20
-159.506512
 30
0.0
 11
272.9729799999999
 21
-159.506512
 31
0.0
  0
LINE
  5
364
330
1F
100
AcDbEntity
  8
Edge.Cuts
100
AcDbLine
 10
272.9729799999999
 20
-159.506512
 30
0.0
 11
273.257141
 21
-159.538529
 31
0.0
  0
LINE
  5
365
330
1F
100
AcDbEntity
  8
Edge.Cuts
100
AcDbLine
 10
349.607141
 20
-136.688529
 30
0.0
 11
349.885931
 21
-136.752161
 31
0.0
  0
LINE
  5
366
330
1F
100
AcDbEntity
  8
Edge.Cuts
100
AcDbLine
 10
349.885931
 20
-136.752161
 30
0.0
 11
350.1558429999999
 21
-136.846607
 31
0.0
  0
LINE
  5
367
330
1F
100
AcDbEntity
  8
Edge.Cuts
100
AcDbLine
 10
350.1558429999999
 20
-136.846607
 30
0.0
 11
350.413483
 21
-136.97068
 31
0.0
  0
LINE
  5
368
330
1F
100
AcDbEntity
  8
Edge.Cuts
100
AcDbLine
 10
350.413483
 20
-136.97068
 30
0.0
 11
350.655612
 21
-137.12282
 31
0.0
  0
LINE
  5
369
330
1F
100
AcDbEntity
  8
Edge.Cuts
100
AcDbLine
 10
350.655612
 20
-137.12282
 30
0.0
 11
350.879184
 21
-137.301112
 31
0.0
  0
LINE
  5
36A
330
1F
100
AcDbEntity
  8
Edge.Cuts
100
AcDbLine
 10
350.879184
 20
-137.301112
 30
0.0
 11
351.081388
 21
-137.503316
 31
0.0
  0
LINE
  5
36B
330
1F
100
AcDbEntity
  8
Edge.Cuts
100
AcDbLine
 10
351.081388
 20
-137.503316
 30
0.0
 11
351.2596799999999
 21
-137.726888
 31
0.0
  0
LINE
  5
36C
330
1F
100
AcDbEntity
  8
Edge.Cuts
100
AcDbLine
 10
351.2596799999999
 20
-137.726888
 30
0.0
 11
351.41182
 21
-137.969017
 31
0.0
  0
LINE
  5
36D
330
1F
100
AcDbEntity
  8
Edge.Cuts
100
AcDbLine
 10
351.41182
 20
-137.969017
 30
0.0
 11
351.535893
 21
-138.226657
 31
0.0
  0
LINE
  5
36E
330
1F
100
AcDbEntity
  8
Edge.Cuts
100
AcDbLine
 10
351.535893
 20
-138.226657
 30
0.0
 11
351.630339
 21
-138.496569
 31
0.0
  0
LINE
  5
36F
330
1F
100
AcDbEntity
  8
Edge.Cuts
100
AcDbLine
 10
351.630339
 20
-138.496569
 30
0.0
 11
351.693971
 21
-138.775359
 31
0.0
  0
LINE
  5
370
330
1F
100
AcDbEntity
  8
Edge.Cuts
100
AcDbLine
 10
351.693971
 20
-138.775359
 30
0.0
 11
351.725988
 21
-139.05952
 31
0.0
  0
LINE
  5
371
330
1F
100
AcDbEntity
  8
Edge.Cuts
100
AcDbLine
 10
351.725988
 20
-139.05952
 30
0.0
 11
351.725988
 21
-139.34548
 31
0.0
  0
LINE
  5
372
330
1F
100
AcDbEntity
  8
Edge.Cuts
100
AcDbLine
 10
351.725988
 20
-139.34548
 30
0.0
 11
351.693971
 21
-139.629641
 31
0.0
  0
LINE
  5
373
330
1F
100
AcDbEntity
  8
Edge.Cuts
100
AcDbLine
 10
351.693971
 20
-139.629641
 30
0.0
 11
351.630339
 21
-139.908431
 31
0.0
  0
LINE
  5
374
330
1F
100
AcDbEntity
  8
Edge.Cuts
100
AcDbLine
 10
351.630339
 20
-139.908431
 30
0.0
 11
351.535893
 21
-140.178343
 31
0.0
  0
LINE
  5
375
330
1F
100
AcDbEntity
  8
Edge.Cuts
100
AcDbLine
 10
351.535893
 20
-140.178343
 30
0.0
 11
351.41182
 21
-140.435983
 31
0.0
  0
LINE
  5
376
330
1F
100
AcDbEntity
  8
Edge.Cuts
100
AcDbLine
 10
351.41182
 20
-140.435983
 30
0.0
 11
351.2596799999999
 21
-140.678112
 31
0.0
  0
LINE
  5
377
330
1F
100
AcDbEntity
  8
Edge.Cuts
100
AcDbLine
 10
351.2596799999999
 20
-140.678112
 30
0.0
 11
351.081388
 21
-140.901684
 31
0.0
  0
LINE
  5
378
330
1F
100
AcDbEntity
  8
Edge.Cuts
100
AcDbLine
 10
351.081388
 20
-140.901684
 30
0.0
 11
350.879184
 21
-141.103888
 31
0.0
  0
LINE
  5
379
330
1F
100
AcDbEntity
  8
Edge.Cuts
100
AcDbLine
 10
350.879184
 20
-141.103888
 30
0.0
 11
350.655612
 21
-141.28218
 31
0.0
  0
LINE
  5
37A
330
1F
100
AcDbEntity
  8
Edge.Cuts
100
AcDbLine
 10
350.655612
 20
-141.28218
 30
0.0
 11
350.413483
 21
-141.43432
 31
0.0
  0
LINE
  5
37B
330
1F
100
AcDbEntity
  8
Edge.Cuts
100
AcDbLine
 10
350.413483
 20
-141.43432
 30
0.0
 11
350.1558429999999
 21
-141.558393
 31
0.0
  0
LINE
  5
37C
330
1F
100
AcDbEntity
  8
Edge.Cuts
100
AcDbLine
 10
350.1558429999999
 20
-141.558393
 30
0.0
 11
349.885931
 21
-141.652839
 31
0.0
  0
LINE
  5
37D
330
1F
100
AcDbEntity
  8
Edge.Cuts
100
AcDbLine
 10
349.885931
 20
-141.652839
 30
0.0
 11
349.607141
 21
-141.716471
 31
0.0
  0
LINE
  5
37E
330
1F
100
AcDbEntity
  8
Edge.Cuts
100
AcDbLine
 10
349.607141
 20
-141.716471
 30
0.0
 11
349.32298
 21
-141.748488
 31
0.0
  0
LINE
  5
37F
330
1F
100
AcDbEntity
  8
Edge.Cuts
100
AcDbLine
 10
349.32298
 20
-141.748488
 30
0.0
 11
349.03702
 21
-141.748488
 31
0.0
  0
LINE
  5
380
330
1F
100
AcDbEntity
  8
Edge.Cuts
100
AcDbLine
 10
349.03702
 20
-141.748488
 30
0.0
 11
348.7528589999999
 21
-141.716471
 31
0.0
  0
LINE
  5
381
330
1F
100
AcDbEntity
  8
Edge.Cuts
100
AcDbLine
 10
348.7528589999999
 20
-141.716471
 30
0.0
 11
348.474069
 21
-141.652839
 31
0.0
  0
LINE
  5
382
330
1F
100
AcDbEntity
  8
Edge.Cuts
100
AcDbLine
 10
348.474069
 20
-141.652839
 30
0.0
 11
348.204157
 21
-141.558393
 31
0.0
  0
LINE
  5
383
330
1F
100
AcDbEntity
  8
Edge.Cuts
100
AcDbLine
 10
348.204157
 20
-141.558393
 30
0.0
 11
347.946517
 21
-141.43432
 31
0.0
  0
LINE
  5
384
330
1F
100
AcDbEntity
  8
Edge.Cuts
100
AcDbLine
 10
347.946517
 20
-141.43432
 30
0.0
 11
347.704388
 21
-141.28218
 31
0.0
  0
LINE
  5
385
330
1F
100
AcDbEntity
  8
Edge.Cuts
100
AcDbLine
 10
347.704388
 20
-141.28218
 30
0.0
 11
347.480816
 21
-141.103888
 31
0.0
  0
LINE
  5
386
330
1F
100
AcDbEntity
  8
Edge.Cuts
100
AcDbLine
 10
347.480816
 20
-141.103888
 30
0.0
 11
347.278612
 21
-140.901684
 31
0.0
  0
LINE
  5
387
330
1F
100
AcDbEntity
  8
Edge.Cuts
100
AcDbLine
 10
347.278612
 20
-140.901684
 30
0.0
 11
347.10032
 21
-140.678112
 31
0.0
  0
LINE
  5
388
330
1F
100
AcDbEntity
  8
Edge.Cuts
100
AcDbLine
 10
347.10032
 20
-140.678112
 30
0.0
 11
346.94818
 21
-140.435983
 31
0.0
  0
LINE
  5
389
330
1F
100
AcDbEntity
  8
Edge.Cuts
100
AcDbLine
 10
346.94818
 20
-140.435983
 30
0.0
 11
346.824107
 21
-140.178343
 31
0.0
  0
LINE
  5
38A
330
1F
100
AcDbEntity
  8
Edge.Cuts
100
AcDbLine
 10
346.824107
 20
-140.178343
 30
0.0
 11
346.729661
 21
-139.908431
 31
0.0
  0
LINE
  5
38B
330
1F
100
AcDbEntity
  8
Edge.Cuts
100
AcDbLine
 10
346.729661
 20
-139.908431
 30
0.0
 11
346.666029
 21
-139.629641
 31
0.0
  0
LINE
  5
38C
330
1F
100
AcDbEntity
  8
Edge.Cuts
100
AcDbLine
 10
346.666029
 20
-139.629641
 30
0.0
 11
346.634012
 21
-139.34548
 31
0.0
  0
LINE
  5
38D
330
1F
100
AcDbEntity
  8
Edge.Cuts
100
AcDbLine
 10
346.634012
 20
-139.34548
 30
0.0
 11
346.634012
 21
-139.064911
 31
0.0
  0
LINE
  5
38E
330
1F
100
AcDbEntity
  8
Edge.Cuts
100
AcDbLine
 10
346.634012
 20
-139.064911
 30
0.0
 11
346.634012
 21
-139.05952
 31
0.0
  0
LINE
  5
38F
330
1F
100
AcDbEntity
  8
Edge.Cuts
100
AcDbLine
 10
346.634012
 20
-139.05952
 30
0.0
 11
346.666029
 21
-138.775359
 31
0.0
  0
LINE
  5
390
330
1F
100
AcDbEntity
  8
Edge.Cuts
100
AcDbLine
 10
346.666029
 20
-138.775359
 30
0.0
 11
346.729661
 21
-138.496569
 31
0.0
  0
LINE
  5
391
330
1F
100
AcDbEntity
  8
Edge.Cuts
100
AcDbLine
 10
346.729661
 20
-138.496569
 30
0.0
 11
346.824107
 21
-138.226657
 31
0.0
  0
LINE
  5
392
330
1F
100
AcDbEntity
  8
Edge.Cuts
100
AcDbLine
 10
346.824107
 20
-138.226657
 30
0.0
 11
346.94818
 21
-137.969017
 31
0.0
  0
LINE
  5
393
330
1F
100
AcDbEntity
  8
Edge.Cuts
100
AcDbLine
 10
346.94818
 20
-137.969017
 30
0.0
 11
347.10032
 21
-137.726888
 31
0.0
  0
LINE
  5
394
330
1F
100
AcDbEntity
  8
Edge.Cuts
100
AcDbLine
 10
347.10032
 20
-137.726888
 30
0.0
 11
347.278612
 21
-137.503316
 31
0.0
  0
LINE
  5
395
330
1F
100
AcDbEntity
  8
Edge.Cuts
100
AcDbLine
 10
347.278612
 20
-137.503316
 30
0.0
 11
347.480816
 21
-137.301112
 31
0.0
  0
LINE
  5
396
330
1F
100
AcDbEntity
  8
Edge.Cuts
100
AcDbLine
 10
347.480816
 20
-137.301112
 30
0.0
 11
347.704388
 21
-137.12282
 31
0.0
  0
LINE
  5
397
330
1F
100
AcDbEntity
  8
Edge.Cuts
100
AcDbLine
 10
347.704388
 20
-137.12282
 30
0.0
 11
347.946517
 21
-136.97068
 31
0.0
  0
LINE
  5
398
330
1F
100
AcDbEntity
  8
Edge.Cuts
100
AcDbLine
 10
347.946517
 20
-136.97068
 30
0.0
 11
348.204157
 21
-136.846607
 31
0.0
  0
LINE
  5
399
330
1F
100
AcDbEntity
  8
Edge.Cuts
100
AcDbLine
 10
348.204157
 20
-136.846607
 30
0.0
 11
348.474069
 21
-136.752161
 31
0.0
  0
LINE
  5
39A
330
1F
100
AcDbEntity
  8
Edge.Cuts
100
AcDbLine
 10
348.474069
 20
-136.752161
 30
0.0
 11
348.7528589999999
 21
-136.688529
 31
0.0
  0
LINE
  5
39B
330
1F
100
AcDbEntity
  8
Edge.Cuts
100
AcDbLine
 10
348.7528589999999
 20
-136.688529
 30
0.0
 11
349.03702
 21
-136.656512
 31
0.0
  0
LINE
  5
39C
330
1F
100
AcDbEntity
  8
Edge.Cuts
100
AcDbLine
 10
349.03702
 20
-136.656512
 30
0.0
 11
349.32298
 21
-136.656512
 31
0.0
  0
LINE
  5
39D
330
1F
100
AcDbEntity
  8
Edge.Cuts
100
AcDbLine
 10
349.32298
 20
-136.656512
 30
0.0
 11
349.607141
 21
-136.688529
 31
0.0
  0
LINE
  5
39E
330
1F
100
AcDbEntity
  8
Edge.Cuts
100
AcDbLine
 10
349.607141
 20
-117.438529
 30
0.0
 11
349.885931
 21
-117.502161
 31
0.0
  0
LINE
  5
39F
330
1F
100
AcDbEntity
  8
Edge.Cuts
100
AcDbLine
 10
349.885931
 20
-117.502161
 30
0.0
 11
350.1558429999999
 21
-117.596607
 31
0.0
  0
LINE
  5
3A0
330
1F
100
AcDbEntity
  8
Edge.Cuts
100
AcDbLine
 10
350.1558429999999
 20
-117.596607
 30
0.0
 11
350.413483
 21
-117.72068
 31
0.0
  0
LINE
  5
3A1
330
1F
100
AcDbEntity
  8
Edge.Cuts
100
AcDbLine
 10
350.413483
 20
-117.72068
 30
0.0
 11
350.655612
 21
-117.87282
 31
0.0
  0
LINE
  5
3A2
330
1F
100
AcDbEntity
  8
Edge.Cuts
100
AcDbLine
 10
350.655612
 20
-117.87282
 30
0.0
 11
350.879184
 21
-118.051112
 31
0.0
  0
LINE
  5
3A3
330
1F
100
AcDbEntity
  8
Edge.Cuts
100
AcDbLine
 10
350.879184
 20
-118.051112
 30
0.0
 11
351.081388
 21
-118.253316
 31
0.0
  0
LINE
  5
3A4
330
1F
100
AcDbEntity
  8
Edge.Cuts
100
AcDbLine
 10
351.081388
 20
-118.253316
 30
0.0
 11
351.2596799999999
 21
-118.476888
 31
0.0
  0
LINE
  5
3A5
330
1F
100
AcDbEntity
  8
Edge.Cuts
100
AcDbLine
 10
351.2596799999999
 20
-118.476888
 30
0.0
 11
351.41182
 21
-118.719017
 31
0.0
  0
LINE
  5
3A6
330
1F
100
AcDbEntity
  8
Edge.Cuts
100
AcDbLine
 10
351.41182
 20
-118.719017
 30
0.0
 11
351.535893
 21
-118.976657
 31
0.0
  0
LINE
  5
3A7
330
1F
100
AcDbEntity
  8
Edge.Cuts
100
AcDbLine
 10
351.535893
 20
-118.976657
 30
0.0
 11
351.630339
 21
-119.246569
 31
0.0
  0
LINE
  5
3A8
330
1F
100
AcDbEntity
  8
Edge.Cuts
100
AcDbLine
 10
351.630339
 20
-119.246569
 30
0.0
 11
351.693971
 21
-119.525359
 31
0.0
  0
LINE
  5
3A9
330
1F
100
AcDbEntity
  8
Edge.Cuts
100
AcDbLine
 10
351.693971
 20
-119.525359
 30
0.0
 11
351.725988
 21
-119.80952
 31
0.0
  0
LINE
  5
3AA
330
1F
100
AcDbEntity
  8
Edge.Cuts
100
AcDbLine
 10
351.725988
 20
-119.80952
 30
0.0
 11
351.725988
 21
-120.09548
 31
0.0
  0
LINE
  5
3AB
330
1F
100
AcDbEntity
  8
Edge.Cuts
100
AcDbLine
 10
351.725988
 20
-120.09548
 30
0.0
 11
351.693971
 21
-120.379641
 31
0.0
  0
LINE
  5
3AC
330
1F
100
AcDbEntity
  8
Edge.Cuts
100
AcDbLine
 10
351.693971
 20
-120.379641
 30
0.0
 11
351.630339
 21
-120.658431
 31
0.0
  0
LINE
  5
3AD
330
1F
100
AcDbEntity
  8
Edge.Cuts
100
AcDbLine
 10
351.630339
 20
-120.658431
 30
0.0
 11
351.535893
 21
-120.928343
 31
0.0
  0
LINE
  5
3AE
330
1F
100
AcDbEntity
  8
Edge.Cuts
100
AcDbLine
 10
351.535893
 20
-120.928343
 30
0.0
 11
351.41182
 21
-121.185983
 31
0.0
  0
LINE
  5
3AF
330
1F
100
AcDbEntity
  8
Edge.Cuts
100
AcDbLine
 10
351.41182
 20
-121.185983
 30
0.0
 11
351.2596799999999
 21
-121.428112
 31
0.0
  0
LINE
  5
3B0
330
1F
100
AcDbEntity
  8
Edge.Cuts
100
AcDbLine
 10
351.2596799999999
 20
-121.428112
 30
0.0
 11
351.081388
 21
-121.651684
 31
0.0
  0
LINE
  5
3B1
330
1F
100
AcDbEntity
  8
Edge.Cuts
100
AcDbLine
 10
351.081388
 20
-121.651684
 30
0.0
 11
350.879184
 21
-121.853888
 31
0.0
  0
LINE
  5
3B2
330
1F
100
AcDbEntity
  8
Edge.Cuts
100
AcDbLine
 10
350.879184
 20
-121.853888
 30
0.0
 11
350.655612
 21
-122.03218
 31
0.0
  0
LINE
  5
3B3
330
1F
100
AcDbEntity
  8
Edge.Cuts
100
AcDbLine
 10
350.655612
 20
-122.03218
 30
0.0
 11
350.413483
 21
-122.18432
 31
0.0
  0
LINE
  5
3B4
330
1F
100
AcDbEntity
  8
Edge.Cuts
100
AcDbLine
 10
350.413483
 20
-122.18432
 30
0.0
 11
350.1558429999999
 21
-122.308393
 31
0.0
  0
LINE
  5
3B5
330
1F
100
AcDbEntity
  8
Edge.Cuts
100
AcDbLine
 10
350.1558429999999
 20
-122.308393
 30
0.0
 11
349.885931
 21
-122.402839
 31
0.0
  0
LINE
  5
3B6
330
1F
100
AcDbEntity
  8
Edge.Cuts
100
AcDbLine
 10
349.885931
 20
-122.402839
 30
0.0
 11
349.607141
 21
-122.466471
 31
0.0
  0
LINE
  5
3B7
330
1F
100
AcDbEntity
  8
Edge.Cuts
100
AcDbLine
 10
349.607141
 20
-122.466471
 30
0.0
 11
349.32298
 21
-122.498488
 31
0.0
  0
LINE
  5
3B8
330
1F
100
AcDbEntity
  8
Edge.Cuts
100
AcDbLine
 10
349.32298
 20
-122.498488
 30
0.0
 11
349.03702
 21
-122.498488
 31
0.0
  0
LINE
  5
3B9
330
1F
100
AcDbEntity
  8
Edge.Cuts
100
AcDbLine
 10
349.03702
 20
-122.498488
 30
0.0
 11
348.7528589999999
 21
-122.466471
 31
0.0
  0
LINE
  5
3BA
330
1F
100
AcDbEntity
  8
Edge.Cuts
100
AcDbLine
 10
348.7528589999999
 20
-122.466471
 30
0.0
 11
348.474069
 21
-122.402839
 31
0.0
  0
LINE
  5
3BB
330
1F
100
AcDbEntity
  8
Edge.Cuts
100
AcDbLine
 10
348.474069
 20
-122.402839
 30
0.0
 11
348.204157
 21
-122.308393
 31
0.0
  0
LINE
  5
3BC
330
1F
100
AcDbEntity
  8
Edge.Cuts
100
AcDbLine
 10
348.204157
 20
-122.308393
 30
0.0
 11
347.946517
 21
-122.18432
 31
0.0
  0
LINE
  5
3BD
330
1F
100
AcDbEntity
  8
Edge.Cuts
100
AcDbLine
 10
347.946517
 20
-122.18432
 30
0.0
 11
347.704388
 21
-122.03218
 31
0.0
  0
LINE
  5
3BE
330
1F
100
AcDbEntity
  8
Edge.Cuts
100
AcDbLine
 10
347.704388
 20
-122.03218
 30
0.0
 11
347.480816
 21
-121.853888
 31
0.0
  0
LINE
  5
3BF
330
1F
100
AcDbEntity
  8
Edge.Cuts
100
AcDbLine
 10
347.480816
 20
-121.853888
 30
0.0
 11
347.278612
 21
-121.651684
 31
0.0
  0
LINE
  5
3C0
330
1F
100
AcDbEntity
  8
Edge.Cuts
100
AcDbLine
 10
347.278612
 20
-121.651684
 30
0.0
 11
347.10032
 21
-121.428112
 31
0.0
  0
LINE
  5
3C1
330
1F
100
AcDbEntity
  8
Edge.Cuts
100
AcDbLine
 10
347.10032
 20
-121.428112
 30
0.0
 11
346.94818
 21
-121.185983
 31
0.0
  0
LINE
  5
3C2
330
1F
100
AcDbEntity
  8
Edge.Cuts
100
AcDbLine
 10
346.94818
 20
-121.185983
 30
0.0
 11
346.824107
 21
-120.928343
 31
0.0
  0
LINE
  5
3C3
330
1F
100
AcDbEntity
  8
Edge.Cuts
100
AcDbLine
 10
346.824107
 20
-120.928343
 30
0.0
 11
346.729661
 21
-120.658431
 31
0.0
  0
LINE
  5
3C4
330
1F
100
AcDbEntity
  8
Edge.Cuts
100
AcDbLine
 10
346.729661
 20
-120.658431
 30
0.0
 11
346.666029
 21
-120.379641
 31
0.0
  0
LINE
  5
3C5
330
1F
100
AcDbEntity
  8
Edge.Cuts
100
AcDbLine
 10
346.666029
 20
-120.379641
 30
0.0
 11
346.634012
 21
-120.09548
 31
0.0
  0
LINE
  5
3C6
330
1F
100
AcDbEntity
  8
Edge.Cuts
100
AcDbLine
 10
346.634012
 20
-120.09548
 30
0.0
 11
346.634012
 21
-119.814911
 31
0.0
  0
LINE
  5
3C7
330
1F
100
AcDbEntity
  8
Edge.Cuts
100
AcDbLine
 10
346.634012
 20
-119.814911
 30
0.0
 11
346.634012
 21
-119.80952
 31
0.0
  0
LINE
  5
3C8
330
1F
100
AcDbEntity
  8
Edge.Cuts
100
AcDbLine
 10
346.634012
 20
-119.80952
 30
0.0
 11
346.666029
 21
-119.525359
 31
0.0
  0
LINE
  5
3C9
330
1F
100
AcDbEntity
  8
Edge.Cuts
100
AcDbLine
 10
346.666029
 20
-119.525359
 30
0.0
 11
346.729661
 21
-119.246569
 31
0.0
  0
LINE
  5
3CA
330
1F
100
AcDbEntity
  8
Edge.Cuts
100
AcDbLine
 10
346.729661
 20
-119.246569
 30
0.0
 11
346.824107
 21
-118.976657
 31
0.0
  0
LINE
  5
3CB
330
1F
100
AcDbEntity
  8
Edge.Cuts
100
AcDbLine
 10
346.824107
 20
-118.976657
 30
0.0
 11
346.94818
 21
-118.719017
 31
0.0
  0
LINE
  5
3CC
330
1F
100
AcDbEntity
  8
Edge.Cuts
100
AcDbLine
 10
346.94818
 20
-118.719017
 30
0.0
 11
347.10032
 21
-118.476888
 31
0.0
  0
LINE
  5
3CD
330
1F
100
AcDbEntity
  8
Edge.Cuts
100
AcDbLine
 10
347.10032
 20
-118.476888
 30
0.0
 11
347.278612
 21
-118.253316
 31
0.0
  0
LINE
  5
3CE
330
1F
100
AcDbEntity
  8
Edge.Cuts
100
AcDbLine
 10
347.278612
 20
-118.253316
 30
0.0
 11
347.480816
 21
-118.051112
 31
0.0
  0
LINE
  5
3CF
330
1F
100
AcDbEntity
  8
Edge.Cuts
100
AcDbLine
 10
347.480816
 20
-118.051112
 30
0.0
 11
347.704388
 21
-117.87282
 31
0.0
  0
LINE
  5
3D0
330
1F
100
AcDbEntity
  8
Edge.Cuts
100
AcDbLine
 10
347.704388
 20
-117.87282
 30
0.0
 11
347.946517
 21
-117.72068
 31
0.0
  0
LINE
  5
3D1
330
1F
100
AcDbEntity
  8
Edge.Cuts
100
AcDbLine
 10
347.946517
 20
-117.72068
 30
0.0
 11
348.204157
 21
-117.596607
 31
0.0
  0
LINE
  5
3D2
330
1F
100
AcDbEntity
  8
Edge.Cuts
100
AcDbLine
 10
348.204157
 20
-117.596607
 30
0.0
 11
348.474069
 21
-117.502161
 31
0.0
  0
LINE
  5
3D3
330
1F
100
AcDbEntity
  8
Edge.Cuts
100
AcDbLine
 10
348.474069
 20
-117.502161
 30
0.0
 11
348.7528589999999
 21
-117.438529
 31
0.0
  0
LINE
  5
3D4
330
1F
100
AcDbEntity
  8
Edge.Cuts
100
AcDbLine
 10
348.7528589999999
 20
-117.438529
 30
0.0
 11
349.03702
 21
-117.406512
 31
0.0
  0
LINE
  5
3D5
330
1F
100
AcDbEntity
  8
Edge.Cuts
100
AcDbLine
 10
349.03702
 20
-117.406512
 30
0.0
 11
349.32298
 21
-117.406512
 31
0.0
  0
LINE
  5
3D6
330
1F
100
AcDbEntity
  8
Edge.Cuts
100
AcDbLine
 10
349.32298
 20
-117.406512
 30
0.0
 11
349.607141
 21
-117.438529
 31
0.0
  0
LINE
  5
3D7
330
1F
100
AcDbEntity
  8
Edge.Cuts
100
AcDbLine
 10
292.907141
 20
-97.63852899999999
 30
0.0
 11
293.185931
 21
-97.70216099999999
 31
0.0
  0
LINE
  5
3D8
330
1F
100
AcDbEntity
  8
Edge.Cuts
100
AcDbLine
 10
293.185931
 20
-97.70216099999999
 30
0.0
 11
293.455843
 21
-97.796607
 31
0.0
  0
LINE
  5
3D9
330
1F
100
AcDbEntity
  8
Edge.Cuts
100
AcDbLine
 10
293.455843
 20
-97.796607
 30
0.0
 11
293.713483
 21
-97.92067999999999
 31
0.0
  0
LINE
  5
3DA
330
1F
100
AcDbEntity
  8
Edge.Cuts
100
AcDbLine
 10
293.713483
 20
-97.92067999999999
 30
0.0
 11
293.955612
 21
-98.07282
 31
0.0
  0
LINE
  5
3DB
330
1F
100
AcDbEntity
  8
Edge.Cuts
100
AcDbLine
 10
293.955612
 20
-98.07282
 30
0.0
 11
294.179184
 21
-98.25111199999999
 31
0.0
  0
LINE
  5
3DC
330
1F
100
AcDbEntity
  8
Edge.Cuts
100
AcDbLine
 10
294.179184
 20
-98.25111199999999
 30
0.0
 11
294.381388
 21
-98.453316
 31
0.0
  0
LINE
  5
3DD
330
1F
100
AcDbEntity
  8
Edge.Cuts
100
AcDbLine
 10
294.381388
 20
-98.453316
 30
0.0
 11
294.55968
 21
-98.67688799999999
 31
0.0
  0
LINE
  5
3DE
330
1F
100
AcDbEntity
  8
Edge.Cuts
100
AcDbLine
 10
294.55968
 20
-98.67688799999999
 30
0.0
 11
294.7118199999999
 21
-98.91901699999998
 31
0.0
  0
LINE
  5
3DF
330
1F
100
AcDbEntity
  8
Edge.Cuts
100
AcDbLine
 10
294.7118199999999
 20
-98.91901699999998
 30
0.0
 11
294.835893
 21
-99.17665699999999
 31
0.0
  0
LINE
  5
3E0
330
1F
100
AcDbEntity
  8
Edge.Cuts
100
AcDbLine
 10
294.835893
 20
-99.17665699999999
 30
0.0
 11
294.930339
 21
-99.446569
 31
0.0
  0
LINE
  5
3E1
330
1F
100
AcDbEntity
  8
Edge.Cuts
100
AcDbLine
 10
294.930339
 20
-99.446569
 30
0.0
 11
294.993971
 21
-99.725359
 31
0.0
  0
LINE
  5
3E2
330
1F
100
AcDbEntity
  8
Edge.Cuts
100
AcDbLine
 10
294.993971
 20
-99.725359
 30
0.0
 11
295.025988
 21
-100.00952
 31
0.0
  0
LINE
  5
3E3
330
1F
100
AcDbEntity
  8
Edge.Cuts
100
AcDbLine
 10
295.025988
 20
-100.00952
 30
0.0
 11
295.025988
 21
-100.29548
 31
0.0
  0
LINE
  5
3E4
330
1F
100
AcDbEntity
  8
Edge.Cuts
100
AcDbLine
 10
295.025988
 20
-100.29548
 30
0.0
 11
294.993971
 21
-100.579641
 31
0.0
  0
LINE
  5
3E5
330
1F
100
AcDbEntity
  8
Edge.Cuts
100
AcDbLine
 10
294.993971
 20
-100.579641
 30
0.0
 11
294.930339
 21
-100.858431
 31
0.0
  0
LINE
  5
3E6
330
1F
100
AcDbEntity
  8
Edge.Cuts
100
AcDbLine
 10
294.930339
 20
-100.858431
 30
0.0
 11
294.835893
 21
-101.128343
 31
0.0
  0
LINE
  5
3E7
330
1F
100
AcDbEntity
  8
Edge.Cuts
100
AcDbLine
 10
294.835893
 20
-101.128343
 30
0.0
 11
294.7118199999999
 21
-101.385983
 31
0.0
  0
LINE
  5
3E8
330
1F
100
AcDbEntity
  8
Edge.Cuts
100
AcDbLine
 10
294.7118199999999
 20
-101.385983
 30
0.0
 11
294.55968
 21
-101.628112
 31
0.0
  0
LINE
  5
3E9
330
1F
100
AcDbEntity
  8
Edge.Cuts
100
AcDbLine
 10
294.55968
 20
-101.628112
 30
0.0
 11
294.381388
 21
-101.851684
 31
0.0
  0
LINE
  5
3EA
330
1F
100
AcDbEntity
  8
Edge.Cuts
100
AcDbLine
 10
294.381388
 20
-101.851684
 30
0.0
 11
294.179184
 21
-102.053888
 31
0.0
  0
LINE
  5
3EB
330
1F
100
AcDbEntity
  8
Edge.Cuts
100
AcDbLine
 10
294.179184
 20
-102.053888
 30
0.0
 11
293.955612
 21
-102.23218
 31
0.0
  0
LINE
  5
3EC
330
1F
100
AcDbEntity
  8
Edge.Cuts
100
AcDbLine
 10
293.955612
 20
-102.23218
 30
0.0
 11
293.713483
 21
-102.38432
 31
0.0
  0
LINE
  5
3ED
330
1F
100
AcDbEntity
  8
Edge.Cuts
100
AcDbLine
 10
293.713483
 20
-102.38432
 30
0.0
 11
293.455843
 21
-102.508393
 31
0.0
  0
LINE
  5
3EE
330
1F
100
AcDbEntity
  8
Edge.Cuts
100
AcDbLine
 10
293.455843
 20
-102.508393
 30
0.0
 11
293.185931
 21
-102.602839
 31
0.0
  0
LINE
  5
3EF
330
1F
100
AcDbEntity
  8
Edge.Cuts
100
AcDbLine
 10
293.185931
 20
-102.602839
 30
0.0
 11
292.907141
 21
-102.666471
 31
0.0
  0
LINE
  5
3F0
330
1F
100
AcDbEntity
  8
Edge.Cuts
100
AcDbLine
 10
292.907141
 20
-102.666471
 30
0.0
 11
292.62298
 21
-102.698488
 31
0.0
  0
LINE
  5
3F1
330
1F
100
AcDbEntity
  8
Edge.Cuts
100
AcDbLine
 10
292.62298
 20
-102.698488
 30
0.0
 11
292.33702
 21
-102.698488
 31
0.0
  0
LINE
  5
3F2
330
1F
100
AcDbEntity
  8
Edge.Cuts
100
AcDbLine
 10
292.33702
 20
-102.698488
 30
0.0
 11
292.052859
 21
-102.666471
 31
0.0
  0
LINE
  5
3F3
330
1F
100
AcDbEntity
  8
Edge.Cuts
100
AcDbLine
 10
292.052859
 20
-102.666471
 30
0.0
 11
291.774069
 21
-102.602839
 31
0.0
  0
LINE
  5
3F4
330
1F
100
AcDbEntity
  8
Edge.Cuts
100
AcDbLine
 10
291.774069
 20
-102.602839
 30
0.0
 11
291.504157
 21
-102.508393
 31
0.0
  0
LINE
  5
3F5
330
1F
100
AcDbEntity
  8
Edge.Cuts
100
AcDbLine
 10
291.504157
 20
-102.508393
 30
0.0
 11
291.246517
 21
-102.38432
 31
0.0
  0
LINE
  5
3F6
330
1F
100
AcDbEntity
  8
Edge.Cuts
100
AcDbLine
 10
291.246517
 20
-102.38432
 30
0.0
 11
291.004388
 21
-102.23218
 31
0.0
  0
LINE
  5
3F7
330
1F
100
AcDbEntity
  8
Edge.Cuts
100
AcDbLine
 10
291.004388
 20
-102.23218
 30
0.0
 11
290.780816
 21
-102.053888
 31
0.0
  0
LINE
  5
3F8
330
1F
100
AcDbEntity
  8
Edge.Cuts
100
AcDbLine
 10
290.780816
 20
-102.053888
 30
0.0
 11
290.578612
 21
-101.851684
 31
0.0
  0
LINE
  5
3F9
330
1F
100
AcDbEntity
  8
Edge.Cuts
100
AcDbLine
 10
290.578612
 20
-101.851684
 30
0.0
 11
290.40032
 21
-101.628112
 31
0.0
  0
LINE
  5
3FA
330
1F
100
AcDbEntity
  8
Edge.Cuts
100
AcDbLine
 10
290.40032
 20
-101.628112
 30
0.0
 11
290.24818
 21
-101.385983
 31
0.0
  0
LINE
  5
3FB
330
1F
100
AcDbEntity
  8
Edge.Cuts
100
AcDbLine
 10
290.24818
 20
-101.385983
 30
0.0
 11
290.124107
 21
-101.128343
 31
0.0
  0
LINE
  5
3FC
330
1F
100
AcDbEntity
  8
Edge.Cuts
100
AcDbLine
 10
290.124107
 20
-101.128343
 30
0.0
 11
290.029661
 21
-100.858431
 31
0.0
  0
LINE
  5
3FD
330
1F
100
AcDbEntity
  8
Edge.Cuts
100
AcDbLine
 10
290.029661
 20
-100.858431
 30
0.0
 11
289.966029
 21
-100.579641
 31
0.0
  0
LINE
  5
3FE
330
1F
100
AcDbEntity
  8
Edge.Cuts
100
AcDbLine
 10
289.966029
 20
-100.579641
 30
0.0
 11
289.9340119999999
 21
-100.29548
 31
0.0
  0
LINE
  5
3FF
330
1F
100
AcDbEntity
  8
Edge.Cuts
100
AcDbLine
 10
289.9340119999999
 20
-100.29548
 30
0.0
 11
289.9340119999999
 21
-100.014911
 31
0.0
  0
LINE
  5
400
330
1F
100
AcDbEntity
  8
Edge.Cuts
100
AcDbLine
 10
289.9340119999999
 20
-100.014911
 30
0.0
 11
289.9340119999999
 21
-100.00952
 31
0.0
  0
LINE
  5
401
330
1F
100
AcDbEntity
  8
Edge.Cuts
100
AcDbLine
 10
289.9340119999999
 20
-100.00952
 30
0.0
 11
289.966029
 21
-99.725359
 31
0.0
  0
LINE
  5
402
330
1F
100
AcDbEntity
  8
Edge.Cuts
100
AcDbLine
 10
289.966029
 20
-99.725359
 30
0.0
 11
290.029661
 21
-99.446569
 31
0.0
  0
LINE
  5
403
330
1F
100
AcDbEntity
  8
Edge.Cuts
100
AcDbLine
 10
290.029661
 20
-99.446569
 30
0.0
 11
290.124107
 21
-99.17665699999999
 31
0.0
  0
LINE
  5
404
330
1F
100
AcDbEntity
  8
Edge.Cuts
100
AcDbLine
 10
290.124107
 20
-99.17665699999999
 30
0.0
 11
290.24818
 21
-98.91901699999998
 31
0.0
  0
LINE
  5
405
330
1F
100
AcDbEntity
  8
Edge.Cuts
100
AcDbLine
 10
290.24818
 20
-98.91901699999998
 30
0.0
 11
290.40032
 21
-98.67688799999999
 31
0.0
  0
LINE
  5
406
330
1F
100
AcDbEntity
  8
Edge.Cuts
100
AcDbLine
 10
290.40032
 20
-98.67688799999999
 30
0.0
 11
290.578612
 21
-98.453316
 31
0.0
  0
LINE
  5
407
330
1F
100
AcDbEntity
  8
Edge.Cuts
100
AcDbLine
 10
290.578612
 20
-98.453316
 30
0.0
 11
290.780816
 21
-98.25111199999999
 31
0.0
  0
LINE
  5
408
330
1F
100
AcDbEntity
  8
Edge.Cuts
100
AcDbLine
 10
290.780816
 20
-98.25111199999999
 30
0.0
 11
291.004388
 21
-98.07282
 31
0.0
  0
LINE
  5
409
330
1F
100
AcDbEntity
  8
Edge.Cuts
100
AcDbLine
 10
291.004388
 20
-98.07282
 30
0.0
 11
291.246517
 21
-97.92067999999999
 31
0.0
  0
LINE
  5
40A
330
1F
100
AcDbEntity
  8
Edge.Cuts
100
AcDbLine
 10
291.246517
 20
-97.92067999999999
 30
0.0
 11
291.504157
 21
-97.796607
 31
0.0
  0
LINE
  5
40B
330
1F
100
AcDbEntity
  8
Edge.Cuts
100
AcDbLine
 10
291.504157
 20
-97.796607
 30
0.0
 11
291.774069
 21
-97.70216099999999
 31
0.0
  0
LINE
  5
40C
330
1F
100
AcDbEntity
  8
Edge.Cuts
100
AcDbLine
 10
291.774069
 20
-97.70216099999999
 30
0.0
 11
292.052859
 21
-97.63852899999999
 31
0.0
  0
LINE
  5
40D
330
1F
100
AcDbEntity
  8
Edge.Cuts
100
AcDbLine
 10
292.052859
 20
-97.63852899999999
 30
0.0
 11
292.33702
 21
-97.606512
 31
0.0
  0
LINE
  5
40E
330
1F
100
AcDbEntity
  8
Edge.Cuts
100
AcDbLine
 10
292.33702
 20
-97.606512
 30
0.0
 11
292.62298
 21
-97.606512
 31
0.0
  0
LINE
  5
40F
330
1F
100
AcDbEntity
  8
Edge.Cuts
100
AcDbLine
 10
292.62298
 20
-97.606512
 30
0.0
 11
292.907141
 21
-97.63852899999999
 31
0.0
  0
LINE
  5
410
330
1F
100
AcDbEntity
  8
Edge.Cuts
100
AcDbLine
 10
307.7315059999787
 20
-91.49516979673777
 30
0.0
 11
296.0625389999787
 21
-91.64103179673776
 31
0.0
  0
LINE
  5
411
330
1F
100
AcDbEntity
  8
Edge.Cuts
100
AcDbLine
 10
293.8656399999787
 20
-92.58264479673775
 30
0.0
 11
291.0825929999787
 21
-95.43302279673776
 31
0.0
  0
LINE
  5
412
330
1F
100
AcDbEntity
  8
Edge.Cuts
100
AcDbLine
 10
288.7393069999833
 20
-96.42009079673774
 30
0.0
 11
275.7015079999787
 21
-96.42009079673774
 31
0.0
  0
LINE
  5
413
330
1F
100
AcDbEntity
  8
Edge.Cuts
100
AcDbLine
 10
273.0199819999787
 20
-97.94039779673773
 30
0.0
 11
272.0332349999787
 21
-99.58930879673774
 31
0.0
  0
LINE
  5
414
330
1F
100
AcDbEntity
  8
Edge.Cuts
100
AcDbLine
 10
272.0332349999787
 20
-99.58930879673774
 30
0.0
 11
272.0332239999788
 21
-99.58932279673772
 31
0.0
  0
LINE
  5
415
330
1F
100
AcDbEntity
  8
Edge.Cuts
100
AcDbLine
 10
269.2200119999787
 20
-101.1825897967377
 30
0.0
 11
231.5777059999787
 21
-101.1825897967377
 31
0.0
  0
LINE
  5
416
330
1F
100
AcDbEntity
  8
Edge.Cuts
100
AcDbLine
 10
228.4450119999787
 20
-104.3100897967377
 30
0.0
 11
228.4450119999787
 21
-123.0875797967377
 31
0.0
  0
LINE
  5
417
330
1F
100
AcDbEntity
  8
Edge.Cuts
100
AcDbLine
 10
254.4450119999788
 20
-123.0875797967377
 30
0.0
 11
254.4596439999788
 21
-123.0890207967377
 31
0.0
  0
LINE
  5
418
330
1F
100
AcDbEntity
  8
Edge.Cuts
100
AcDbLine
 10
254.4596439999788
 20
-123.0890207967377
 30
0.0
 11
254.4866799999788
 21
-123.1002197967377
 31
0.0
  0
LINE
  5
419
330
1F
100
AcDbEntity
  8
Edge.Cuts
100
AcDbLine
 10
254.4866799999788
 20
-123.1002197967377
 30
0.0
 11
254.5073719999788
 21
-123.1209117967377
 31
0.0
  0
LINE
  5
41A
330
1F
100
AcDbEntity
  8
Edge.Cuts
100
AcDbLine
 10
254.5073719999788
 20
-123.1209117967377
 30
0.0
 11
254.5185709999788
 21
-123.1479477967377
 31
0.0
  0
LINE
  5
41B
330
1F
100
AcDbEntity
  8
Edge.Cuts
100
AcDbLine
 10
254.5185709999788
 20
-123.1479477967377
 30
0.0
 11
254.5200119999788
 21
-123.1625797967377
 31
0.0
  0
LINE
  5
41C
330
1F
100
AcDbEntity
  8
Edge.Cuts
100
AcDbLine
 10
254.5200119999788
 20
-123.1625797967377
 30
0.0
 11
254.4576187363563
 21
-168.1625797967377
 31
0.0
  0
LINE
  5
41D
330
1F
100
AcDbEntity
  8
Edge.Cuts
100
AcDbLine
 10
254.4576187363563
 20
-168.1625797967377
 30
0.0
 11
254.4561777363563
 21
-168.1772117967378
 31
0.0
  0
LINE
  5
41E
330
1F
100
AcDbEntity
  8
Edge.Cuts
100
AcDbLine
 10
254.4561777363563
 20
-168.1772117967378
 30
0.0
 11
254.4449787363563
 21
-168.2042477967377
 31
0.0
  0
LINE
  5
41F
330
1F
100
AcDbEntity
  8
Edge.Cuts
100
AcDbLine
 10
254.4449787363563
 20
-168.2042477967377
 30
0.0
 11
254.4242867363563
 21
-168.2249397967377
 31
0.0
  0
LINE
  5
420
330
1F
100
AcDbEntity
  8
Edge.Cuts
100
AcDbLine
 10
254.4242867363563
 20
-168.2249397967377
 30
0.0
 11
254.3972507363563
 21
-168.2361387967377
 31
0.0
  0
LINE
  5
421
330
1F
100
AcDbEntity
  8
Edge.Cuts
100
AcDbLine
 10
254.3972507363563
 20
-168.2361387967377
 30
0.0
 11
254.3826187363562
 21
-168.2375797967377
 31
0.0
  0
LINE
  5
422
330
1F
100
AcDbEntity
  8
Edge.Cuts
100
AcDbLine
 10
228.445
 20
-168.2375
 30
0.0
 11
228.445
 21
-175.684272
 31
0.0
  0
LINE
  5
423
330
1F
100
AcDbEntity
  8
Edge.Cuts
100
AcDbLine
 10
228.841284
 20
-177.148698
 30
0.0
 11
237.377843
 21
-192.549057
 31
0.0
  0
LINE
  5
424
330
1F
100
AcDbEntity
  8
Edge.Cuts
100
AcDbLine
 10
241.626058
 20
-193.767213
 30
0.0
 11
248.543434
 21
-189.904516
 31
0.0
  0
LINE
  5
425
330
1F
100
AcDbEntity
  8
Edge.Cuts
100
AcDbLine
 10
248.543434
 20
-189.904516
 30
0.0
 11
248.544897
 21
-189.903878
 31
0.0
  0
LINE
  5
426
330
1F
100
AcDbEntity
  8
Edge.Cuts
100
AcDbLine
 10
248.544897
 20
-189.903878
 30
0.0
 11
248.5462429999999
 21
-189.903025
 31
0.0
  0
LINE
  5
427
330
1F
100
AcDbEntity
  8
Edge.Cuts
100
AcDbLine
 10
248.5462429999999
 20
-189.903025
 30
0.0
 11
249.6416359999999
 21
-189.350931
 31
0.0
  0
LINE
  5
428
330
1F
100
AcDbEntity
  8
Edge.Cuts
100
AcDbLine
 10
249.6416359999999
 20
-189.350931
 30
0.0
 11
249.641933
 21
-189.350816
 31
0.0
  0
LINE
  5
429
330
1F
100
AcDbEntity
  8
Edge.Cuts
100
AcDbLine
 10
249.641933
 20
-189.350816
 30
0.0
 11
249.6422019999999
 21
-189.350649
 31
0.0
  0
LINE
  5
42A
330
1F
100
AcDbEntity
  8
Edge.Cuts
100
AcDbLine
 10
249.6422019999999
 20
-189.350649
 30
0.0
 11
250.7276359999999
 21
-188.815005
 31
0.0
  0
LINE
  5
42B
330
1F
100
AcDbEntity
  8
Edge.Cuts
100
AcDbLine
 10
250.7276359999999
 20
-188.815005
 30
0.0
 11
250.727939
 21
-188.81489
 31
0.0
  0
LINE
  5
42C
330
1F
100
AcDbEntity
  8
Edge.Cuts
100
AcDbLine
 10
250.727939
 20
-188.81489
 30
0.0
 11
250.7282209999999
 21
-188.814719
 31
0.0
  0
LINE
  5
42D
330
1F
100
AcDbEntity
  8
Edge.Cuts
100
AcDbLine
 10
250.7282209999999
 20
-188.814719
 30
0.0
 11
251.7719939999999
 21
-188.31086
 31
0.0
  0
LINE
  5
42E
330
1F
100
AcDbEntity
  8
Edge.Cuts
100
AcDbLine
 10
251.7719939999999
 20
-188.31086
 30
0.0
 11
251.7723089999999
 21
-188.310744
 31
0.0
  0
LINE
  5
42F
330
1F
100
AcDbEntity
  8
Edge.Cuts
100
AcDbLine
 10
251.7723089999999
 20
-188.310744
 30
0.0
 11
251.772601
 21
-188.31057
 31
0.0
  0
LINE
  5
430
330
1F
100
AcDbEntity
  8
Edge.Cuts
100
AcDbLine
 10
251.772601
 20
-188.31057
 30
0.0
 11
252.8038519999999
 21
-187.824128
 31
0.0
  0
LINE
  5
431
330
1F
100
AcDbEntity
  8
Edge.Cuts
100
AcDbLine
 10
252.8038519999999
 20
-187.824128
 30
0.0
 11
252.804182
 21
-187.82401
 31
0.0
  0
LINE
  5
432
330
1F
100
AcDbEntity
  8
Edge.Cuts
100
AcDbLine
 10
252.804182
 20
-187.82401
 30
0.0
 11
252.804485
 21
-187.823833
 31
0.0
  0
LINE
  5
433
330
1F
100
AcDbEntity
  8
Edge.Cuts
100
AcDbLine
 10
252.804485
 20
-187.823833
 30
0.0
 11
253.788663
 21
-187.370735
 31
0.0
  0
LINE
  5
434
330
1F
100
AcDbEntity
  8
Edge.Cuts
100
AcDbLine
 10
253.788663
 20
-187.370735
 30
0.0
 11
253.789004
 21
-187.370616
 31
0.0
  0
LINE
  5
435
330
1F
100
AcDbEntity
  8
Edge.Cuts
100
AcDbLine
 10
253.789004
 20
-187.370616
 30
0.0
 11
253.789322
 21
-187.370435
 31
0.0
  0
LINE
  5
436
330
1F
100
AcDbEntity
  8
Edge.Cuts
100
AcDbLine
 10
253.789322
 20
-187.370435
 30
0.0
 11
254.75896
 21
-186.935337
 31
0.0
  0
LINE
  5
437
330
1F
100
AcDbEntity
  8
Edge.Cuts
100
AcDbLine
 10
254.75896
 20
-186.935337
 30
0.0
 11
254.759321
 21
-186.935215
 31
0.0
  0
LINE
  5
438
330
1F
100
AcDbEntity
  8
Edge.Cuts
100
AcDbLine
 10
254.759321
 20
-186.935215
 30
0.0
 11
254.7596499999999
 21
-186.935032
 31
0.0
  0
LINE
  5
439
330
1F
100
AcDbEntity
  8
Edge.Cuts
100
AcDbLine
 10
254.7596499999999
 20
-186.935032
 30
0.0
 11
255.6786539999999
 21
-186.533705
 31
0.0
  0
LINE
  5
43A
330
1F
100
AcDbEntity
  8
Edge.Cuts
100
AcDbLine
 10
255.6786539999999
 20
-186.533705
 30
0.0
 11
255.67903
 21
-186.533582
 31
0.0
  0
LINE
  5
43B
330
1F
100
AcDbEntity
  8
Edge.Cuts
100
AcDbLine
 10
255.67903
 20
-186.533582
 30
0.0
 11
255.679377
 21
-186.533394
 31
0.0
  0
LINE
  5
43C
330
1F
100
AcDbEntity
  8
Edge.Cuts
100
AcDbLine
 10
255.679377
 20
-186.533394
 30
0.0
 11
256.5823579999999
 21
-186.150295
 31
0.0
  0
LINE
  5
43D
330
1F
100
AcDbEntity
  8
Edge.Cuts
100
AcDbLine
 10
256.5823579999999
 20
-186.150295
 30
0.0
 11
256.582752
 21
-186.150171
 31
0.0
  0
LINE
  5
43E
330
1F
100
AcDbEntity
  8
Edge.Cuts
100
AcDbLine
 10
256.582752
 20
-186.150171
 30
0.0
 11
256.5831169999999
 21
-186.149978
 31
0.0
  0
LINE
  5
43F
330
1F
100
AcDbEntity
  8
Edge.Cuts
100
AcDbLine
 10
256.5831169999999
 20
-186.149978
 30
0.0
 11
257.4335829999999
 21
-185.800117
 31
0.0
  0
LINE
  5
440
330
1F
100
AcDbEntity
  8
Edge.Cuts
100
AcDbLine
 10
257.4335829999999
 20
-185.800117
 30
0.0
 11
257.4339939999999
 21
-185.799993
 31
0.0
  0
LINE
  5
441
330
1F
100
AcDbEntity
  8
Edge.Cuts
100
AcDbLine
 10
257.4339939999999
 20
-185.799993
 30
0.0
 11
257.434382
 21
-185.799793
 31
0.0
  0
LINE
  5
442
330
1F
100
AcDbEntity
  8
Edge.Cuts
100
AcDbLine
 10
257.434382
 20
-185.799793
 30
0.0
 11
258.267846
 21
-185.468075
 31
0.0
  0
LINE
  5
443
330
1F
100
AcDbEntity
  8
Edge.Cuts
100
AcDbLine
 10
258.267846
 20
-185.468075
 30
0.0
 11
258.268285
 21
-185.467948
 31
0.0
  0
LINE
  5
444
330
1F
100
AcDbEntity
  8
Edge.Cuts
100
AcDbLine
 10
258.268285
 20
-185.467948
 30
0.0
 11
258.2686889999999
 21
-185.467746
 31
0.0
  0
LINE
  5
445
330
1F
100
AcDbEntity
  8
Edge.Cuts
100
AcDbLine
 10
258.2686889999999
 20
-185.467746
 30
0.0
 11
259.0491969999999
 21
-185.167964
 31
0.0
  0
LINE
  5
446
330
1F
100
AcDbEntity
  8
Edge.Cuts
100
AcDbLine
 10
259.0491969999999
 20
-185.167964
 30
0.0
 11
259.049656
 21
-185.167837
 31
0.0
  0
LINE
  5
447
330
1F
100
AcDbEntity
  8
Edge.Cuts
100
AcDbLine
 10
259.049656
 20
-185.167837
 30
0.0
 11
259.050088
 21
-185.167628
 31
0.0
  0
LINE
  5
448
330
1F
100
AcDbEntity
  8
Edge.Cuts
100
AcDbLine
 10
259.050088
 20
-185.167628
 30
0.0
 11
259.813066
 21
-184.885641
 31
0.0
  0
LINE
  5
449
330
1F
100
AcDbEntity
  8
Edge.Cuts
100
AcDbLine
 10
259.813066
 20
-184.885641
 30
0.0
 11
259.81355
 21
-184.885514
 31
0.0
  0
LINE
  5
44A
330
1F
100
AcDbEntity
  8
Edge.Cuts
100
AcDbLine
 10
259.81355
 20
-184.885514
 30
0.0
 11
259.8140089999999
 21
-184.885299
 31
0.0
  0
LINE
  5
44B
330
1F
100
AcDbEntity
  8
Edge.Cuts
100
AcDbLine
 10
259.8140089999999
 20
-184.885299
 30
0.0
 11
260.524769
 21
-184.633367
 31
0.0
  0
LINE
  5
44C
330
1F
100
AcDbEntity
  8
Edge.Cuts
100
AcDbLine
 10
260.524769
 20
-184.633367
 30
0.0
 11
260.5252839999999
 21
-184.633239
 31
0.0
  0
LINE
  5
44D
330
1F
100
AcDbEntity
  8
Edge.Cuts
100
AcDbLine
 10
260.5252839999999
 20
-184.633239
 30
0.0
 11
260.52577
 21
-184.63302
 31
0.0
  0
LINE
  5
44E
330
1F
100
AcDbEntity
  8
Edge.Cuts
100
AcDbLine
 10
260.52577
 20
-184.63302
 30
0.0
 11
261.218859
 21
-184.398322
 31
0.0
  0
LINE
  5
44F
330
1F
100
AcDbEntity
  8
Edge.Cuts
100
AcDbLine
 10
261.218859
 20
-184.398322
 30
0.0
 11
261.219409
 21
-184.398194
 31
0.0
  0
LINE
  5
450
330
1F
100
AcDbEntity
  8
Edge.Cuts
100
AcDbLine
 10
261.219409
 20
-184.398194
 30
0.0
 11
261.2199229999999
 21
-184.397971
 31
0.0
  0
LINE
  5
451
330
1F
100
AcDbEntity
  8
Edge.Cuts
100
AcDbLine
 10
261.2199229999999
 20
-184.397971
 30
0.0
 11
261.86245
 21
-184.191045
 31
0.0
  0
LINE
  5
452
330
1F
100
AcDbEntity
  8
Edge.Cuts
100
AcDbLine
 10
261.86245
 20
-184.191045
 30
0.0
 11
261.8630339999999
 21
-184.190918
 31
0.0
  0
LINE
  5
453
330
1F
100
AcDbEntity
  8
Edge.Cuts
100
AcDbLine
 10
261.8630339999999
 20
-184.190918
 30
0.0
 11
261.8635839999999
 21
-184.19069
 31
0.0
  0
LINE
  5
454
330
1F
100
AcDbEntity
  8
Edge.Cuts
100
AcDbLine
 10
261.8635839999999
 20
-184.19069
 30
0.0
 11
262.488625
 21
-184.000267
 31
0.0
  0
LINE
  5
455
330
1F
100
AcDbEntity
  8
Edge.Cuts
100
AcDbLine
 10
262.488625
 20
-184.000267
 30
0.0
 11
262.489243
 21
-184.000143
 31
0.0
  0
LINE
  5
456
330
1F
100
AcDbEntity
  8
Edge.Cuts
100
AcDbLine
 10
262.489243
 20
-184.000143
 30
0.0
 11
262.489835
 21
-183.999909
 31
0.0
  0
LINE
  5
457
330
1F
100
AcDbEntity
  8
Edge.Cuts
100
AcDbLine
 10
262.489835
 20
-183.999909
 30
0.0
 11
263.066661
 21
-183.834721
 31
0.0
  0
LINE
  5
458
330
1F
100
AcDbEntity
  8
Edge.Cuts
100
AcDbLine
 10
263.066661
 20
-183.834721
 30
0.0
 11
263.067325
 21
-183.834599
 31
0.0
  0
LINE
  5
459
330
1F
100
AcDbEntity
  8
Edge.Cuts
100
AcDbLine
 10
263.067325
 20
-183.834599
 30
0.0
 11
263.067953
 21
-183.834364
 31
0.0
  0
LINE
  5
45A
330
1F
100
AcDbEntity
  8
Edge.Cuts
100
AcDbLine
 10
263.067953
 20
-183.834364
 30
0.0
 11
263.627737
 21
-183.684828
 31
0.0
  0
LINE
  5
45B
330
1F
100
AcDbEntity
  8
Edge.Cuts
100
AcDbLine
 10
263.627737
 20
-183.684828
 30
0.0
 11
263.6284439999999
 21
-183.684711
 31
0.0
  0
LINE
  5
45C
330
1F
100
AcDbEntity
  8
Edge.Cuts
100
AcDbLine
 10
263.6284439999999
 20
-183.684711
 30
0.0
 11
263.6291189999999
 21
-183.684473
 31
0.0
  0
LINE
  5
45D
330
1F
100
AcDbEntity
  8
Edge.Cuts
100
AcDbLine
 10
263.6291189999999
 20
-183.684473
 30
0.0
 11
264.143521
 21
-183.557497
 31
0.0
  0
LINE
  5
45E
330
1F
100
AcDbEntity
  8
Edge.Cuts
100
AcDbLine
 10
264.143521
 20
-183.557497
 30
0.0
 11
264.14428
 21
-183.557387
 31
0.0
  0
LINE
  5
45F
330
1F
100
AcDbEntity
  8
Edge.Cuts
100
AcDbLine
 10
264.14428
 20
-183.557387
 30
0.0
 11
264.145002
 21
-183.557148
 31
0.0
  0
LINE
  5
460
330
1F
100
AcDbEntity
  8
Edge.Cuts
100
AcDbLine
 10
264.145002
 20
-183.557148
 30
0.0
 11
264.643007
 21
-183.444893
 31
0.0
  0
LINE
  5
461
330
1F
100
AcDbEntity
  8
Edge.Cuts
100
AcDbLine
 10
264.643007
 20
-183.444893
 30
0.0
 11
264.643699
 21
-183.444807
 31
0.0
  0
LINE
  5
462
330
1F
100
AcDbEntity
  8
Edge.Cuts
100
AcDbLine
 10
264.643699
 20
-183.444807
 30
0.0
 11
264.644372
 21
-183.444598
 31
0.0
  0
LINE
  5
463
330
1F
100
AcDbEntity
  8
Edge.Cuts
100
AcDbLine
 10
264.644372
 20
-183.444598
 30
0.0
 11
264.973114
 21
-183.376901
 31
0.0
  0
LINE
  5
464
330
1F
100
AcDbEntity
  8
Edge.Cuts
100
AcDbLine
 10
264.973114
 20
-183.376901
 30
0.0
 11
266.643658
 21
-182.948741
 31
0.0
  0
LINE
  5
465
330
1F
100
AcDbEntity
  8
Edge.Cuts
100
AcDbLine
 10
266.643658
 20
-182.948741
 30
0.0
 11
266.644507
 21
-182.94861
 31
0.0
  0
LINE
  5
466
330
1F
100
AcDbEntity
  8
Edge.Cuts
100
AcDbLine
 10
266.644507
 20
-182.94861
 30
0.0
 11
266.645318
 21
-182.948336
 31
0.0
  0
LINE
  5
467
330
1F
100
AcDbEntity
  8
Edge.Cuts
100
AcDbLine
 10
266.645318
 20
-182.948336
 30
0.0
 11
268.342261
 21
-182.554384
 31
0.0
  0
LINE
  5
468
330
1F
100
AcDbEntity
  8
Edge.Cuts
100
AcDbLine
 10
268.342261
 20
-182.554384
 30
0.0
 11
268.343103
 21
-182.554273
 31
0.0
  0
LINE
  5
469
330
1F
100
AcDbEntity
  8
Edge.Cuts
100
AcDbLine
 10
268.343103
 20
-182.554273
 30
0.0
 11
268.343917
 21
-182.554019
 31
0.0
  0
LINE
  5
46A
330
1F
100
AcDbEntity
  8
Edge.Cuts
100
AcDbLine
 10
268.343917
 20
-182.554019
 30
0.0
 11
270.061742
 21
-182.195959
 31
0.0
  0
LINE
  5
46B
330
1F
100
AcDbEntity
  8
Edge.Cuts
100
AcDbLine
 10
270.061742
 20
-182.195959
 30
0.0
 11
270.062583
 21
-182.195868
 31
0.0
  0
LINE
  5
46C
330
1F
100
AcDbEntity
  8
Edge.Cuts
100
AcDbLine
 10
270.062583
 20
-182.195868
 30
0.0
 11
270.0633979999999
 21
-182.195633
 31
0.0
  0
LINE
  5
46D
330
1F
100
AcDbEntity
  8
Edge.Cuts
100
AcDbLine
 10
270.0633979999999
 20
-182.195633
 30
0.0
 11
271.797896
 21
-181.874632
 31
0.0
  0
LINE
  5
46E
330
1F
100
AcDbEntity
  8
Edge.Cuts
100
AcDbLine
 10
271.797896
 20
-181.874632
 30
0.0
 11
271.798739
 21
-181.87456
 31
0.0
  0
LINE
  5
46F
330
1F
100
AcDbEntity
  8
Edge.Cuts
100
AcDbLine
 10
271.798739
 20
-181.87456
 30
0.0
 11
271.7995529999999
 21
-181.874345
 31
0.0
  0
LINE
  5
470
330
1F
100
AcDbEntity
  8
Edge.Cuts
100
AcDbLine
 10
271.7995529999999
 20
-181.874345
 30
0.0
 11
273.5460909999999
 21
-181.591468
 31
0.0
  0
LINE
  5
471
330
1F
100
AcDbEntity
  8
Edge.Cuts
100
AcDbLine
 10
273.5460909999999
 20
-181.591468
 30
0.0
 11
273.546933
 21
-181.591415
 31
0.0
  0
LINE
  5
472
330
1F
100
AcDbEntity
  8
Edge.Cuts
100
AcDbLine
 10
273.546933
 20
-181.591415
 30
0.0
 11
273.5477529999999
 21
-181.591218
 31
0.0
  0
LINE
  5
473
330
1F
100
AcDbEntity
  8
Edge.Cuts
100
AcDbLine
 10
273.5477529999999
 20
-181.591218
 30
0.0
 11
275.3012869999999
 21
-181.347398
 31
0.0
  0
LINE
  5
474
330
1F
100
AcDbEntity
  8
Edge.Cuts
100
AcDbLine
 10
275.3012869999999
 20
-181.347398
 30
0.0
 11
275.3021269999999
 21
-181.347364
 31
0.0
  0
LINE
  5
475
330
1F
100
AcDbEntity
  8
Edge.Cuts
100
AcDbLine
 10
275.3021269999999
 20
-181.347364
 30
0.0
 11
275.302958
 21
-181.347184
 31
0.0
  0
LINE
  5
476
330
1F
100
AcDbEntity
  8
Edge.Cuts
100
AcDbLine
 10
275.302958
 20
-181.347184
 30
0.0
 11
277.058058
 21
-181.143201
 31
0.0
  0
LINE
  5
477
330
1F
100
AcDbEntity
  8
Edge.Cuts
100
AcDbLine
 10
277.058058
 20
-181.143201
 30
0.0
 11
277.058908
 21
-181.143186
 31
0.0
  0
LINE
  5
478
330
1F
100
AcDbEntity
  8
Edge.Cuts
100
AcDbLine
 10
277.058908
 20
-181.143186
 30
0.0
 11
277.0597399999999
 21
-181.143025
 31
0.0
  0
LINE
  5
479
330
1F
100
AcDbEntity
  8
Edge.Cuts
100
AcDbLine
 10
277.0597399999999
 20
-181.143025
 30
0.0
 11
278.810641
 21
-180.979468
 31
0.0
  0
LINE
  5
47A
330
1F
100
AcDbEntity
  8
Edge.Cuts
100
AcDbLine
 10
278.810641
 20
-180.979468
 30
0.0
 11
278.811497
 21
-180.979472
 31
0.0
  0
LINE
  5
47B
330
1F
100
AcDbEntity
  8
Edge.Cuts
100
AcDbLine
 10
278.811497
 20
-180.979472
 30
0.0
 11
278.81234
 21
-180.979329
 31
0.0
  0
LINE
  5
47C
330
1F
100
AcDbEntity
  8
Edge.Cuts
100
AcDbLine
 10
278.81234
 20
-180.979329
 30
0.0
 11
280.552986
 21
-180.856573
 31
0.0
  0
LINE
  5
47D
330
1F
100
AcDbEntity
  8
Edge.Cuts
100
AcDbLine
 10
280.552986
 20
-180.856573
 30
0.0
 11
280.553632
 21
-180.85659
 31
0.0
  0
LINE
  5
47E
330
1F
100
AcDbEntity
  8
Edge.Cuts
100
AcDbLine
 10
280.553632
 20
-180.85659
 30
0.0
 11
280.554275
 21
-180.856493
 31
0.0
  0
LINE
  5
47F
330
1F
100
AcDbEntity
  8
Edge.Cuts
100
AcDbLine
 10
280.554275
 20
-180.856493
 30
0.0
 11
281.419209
 21
-180.810448
 31
0.0
  0
LINE
  5
480
330
1F
100
AcDbEntity
  8
Edge.Cuts
100
AcDbLine
 10
281.419209
 20
-180.810448
 30
0.0
 11
281.4196449999999
 21
-180.810467
 31
0.0
  0
LINE
  5
481
330
1F
100
AcDbEntity
  8
Edge.Cuts
100
AcDbLine
 10
281.4196449999999
 20
-180.810467
 30
0.0
 11
281.4200759999999
 21
-180.810407
 31
0.0
  0
LINE
  5
482
330
1F
100
AcDbEntity
  8
Edge.Cuts
100
AcDbLine
 10
281.4200759999999
 20
-180.810407
 30
0.0
 11
282.279276
 21
-180.774631
 31
0.0
  0
LINE
  5
483
330
1F
100
AcDbEntity
  8
Edge.Cuts
100
AcDbLine
 10
282.279276
 20
-180.774631
 30
0.0
 11
282.279758
 21
-180.774658
 31
0.0
  0
LINE
  5
484
330
1F
100
AcDbEntity
  8
Edge.Cuts
100
AcDbLine
 10
282.279758
 20
-180.774658
 30
0.0
 11
282.2802389999999
 21
-180.774597
 31
0.0
  0
LINE
  5
485
330
1F
100
AcDbEntity
  8
Edge.Cuts
100
AcDbLine
 10
282.2802389999999
 20
-180.774597
 30
0.0
 11
283.307842
 21
-180.74503
 31
0.0
  0
LINE
  5
486
330
1F
100
AcDbEntity
  8
Edge.Cuts
100
AcDbLine
 10
283.307842
 20
-180.74503
 30
0.0
 11
283.308886
 21
-180.745102
 31
0.0
  0
LINE
  5
487
330
1F
100
AcDbEntity
  8
Edge.Cuts
100
AcDbLine
 10
283.308886
 20
-180.745102
 30
0.0
 11
283.309929
 21
-180.744999
 31
0.0
  0
LINE
  5
488
330
1F
100
AcDbEntity
  8
Edge.Cuts
100
AcDbLine
 10
283.309929
 20
-180.744999
 30
0.0
 11
294.09993
 21
-180.734999
 31
0.0
  0
LINE
  5
489
330
1F
100
AcDbEntity
  8
Edge.Cuts
100
AcDbLine
 10
294.09993
 20
-180.734999
 30
0.0
 11
294.099983
 21
-180.735004
 31
0.0
  0
LINE
  5
48A
330
1F
100
AcDbEntity
  8
Edge.Cuts
100
AcDbLine
 10
294.099983
 20
-180.735004
 30
0.0
 11
294.099999
 21
-180.734999
 31
0.0
  0
LINE
  5
48B
330
1F
100
AcDbEntity
  8
Edge.Cuts
100
AcDbLine
 10
296.4939459999999
 20
-179.618641
 30
0.0
 11
311.270624
 21
-162.007443
 31
0.0
  0
LINE
  5
48C
330
1F
100
AcDbEntity
  8
Edge.Cuts
100
AcDbLine
 10
313.7794799999999
 20
-160.837499
 30
0.0
 11
366.6872389999788
 21
-160.837499
 31
0.0
  0
LINE
  5
48D
330
1F
100
AcDbEntity
  8
Edge.Cuts
100
AcDbLine
 10
369.8122379999789
 20
-157.7125
 30
0.0
 11
369.8122379999789
 21
-104.2925794468493
 31
0.0
  0
LINE
  5
48E
330
1F
100
AcDbEntity
  8
Edge.Cuts
100
AcDbLine
 10
366.6872359999789
 20
-101.1675814468493
 30
0.0
 11
351.8874419999788
 21
-101.1675814468493
 31
0.0
  0
LINE
  5
48F
330
1F
100
AcDbEntity
  8
Edge.Cuts
100
AcDbLine
 10
351.8874419999788
 20
-101.1675814468493
 30
0.0
 11
349.0376329999789
 21
-101.1825804468493
 31
0.0
  0
LINE
  5
490
330
1F
100
AcDbEntity
  8
Edge.Cuts
100
AcDbLine
 10
349.0376329999789
 20
-101.1825804468493
 30
0.0
 11
349.0374349999789
 21
-101.1825614468493
 31
0.0
  0
LINE
  5
491
330
1F
100
AcDbEntity
  8
Edge.Cuts
100
AcDbLine
 10
349.0374349999789
 20
-101.1825614468493
 30
0.0
 11
349.0372345535777
 21
-101.1825817967378
 31
0.0
  0
LINE
  5
492
330
1F
100
AcDbEntity
  8
Edge.Cuts
100
AcDbLine
 10
349.0372345535777
 20
-101.1825817967378
 30
0.0
 11
334.6514959999789
 21
-101.1825817967378
 31
0.0
  0
LINE
  5
493
330
1F
100
AcDbEntity
  8
Edge.Cuts
100
AcDbLine
 10
331.8412559999788
 20
-99.58930079673776
 30
0.0
 11
330.8545069999788
 21
-97.94039079673776
 31
0.0
  0
LINE
  5
494
330
1F
100
AcDbEntity
  8
Edge.Cuts
100
AcDbLine
 10
328.1729849999788
 20
-96.42008879673777
 30
0.0
 11
315.1702359999788
 21
-96.42008879673777
 31
0.0
  0
LINE
  5
495
330
1F
100
AcDbEntity
  8
Edge.Cuts
100
AcDbLine
 10
312.7849569999788
 20
-95.3892067967378
 30
0.0
 11
310.0465929999788
 21
-92.47859079673779
 31
0.0
  0
LINE
  5
496
330
1F
100
AcDbEntity
  8
Edge.Cuts
100
AcDbLine
 10
167.707141
 20
-159.538529
 30
0.0
 11
167.985931
 21
-159.602161
 31
0.0
  0
LINE
  5
497
330
1F
100
AcDbEntity
  8
Edge.Cuts
100
AcDbLine
 10
167.985931
 20
-159.602161
 30
0.0
 11
168.255843
 21
-159.696607
 31
0.0
  0
LINE
  5
498
330
1F
100
AcDbEntity
  8
Edge.Cuts
100
AcDbLine
 10
168.255843
 20
-159.696607
 30
0.0
 11
168.513483
 21
-159.82068
 31
0.0
  0
LINE
  5
499
330
1F
100
AcDbEntity
  8
Edge.Cuts
100
AcDbLine
 10
168.513483
 20
-159.82068
 30
0.0
 11
168.755612
 21
-159.97282
 31
0.0
  0
LINE
  5
49A
330
1F
100
AcDbEntity
  8
Edge.Cuts
100
AcDbLine
 10
168.755612
 20
-159.97282
 30
0.0
 11
168.979184
 21
-160.151112
 31
0.0
  0
LINE
  5
49B
330
1F
100
AcDbEntity
  8
Edge.Cuts
100
AcDbLine
 10
168.979184
 20
-160.151112
 30
0.0
 11
169.181388
 21
-160.353316
 31
0.0
  0
LINE
  5
49C
330
1F
100
AcDbEntity
  8
Edge.Cuts
100
AcDbLine
 10
169.181388
 20
-160.353316
 30
0.0
 11
169.35968
 21
-160.576888
 31
0.0
  0
LINE
  5
49D
330
1F
100
AcDbEntity
  8
Edge.Cuts
100
AcDbLine
 10
169.35968
 20
-160.576888
 30
0.0
 11
169.51182
 21
-160.819017
 31
0.0
  0
LINE
  5
49E
330
1F
100
AcDbEntity
  8
Edge.Cuts
100
AcDbLine
 10
169.51182
 20
-160.819017
 30
0.0
 11
169.635893
 21
-161.076657
 31
0.0
  0
LINE
  5
49F
330
1F
100
AcDbEntity
  8
Edge.Cuts
100
AcDbLine
 10
169.635893
 20
-161.076657
 30
0.0
 11
169.730339
 21
-161.346569
 31
0.0
  0
LINE
  5
4A0
330
1F
100
AcDbEntity
  8
Edge.Cuts
100
AcDbLine
 10
169.730339
 20
-161.346569
 30
0.0
 11
169.793971
 21
-161.625359
 31
0.0
  0
LINE
  5
4A1
330
1F
100
AcDbEntity
  8
Edge.Cuts
100
AcDbLine
 10
169.793971
 20
-161.625359
 30
0.0
 11
169.825988
 21
-161.90952
 31
0.0
  0
LINE
  5
4A2
330
1F
100
AcDbEntity
  8
Edge.Cuts
100
AcDbLine
 10
169.825988
 20
-161.90952
 30
0.0
 11
169.825988
 21
-162.19548
 31
0.0
  0
LINE
  5
4A3
330
1F
100
AcDbEntity
  8
Edge.Cuts
100
AcDbLine
 10
169.825988
 20
-162.19548
 30
0.0
 11
169.793971
 21
-162.479641
 31
0.0
  0
LINE
  5
4A4
330
1F
100
AcDbEntity
  8
Edge.Cuts
100
AcDbLine
 10
169.793971
 20
-162.479641
 30
0.0
 11
169.730339
 21
-162.758431
 31
0.0
  0
LINE
  5
4A5
330
1F
100
AcDbEntity
  8
Edge.Cuts
100
AcDbLine
 10
169.730339
 20
-162.758431
 30
0.0
 11
169.635893
 21
-163.028343
 31
0.0
  0
LINE
  5
4A6
330
1F
100
AcDbEntity
  8
Edge.Cuts
100
AcDbLine
 10
169.635893
 20
-163.028343
 30
0.0
 11
169.51182
 21
-163.285983
 31
0.0
  0
LINE
  5
4A7
330
1F
100
AcDbEntity
  8
Edge.Cuts
100
AcDbLine
 10
169.51182
 20
-163.285983
 30
0.0
 11
169.35968
 21
-163.528112
 31
0.0
  0
LINE
  5
4A8
330
1F
100
AcDbEntity
  8
Edge.Cuts
100
AcDbLine
 10
169.35968
 20
-163.528112
 30
0.0
 11
169.181388
 21
-163.751684
 31
0.0
  0
LINE
  5
4A9
330
1F
100
AcDbEntity
  8
Edge.Cuts
100
AcDbLine
 10
169.181388
 20
-163.751684
 30
0.0
 11
168.979184
 21
-163.953888
 31
0.0
  0
LINE
  5
4AA
330
1F
100
AcDbEntity
  8
Edge.Cuts
100
AcDbLine
 10
168.979184
 20
-163.953888
 30
0.0
 11
168.755612
 21
-164.13218
 31
0.0
  0
LINE
  5
4AB
330
1F
100
AcDbEntity
  8
Edge.Cuts
100
AcDbLine
 10
168.755612
 20
-164.13218
 30
0.0
 11
168.513483
 21
-164.28432
 31
0.0
  0
LINE
  5
4AC
330
1F
100
AcDbEntity
  8
Edge.Cuts
100
AcDbLine
 10
168.513483
 20
-164.28432
 30
0.0
 11
168.255843
 21
-164.408393
 31
0.0
  0
LINE
  5
4AD
330
1F
100
AcDbEntity
  8
Edge.Cuts
100
AcDbLine
 10
168.255843
 20
-164.408393
 30
0.0
 11
167.985931
 21
-164.502839
 31
0.0
  0
LINE
  5
4AE
330
1F
100
AcDbEntity
  8
Edge.Cuts
100
AcDbLine
 10
167.985931
 20
-164.502839
 30
0.0
 11
167.707141
 21
-164.566471
 31
0.0
  0
LINE
  5
4AF
330
1F
100
AcDbEntity
  8
Edge.Cuts
100
AcDbLine
 10
167.707141
 20
-164.566471
 30
0.0
 11
167.42298
 21
-164.598488
 31
0.0
  0
LINE
  5
4B0
330
1F
100
AcDbEntity
  8
Edge.Cuts
100
AcDbLine
 10
167.42298
 20
-164.598488
 30
0.0
 11
167.13702
 21
-164.598488
 31
0.0
  0
LINE
  5
4B1
330
1F
100
AcDbEntity
  8
Edge.Cuts
100
AcDbLine
 10
167.13702
 20
-164.598488
 30
0.0
 11
166.852859
 21
-164.566471
 31
0.0
  0
LINE
  5
4B2
330
1F
100
AcDbEntity
  8
Edge.Cuts
100
AcDbLine
 10
166.852859
 20
-164.566471
 30
0.0
 11
166.574069
 21
-164.502839
 31
0.0
  0
LINE
  5
4B3
330
1F
100
AcDbEntity
  8
Edge.Cuts
100
AcDbLine
 10
166.574069
 20
-164.502839
 30
0.0
 11
166.304157
 21
-164.408393
 31
0.0
  0
LINE
  5
4B4
330
1F
100
AcDbEntity
  8
Edge.Cuts
100
AcDbLine
 10
166.304157
 20
-164.408393
 30
0.0
 11
166.046517
 21
-164.28432
 31
0.0
  0
LINE
  5
4B5
330
1F
100
AcDbEntity
  8
Edge.Cuts
100
AcDbLine
 10
166.046517
 20
-164.28432
 30
0.0
 11
165.804388
 21
-164.13218
 31
0.0
  0
LINE
  5
4B6
330
1F
100
AcDbEntity
  8
Edge.Cuts
100
AcDbLine
 10
165.804388
 20
-164.13218
 30
0.0
 11
165.580816
 21
-163.953888
 31
0.0
  0
LINE
  5
4B7
330
1F
100
AcDbEntity
  8
Edge.Cuts
100
AcDbLine
 10
165.580816
 20
-163.953888
 30
0.0
 11
165.378612
 21
-163.751684
 31
0.0
  0
LINE
  5
4B8
330
1F
100
AcDbEntity
  8
Edge.Cuts
100
AcDbLine
 10
165.378612
 20
-163.751684
 30
0.0
 11
165.20032
 21
-163.528112
 31
0.0
  0
LINE
  5
4B9
330
1F
100
AcDbEntity
  8
Edge.Cuts
100
AcDbLine
 10
165.20032
 20
-163.528112
 30
0.0
 11
165.04818
 21
-163.285983
 31
0.0
  0
LINE
  5
4BA
330
1F
100
AcDbEntity
  8
Edge.Cuts
100
AcDbLine
 10
165.04818
 20
-163.285983
 30
0.0
 11
164.924107
 21
-163.028343
 31
0.0
  0
LINE
  5
4BB
330
1F
100
AcDbEntity
  8
Edge.Cuts
100
AcDbLine
 10
164.924107
 20
-163.028343
 30
0.0
 11
164.829661
 21
-162.758431
 31
0.0
  0
LINE
  5
4BC
330
1F
100
AcDbEntity
  8
Edge.Cuts
100
AcDbLine
 10
164.829661
 20
-162.758431
 30
0.0
 11
164.766029
 21
-162.479641
 31
0.0
  0
LINE
  5
4BD
330
1F
100
AcDbEntity
  8
Edge.Cuts
100
AcDbLine
 10
164.766029
 20
-162.479641
 30
0.0
 11
164.734012
 21
-162.19548
 31
0.0
  0
LINE
  5
4BE
330
1F
100
AcDbEntity
  8
Edge.Cuts
100
AcDbLine
 10
164.734012
 20
-162.19548
 30
0.0
 11
164.734012
 21
-161.914911
 31
0.0
  0
LINE
  5
4BF
330
1F
100
AcDbEntity
  8
Edge.Cuts
100
AcDbLine
 10
164.734012
 20
-161.914911
 30
0.0
 11
164.734012
 21
-161.90952
 31
0.0
  0
LINE
  5
4C0
330
1F
100
AcDbEntity
  8
Edge.Cuts
100
AcDbLine
 10
164.734012
 20
-161.90952
 30
0.0
 11
164.766029
 21
-161.625359
 31
0.0
  0
LINE
  5
4C1
330
1F
100
AcDbEntity
  8
Edge.Cuts
100
AcDbLine
 10
164.766029
 20
-161.625359
 30
0.0
 11
164.829661
 21
-161.346569
 31
0.0
  0
LINE
  5
4C2
330
1F
100
AcDbEntity
  8
Edge.Cuts
100
AcDbLine
 10
164.829661
 20
-161.346569
 30
0.0
 11
164.924107
 21
-161.076657
 31
0.0
  0
LINE
  5
4C3
330
1F
100
AcDbEntity
  8
Edge.Cuts
100
AcDbLine
 10
164.924107
 20
-161.076657
 30
0.0
 11
165.04818
 21
-160.819017
 31
0.0
  0
LINE
  5
4C4
330
1F
100
AcDbEntity
  8
Edge.Cuts
100
AcDbLine
 10
165.04818
 20
-160.819017
 30
0.0
 11
165.20032
 21
-160.576888
 31
0.0
  0
LINE
  5
4C5
330
1F
100
AcDbEntity
  8
Edge.Cuts
100
AcDbLine
 10
165.20032
 20
-160.576888
 30
0.0
 11
165.378612
 21
-160.353316
 31
0.0
  0
LINE
  5
4C6
330
1F
100
AcDbEntity
  8
Edge.Cuts
100
AcDbLine
 10
165.378612
 20
-160.353316
 30
0.0
 11
165.580816
 21
-160.151112
 31
0.0
  0
LINE
  5
4C7
330
1F
100
AcDbEntity
  8
Edge.Cuts
100
AcDbLine
 10
165.580816
 20
-160.151112
 30
0.0
 11
165.804388
 21
-159.97282
 31
0.0
  0
LINE
  5
4C8
330
1F
100
AcDbEntity
  8
Edge.Cuts
100
AcDbLine
 10
165.804388
 20
-159.97282
 30
0.0
 11
166.046517
 21
-159.82068
 31
0.0
  0
LINE
  5
4C9
330
1F
100
AcDbEntity
  8
Edge.Cuts
100
AcDbLine
 10
166.046517
 20
-159.82068
 30
0.0
 11
166.304157
 21
-159.696607
 31
0.0
  0
LINE
  5
4CA
330
1F
100
AcDbEntity
  8
Edge.Cuts
100
AcDbLine
 10
166.304157
 20
-159.696607
 30
0.0
 11
166.574069
 21
-159.602161
 31
0.0
  0
LINE
  5
4CB
330
1F
100
AcDbEntity
  8
Edge.Cuts
100
AcDbLine
 10
166.574069
 20
-159.602161
 30
0.0
 11
166.852859
 21
-159.538529
 31
0.0
  0
LINE
  5
4CC
330
1F
100
AcDbEntity
  8
Edge.Cuts
100
AcDbLine
 10
166.852859
 20
-159.538529
 30
0.0
 11
167.13702
 21
-159.506512
 31
0.0
  0
LINE
  5
4CD
330
1F
100
AcDbEntity
  8
Edge.Cuts
100
AcDbLine
 10
167.13702
 20
-159.506512
 30
0.0
 11
167.42298
 21
-159.506512
 31
0.0
  0
LINE
  5
4CE
330
1F
100
AcDbEntity
  8
Edge.Cuts
100
AcDbLine
 10
167.42298
 20
-159.506512
 30
0.0
 11
167.707141
 21
-159.538529
 31
0.0
  0
LINE
  5
4CF
330
1F
100
AcDbEntity
  8
Edge.Cuts
100
AcDbLine
 10
91.00714099999999
 20
-136.688529
 30
0.0
 11
91.28593099999999
 21
-136.752161
 31
0.0
  0
LINE
  5
4D0
330
1F
100
AcDbEntity
  8
Edge.Cuts
100
AcDbLine
 10
91.28593099999999
 20
-136.752161
 30
0.0
 11
91.555843
 21
-136.846607
 31
0.0
  0
LINE
  5
4D1
330
1F
100
AcDbEntity
  8
Edge.Cuts
100
AcDbLine
 10
91.555843
 20
-136.846607
 30
0.0
 11
91.813483
 21
-136.97068
 31
0.0
  0
LINE
  5
4D2
330
1F
100
AcDbEntity
  8
Edge.Cuts
100
AcDbLine
 10
91.813483
 20
-136.97068
 30
0.0
 11
92.055612
 21
-137.12282
 31
0.0
  0
LINE
  5
4D3
330
1F
100
AcDbEntity
  8
Edge.Cuts
100
AcDbLine
 10
92.055612
 20
-137.12282
 30
0.0
 11
92.27918399999999
 21
-137.301112
 31
0.0
  0
LINE
  5
4D4
330
1F
100
AcDbEntity
  8
Edge.Cuts
100
AcDbLine
 10
92.27918399999999
 20
-137.301112
 30
0.0
 11
92.481388
 21
-137.503316
 31
0.0
  0
LINE
  5
4D5
330
1F
100
AcDbEntity
  8
Edge.Cuts
100
AcDbLine
 10
92.481388
 20
-137.503316
 30
0.0
 11
92.65968
 21
-137.726888
 31
0.0
  0
LINE
  5
4D6
330
1F
100
AcDbEntity
  8
Edge.Cuts
100
AcDbLine
 10
92.65968
 20
-137.726888
 30
0.0
 11
92.81181999999998
 21
-137.969017
 31
0.0
  0
LINE
  5
4D7
330
1F
100
AcDbEntity
  8
Edge.Cuts
100
AcDbLine
 10
92.81181999999998
 20
-137.969017
 30
0.0
 11
92.935893
 21
-138.226657
 31
0.0
  0
LINE
  5
4D8
330
1F
100
AcDbEntity
  8
Edge.Cuts
100
AcDbLine
 10
92.935893
 20
-138.226657
 30
0.0
 11
93.030339
 21
-138.496569
 31
0.0
  0
LINE
  5
4D9
330
1F
100
AcDbEntity
  8
Edge.Cuts
100
AcDbLine
 10
93.030339
 20
-138.496569
 30
0.0
 11
93.093971
 21
-138.775359
 31
0.0
  0
LINE
  5
4DA
330
1F
100
AcDbEntity
  8
Edge.Cuts
100
AcDbLine
 10
93.093971
 20
-138.775359
 30
0.0
 11
93.12598799999999
 21
-139.05952
 31
0.0
  0
LINE
  5
4DB
330
1F
100
AcDbEntity
  8
Edge.Cuts
100
AcDbLine
 10
93.12598799999999
 20
-139.05952
 30
0.0
 11
93.12598799999999
 21
-139.34548
 31
0.0
  0
LINE
  5
4DC
330
1F
100
AcDbEntity
  8
Edge.Cuts
100
AcDbLine
 10
93.12598799999999
 20
-139.34548
 30
0.0
 11
93.093971
 21
-139.629641
 31
0.0
  0
LINE
  5
4DD
330
1F
100
AcDbEntity
  8
Edge.Cuts
100
AcDbLine
 10
93.093971
 20
-139.629641
 30
0.0
 11
93.030339
 21
-139.908431
 31
0.0
  0
LINE
  5
4DE
330
1F
100
AcDbEntity
  8
Edge.Cuts
100
AcDbLine
 10
93.030339
 20
-139.908431
 30
0.0
 11
92.935893
 21
-140.178343
 31
0.0
  0
LINE
  5
4DF
330
1F
100
AcDbEntity
  8
Edge.Cuts
100
AcDbLine
 10
92.935893
 20
-140.178343
 30
0.0
 11
92.81181999999998
 21
-140.435983
 31
0.0
  0
LINE
  5
4E0
330
1F
100
AcDbEntity
  8
Edge.Cuts
100
AcDbLine
 10
92.81181999999998
 20
-140.435983
 30
0.0
 11
92.65968
 21
-140.678112
 31
0.0
  0
LINE
  5
4E1
330
1F
100
AcDbEntity
  8
Edge.Cuts
100
AcDbLine
 10
92.65968
 20
-140.678112
 30
0.0
 11
92.481388
 21
-140.901684
 31
0.0
  0
LINE
  5
4E2
330
1F
100
AcDbEntity
  8
Edge.Cuts
100
AcDbLine
 10
92.481388
 20
-140.901684
 30
0.0
 11
92.27918399999999
 21
-141.103888
 31
0.0
  0
LINE
  5
4E3
330
1F
100
AcDbEntity
  8
Edge.Cuts
100
AcDbLine
 10
92.27918399999999
 20
-141.103888
 30
0.0
 11
92.055612
 21
-141.28218
 31
0.0
  0
LINE
  5
4E4
330
1F
100
AcDbEntity
  8
Edge.Cuts
100
AcDbLine
 10
92.055612
 20
-141.28218
 30
0.0
 11
91.813483
 21
-141.43432
 31
0.0
  0
LINE
  5
4E5
330
1F
100
AcDbEntity
  8
Edge.Cuts
100
AcDbLine
 10
91.813483
 20
-141.43432
 30
0.0
 11
91.555843
 21
-141.558393
 31
0.0
  0
LINE
  5
4E6
330
1F
100
AcDbEntity
  8
Edge.Cuts
100
AcDbLine
 10
91.555843
 20
-141.558393
 30
0.0
 11
91.28593099999999
 21
-141.652839
 31
0.0
  0
LINE
  5
4E7
330
1F
100
AcDbEntity
  8
Edge.Cuts
100
AcDbLine
 10
91.28593099999999
 20
-141.652839
 30
0.0
 11
91.00714099999999
 21
-141.716471
 31
0.0
  0
LINE
  5
4E8
330
1F
100
AcDbEntity
  8
Edge.Cuts
100
AcDbLine
 10
91.00714099999999
 20
-141.716471
 30
0.0
 11
90.72297999999999
 21
-141.748488
 31
0.0
  0
LINE
  5
4E9
330
1F
100
AcDbEntity
  8
Edge.Cuts
100
AcDbLine
 10
90.72297999999999
 20
-141.748488
 30
0.0
 11
90.43701999999999
 21
-141.748488
 31
0.0
  0
LINE
  5
4EA
330
1F
100
AcDbEntity
  8
Edge.Cuts
100
AcDbLine
 10
90.43701999999999
 20
-141.748488
 30
0.0
 11
90.152859
 21
-141.716471
 31
0.0
  0
LINE
  5
4EB
330
1F
100
AcDbEntity
  8
Edge.Cuts
100
AcDbLine
 10
90.152859
 20
-141.716471
 30
0.0
 11
89.874069
 21
-141.652839
 31
0.0
  0
LINE
  5
4EC
330
1F
100
AcDbEntity
  8
Edge.Cuts
100
AcDbLine
 10
89.874069
 20
-141.652839
 30
0.0
 11
89.60415699999999
 21
-141.558393
 31
0.0
  0
LINE
  5
4ED
330
1F
100
AcDbEntity
  8
Edge.Cuts
100
AcDbLine
 10
89.60415699999999
 20
-141.558393
 30
0.0
 11
89.346517
 21
-141.43432
 31
0.0
  0
LINE
  5
4EE
330
1F
100
AcDbEntity
  8
Edge.Cuts
100
AcDbLine
 10
89.346517
 20
-141.43432
 30
0.0
 11
89.10438799999999
 21
-141.28218
 31
0.0
  0
LINE
  5
4EF
330
1F
100
AcDbEntity
  8
Edge.Cuts
100
AcDbLine
 10
89.10438799999999
 20
-141.28218
 30
0.0
 11
88.880816
 21
-141.103888
 31
0.0
  0
LINE
  5
4F0
330
1F
100
AcDbEntity
  8
Edge.Cuts
100
AcDbLine
 10
88.880816
 20
-141.103888
 30
0.0
 11
88.678612
 21
-140.901684
 31
0.0
  0
LINE
  5
4F1
330
1F
100
AcDbEntity
  8
Edge.Cuts
100
AcDbLine
 10
88.678612
 20
-140.901684
 30
0.0
 11
88.50031999999999
 21
-140.678112
 31
0.0
  0
LINE
  5
4F2
330
1F
100
AcDbEntity
  8
Edge.Cuts
100
AcDbLine
 10
88.50031999999999
 20
-140.678112
 30
0.0
 11
88.34818
 21
-140.435983
 31
0.0
  0
LINE
  5
4F3
330
1F
100
AcDbEntity
  8
Edge.Cuts
100
AcDbLine
 10
88.34818
 20
-140.435983
 30
0.0
 11
88.22410699999999
 21
-140.178343
 31
0.0
  0
LINE
  5
4F4
330
1F
100
AcDbEntity
  8
Edge.Cuts
100
AcDbLine
 10
88.22410699999999
 20
-140.178343
 30
0.0
 11
88.129661
 21
-139.908431
 31
0.0
  0
LINE
  5
4F5
330
1F
100
AcDbEntity
  8
Edge.Cuts
100
AcDbLine
 10
88.129661
 20
-139.908431
 30
0.0
 11
88.066029
 21
-139.629641
 31
0.0
  0
LINE
  5
4F6
330
1F
100
AcDbEntity
  8
Edge.Cuts
100
AcDbLine
 10
88.066029
 20
-139.629641
 30
0.0
 11
88.03401199999999
 21
-139.34548
 31
0.0
  0
LINE
  5
4F7
330
1F
100
AcDbEntity
  8
Edge.Cuts
100
AcDbLine
 10
88.03401199999999
 20
-139.34548
 30
0.0
 11
88.03401199999999
 21
-139.064911
 31
0.0
  0
LINE
  5
4F8
330
1F
100
AcDbEntity
  8
Edge.Cuts
100
AcDbLine
 10
88.03401199999999
 20
-139.064911
 30
0.0
 11
88.03401199999999
 21
-139.05952
 31
0.0
  0
LINE
  5
4F9
330
1F
100
AcDbEntity
  8
Edge.Cuts
100
AcDbLine
 10
88.03401199999999
 20
-139.05952
 30
0.0
 11
88.066029
 21
-138.775359
 31
0.0
  0
LINE
  5
4FA
330
1F
100
AcDbEntity
  8
Edge.Cuts
100
AcDbLine
 10
88.066029
 20
-138.775359
 30
0.0
 11
88.129661
 21
-138.496569
 31
0.0
  0
LINE
  5
4FB
330
1F
100
AcDbEntity
  8
Edge.Cuts
100
AcDbLine
 10
88.129661
 20
-138.496569
 30
0.0
 11
88.22410699999999
 21
-138.226657
 31
0.0
  0
LINE
  5
4FC
330
1F
100
AcDbEntity
  8
Edge.Cuts
100
AcDbLine
 10
88.22410699999999
 20
-138.226657
 30
0.0
 11
88.34818
 21
-137.969017
 31
0.0
  0
LINE
  5
4FD
330
1F
100
AcDbEntity
  8
Edge.Cuts
100
AcDbLine
 10
88.34818
 20
-137.969017
 30
0.0
 11
88.50031999999999
 21
-137.726888
 31
0.0
  0
LINE
  5
4FE
330
1F
100
AcDbEntity
  8
Edge.Cuts
100
AcDbLine
 10
88.50031999999999
 20
-137.726888
 30
0.0
 11
88.678612
 21
-137.503316
 31
0.0
  0
LINE
  5
4FF
330
1F
100
AcDbEntity
  8
Edge.Cuts
100
AcDbLine
 10
88.678612
 20
-137.503316
 30
0.0
 11
88.880816
 21
-137.301112
 31
0.0
  0
LINE
  5
500
330
1F
100
AcDbEntity
  8
Edge.Cuts
100
AcDbLine
 10
88.880816
 20
-137.301112
 30
0.0
 11
89.10438799999999
 21
-137.12282
 31
0.0
  0
LINE
  5
501
330
1F
100
AcDbEntity
  8
Edge.Cuts
100
AcDbLine
 10
89.10438799999999
 20
-137.12282
 30
0.0
 11
89.346517
 21
-136.97068
 31
0.0
  0
LINE
  5
502
330
1F
100
AcDbEntity
  8
Edge.Cuts
100
AcDbLine
 10
89.346517
 20
-136.97068
 30
0.0
 11
89.60415699999999
 21
-136.846607
 31
0.0
  0
LINE
  5
503
330
1F
100
AcDbEntity
  8
Edge.Cuts
100
AcDbLine
 10
89.60415699999999
 20
-136.846607
 30
0.0
 11
89.874069
 21
-136.752161
 31
0.0
  0
LINE
  5
504
330
1F
100
AcDbEntity
  8
Edge.Cuts
100
AcDbLine
 10
89.874069
 20
-136.752161
 30
0.0
 11
90.152859
 21
-136.688529
 31
0.0
  0
LINE
  5
505
330
1F
100
AcDbEntity
  8
Edge.Cuts
100
AcDbLine
 10
90.152859
 20
-136.688529
 30
0.0
 11
90.43701999999999
 21
-136.656512
 31
0.0
  0
LINE
  5
506
330
1F
100
AcDbEntity
  8
Edge.Cuts
100
AcDbLine
 10
90.43701999999999
 20
-136.656512
 30
0.0
 11
90.72297999999999
 21
-136.656512
 31
0.0
  0
LINE
  5
507
330
1F
100
AcDbEntity
  8
Edge.Cuts
100
AcDbLine
 10
90.72297999999999
 20
-136.656512
 30
0.0
 11
91.00714099999999
 21
-136.688529
 31
0.0
  0
LINE
  5
508
330
1F
100
AcDbEntity
  8
Edge.Cuts
100
AcDbLine
 10
91.00714099999999
 20
-117.438529
 30
0.0
 11
91.28593099999999
 21
-117.502161
 31
0.0
  0
LINE
  5
509
330
1F
100
AcDbEntity
  8
Edge.Cuts
100
AcDbLine
 10
91.28593099999999
 20
-117.502161
 30
0.0
 11
91.555843
 21
-117.596607
 31
0.0
  0
LINE
  5
50A
330
1F
100
AcDbEntity
  8
Edge.Cuts
100
AcDbLine
 10
91.555843
 20
-117.596607
 30
0.0
 11
91.813483
 21
-117.72068
 31
0.0
  0
LINE
  5
50B
330
1F
100
AcDbEntity
  8
Edge.Cuts
100
AcDbLine
 10
91.813483
 20
-117.72068
 30
0.0
 11
92.055612
 21
-117.87282
 31
0.0
  0
LINE
  5
50C
330
1F
100
AcDbEntity
  8
Edge.Cuts
100
AcDbLine
 10
92.055612
 20
-117.87282
 30
0.0
 11
92.27918399999999
 21
-118.051112
 31
0.0
  0
LINE
  5
50D
330
1F
100
AcDbEntity
  8
Edge.Cuts
100
AcDbLine
 10
92.27918399999999
 20
-118.051112
 30
0.0
 11
92.481388
 21
-118.253316
 31
0.0
  0
LINE
  5
50E
330
1F
100
AcDbEntity
  8
Edge.Cuts
100
AcDbLine
 10
92.481388
 20
-118.253316
 30
0.0
 11
92.65968
 21
-118.476888
 31
0.0
  0
LINE
  5
50F
330
1F
100
AcDbEntity
  8
Edge.Cuts
100
AcDbLine
 10
92.65968
 20
-118.476888
 30
0.0
 11
92.81181999999998
 21
-118.719017
 31
0.0
  0
LINE
  5
510
330
1F
100
AcDbEntity
  8
Edge.Cuts
100
AcDbLine
 10
92.81181999999998
 20
-118.719017
 30
0.0
 11
92.935893
 21
-118.976657
 31
0.0
  0
LINE
  5
511
330
1F
100
AcDbEntity
  8
Edge.Cuts
100
AcDbLine
 10
92.935893
 20
-118.976657
 30
0.0
 11
93.030339
 21
-119.246569
 31
0.0
  0
LINE
  5
512
330
1F
100
AcDbEntity
  8
Edge.Cuts
100
AcDbLine
 10
93.030339
 20
-119.246569
 30
0.0
 11
93.093971
 21
-119.525359
 31
0.0
  0
LINE
  5
513
330
1F
100
AcDbEntity
  8
Edge.Cuts
100
AcDbLine
 10
93.093971
 20
-119.525359
 30
0.0
 11
93.12598799999999
 21
-119.80952
 31
0.0
  0
LINE
  5
514
330
1F
100
AcDbEntity
  8
Edge.Cuts
100
AcDbLine
 10
93.12598799999999
 20
-119.80952
 30
0.0
 11
93.12598799999999
 21
-120.09548
 31
0.0
  0
LINE
  5
515
330
1F
100
AcDbEntity
  8
Edge.Cuts
100
AcDbLine
 10
93.12598799999999
 20
-120.09548
 30
0.0
 11
93.093971
 21
-120.379641
 31
0.0
  0
LINE
  5
516
330
1F
100
AcDbEntity
  8
Edge.Cuts
100
AcDbLine
 10
93.093971
 20
-120.379641
 30
0.0
 11
93.030339
 21
-120.658431
 31
0.0
  0
LINE
  5
517
330
1F
100
AcDbEntity
  8
Edge.Cuts
100
AcDbLine
 10
93.030339
 20
-120.658431
 30
0.0
 11
92.935893
 21
-120.928343
 31
0.0
  0
LINE
  5
518
330
1F
100
AcDbEntity
  8
Edge.Cuts
100
AcDbLine
 10
92.935893
 20
-120.928343
 30
0.0
 11
92.81181999999998
 21
-121.185983
 31
0.0
  0
LINE
  5
519
330
1F
100
AcDbEntity
  8
Edge.Cuts
100
AcDbLine
 10
92.81181999999998
 20
-121.185983
 30
0.0
 11
92.65968
 21
-121.428112
 31
0.0
  0
LINE
  5
51A
330
1F
100
AcDbEntity
  8
Edge.Cuts
100
AcDbLine
 10
92.65968
 20
-121.428112
 30
0.0
 11
92.481388
 21
-121.651684
 31
0.0
  0
LINE
  5
51B
330
1F
100
AcDbEntity
  8
Edge.Cuts
100
AcDbLine
 10
92.481388
 20
-121.651684
 30
0.0
 11
92.27918399999999
 21
-121.853888
 31
0.0
  0
LINE
  5
51C
330
1F
100
AcDbEntity
  8
Edge.Cuts
100
AcDbLine
 10
92.27918399999999
 20
-121.853888
 30
0.0
 11
92.055612
 21
-122.03218
 31
0.0
  0
LINE
  5
51D
330
1F
100
AcDbEntity
  8
Edge.Cuts
100
AcDbLine
 10
92.055612
 20
-122.03218
 30
0.0
 11
91.813483
 21
-122.18432
 31
0.0
  0
LINE
  5
51E
330
1F
100
AcDbEntity
  8
Edge.Cuts
100
AcDbLine
 10
91.813483
 20
-122.18432
 30
0.0
 11
91.555843
 21
-122.308393
 31
0.0
  0
LINE
  5
51F
330
1F
100
AcDbEntity
  8
Edge.Cuts
100
AcDbLine
 10
91.555843
 20
-122.308393
 30
0.0
 11
91.28593099999999
 21
-122.402839
 31
0.0
  0
LINE
  5
520
330
1F
100
AcDbEntity
  8
Edge.Cuts
100
AcDbLine
 10
91.28593099999999
 20
-122.402839
 30
0.0
 11
91.00714099999999
 21
-122.466471
 31
0.0
  0
LINE
  5
521
330
1F
100
AcDbEntity
  8
Edge.Cuts
100
AcDbLine
 10
91.00714099999999
 20
-122.466471
 30
0.0
 11
90.72297999999999
 21
-122.498488
 31
0.0
  0
LINE
  5
522
330
1F
100
AcDbEntity
  8
Edge.Cuts
100
AcDbLine
 10
90.72297999999999
 20
-122.498488
 30
0.0
 11
90.43701999999999
 21
-122.498488
 31
0.0
  0
LINE
  5
523
330
1F
100
AcDbEntity
  8
Edge.Cuts
100
AcDbLine
 10
90.43701999999999
 20
-122.498488
 30
0.0
 11
90.152859
 21
-122.466471
 31
0.0
  0
LINE
  5
524
330
1F
100
AcDbEntity
  8
Edge.Cuts
100
AcDbLine
 10
90.152859
 20
-122.466471
 30
0.0
 11
89.874069
 21
-122.402839
 31
0.0
  0
LINE
  5
525
330
1F
100
AcDbEntity
  8
Edge.Cuts
100
AcDbLine
 10
89.874069
 20
-122.402839
 30
0.0
 11
89.60415699999999
 21
-122.308393
 31
0.0
  0
LINE
  5
526
330
1F
100
AcDbEntity
  8
Edge.Cuts
100
AcDbLine
 10
89.60415699999999
 20
-122.308393
 30
0.0
 11
89.346517
 21
-122.18432
 31
0.0
  0
LINE
  5
527
330
1F
100
AcDbEntity
  8
Edge.Cuts
100
AcDbLine
 10
89.346517
 20
-122.18432
 30
0.0
 11
89.10438799999999
 21
-122.03218
 31
0.0
  0
LINE
  5
528
330
1F
100
AcDbEntity
  8
Edge.Cuts
100
AcDbLine
 10
89.10438799999999
 20
-122.03218
 30
0.0
 11
88.880816
 21
-121.853888
 31
0.0
  0
LINE
  5
529
330
1F
100
AcDbEntity
  8
Edge.Cuts
100
AcDbLine
 10
88.880816
 20
-121.853888
 30
0.0
 11
88.678612
 21
-121.651684
 31
0.0
  0
LINE
  5
52A
330
1F
100
AcDbEntity
  8
Edge.Cuts
100
AcDbLine
 10
88.678612
 20
-121.651684
 30
0.0
 11
88.50031999999999
 21
-121.428112
 31
0.0
  0
LINE
  5
52B
330
1F
100
AcDbEntity
  8
Edge.Cuts
100
AcDbLine
 10
88.50031999999999
 20
-121.428112
 30
0.0
 11
88.34818
 21
-121.185983
 31
0.0
  0
LINE
  5
52C
330
1F
100
AcDbEntity
  8
Edge.Cuts
100
AcDbLine
 10
88.34818
 20
-121.185983
 30
0.0
 11
88.22410699999999
 21
-120.928343
 31
0.0
  0
LINE
  5
52D
330
1F
100
AcDbEntity
  8
Edge.Cuts
100
AcDbLine
 10
88.22410699999999
 20
-120.928343
 30
0.0
 11
88.129661
 21
-120.658431
 31
0.0
  0
LINE
  5
52E
330
1F
100
AcDbEntity
  8
Edge.Cuts
100
AcDbLine
 10
88.129661
 20
-120.658431
 30
0.0
 11
88.066029
 21
-120.379641
 31
0.0
  0
LINE
  5
52F
330
1F
100
AcDbEntity
  8
Edge.Cuts
100
AcDbLine
 10
88.066029
 20
-120.379641
 30
0.0
 11
88.03401199999999
 21
-120.09548
 31
0.0
  0
LINE
  5
530
330
1F
100
AcDbEntity
  8
Edge.Cuts
100
AcDbLine
 10
88.03401199999999
 20
-120.09548
 30
0.0
 11
88.03401199999999
 21
-119.814911
 31
0.0
  0
LINE
  5
531
330
1F
100
AcDbEntity
  8
Edge.Cuts
100
AcDbLine
 10
88.03401199999999
 20
-119.814911
 30
0.0
 11
88.03401199999999
 21
-119.80952
 31
0.0
  0
LINE
  5
532
330
1F
100
AcDbEntity
  8
Edge.Cuts
100
AcDbLine
 10
88.03401199999999
 20
-119.80952
 30
0.0
 11
88.066029
 21
-119.525359
 31
0.0
  0
LINE
  5
533
330
1F
100
AcDbEntity
  8
Edge.Cuts
100
AcDbLine
 10
88.066029
 20
-119.525359
 30
0.0
 11
88.129661
 21
-119.246569
 31
0.0
  0
LINE
  5
534
330
1F
100
AcDbEntity
  8
Edge.Cuts
100
AcDbLine
 10
88.129661
 20
-119.246569
 30
0.0
 11
88.22410699999999
 21
-118.976657
 31
0.0
  0
LINE
  5
535
330
1F
100
AcDbEntity
  8
Edge.Cuts
100
AcDbLine
 10
88.22410699999999
 20
-118.976657
 30
0.0
 11
88.34818
 21
-118.719017
 31
0.0
  0
LINE
  5
536
330
1F
100
AcDbEntity
  8
Edge.Cuts
100
AcDbLine
 10
88.34818
 20
-118.719017
 30
0.0
 11
88.50031999999999
 21
-118.476888
 31
0.0
  0
LINE
  5
537
330
1F
100
AcDbEntity
  8
Edge.Cuts
100
AcDbLine
 10
88.50031999999999
 20
-118.476888
 30
0.0
 11
88.678612
 21
-118.253316
 31
0.0
  0
LINE
  5
538
330
1F
100
AcDbEntity
  8
Edge.Cuts
100
AcDbLine
 10
88.678612
 20
-118.253316
 30
0.0
 11
88.880816
 21
-118.051112
 31
0.0
  0
LINE
  5
539
330
1F
100
AcDbEntity
  8
Edge.Cuts
100
AcDbLine
 10
88.880816
 20
-118.051112
 30
0.0
 11
89.10438799999999
 21
-117.87282
 31
0.0
  0
LINE
  5
53A
330
1F
100
AcDbEntity
  8
Edge.Cuts
100
AcDbLine
 10
89.10438799999999
 20
-117.87282
 30
0.0
 11
89.346517
 21
-117.72068
 31
0.0
  0
LINE
  5
53B
330
1F
100
AcDbEntity
  8
Edge.Cuts
100
AcDbLine
 10
89.346517
 20
-117.72068
 30
0.0
 11
89.60415699999999
 21
-117.596607
 31
0.0
  0
LINE
  5
53C
330
1F
100
AcDbEntity
  8
Edge.Cuts
100
AcDbLine
 10
89.60415699999999
 20
-117.596607
 30
0.0
 11
89.874069
 21
-117.502161
 31
0.0
  0
LINE
  5
53D
330
1F
100
AcDbEntity
  8
Edge.Cuts
100
AcDbLine
 10
89.874069
 20
-117.502161
 30
0.0
 11
90.152859
 21
-117.438529
 31
0.0
  0
LINE
  5
53E
330
1F
100
AcDbEntity
  8
Edge.Cuts
100
AcDbLine
 10
90.152859
 20
-117.438529
 30
0.0
 11
90.43701999999999
 21
-117.406512
 31
0.0
  0
LINE
  5
53F
330
1F
100
AcDbEntity
  8
Edge.Cuts
100
AcDbLine
 10
90.43701999999999
 20
-117.406512
 30
0.0
 11
90.72297999999999
 21
-117.406512
 31
0.0
  0
LINE
  5
540
330
1F
100
AcDbEntity
  8
Edge.Cuts
100
AcDbLine
 10
90.72297999999999
 20
-117.406512
 30
0.0
 11
91.00714099999999
 21
-117.438529
 31
0.0
  0
LINE
  5
541
330
1F
100
AcDbEntity
  8
Edge.Cuts
100
AcDbLine
 10
148.057141
 20
-97.63852899999999
 30
0.0
 11
148.335931
 21
-97.70216099999999
 31
0.0
  0
LINE
  5
542
330
1F
100
AcDbEntity
  8
Edge.Cuts
100
AcDbLine
 10
148.335931
 20
-97.70216099999999
 30
0.0
 11
148.605843
 21
-97.796607
 31
0.0
  0
LINE
  5
543
330
1F
100
AcDbEntity
  8
Edge.Cuts
100
AcDbLine
 10
148.605843
 20
-97.796607
 30
0.0
 11
148.863483
 21
-97.92067999999999
 31
0.0
  0
LINE
  5
544
330
1F
100
AcDbEntity
  8
Edge.Cuts
100
AcDbLine
 10
148.863483
 20
-97.92067999999999
 30
0.0
 11
149.105612
 21
-98.07282
 31
0.0
  0
LINE
  5
545
330
1F
100
AcDbEntity
  8
Edge.Cuts
100
AcDbLine
 10
149.105612
 20
-98.07282
 30
0.0
 11
149.329184
 21
-98.25111199999999
 31
0.0
  0
LINE
  5
546
330
1F
100
AcDbEntity
  8
Edge.Cuts
100
AcDbLine
 10
149.329184
 20
-98.25111199999999
 30
0.0
 11
149.531388
 21
-98.453316
 31
0.0
  0
LINE
  5
547
330
1F
100
AcDbEntity
  8
Edge.Cuts
100
AcDbLine
 10
149.531388
 20
-98.453316
 30
0.0
 11
149.70968
 21
-98.67688799999999
 31
0.0
  0
LINE
  5
548
330
1F
100
AcDbEntity
  8
Edge.Cuts
100
AcDbLine
 10
149.70968
 20
-98.67688799999999
 30
0.0
 11
149.86182
 21
-98.91901699999998
 31
0.0
  0
LINE
  5
549
330
1F
100
AcDbEntity
  8
Edge.Cuts
100
AcDbLine
 10
149.86182
 20
-98.91901699999998
 30
0.0
 11
149.985893
 21
-99.17665699999999
 31
0.0
  0
LINE
  5
54A
330
1F
100
AcDbEntity
  8
Edge.Cuts
100
AcDbLine
 10
149.985893
 20
-99.17665699999999
 30
0.0
 11
150.080339
 21
-99.446569
 31
0.0
  0
LINE
  5
54B
330
1F
100
AcDbEntity
  8
Edge.Cuts
100
AcDbLine
 10
150.080339
 20
-99.446569
 30
0.0
 11
150.143971
 21
-99.725359
 31
0.0
  0
LINE
  5
54C
330
1F
100
AcDbEntity
  8
Edge.Cuts
100
AcDbLine
 10
150.143971
 20
-99.725359
 30
0.0
 11
150.175988
 21
-100.00952
 31
0.0
  0
LINE
  5
54D
330
1F
100
AcDbEntity
  8
Edge.Cuts
100
AcDbLine
 10
150.175988
 20
-100.00952
 30
0.0
 11
150.175988
 21
-100.29548
 31
0.0
  0
LINE
  5
54E
330
1F
100
AcDbEntity
  8
Edge.Cuts
100
AcDbLine
 10
150.175988
 20
-100.29548
 30
0.0
 11
150.143971
 21
-100.579641
 31
0.0
  0
LINE
  5
54F
330
1F
100
AcDbEntity
  8
Edge.Cuts
100
AcDbLine
 10
150.143971
 20
-100.579641
 30
0.0
 11
150.080339
 21
-100.858431
 31
0.0
  0
LINE
  5
550
330
1F
100
AcDbEntity
  8
Edge.Cuts
100
AcDbLine
 10
150.080339
 20
-100.858431
 30
0.0
 11
149.985893
 21
-101.128343
 31
0.0
  0
LINE
  5
551
330
1F
100
AcDbEntity
  8
Edge.Cuts
100
AcDbLine
 10
149.985893
 20
-101.128343
 30
0.0
 11
149.86182
 21
-101.385983
 31
0.0
  0
LINE
  5
552
330
1F
100
AcDbEntity
  8
Edge.Cuts
100
AcDbLine
 10
149.86182
 20
-101.385983
 30
0.0
 11
149.70968
 21
-101.628112
 31
0.0
  0
LINE
  5
553
330
1F
100
AcDbEntity
  8
Edge.Cuts
100
AcDbLine
 10
149.70968
 20
-101.628112
 30
0.0
 11
149.531388
 21
-101.851684
 31
0.0
  0
LINE
  5
554
330
1F
100
AcDbEntity
  8
Edge.Cuts
100
AcDbLine
 10
149.531388
 20
-101.851684
 30
0.0
 11
149.329184
 21
-102.053888
 31
0.0
  0
LINE
  5
555
330
1F
100
AcDbEntity
  8
Edge.Cuts
100
AcDbLine
 10
149.329184
 20
-102.053888
 30
0.0
 11
149.105612
 21
-102.23218
 31
0.0
  0
LINE
  5
556
330
1F
100
AcDbEntity
  8
Edge.Cuts
100
AcDbLine
 10
149.105612
 20
-102.23218
 30
0.0
 11
148.863483
 21
-102.38432
 31
0.0
  0
LINE
  5
557
330
1F
100
AcDbEntity
  8
Edge.Cuts
100
AcDbLine
 10
148.863483
 20
-102.38432
 30
0.0
 11
148.605843
 21
-102.508393
 31
0.0
  0
LINE
  5
558
330
1F
100
AcDbEntity
  8
Edge.Cuts
100
AcDbLine
 10
148.605843
 20
-102.508393
 30
0.0
 11
148.335931
 21
-102.602839
 31
0.0
  0
LINE
  5
559
330
1F
100
AcDbEntity
  8
Edge.Cuts
100
AcDbLine
 10
148.335931
 20
-102.602839
 30
0.0
 11
148.057141
 21
-102.666471
 31
0.0
  0
LINE
  5
55A
330
1F
100
AcDbEntity
  8
Edge.Cuts
100
AcDbLine
 10
148.057141
 20
-102.666471
 30
0.0
 11
147.77298
 21
-102.698488
 31
0.0
  0
LINE
  5
55B
330
1F
100
AcDbEntity
  8
Edge.Cuts
100
AcDbLine
 10
147.77298
 20
-102.698488
 30
0.0
 11
147.48702
 21
-102.698488
 31
0.0
  0
LINE
  5
55C
330
1F
100
AcDbEntity
  8
Edge.Cuts
100
AcDbLine
 10
147.48702
 20
-102.698488
 30
0.0
 11
147.202859
 21
-102.666471
 31
0.0
  0
LINE
  5
55D
330
1F
100
AcDbEntity
  8
Edge.Cuts
100
AcDbLine
 10
147.202859
 20
-102.666471
 30
0.0
 11
146.924069
 21
-102.602839
 31
0.0
  0
LINE
  5
55E
330
1F
100
AcDbEntity
  8
Edge.Cuts
100
AcDbLine
 10
146.924069
 20
-102.602839
 30
0.0
 11
146.654157
 21
-102.508393
 31
0.0
  0
LINE
  5
55F
330
1F
100
AcDbEntity
  8
Edge.Cuts
100
AcDbLine
 10
146.654157
 20
-102.508393
 30
0.0
 11
146.396517
 21
-102.38432
 31
0.0
  0
LINE
  5
560
330
1F
100
AcDbEntity
  8
Edge.Cuts
100
AcDbLine
 10
146.396517
 20
-102.38432
 30
0.0
 11
146.154388
 21
-102.23218
 31
0.0
  0
LINE
  5
561
330
1F
100
AcDbEntity
  8
Edge.Cuts
100
AcDbLine
 10
146.154388
 20
-102.23218
 30
0.0
 11
145.930816
 21
-102.053888
 31
0.0
  0
LINE
  5
562
330
1F
100
AcDbEntity
  8
Edge.Cuts
100
AcDbLine
 10
145.930816
 20
-102.053888
 30
0.0
 11
145.728612
 21
-101.851684
 31
0.0
  0
LINE
  5
563
330
1F
100
AcDbEntity
  8
Edge.Cuts
100
AcDbLine
 10
145.728612
 20
-101.851684
 30
0.0
 11
145.55032
 21
-101.628112
 31
0.0
  0
LINE
  5
564
330
1F
100
AcDbEntity
  8
Edge.Cuts
100
AcDbLine
 10
145.55032
 20
-101.628112
 30
0.0
 11
145.39818
 21
-101.385983
 31
0.0
  0
LINE
  5
565
330
1F
100
AcDbEntity
  8
Edge.Cuts
100
AcDbLine
 10
145.39818
 20
-101.385983
 30
0.0
 11
145.274107
 21
-101.128343
 31
0.0
  0
LINE
  5
566
330
1F
100
AcDbEntity
  8
Edge.Cuts
100
AcDbLine
 10
145.274107
 20
-101.128343
 30
0.0
 11
145.179661
 21
-100.858431
 31
0.0
  0
LINE
  5
567
330
1F
100
AcDbEntity
  8
Edge.Cuts
100
AcDbLine
 10
145.179661
 20
-100.858431
 30
0.0
 11
145.116029
 21
-100.579641
 31
0.0
  0
LINE
  5
568
330
1F
100
AcDbEntity
  8
Edge.Cuts
100
AcDbLine
 10
145.116029
 20
-100.579641
 30
0.0
 11
145.084012
 21
-100.29548
 31
0.0
  0
LINE
  5
569
330
1F
100
AcDbEntity
  8
Edge.Cuts
100
AcDbLine
 10
145.084012
 20
-100.29548
 30
0.0
 11
145.084012
 21
-100.014911
 31
0.0
  0
LINE
  5
56A
330
1F
100
AcDbEntity
  8
Edge.Cuts
100
AcDbLine
 10
145.084012
 20
-100.014911
 30
0.0
 11
145.084012
 21
-100.00952
 31
0.0
  0
LINE
  5
56B
330
1F
100
AcDbEntity
  8
Edge.Cuts
100
AcDbLine
 10
145.084012
 20
-100.00952
 30
0.0
 11
145.116029
 21
-99.725359
 31
0.0
  0
LINE
  5
56C
330
1F
100
AcDbEntity
  8
Edge.Cuts
100
AcDbLine
 10
145.116029
 20
-99.725359
 30
0.0
 11
145.179661
 21
-99.446569
 31
0.0
  0
LINE
  5
56D
330
1F
100
AcDbEntity
  8
Edge.Cuts
100
AcDbLine
 10
145.179661
 20
-99.446569
 30
0.0
 11
145.274107
 21
-99.17665699999999
 31
0.0
  0
LINE
  5
56E
330
1F
100
AcDbEntity
  8
Edge.Cuts
100
AcDbLine
 10
145.274107
 20
-99.17665699999999
 30
0.0
 11
145.39818
 21
-98.91901699999998
 31
0.0
  0
LINE
  5
56F
330
1F
100
AcDbEntity
  8
Edge.Cuts
100
AcDbLine
 10
145.39818
 20
-98.91901699999998
 30
0.0
 11
145.55032
 21
-98.67688799999999
 31
0.0
  0
LINE
  5
570
330
1F
100
AcDbEntity
  8
Edge.Cuts
100
AcDbLine
 10
145.55032
 20
-98.67688799999999
 30
0.0
 11
145.728612
 21
-98.453316
 31
0.0
  0
LINE
  5
571
330
1F
100
AcDbEntity
  8
Edge.Cuts
100
AcDbLine
 10
145.728612
 20
-98.453316
 30
0.0
 11
145.930816
 21
-98.25111199999999
 31
0.0
  0
LINE
  5
572
330
1F
100
AcDbEntity
  8
Edge.Cuts
100
AcDbLine
 10
145.930816
 20
-98.25111199999999
 30
0.0
 11
146.154388
 21
-98.07282
 31
0.0
  0
LINE
  5
573
330
1F
100
AcDbEntity
  8
Edge.Cuts
100
AcDbLine
 10
146.154388
 20
-98.07282
 30
0.0
 11
146.396517
 21
-97.92067999999999
 31
0.0
  0
LINE
  5
574
330
1F
100
AcDbEntity
  8
Edge.Cuts
100
AcDbLine
 10
146.396517
 20
-97.92067999999999
 30
0.0
 11
146.654157
 21
-97.796607
 31
0.0
  0
LINE
  5
575
330
1F
100
AcDbEntity
  8
Edge.Cuts
100
AcDbLine
 10
146.654157
 20
-97.796607
 30
0.0
 11
146.924069
 21
-97.70216099999999
 31
0.0
  0
LINE
  5
576
330
1F
100
AcDbEntity
  8
Edge.Cuts
100
AcDbLine
 10
146.924069
 20
-97.70216099999999
 30
0.0
 11
147.202859
 21
-97.63852899999999
 31
0.0
  0
LINE
  5
577
330
1F
100
AcDbEntity
  8
Edge.Cuts
100
AcDbLine
 10
147.202859
 20
-97.63852899999999
 30
0.0
 11
147.48702
 21
-97.606512
 31
0.0
  0
LINE
  5
578
330
1F
100
AcDbEntity
  8
Edge.Cuts
100
AcDbLine
 10
147.48702
 20
-97.606512
 30
0.0
 11
147.77298
 21
-97.606512
 31
0.0
  0
LINE
  5
579
330
1F
100
AcDbEntity
  8
Edge.Cuts
100
AcDbLine
 10
147.77298
 20
-97.606512
 30
0.0
 11
148.057141
 21
-97.63852899999999
 31
0.0
  0
LINE
  5
57A
330
1F
100
AcDbEntity
  8
Edge.Cuts
100
AcDbLine
 10
146.3161733145281
 20
-92.47776600000006
 30
0.0
 11
149.0992203145281
 21
-95.32814400000007
 31
0.0
  0
LINE
  5
57B
330
1F
100
AcDbEntity
  8
Edge.Cuts
100
AcDbLine
 10
151.3351763400518
 20
-96.26999799999923
 30
0.0
 11
164.3729753145281
 21
-96.26999799999923
 31
0.0
  0
LINE
  5
57C
330
1F
100
AcDbEntity
  8
Edge.Cuts
100
AcDbLine
 10
167.1832153145281
 20
-97.86327899999924
 30
0.0
 11
168.1699623145281
 21
-99.51218899999924
 31
0.0
  0
LINE
  5
57D
330
1F
100
AcDbEntity
  8
Edge.Cuts
100
AcDbLine
 10
170.8514883145281
 20
-101.0324959999993
 30
0.0
 11
208.4899893145281
 21
-101.0324959999993
 31
0.0
  0
LINE
  5
57E
330
1F
100
AcDbEntity
  8
Edge.Cuts
100
AcDbLine
 10
211.7749893145281
 20
-104.3074959999992
 30
0.0
 11
211.7749973145281
 21
-175.7000079999993
 31
0.0
  0
LINE
  5
57F
330
1F
100
AcDbEntity
  8
Edge.Cuts
100
AcDbLine
 10
211.3643903145281
 20
-177.2214199999993
 30
0.0
 11
202.8278313145281
 21
-192.6217789999993
 31
0.0
  0
LINE
  5
580
330
1F
100
AcDbEntity
  8
Edge.Cuts
100
AcDbLine
 10
198.3760263145281
 20
-193.8985649999993
 30
0.0
 11
198.3758493145281
 21
-193.8984889999993
 31
0.0
  0
LINE
  5
581
330
1F
100
AcDbEntity
  8
Edge.Cuts
100
AcDbLine
 10
198.3758493145281
 20
-193.8984889999993
 30
0.0
 11
193.7637893145281
 21
-191.3556779999993
 31
0.0
  0
LINE
  5
582
330
1F
100
AcDbEntity
  8
Edge.Cuts
100
AcDbLine
 10
193.7637893145281
 20
-191.3556779999993
 30
0.0
 11
193.7635183145281
 21
-191.3554919999993
 31
0.0
  0
LINE
  5
583
330
1F
100
AcDbEntity
  8
Edge.Cuts
100
AcDbLine
 10
193.7635183145281
 20
-191.3554919999993
 30
0.0
 11
193.7632183145281
 21
-191.3553599999993
 31
0.0
  0
LINE
  5
584
330
1F
100
AcDbEntity
  8
Edge.Cuts
100
AcDbLine
 10
193.7632183145281
 20
-191.3553599999993
 30
0.0
 11
192.8345113145281
 21
-190.8327219999993
 31
0.0
  0
LINE
  5
585
330
1F
100
AcDbEntity
  8
Edge.Cuts
100
AcDbLine
 10
192.8345113145281
 20
-190.8327219999993
 30
0.0
 11
191.9165753145259
 21
-190.3276219999981
 31
0.0
  0
LINE
  5
586
330
1F
100
AcDbEntity
  8
Edge.Cuts
100
AcDbLine
 10
191.9165753145259
 20
-190.3276219999981
 30
0.0
 11
191.0168153145314
 21
-189.8438860000011
 31
0.0
  0
LINE
  5
587
330
1F
100
AcDbEntity
  8
Edge.Cuts
100
AcDbLine
 10
191.0168153145314
 20
-189.8438860000011
 30
0.0
 11
190.1265713145302
 21
-189.3766090000005
 31
0.0
  0
LINE
  5
588
330
1F
100
AcDbEntity
  8
Edge.Cuts
100
AcDbLine
 10
190.1265713145302
 20
-189.3766090000005
 30
0.0
 11
189.2521123145248
 21
-188.9288569999977
 31
0.0
  0
LINE
  5
589
330
1F
100
AcDbEntity
  8
Edge.Cuts
100
AcDbLine
 10
189.2521123145248
 20
-188.9288569999977
 30
0.0
 11
188.3863123145281
 21
-188.4967499999993
 31
0.0
  0
LINE
  5
58A
330
1F
100
AcDbEntity
  8
Edge.Cuts
100
AcDbLine
 10
188.3863123145281
 20
-188.4967499999993
 30
0.0
 11
187.5341053145324
 21
-188.0825450000014
 31
0.0
  0
LINE
  5
58B
330
1F
100
AcDbEntity
  8
Edge.Cuts
100
AcDbLine
 10
187.5341053145324
 20
-188.0825450000014
 30
0.0
 11
186.689750314528
 21
-187.6832389999994
 31
0.0
  0
LINE
  5
58C
330
1F
100
AcDbEntity
  8
Edge.Cuts
100
AcDbLine
 10
186.689750314528
 20
-187.6832389999994
 30
0.0
 11
185.856742314528
 21
-187.3002969999994
 31
0.0
  0
LINE
  5
58D
330
1F
100
AcDbEntity
  8
Edge.Cuts
100
AcDbLine
 10
185.856742314528
 20
-187.3002969999994
 30
0.0
 11
185.030855314531
 21
-186.9315850000007
 31
0.0
  0
LINE
  5
58E
330
1F
100
AcDbEntity
  8
Edge.Cuts
100
AcDbLine
 10
185.030855314531
 20
-186.9315850000007
 30
0.0
 11
184.214124314523
 21
-186.5778439999972
 31
0.0
  0
LINE
  5
58F
330
1F
100
AcDbEntity
  8
Edge.Cuts
100
AcDbLine
 10
184.214124314523
 20
-186.5778439999972
 30
0.0
 11
183.403730314528
 21
-186.2376829999993
 31
0.0
  0
LINE
  5
590
330
1F
100
AcDbEntity
  8
Edge.Cuts
100
AcDbLine
 10
183.403730314528
 20
-186.2376829999993
 30
0.0
 11
182.600305314528
 21
-185.9112189999993
 31
0.0
  0
LINE
  5
591
330
1F
100
AcDbEntity
  8
Edge.Cuts
100
AcDbLine
 10
182.600305314528
 20
-185.9112189999993
 30
0.0
 11
181.802726314528
 21
-185.5978459999993
 31
0.0
  0
LINE
  5
592
330
1F
100
AcDbEntity
  8
Edge.Cuts
100
AcDbLine
 10
181.802726314528
 20
-185.5978459999993
 30
0.0
 11
181.009702314528
 21
-185.2969319999993
 31
0.0
  0
LINE
  5
593
330
1F
100
AcDbEntity
  8
Edge.Cuts
100
AcDbLine
 10
181.009702314528
 20
-185.2969319999993
 30
0.0
 11
180.221872314528
 21
-185.0085889999993
 31
0.0
  0
LINE
  5
594
330
1F
100
AcDbEntity
  8
Edge.Cuts
100
AcDbLine
 10
180.221872314528
 20
-185.0085889999993
 30
0.0
 11
179.436458314528
 21
-184.7316969999993
 31
0.0
  0
LINE
  5
595
330
1F
100
AcDbEntity
  8
Edge.Cuts
100
AcDbLine
 10
179.436458314528
 20
-184.7316969999993
 30
0.0
 11
178.655686314528
 21
-184.4669309999993
 31
0.0
  0
LINE
  5
596
330
1F
100
AcDbEntity
  8
Edge.Cuts
100
AcDbLine
 10
178.655686314528
 20
-184.4669309999993
 30
0.0
 11
177.0974743145257
 21
-183.9698169999986
 31
0.0
  0
LINE
  5
597
330
1F
100
AcDbEntity
  8
Edge.Cuts
100
AcDbLine
 10
177.0974743145257
 20
-183.9698169999986
 30
0.0
 11
175.5411753145281
 21
-183.5147599999993
 31
0.0
  0
LINE
  5
598
330
1F
100
AcDbEntity
  8
Edge.Cuts
100
AcDbLine
 10
175.5411753145281
 20
-183.5147599999993
 30
0.0
 11
175.247167314528
 21
-183.4334149999993
 31
0.0
  0
LINE
  5
599
330
1F
100
AcDbEntity
  8
Edge.Cuts
100
AcDbLine
 10
175.247167314528
 20
-183.4334149999993
 30
0.0
 11
173.5765433145281
 21
-183.0052709999993
 31
0.0
  0
LINE
  5
59A
330
1F
100
AcDbEntity
  8
Edge.Cuts
100
AcDbLine
 10
173.5765433145281
 20
-183.0052709999993
 30
0.0
 11
171.8875363145281
 21
-182.6133989999993
 31
0.0
  0
LINE
  5
59B
330
1F
100
AcDbEntity
  8
Edge.Cuts
100
AcDbLine
 10
171.8875363145281
 20
-182.6133989999993
 30
0.0
 11
170.1861873145281
 21
-182.2594179999992
 31
0.0
  0
LINE
  5
59C
330
1F
100
AcDbEntity
  8
Edge.Cuts
100
AcDbLine
 10
170.1861873145281
 20
-182.2594179999992
 30
0.0
 11
168.4794213145281
 21
-181.9448589999993
 31
0.0
  0
LINE
  5
59D
330
1F
100
AcDbEntity
  8
Edge.Cuts
100
AcDbLine
 10
168.4794213145281
 20
-181.9448589999993
 30
0.0
 11
166.7741523145281
 21
-181.6709509999993
 31
0.0
  0
LINE
  5
59E
330
1F
100
AcDbEntity
  8
Edge.Cuts
100
AcDbLine
 10
166.7741523145281
 20
-181.6709509999993
 30
0.0
 11
165.9246683145306
 21
-181.5496069999996
 31
0.0
  0
LINE
  5
59F
330
1F
100
AcDbEntity
  8
Edge.Cuts
100
AcDbLine
 10
165.9246683145306
 20
-181.5496069999996
 30
0.0
 11
165.0785013145281
 21
-181.4387949999993
 31
0.0
  0
LINE
  5
5A0
330
1F
100
AcDbEntity
  8
Edge.Cuts
100
AcDbLine
 10
165.0785013145281
 20
-181.4387949999993
 30
0.0
 11
164.2366863145281
 21
-181.3385959999993
 31
0.0
  0
LINE
  5
5A1
330
1F
100
AcDbEntity
  8
Edge.Cuts
100
AcDbLine
 10
164.2366863145281
 20
-181.3385959999993
 30
0.0
 11
163.3994223145281
 21
-181.2489809999993
 31
0.0
  0
LINE
  5
5A2
330
1F
100
AcDbEntity
  8
Edge.Cuts
100
AcDbLine
 10
163.3994223145281
 20
-181.2489809999993
 30
0.0
 11
162.5692273145281
 21
-181.1701449999993
 31
0.0
  0
LINE
  5
5A3
330
1F
100
AcDbEntity
  8
Edge.Cuts
100
AcDbLine
 10
162.5692273145281
 20
-181.1701449999993
 30
0.0
 11
161.7446573145281
 21
-181.1018749999993
 31
0.0
  0
LINE
  5
5A4
330
1F
100
AcDbEntity
  8
Edge.Cuts
100
AcDbLine
 10
161.7446573145281
 20
-181.1018749999993
 30
0.0
 11
160.9298943145281
 21
-181.0444209999993
 31
0.0
  0
LINE
  5
5A5
330
1F
100
AcDbEntity
  8
Edge.Cuts
100
AcDbLine
 10
160.9298943145281
 20
-181.0444209999993
 30
0.0
 11
160.1215663145281
 21
-180.9974519999993
 31
0.0
  0
LINE
  5
5A6
330
1F
100
AcDbEntity
  8
Edge.Cuts
100
AcDbLine
 10
160.1215663145281
 20
-180.9974519999993
 30
0.0
 11
159.3258403145281
 21
-180.9612069999993
 31
0.0
  0
LINE
  5
5A7
330
1F
100
AcDbEntity
  8
Edge.Cuts
100
AcDbLine
 10
159.3258403145281
 20
-180.9612069999993
 30
0.0
 11
158.5375773145281
 21
-180.9353309999993
 31
0.0
  0
LINE
  5
5A8
330
1F
100
AcDbEntity
  8
Edge.Cuts
100
AcDbLine
 10
158.5375773145281
 20
-180.9353309999993
 30
0.0
 11
157.1693413145281
 21
-180.9149969999993
 31
0.0
  0
LINE
  5
5A9
330
1F
100
AcDbEntity
  8
Edge.Cuts
100
AcDbLine
 10
157.1693413145281
 20
-180.9149969999993
 30
0.0
 11
145.974281314528
 21
-180.8849989999993
 31
0.0
  0
LINE
  5
5AA
330
1F
100
AcDbEntity
  8
Edge.Cuts
100
AcDbLine
 10
145.974281314528
 20
-180.8849989999993
 30
0.0
 11
145.9740953145281
 21
-180.8849799999993
 31
0.0
  0
LINE
  5
5AB
330
1F
100
AcDbEntity
  8
Edge.Cuts
100
AcDbLine
 10
143.4656249999869
 20
-179.715055000011
 30
0.0
 11
128.6889469272678
 21
-162.1038569133426
 31
0.0
  0
LINE
  5
5AC
330
1F
100
AcDbEntity
  8
Edge.Cuts
100
AcDbLine
 10
126.2950000003826
 20
-160.987499
 30
0.0
 11
73.38724099999999
 21
-160.987499
 31
0.0
  0
LINE
  5
5AD
330
1F
100
AcDbEntity
  8
Edge.Cuts
100
AcDbLine
 10
70.112241
 20
-157.712499
 30
0.0
 11
70.112241
 21
-104.2925
 31
0.0
  0
LINE
  5
5AE
330
1F
100
AcDbEntity
  8
Edge.Cuts
100
AcDbLine
 10
73.38724099999999
 20
-101.017502
 30
0.0
 11
88.187241
 21
-101.017502
 31
0.0
  0
LINE
  5
5AF
330
1F
100
AcDbEntity
  8
Edge.Cuts
100
AcDbLine
 10
88.187241
 20
-101.017502
 30
0.0
 11
88.1874380000065
 21
-101.0175209999997
 31
0.0
  0
LINE
  5
5B0
330
1F
100
AcDbEntity
  8
Edge.Cuts
100
AcDbLine
 10
88.1874380000065
 20
-101.0175209999997
 30
0.0
 11
88.18763600000325
 21
-101.017503
 31
0.0
  0
LINE
  5
5B1
330
1F
100
AcDbEntity
  8
Edge.Cuts
100
AcDbLine
 10
88.18763600000325
 20
-101.017503
 30
0.0
 11
91.03744499999999
 21
-101.032502
 31
0.0
  0
LINE
  5
5B2
330
1F
100
AcDbEntity
  8
Edge.Cuts
100
AcDbLine
 10
91.03744499999999
 20
-101.032502
 30
0.0
 11
105.4229833186508
 21
-101.032502
 31
0.0
  0
LINE
  5
5B3
330
1F
100
AcDbEntity
  8
Edge.Cuts
100
AcDbLine
 10
108.1045093198189
 20
-99.5121949980484
 30
0.0
 11
109.091259318651
 21
-97.86328400000006
 31
0.0
  0
LINE
  5
5B4
330
1F
100
AcDbEntity
  8
Edge.Cuts
100
AcDbLine
 10
111.901499318651
 20
-96.27000300000007
 30
0.0
 11
124.9042493145281
 21
-96.27000300000007
 31
0.0
  0
LINE
  5
5B5
330
1F
100
AcDbEntity
  8
Edge.Cuts
100
AcDbLine
 10
127.1802793144011
 20
-95.28633700013492
 30
0.0
 11
129.9186453145281
 21
-92.37571900000003
 31
0.0
  0
LINE
  5
5B6
330
1F
100
AcDbEntity
  8
Edge.Cuts
100
AcDbLine
 10
132.3448593145281
 20
-91.34509300000003
 30
0.0
 11
144.0138203145281
 21
-91.49095400000004
 31
0.0
  0
LINE
  5
5B7
330
1F
100
AcDbEntity
  8
Edge.Cuts
100
AcDbLine
 10
185.7750003145281
 20
-123.0875
 30
0.0
 11
185.7750003145281
 21
-168.0875
 31
0.0
  0
LINE
  5
5B8
330
1F
100
AcDbEntity
  8
Edge.Cuts
100
AcDbLine
 10
228.4450119999787
 20
-123.0875797967377
 30
0.0
 11
228.445
 21
-168.2375
 31
0.0
  0
LINE
  5
5B9
330
1F
100
AcDbEntity
  8
Edge.Cuts
100
AcDbLine
 10
90.019993
 20
-106.992498
 30
0.0
 11
90.019993
 21
-109.0125
 31
0.0
  0
LINE
  5
5BA
330
1F
100
AcDbEntity
  8
Edge.Cuts
100
AcDbLine
 10
72.52999999999997
 20
-106.242498
 30
0.0
 11
89.26999299999999
 21
-106.242498
 31
0.0
  0
LINE
  5
5BB
330
1F
100
AcDbEntity
  8
Edge.Cuts
100
AcDbLine
 10
89.26999299999997
 20
-109.7625
 30
0.0
 11
72.53000000000003
 21
-109.7625
 31
0.0
  0
LINE
  5
5BC
330
1F
100
AcDbEntity
  8
Edge.Cuts
100
AcDbLine
 10
71.78
 20
-109.0125
 30
0.0
 11
71.78
 21
-106.992498
 31
0.0
  0
LINE
  5
5BD
330
1F
100
AcDbEntity
  8
Edge.Cuts
100
AcDbLine
 10
350.1
 20
-109.012501
 30
0.0
 11
350.1
 21
-106.992506
 31
0.0
  0
LINE
  5
5BE
330
1F
100
AcDbEntity
  8
Edge.Cuts
100
AcDbLine
 10
350.85
 20
-106.242506
 30
0.0
 11
367.5699849999999
 21
-106.242506
 31
0.0
  0
LINE
  5
5BF
330
1F
100
AcDbEntity
  8
Edge.Cuts
100
AcDbLine
 10
368.319985
 20
-106.992506
 30
0.0
 11
368.3199849999999
 21
-109.0125009999999
 31
0.0
  0
LINE
  5
5C0
330
1F
100
AcDbEntity
  8
Edge.Cuts
100
AcDbLine
 10
367.569985
 20
-109.7625009999999
 30
0.0
 11
350.85
 21
-109.762501
 31
0.0
  0
LINE
  5
5C1
330
1F
100
AcDbEntity
  8
Edge.Cuts
100
AcDbLine
 10
367.569985
 20
-106.242506
 30
0.0
 11
369.569985
 21
-106.242506
 31
0.0
  0
LINE
  5
5C2
330
1F
100
AcDbEntity
  8
Edge.Cuts
100
AcDbLine
 10
369.569985
 20
-106.242506
 30
0.0
 11
369.5699849999999
 21
-109.7625009999999
 31
0.0
  0
LINE
  5
5C3
330
1F
100
AcDbEntity
  8
Edge.Cuts
100
AcDbLine
 10
369.5699849999999
 20
-109.7625009999999
 30
0.0
 11
367.569985
 21
-109.7625009999999
 31
0.0
  0
LINE
  5
5C4
330
1F
100
AcDbEntity
  8
Edge.Cuts
100
AcDbLine
 10
350.85
 20
-106.242506
 30
0.0
 11
348.85
 21
-106.242506
 31
0.0
  0
LINE
  5
5C5
330
1F
100
AcDbEntity
  8
Edge.Cuts
100
AcDbLine
 10
348.85
 20
-106.242506
 30
0.0
 11
348.85
 21
-109.762501
 31
0.0
  0
LINE
  5
5C6
330
1F
100
AcDbEntity
  8
Edge.Cuts
100
AcDbLine
 10
348.85
 20
-109.762501
 30
0.0
 11
350.85
 21
-109.762501
 31
0.0
  0
LINE
  5
5C7
330
1F
100
AcDbEntity
  8
Edge.Cuts
100
AcDbLine
 10
89.26999299999999
 20
-106.242498
 30
0.0
 11
91.269993
 21
-106.242498
 31
0.0
  0
LINE
  5
5C8
330
1F
100
AcDbEntity
  8
Edge.Cuts
100
AcDbLine
 10
91.269993
 20
-106.242498
 30
0.0
 11
91.269993
 21
-109.7625
 31
0.0
  0
LINE
  5
5C9
330
1F
100
AcDbEntity
  8
Edge.Cuts
100
AcDbLine
 10
91.269993
 20
-109.7625
 30
0.0
 11
89.26999299999999
 21
-109.7625
 31
0.0
  0
LINE
  5
5CA
330
1F
100
AcDbEntity
  8
Edge.Cuts
100
AcDbLine
 10
72.53
 20
-106.242498
 30
0.0
 11
70.53
 21
-106.242498
 31
0.0
  0
LINE
  5
5CB
330
1F
100
AcDbEntity
  8
Edge.Cuts
100
AcDbLine
 10
70.53
 20
-106.242498
 30
0.0
 11
70.53000000000013
 21
-109.7625
 31
0.0
  0
LINE
  5
5CC
330
1F
100
AcDbEntity
  8
Edge.Cuts
100
AcDbLine
 10
70.53000000000013
 20
-109.7625
 30
0.0
 11
72.53
 21
-109.7625
 31
0.0
  0
LINE
  5
5CD
330
1F
100
AcDbEntity
  8
Edge.Cuts
100
AcDbLine
 10
208.4892271321768
 20
-100.5324959698896
 30
0.0
 11
170.8494440360375
 21
-100.5324959698896
 31
0.0
  0
LINE
  5
5CE
330
1F
100
AcDbEntity
  8
Edge.Cuts
100
AcDbLine
 10
176.9513071684815
 20
-184.4480138635461
 30
0.0
 11
178.4994031407154
 21
-184.9419005626224
 31
0.0
  0
LINE
  5
5CF
330
1F
100
AcDbEntity
  8
Edge.Cuts
100
AcDbLine
 10
168.6000564918447
 20
-99.25719252448816
 30
0.0
 11
167.6132288576334
 21
-97.60814778016426
 31
0.0
  0
LINE
  5
5D0
330
1F
100
AcDbEntity
  8
Edge.Cuts
100
AcDbLine
 10
164.3710879288946
 20
-95.76999796988962
 30
0.0
 11
151.3367341340134
 21
-95.76999796988962
 31
0.0
  0
LINE
  5
5D1
330
1F
100
AcDbEntity
  8
Edge.Cuts
100
AcDbLine
 10
149.4558852596572
 20
-94.97772628554189
 30
0.0
 11
146.6739268543162
 21
-92.12846321686254
 31
0.0
  0
LINE
  5
5D2
330
1F
100
AcDbEntity
  8
Edge.Cuts
100
AcDbLine
 10
144.0199328958485
 20
-90.99099134630418
 30
0.0
 11
132.3459182560637
 21
-90.84506717624535
 31
0.0
  0
LINE
  5
5D3
330
1F
100
AcDbEntity
  8
Edge.Cuts
100
AcDbLine
 10
129.5580374502782
 20
-92.02932483901525
 30
0.0
 11
126.8188348389495
 21
-94.94083207587853
 31
0.0
  0
LINE
  5
5D4
330
1F
100
AcDbEntity
  8
Edge.Cuts
100
AcDbLine
 10
124.9002792454629
 20
-95.77000300000007
 30
0.0
 11
111.9033867161762
 21
-95.77000300000007
 31
0.0
  0
LINE
  5
5D5
330
1F
100
AcDbEntity
  8
Edge.Cuts
100
AcDbLine
 10
108.6612459283142
 20
-97.6081525709093
 30
0.0
 11
107.6744152840395
 21
-99.25719833172188
 31
0.0
  0
LINE
  5
5D6
330
1F
100
AcDbEntity
  8
Edge.Cuts
100
AcDbLine
 10
105.4250276089275
 20
-100.532502
 30
0.0
 11
91.03876078088668
 21
-100.532502
 31
0.0
  0
LINE
  5
5D7
330
1F
100
AcDbEntity
  8
Edge.Cuts
100
AcDbLine
 10
91.03876078088668
 20
-100.5325020000003
 30
0.0
 11
88.21259759802402
 21
-100.5176274517131
 31
0.0
  0
LINE
  5
5D8
330
1F
100
AcDbEntity
  8
Edge.Cuts
100
AcDbLine
 10
88.21259759802402
 20
-100.5176274517131
 30
0.0
 11
88.21129686177865
 21
-100.517502
 31
0.0
  0
LINE
  5
5D9
330
1F
100
AcDbEntity
  8
Edge.Cuts
100
AcDbLine
 10
88.21129686177865
 20
-100.517502
 30
0.0
 11
73.38724099999999
 21
-100.517502
 31
0.0
  0
LINE
  5
5DA
330
1F
100
AcDbEntity
  8
Edge.Cuts
100
AcDbLine
 10
69.612241
 20
-104.2924996946564
 30
0.0
 11
69.612241
 21
-157.712499
 31
0.0
  0
LINE
  5
5DB
330
1F
100
AcDbEntity
  8
Edge.Cuts
100
AcDbLine
 10
73.38724099999999
 20
-161.487499
 30
0.0
 11
126.2836593176367
 21
-161.487499
 31
0.0
  0
LINE
  5
5DC
330
1F
100
AcDbEntity
  8
Edge.Cuts
100
AcDbLine
 10
128.3132047911691
 20
-162.4339272983588
 30
0.0
 11
143.0893764625821
 21
-180.0445218438477
 31
0.0
  0
LINE
  5
5DD
330
1F
100
AcDbEntity
  8
Edge.Cuts
100
AcDbLine
 10
145.9630222778206
 20
-181.3849706255959
 30
0.0
 11
157.1649563030001
 21
-181.4149870450601
 31
0.0
  0
LINE
  5
5DE
330
1F
100
AcDbEntity
  8
Edge.Cuts
100
AcDbLine
 10
157.1649563030001
 20
-181.4149870450601
 30
0.0
 11
158.5256591627514
 21
-181.4352090915127
 31
0.0
  0
LINE
  5
5DF
330
1F
100
AcDbEntity
  8
Edge.Cuts
100
AcDbLine
 10
158.5256591627514
 20
-181.4352090915127
 30
0.0
 11
159.3062616860049
 21
-181.4608336240504
 31
0.0
  0
LINE
  5
5E0
330
1F
100
AcDbEntity
  8
Edge.Cuts
100
AcDbLine
 10
159.3062616860049
 20
-181.4608336240504
 30
0.0
 11
160.0956875658023
 21
-181.4967916561032
 31
0.0
  0
LINE
  5
5E1
330
1F
100
AcDbEntity
  8
Edge.Cuts
100
AcDbLine
 10
160.0956875658023
 20
-181.4967916561032
 30
0.0
 11
160.8978055749843
 21
-181.543399816124
 31
0.0
  0
LINE
  5
5E2
330
1F
100
AcDbEntity
  8
Edge.Cuts
100
AcDbLine
 10
160.8978055749843
 20
-181.543399816124
 30
0.0
 11
161.7064424203189
 21
-181.6004218229061
 31
0.0
  0
LINE
  5
5E3
330
1F
100
AcDbEntity
  8
Edge.Cuts
100
AcDbLine
 10
161.7064424203189
 20
-181.6004218229062
 30
0.0
 11
162.5249637318193
 21
-181.6681910237455
 31
0.0
  0
LINE
  5
5E4
330
1F
100
AcDbEntity
  8
Edge.Cuts
100
AcDbLine
 10
162.5249637318193
 20
-181.6681910237455
 30
0.0
 11
163.3491803177205
 21
-181.7464593086257
 31
0.0
  0
LINE
  5
5E5
330
1F
100
AcDbEntity
  8
Edge.Cuts
100
AcDbLine
 10
163.3491803177205
 20
-181.7464593086257
 30
0.0
 11
164.1805297687791
 21
-181.835441255845
 31
0.0
  0
LINE
  5
5E6
330
1F
100
AcDbEntity
  8
Edge.Cuts
100
AcDbLine
 10
164.1805297687791
 20
-181.835441255845
 30
0.0
 11
165.0164886952151
 21
-181.9349432229874
 31
0.0
  0
LINE
  5
5E7
330
1F
100
AcDbEntity
  8
Edge.Cuts
100
AcDbLine
 10
165.0164886952151
 20
-181.9349432229874
 30
0.0
 11
165.8568515455152
 21
-182.0449951254693
 31
0.0
  0
LINE
  5
5E8
330
1F
100
AcDbEntity
  8
Edge.Cuts
100
AcDbLine
 10
165.8568515455152
 20
-182.0449951254693
 30
0.0
 11
166.699146489461
 21
-182.165312209344
 31
0.0
  0
LINE
  5
5E9
330
1F
100
AcDbEntity
  8
Edge.Cuts
100
AcDbLine
 10
166.699146489461
 20
-182.165312209344
 30
0.0
 11
168.3944499979345
 21
-182.4376195071362
 31
0.0
  0
LINE
  5
5EA
330
1F
100
AcDbEntity
  8
Edge.Cuts
100
AcDbLine
 10
168.3944499979345
 20
-182.4376195071362
 30
0.0
 11
170.0899383437117
 21
-182.7501000220746
 31
0.0
  0
LINE
  5
5EB
330
1F
100
AcDbEntity
  8
Edge.Cuts
100
AcDbLine
 10
170.0899383437117
 20
-182.7501000220746
 30
0.0
 11
171.7800956044556
 21
-183.1017524798099
 31
0.0
  0
LINE
  5
5EC
330
1F
100
AcDbEntity
  8
Edge.Cuts
100
AcDbLine
 10
171.7800956044556
 20
-183.1017524798098
 30
0.0
 11
173.4579615340964
 21
-183.4910396038894
 31
0.0
  0
LINE
  5
5ED
330
1F
100
AcDbEntity
  8
Edge.Cuts
100
AcDbLine
 10
173.4579615340964
 20
-183.4910396038894
 30
0.0
 11
175.1184273718069
 21
-183.9165802914532
 31
0.0
  0
LINE
  5
5EE
330
1F
100
AcDbEntity
  8
Edge.Cuts
100
AcDbLine
 10
175.1184273718069
 20
-183.9165802914532
 30
0.0
 11
175.4043421026615
 21
-183.9956860769467
 31
0.0
  0
LINE
  5
5EF
330
1F
100
AcDbEntity
  8
Edge.Cuts
100
AcDbLine
 10
175.4043421026615
 20
-183.9956860769467
 30
0.0
 11
176.9513071684815
 21
-184.4480138635461
 31
0.0
  0
LINE
  5
5F0
330
1F
100
AcDbEntity
  8
Edge.Cuts
100
AcDbLine
 10
178.4994031407154
 20
-184.9419005626224
 30
0.0
 11
179.2730446002117
 21
-185.2042485395798
 31
0.0
  0
LINE
  5
5F1
330
1F
100
AcDbEntity
  8
Edge.Cuts
100
AcDbLine
 10
179.2730446002117
 20
-185.2042485395798
 30
0.0
 11
180.0528198746711
 21
-185.4791526478534
 31
0.0
  0
LINE
  5
5F2
330
1F
100
AcDbEntity
  8
Edge.Cuts
100
AcDbLine
 10
180.0528198746711
 20
-185.4791526478534
 30
0.0
 11
180.8350789059814
 21
-185.7654566929712
 31
0.0
  0
LINE
  5
5F3
330
1F
100
AcDbEntity
  8
Edge.Cuts
100
AcDbLine
 10
180.8350789059814
 20
-185.7654566929711
 30
0.0
 11
181.622604982346
 21
-186.0642844986153
 31
0.0
  0
LINE
  5
5F4
330
1F
100
AcDbEntity
  8
Edge.Cuts
100
AcDbLine
 10
181.622604982346
 20
-186.0642844986153
 30
0.0
 11
182.4147640690208
 21
-186.3755279860548
 31
0.0
  0
LINE
  5
5F5
330
1F
100
AcDbEntity
  8
Edge.Cuts
100
AcDbLine
 10
182.4147640690208
 20
-186.3755279860548
 30
0.0
 11
183.2128531545729
 21
-186.699823788682
 31
0.0
  0
LINE
  5
5F6
330
1F
100
AcDbEntity
  8
Edge.Cuts
100
AcDbLine
 10
183.2128531545729
 20
-186.699823788682
 30
0.0
 11
184.0179990702538
 21
-187.0377819174736
 31
0.0
  0
LINE
  5
5F7
330
1F
100
AcDbEntity
  8
Edge.Cuts
100
AcDbLine
 10
184.0179990702538
 20
-187.0377819174736
 30
0.0
 11
184.8295731694046
 21
-187.3892893702428
 31
0.0
  0
LINE
  5
5F8
330
1F
100
AcDbEntity
  8
Edge.Cuts
100
AcDbLine
 10
184.8295731694046
 20
-187.3892893702428
 30
0.0
 11
185.6503984799747
 21
-187.75574161118
 31
0.0
  0
LINE
  5
5F9
330
1F
100
AcDbEntity
  8
Edge.Cuts
100
AcDbLine
 10
185.6503984799747
 20
-187.75574161118
 30
0.0
 11
186.4784429845451
 21
-188.1364018433377
 31
0.0
  0
LINE
  5
5FA
330
1F
100
AcDbEntity
  8
Edge.Cuts
100
AcDbLine
 10
186.4784429845451
 20
-188.1364018433377
 30
0.0
 11
187.3179351657156
 21
-188.5334081557234
 31
0.0
  0
LINE
  5
5FB
330
1F
100
AcDbEntity
  8
Edge.Cuts
100
AcDbLine
 10
187.3179351657156
 20
-188.5334081557234
 30
0.0
 11
188.1653818789976
 21
-188.9452994754086
 31
0.0
  0
LINE
  5
5FC
330
1F
100
AcDbEntity
  8
Edge.Cuts
100
AcDbLine
 10
188.1653818789976
 20
-188.9452994754086
 30
0.0
 11
189.0265264365064
 21
-189.3750830181569
 31
0.0
  0
LINE
  5
5FD
330
1F
100
AcDbEntity
  8
Edge.Cuts
100
AcDbLine
 10
189.0265264365064
 20
-189.3750830181569
 30
0.0
 11
189.8964362280472
 21
-189.8205056726003
 31
0.0
  0
LINE
  5
5FE
330
1F
100
AcDbEntity
  8
Edge.Cuts
100
AcDbLine
 10
189.8964362280472
 20
-189.8205056726003
 30
0.0
 11
190.7822381436761
 21
-190.285451082768
 31
0.0
  0
LINE
  5
5FF
330
1F
100
AcDbEntity
  8
Edge.Cuts
100
AcDbLine
 10
190.7822381436761
 20
-190.285451082768
 30
0.0
 11
191.6776642568861
 21
-190.7668570646963
 31
0.0
  0
LINE
  5
600
330
1F
100
AcDbEntity
  8
Edge.Cuts
100
AcDbLine
 10
191.6776642568861
 20
-190.7668570646963
 30
0.0
 11
192.5913748695572
 21
-191.269632019007
 31
0.0
  0
LINE
  5
601
330
1F
100
AcDbEntity
  8
Edge.Cuts
100
AcDbLine
 10
192.5913748695572
 20
-191.269632019007
 30
0.0
 11
193.4992147390951
 21
-191.7805268585372
 31
0.0
  0
LINE
  5
602
330
1F
100
AcDbEntity
  8
Edge.Cuts
100
AcDbLine
 10
193.4992147390951
 20
-191.7805268585372
 30
0.0
 11
193.5009880042302
 21
-191.7817439335006
 31
0.0
  0
LINE
  5
603
330
1F
100
AcDbEntity
  8
Edge.Cuts
100
AcDbLine
 10
193.5009880042302
 20
-191.7817439335006
 30
0.0
 11
198.155977401484
 21
-194.3482236072733
 31
0.0
  0
LINE
  5
604
330
1F
100
AcDbEntity
  8
Edge.Cuts
100
AcDbLine
 10
198.155977401484
 20
-194.3482236072733
 30
0.0
 11
198.1564651922847
 21
-194.3484330541708
 31
0.0
  0
LINE
  5
605
330
1F
100
AcDbEntity
  8
Edge.Cuts
100
AcDbLine
 10
203.2651538191544
 20
-192.8641609856073
 30
0.0
 11
211.8025100422387
 21
-177.4623637571947
 31
0.0
  0
LINE
  5
606
330
1F
100
AcDbEntity
  8
Edge.Cuts
100
AcDbLine
 10
212.2749893138463
 20
-104.3067338054327
 30
0.0
 11
212.2749973146886
 21
-175.706763243993
 31
0.0
  0
LINE
  5
607
330
1F
100
AcDbEntity
  8
Edge.Cuts
100
AcDbLine
 10
213.2749893147892
 20
-104.3067336927917
 30
0.0
 11
213.274997317011
 21
-175.7190740042927
 31
0.0
  0
LINE
  5
608
330
1F
100
AcDbEntity
  8
Edge.Cuts
100
AcDbLine
 10
204.1397735125308
 20
-193.3489706329063
 30
0.0
 11
212.6786056874993
 21
-177.9445107170006
 31
0.0
  0
LINE
  5
609
330
1F
100
AcDbEntity
  8
Edge.Cuts
100
AcDbLine
 10
197.7162335753906
 20
-195.2476928218184
 30
0.0
 11
197.7214058865976
 21
-195.2499137012073
 31
0.0
  0
LINE
  5
60A
330
1F
100
AcDbEntity
  8
Edge.Cuts
100
AcDbLine
 10
192.9753853836332
 20
-192.6338758005024
 30
0.0
 11
197.7162335753906
 21
-195.2476928218184
 31
0.0
  0
LINE
  5
60B
330
1F
100
AcDbEntity
  8
Edge.Cuts
100
AcDbLine
 10
192.9700116145513
 20
-192.6301875309486
 30
0.0
 11
192.9753853836332
 21
-192.6338758005024
 31
0.0
  0
LINE
  5
60C
330
1F
100
AcDbEntity
  8
Edge.Cuts
100
AcDbLine
 10
192.1051019796155
 20
-192.1434520570224
 30
0.0
 11
192.9700116145513
 21
-192.6301875309486
 31
0.0
  0
LINE
  5
60D
330
1F
100
AcDbEntity
  8
Edge.Cuts
100
AcDbLine
 10
191.1998421416072
 20
-191.645327194093
 30
0.0
 11
192.1051019796155
 21
-192.1434520570224
 31
0.0
  0
LINE
  5
60E
330
1F
100
AcDbEntity
  8
Edge.Cuts
100
AcDbLine
 10
190.3130838019661
 20
-191.1685812483023
 30
0.0
 11
191.1998421416072
 21
-191.645327194093
 31
0.0
  0
LINE
  5
60F
330
1F
100
AcDbEntity
  8
Edge.Cuts
100
AcDbLine
 10
189.4361660550757
 20
-190.7082990177973
 30
0.0
 11
190.3130838019661
 21
-191.1685812483023
 31
0.0
  0
LINE
  5
610
330
1F
100
AcDbEntity
  8
Edge.Cuts
100
AcDbLine
 10
188.5753546804675
 20
-190.2675350544743
 30
0.0
 11
189.4361660550757
 21
-190.7082990177973
 31
0.0
  0
LINE
  5
611
330
1F
100
AcDbEntity
  8
Edge.Cuts
100
AcDbLine
 10
187.7235210079355
 20
-189.8423984262266
 30
0.0
 11
188.5753546804675
 21
-190.2675350544743
 31
0.0
  0
LINE
  5
612
330
1F
100
AcDbEntity
  8
Edge.Cuts
100
AcDbLine
 10
186.885594868085
 20
-189.4351344671688
 30
0.0
 11
187.7235210079355
 21
-189.8423984262266
 31
0.0
  0
LINE
  5
613
330
1F
100
AcDbEntity
  8
Edge.Cuts
100
AcDbLine
 10
186.0558283245818
 20
-189.0427275300155
 30
0.0
 11
186.885594868085
 21
-189.4351344671688
 31
0.0
  0
LINE
  5
614
330
1F
100
AcDbEntity
  8
Edge.Cuts
100
AcDbLine
 10
185.2377108108798
 20
-188.6666308335467
 30
0.0
 11
186.0558283245818
 21
-189.0427275300155
 31
0.0
  0
LINE
  5
615
330
1F
100
AcDbEntity
  8
Edge.Cuts
100
AcDbLine
 10
184.4270088791466
 20
-188.3046981107248
 30
0.0
 11
185.2377108108798
 21
-188.6666308335467
 31
0.0
  0
LINE
  5
616
330
1F
100
AcDbEntity
  8
Edge.Cuts
100
AcDbLine
 10
183.6257485817194
 20
-187.9576577524278
 30
0.0
 11
184.4270088791466
 21
-188.3046981107248
 31
0.0
  0
LINE
  5
617
330
1F
100
AcDbEntity
  8
Edge.Cuts
100
AcDbLine
 10
182.8310988346663
 20
-187.6241053660487
 30
0.0
 11
183.6257485817194
 21
-187.9576577524278
 31
0.0
  0
LINE
  5
618
330
1F
100
AcDbEntity
  8
Edge.Cuts
100
AcDbLine
 10
182.0436815780036
 20
-187.3041459581648
 30
0.0
 11
182.8310988346663
 21
-187.6241053660487
 31
0.0
  0
LINE
  5
619
330
1F
100
AcDbEntity
  8
Edge.Cuts
100
AcDbLine
 10
181.2623623179845
 20
-186.9971614958483
 30
0.0
 11
182.0436815780036
 21
-187.3041459581648
 31
0.0
  0
LINE
  5
61A
330
1F
100
AcDbEntity
  8
Edge.Cuts
100
AcDbLine
 10
180.4858320888906
 20
-186.7025060789157
 30
0.0
 11
181.2623623179845
 21
-186.9971614958483
 31
0.0
  0
LINE
  5
61B
330
1F
100
AcDbEntity
  8
Edge.Cuts
100
AcDbLine
 10
179.7147149949585
 20
-186.420279943562
 30
0.0
 11
180.4858320888906
 21
-186.7025060789157
 31
0.0
  0
LINE
  5
61C
330
1F
100
AcDbEntity
  8
Edge.Cuts
100
AcDbLine
 10
178.946217171582
 20
-186.1493516187418
 30
0.0
 11
179.7147149949585
 21
-186.420279943562
 31
0.0
  0
LINE
  5
61D
330
1F
100
AcDbEntity
  8
Edge.Cuts
100
AcDbLine
 10
178.1868367930879
 20
-185.8918396878678
 30
0.0
 11
178.946217171582
 21
-186.1493516187418
 31
0.0
  0
LINE
  5
61E
330
1F
100
AcDbEntity
  8
Edge.Cuts
100
AcDbLine
 10
176.6589728763948
 20
-185.4044075906416
 30
0.0
 11
178.1868367930879
 21
-185.8918396878678
 31
0.0
  0
LINE
  5
61F
330
1F
100
AcDbEntity
  8
Edge.Cuts
100
AcDbLine
 10
175.1306756789276
 20
-184.9575382308414
 30
0.0
 11
176.6589728763948
 21
-185.4044075906416
 31
0.0
  0
LINE
  5
620
330
1F
100
AcDbEntity
  8
Edge.Cuts
100
AcDbLine
 10
174.8609474863683
 20
-184.8829108743622
 30
0.0
 11
175.1306756789276
 21
-184.9575382308414
 31
0.0
  0
LINE
  5
621
330
1F
100
AcDbEntity
  8
Edge.Cuts
100
AcDbLine
 10
173.2207979732308
 20
-184.462576811669
 30
0.0
 11
174.8609474863683
 21
-184.8829108743622
 31
0.0
  0
LINE
  5
622
330
1F
100
AcDbEntity
  8
Edge.Cuts
100
AcDbLine
 10
171.5652141843157
 20
-184.0784594394321
 30
0.0
 11
173.2207979732308
 21
-184.462576811669
 31
0.0
  0
LINE
  5
623
330
1F
100
AcDbEntity
  8
Edge.Cuts
100
AcDbLine
 10
169.8974404020789
 20
-183.7314640662253
 30
0.0
 11
171.5652141843157
 21
-184.0784594394321
 31
0.0
  0
LINE
  5
624
330
1F
100
AcDbEntity
  8
Edge.Cuts
100
AcDbLine
 10
168.2245073647484
 20
-183.4231405214103
 30
0.0
 11
169.8974404020789
 21
-183.7314640662253
 31
0.0
  0
LINE
  5
625
330
1F
100
AcDbEntity
  8
Edge.Cuts
100
AcDbLine
 10
166.5491348393294
 20
-183.1540346280338
 30
0.0
 11
168.2245073647484
 21
-183.4231405214104
 31
0.0
  0
LINE
  5
626
330
1F
100
AcDbEntity
  8
Edge.Cuts
100
AcDbLine
 10
165.7212180074827
 20
-183.0357713764085
 30
0.0
 11
166.5491348393294
 21
-183.1540346280337
 31
0.0
  0
LINE
  5
627
330
1F
100
AcDbEntity
  8
Edge.Cuts
100
AcDbLine
 10
164.8924634565905
 20
-182.9272396689637
 30
0.0
 11
165.7212180074827
 21
-183.0357713764085
 31
0.0
  0
LINE
  5
628
330
1F
100
AcDbEntity
  8
Edge.Cuts
100
AcDbLine
 10
164.0682166772836
 20
-182.8291317675366
 30
0.0
 11
164.8924634565905
 21
-182.9272396689637
 31
0.0
  0
LINE
  5
629
330
1F
100
AcDbEntity
  8
Edge.Cuts
100
AcDbLine
 10
163.2486963241028
 20
-182.7414159258783
 30
0.0
 11
164.0682166772836
 21
-182.8291317675367
 31
0.0
  0
LINE
  5
62A
330
1F
100
AcDbEntity
  8
Edge.Cuts
100
AcDbLine
 10
162.4364365664044
 20
-182.6642830712382
 30
0.0
 11
163.2486963241028
 21
-182.7414159258782
 31
0.0
  0
LINE
  5
62B
330
1F
100
AcDbEntity
  8
Edge.Cuts
100
AcDbLine
 10
161.6300126318965
 20
-182.5975154687195
 30
0.0
 11
162.4364365664044
 21
-182.6642830712382
 31
0.0
  0
LINE
  5
62C
330
1F
100
AcDbEntity
  8
Edge.Cuts
100
AcDbLine
 10
160.8336280958922
 20
-182.541357448373
 30
0.0
 11
161.6300126318965
 21
-182.5975154687195
 31
0.0
  0
LINE
  5
62D
330
1F
100
AcDbEntity
  8
Edge.Cuts
100
AcDbLine
 10
160.0439300683534
 20
-182.4954709683111
 30
0.0
 11
160.8336280958922
 21
-182.541357448373
 31
0.0
  0
LINE
  5
62E
330
1F
100
AcDbEntity
  8
Edge.Cuts
100
AcDbLine
 10
159.267104428959
 20
-182.4600868721526
 30
0.0
 11
160.0439300683534
 21
-182.4954709683111
 31
0.0
  0
LINE
  5
62F
330
1F
100
AcDbEntity
  8
Edge.Cuts
100
AcDbLine
 10
158.5018228591944
 20
-182.4349652745395
 30
0.0
 11
159.267104428959
 21
-182.4600868721526
 31
0.0
  0
LINE
  5
630
330
1F
100
AcDbEntity
  8
Edge.Cuts
100
AcDbLine
 10
157.1561862799789
 20
-182.4149671351822
 30
0.0
 11
158.5018228591944
 21
-182.4349652745395
 31
0.0
  0
LINE
  5
631
330
1F
100
AcDbEntity
  8
Edge.Cuts
100
AcDbLine
 10
145.9421703447661
 20
-182.3849183413367
 30
0.0
 11
157.1561862799789
 21
-182.4149671351819
 31
0.0
  0
LINE
  5
632
330
1F
100
AcDbEntity
  8
Edge.Cuts
100
AcDbLine
 10
127.5638791409222
 20
-163.0966407656225
 30
0.0
 11
142.335739990311
 21
-180.702097570395
 31
0.0
  0
LINE
  5
633
330
1F
100
AcDbEntity
  8
Edge.Cuts
100
AcDbLine
 10
73.38724099999999
 20
-162.487499
 30
0.0
 11
126.2576196270036
 21
-162.487499
 31
0.0
  0
LINE
  5
634
330
1F
100
AcDbEntity
  8
Edge.Cuts
100
AcDbLine
 10
68.612241
 20
-104.2924996946564
 30
0.0
 11
68.612241
 21
-157.712499
 31
0.0
  0
LINE
  5
635
330
1F
100
AcDbEntity
  8
Edge.Cuts
100
AcDbLine
 10
88.25940858533555
 20
-99.517502
 30
0.0
 11
73.38724099999997
 21
-99.517502
 31
0.0
  0
LINE
  5
636
330
1F
100
AcDbEntity
  8
Edge.Cuts
100
AcDbLine
 10
88.26333445948595
 20
-99.51788063759047
 30
0.0
 11
88.25940858533555
 21
-99.517502
 31
0.0
  0
LINE
  5
637
330
1F
100
AcDbEntity
  8
Edge.Cuts
100
AcDbLine
 10
91.04139234257865
 20
-99.53250200000058
 30
0.0
 11
88.26333445948595
 21
-99.51788063759048
 31
0.0
  0
LINE
  5
638
330
1F
100
AcDbEntity
  8
Edge.Cuts
100
AcDbLine
 10
105.4298265023194
 20
-99.532502
 30
0.0
 11
91.04139234257865
 21
-99.532502
 31
0.0
  0
LINE
  5
639
330
1F
100
AcDbEntity
  8
Edge.Cuts
100
AcDbLine
 10
107.8013973886411
 20
-97.09759186266844
 30
0.0
 11
106.8138624512225
 21
-98.74781453426095
 31
0.0
  0
LINE
  5
63A
330
1F
100
AcDbEntity
  8
Edge.Cuts
100
AcDbLine
 10
124.8910549965314
 20
-94.77000300000007
 30
0.0
 11
111.9068143882755
 21
-94.77000300000007
 31
0.0
  0
LINE
  5
63B
330
1F
100
AcDbEntity
  8
Edge.Cuts
100
AcDbLine
 10
128.8362002541494
 20
-91.33719707698089
 30
0.0
 11
126.0968257971732
 21
-94.24888696913364
 31
0.0
  0
LINE
  5
63C
330
1F
100
AcDbEntity
  8
Edge.Cuts
100
AcDbLine
 10
144.0324318326521
 20
-89.99106946106576
 30
0.0
 11
132.348943007487
 21
-89.84502686451174
 31
0.0
  0
LINE
  5
63D
330
1F
100
AcDbEntity
  8
Edge.Cuts
100
AcDbLine
 10
150.1688519060525
 20
-94.27651897969962
 30
0.0
 11
147.3895999284935
 21
-91.43002781613303
 31
0.0
  0
LINE
  5
63E
330
1F
100
AcDbEntity
  8
Edge.Cuts
100
AcDbLine
 10
164.3676602362256
 20
-94.76999801924764
 30
0.0
 11
151.3403694171332
 21
-94.76999801924764
 31
0.0
  0
LINE
  5
63F
330
1F
100
AcDbEntity
  8
Edge.Cuts
100
AcDbLine
 10
169.4606095127686
 20
-98.74780913512215
 30
0.0
 11
168.4730776832305
 21
-97.09758764061174
 31
0.0
  0
LINE
  5
640
330
1F
100
AcDbEntity
  8
Edge.Cuts
100
AcDbLine
 10
208.4892271116041
 20
-99.53249601924766
 30
0.0
 11
170.8446451218487
 21
-99.53249601924766
 31
0.0
  0
LINE
  5
641
330
1F
100
AcDbEntity
  8
Edge.Cuts
100
AcDbLine
 10
215.2749893158398
 20
-104.3067334683902
 30
0.0
 11
215.2749973204473
 21
-175.7403637833962
 31
0.0
  0
LINE
  5
642
330
1F
100
AcDbEntity
  8
Edge.Cuts
100
AcDbLine
 10
205.8890128984485
 20
-194.3185899270416
 30
0.0
 11
214.4303975797623
 21
-178.9095251681225
 31
0.0
  0
LINE
  5
643
330
1F
100
AcDbEntity
  8
Edge.Cuts
100
AcDbLine
 10
196.8367459232057
 20
-197.0466312509097
 30
0.0
 11
196.862473056156
 21
-197.0576779294678
 31
0.0
  0
LINE
  5
644
330
1F
100
AcDbEntity
  8
Edge.Cuts
100
AcDbLine
 10
191.9241801424389
 20
-194.3381395345059
 30
0.0
 11
196.8367459232057
 21
-197.0466312509097
 31
0.0
  0
LINE
  5
645
330
1F
100
AcDbEntity
  8
Edge.Cuts
100
AcDbLine
 10
191.911605365463
 20
-194.329508875771
 30
0.0
 11
191.9241801424389
 21
-194.3381395345059
 31
0.0
  0
LINE
  5
646
330
1F
100
AcDbEntity
  8
Edge.Cuts
100
AcDbLine
 10
145.9051770050257
 20
-184.3848263950258
 30
0.0
 11
157.1386462338664
 21
-184.4149273154253
 31
0.0
  0
LINE
  5
647
330
1F
100
AcDbEntity
  8
Edge.Cuts
100
AcDbLine
 10
66.61224099999998
 20
-104.2924996946564
 30
0.0
 11
66.61224099999998
 21
-157.712499
 31
0.0
  0
LINE
  5
648
330
1F
100
AcDbEntity
  8
Edge.Cuts
100
AcDbLine
 10
88.35563203244742
 20
-97.517502
 30
0.0
 11
73.38724099999995
 21
-97.517502
 31
0.0
  0
LINE
  5
649
330
1F
100
AcDbEntity
  8
Edge.Cuts
100
AcDbLine
 10
88.36480818240838
 20
-97.51838700934516
 30
0.0
 11
88.35563203244742
 21
-97.517502
 31
0.0
  0
LINE
  5
64A
330
1F
100
AcDbEntity
  8
Edge.Cuts
100
AcDbLine
 10
91.04665546577472
 20
-97.53250200000006
 30
0.0
 11
88.36480818240838
 21
-97.51838700934516
 31
0.0
  0
LINE
  5
64B
330
1F
100
AcDbEntity
  8
Edge.Cuts
100
AcDbLine
 10
144.0574297062593
 20
-87.99122569058889
 30
0.0
 11
132.3575244362553
 21
-87.84497788989881
 31
0.0
  0
LINE
  5
64C
330
1F
100
AcDbEntity
  8
Edge.Cuts
100
AcDbLine
 10
185.7750003145281
 20
-123.0875
 30
0.0
 11
211.7749914189509
 21
-123.0875
 31
0.0
  0
LINE
  5
64D
330
1F
100
AcDbEntity
  8
Edge.Cuts
100
AcDbLine
 10
185.7750003145281
 20
-168.0875
 30
0.0
 11
211.7749964614965
 21
-168.0874999999999
 31
0.0
  0
LINE
  5
64E
330
1F
100
AcDbEntity
  8
Edge.Cuts
100
AcDbLine
 10
227.9450119999999
 20
-123.0875
 30
0.0
 11
227.9450000000001
 21
-168.2374998671096
 31
0.0
  0
LINE
  5
64F
330
1F
100
AcDbEntity
  8
Edge.Cuts
100
AcDbLine
 10
227.945
 20
-168.2374998671096
 30
0.0
 11
227.945
 21
-175.691180699483
 31
0.0
  0
LINE
  5
650
330
1F
100
AcDbEntity
  8
Edge.Cuts
100
AcDbLine
 10
228.4032439039768
 20
-177.3897854179584
 30
0.0
 11
236.9405331537832
 21
-192.7914618233882
 31
0.0
  0
LINE
  5
651
330
1F
100
AcDbEntity
  8
Edge.Cuts
100
AcDbLine
 10
241.8691720281745
 20
-194.2041296238823
 30
0.0
 11
248.7657871399259
 21
-190.3530256066485
 31
0.0
  0
LINE
  5
652
330
1F
100
AcDbEntity
  8
Edge.Cuts
100
AcDbLine
 10
248.7657871399259
 20
-190.3530256066485
 30
0.0
 11
248.780037865389
 21
-190.3468110045669
 31
0.0
  0
LINE
  5
653
330
1F
100
AcDbEntity
  8
Edge.Cuts
100
AcDbLine
 10
248.780037865389
 20
-190.3468110045669
 30
0.0
 11
248.7931779382058
 21
-190.3384837518825
 31
0.0
  0
LINE
  5
654
330
1F
100
AcDbEntity
  8
Edge.Cuts
100
AcDbLine
 10
248.7931779382058
 20
-190.3384837518825
 30
0.0
 11
249.8449083333916
 21
-189.8083963396025
 31
0.0
  0
LINE
  5
655
330
1F
100
AcDbEntity
  8
Edge.Cuts
100
AcDbLine
 10
249.8449083333916
 20
-189.8083963396025
 30
0.0
 11
249.865999565621
 21
-189.800229700863
 31
0.0
  0
LINE
  5
656
330
1F
100
AcDbEntity
  8
Edge.Cuts
100
AcDbLine
 10
249.865999565621
 20
-189.800229700863
 30
0.0
 11
249.8852687948525
 21
-189.7882670195168
 31
0.0
  0
LINE
  5
657
330
1F
100
AcDbEntity
  8
Edge.Cuts
100
AcDbLine
 10
249.8852687948525
 20
-189.7882670195168
 30
0.0
 11
250.9274361433302
 21
-189.2739744073377
 31
0.0
  0
LINE
  5
658
330
1F
100
AcDbEntity
  8
Edge.Cuts
100
AcDbLine
 10
250.9274361433302
 20
-189.2739744073377
 30
0.0
 11
250.948100127092
 21
-189.2661316412229
 31
0.0
  0
LINE
  5
659
330
1F
100
AcDbEntity
  8
Edge.Cuts
100
AcDbLine
 10
250.948100127092
 20
-189.2661316412229
 30
0.0
 11
250.9670712344084
 21
-189.2546278846576
 31
0.0
  0
LINE
  5
65A
330
1F
100
AcDbEntity
  8
Edge.Cuts
100
AcDbLine
 10
250.9670712344084
 20
-189.2546278846576
 30
0.0
 11
251.9675261542656
 21
-188.7716797575607
 31
0.0
  0
LINE
  5
65B
330
1F
100
AcDbEntity
  8
Edge.Cuts
100
AcDbLine
 10
251.9675261542656
 20
-188.7716797575607
 30
0.0
 11
251.9885108677676
 21
-188.7639520535387
 31
0.0
  0
LINE
  5
65C
330
1F
100
AcDbEntity
  8
Edge.Cuts
100
AcDbLine
 10
251.9885108677676
 20
-188.7639520535387
 30
0.0
 11
252.0077792346326
 21
-188.7524702184923
 31
0.0
  0
LINE
  5
65D
330
1F
100
AcDbEntity
  8
Edge.Cuts
100
AcDbLine
 10
252.0077792346326
 20
-188.7524702184923
 30
0.0
 11
252.9951344466734
 21
-188.2867339001221
 31
0.0
  0
LINE
  5
65E
330
1F
100
AcDbEntity
  8
Edge.Cuts
100
AcDbLine
 10
252.9951344466734
 20
-188.2867339001221
 30
0.0
 11
253.0162721245806
 21
-188.2791755789326
 31
0.0
  0
LINE
  5
65F
330
1F
100
AcDbEntity
  8
Edge.Cuts
100
AcDbLine
 10
253.0162721245806
 20
-188.2791755789326
 30
0.0
 11
253.035679691305
 21
-188.2678384854994
 31
0.0
  0
LINE
  5
660
330
1F
100
AcDbEntity
  8
Edge.Cuts
100
AcDbLine
 10
253.035679691305
 20
-188.2678384854994
 30
0.0
 11
253.9760113429806
 21
-187.8349265623402
 31
0.0
  0
LINE
  5
661
330
1F
100
AcDbEntity
  8
Edge.Cuts
100
AcDbLine
 10
253.9760113429806
 20
-187.8349265623402
 30
0.0
 11
253.9967522142227
 21
-187.8276885456905
 31
0.0
  0
LINE
  5
662
330
1F
100
AcDbEntity
  8
Edge.Cuts
100
AcDbLine
 10
253.9967522142227
 20
-187.8276885456905
 30
0.0
 11
254.0158552298571
 21
-187.8168154455974
 31
0.0
  0
LINE
  5
663
330
1F
100
AcDbEntity
  8
Edge.Cuts
100
AcDbLine
 10
254.0158552298571
 20
-187.8168154455974
 30
0.0
 11
254.9417689964701
 21
-187.4013374754417
 31
0.0
  0
LINE
  5
664
330
1F
100
AcDbEntity
  8
Edge.Cuts
100
AcDbLine
 10
254.9417689964701
 20
-187.4013374754417
 30
0.0
 11
254.9625579652193
 21
-187.3943118405742
 31
0.0
  0
LINE
  5
665
330
1F
100
AcDbEntity
  8
Edge.Cuts
100
AcDbLine
 10
254.9625579652193
 20
-187.3943118405742
 30
0.0
 11
254.9817338864146
 21
-187.3836455986931
 31
0.0
  0
LINE
  5
666
330
1F
100
AcDbEntity
  8
Edge.Cuts
100
AcDbLine
 10
254.9817338864146
 20
-187.3836455986931
 30
0.0
 11
255.8568397088354
 21
-187.0014888350722
 31
0.0
  0
LINE
  5
667
330
1F
100
AcDbEntity
  8
Edge.Cuts
100
AcDbLine
 10
255.8568397088354
 20
-187.0014888350722
 30
0.0
 11
255.8774591742107
 21
-186.9947436376218
 31
0.0
  0
LINE
  5
668
330
1F
100
AcDbEntity
  8
Edge.Cuts
100
AcDbLine
 10
255.8774591742107
 20
-186.9947436376218
 30
0.0
 11
255.8966016910692
 21
-186.9843724757515
 31
0.0
  0
LINE
  5
669
330
1F
100
AcDbEntity
  8
Edge.Cuts
100
AcDbLine
 10
255.8966016910692
 20
-186.9843724757515
 30
0.0
 11
256.7554513260959
 21
-186.6199966623855
 31
0.0
  0
LINE
  5
66A
330
1F
100
AcDbEntity
  8
Edge.Cuts
100
AcDbLine
 10
256.7554513260959
 20
-186.6199966623855
 30
0.0
 11
256.7762527294216
 21
-186.613450027837
 31
0.0
  0
LINE
  5
66B
330
1F
100
AcDbEntity
  8
Edge.Cuts
100
AcDbLine
 10
256.7762527294216
 20
-186.613450027837
 30
0.0
 11
256.7955785410501
 21
-186.603231174015
 31
0.0
  0
LINE
  5
66C
330
1F
100
AcDbEntity
  8
Edge.Cuts
100
AcDbLine
 10
256.7955785410501
 20
-186.603231174015
 30
0.0
 11
257.6013006868768
 21
-186.2717767059221
 31
0.0
  0
LINE
  5
66D
330
1F
100
AcDbEntity
  8
Edge.Cuts
100
AcDbLine
 10
257.6013006868768
 20
-186.2717767059221
 30
0.0
 11
257.622319877589
 21
-186.2654351496003
 31
0.0
  0
LINE
  5
66E
330
1F
100
AcDbEntity
  8
Edge.Cuts
100
AcDbLine
 10
257.622319877589
 20
-186.2654351496004
 30
0.0
 11
257.6418621823258
 21
-186.2553617966448
 31
0.0
  0
LINE
  5
66F
330
1F
100
AcDbEntity
  8
Edge.Cuts
100
AcDbLine
 10
257.6418621823258
 20
-186.2553617966448
 30
0.0
 11
258.4301504111359
 21
-185.9416237171544
 31
0.0
  0
LINE
  5
670
330
1F
100
AcDbEntity
  8
Edge.Cuts
100
AcDbLine
 10
258.4301504111359
 20
-185.9416237171544
 30
0.0
 11
258.4510732539136
 21
-185.9355708674209
 31
0.0
  0
LINE
  5
671
330
1F
100
AcDbEntity
  8
Edge.Cuts
100
AcDbLine
 10
258.4510732539136
 20
-185.9355708674209
 30
0.0
 11
258.4706034304871
 21
-185.9258057791328
 31
0.0
  0
LINE
  5
672
330
1F
100
AcDbEntity
  8
Edge.Cuts
100
AcDbLine
 10
258.4706034304871
 20
-185.9258057791328
 30
0.0
 11
259.2058678984418
 21
-185.6434011750386
 31
0.0
  0
LINE
  5
673
330
1F
100
AcDbEntity
  8
Edge.Cuts
100
AcDbLine
 10
259.2058678984418
 20
-185.6434011750386
 30
0.0
 11
259.2266401474839
 21
-185.6376537335831
 31
0.0
  0
LINE
  5
674
330
1F
100
AcDbEntity
  8
Edge.Cuts
100
AcDbLine
 10
259.2266401474839
 20
-185.6376537335831
 30
0.0
 11
259.2460884524106
 21
-185.6282447156902
 31
0.0
  0
LINE
  5
675
330
1F
100
AcDbEntity
  8
Edge.Cuts
100
AcDbLine
 10
259.2460884524106
 20
-185.6282447156902
 30
0.0
 11
259.9635408942071
 21
-185.3630833850819
 31
0.0
  0
LINE
  5
676
330
1F
100
AcDbEntity
  8
Edge.Cuts
100
AcDbLine
 10
259.9635408942071
 20
-185.3630833850819
 30
0.0
 11
259.9844491967771
 21
-185.3575971156048
 31
0.0
  0
LINE
  5
677
330
1F
100
AcDbEntity
  8
Edge.Cuts
100
AcDbLine
 10
259.9844491967771
 20
-185.3575971156048
 30
0.0
 11
260.0040267947965
 21
-185.3484267810207
 31
0.0
  0
LINE
  5
678
330
1F
100
AcDbEntity
  8
Edge.Cuts
100
AcDbLine
 10
260.0040267947965
 20
-185.3484267810207
 30
0.0
 11
260.6689313787084
 21
-185.1127484344142
 31
0.0
  0
LINE
  5
679
330
1F
100
AcDbEntity
  8
Edge.Cuts
100
AcDbLine
 10
260.6689313787084
 20
-185.1127484344142
 30
0.0
 11
260.6896174407808
 21
-185.1076070442295
 31
0.0
  0
LINE
  5
67A
330
1F
100
AcDbEntity
  8
Edge.Cuts
100
AcDbLine
 10
260.6896174407808
 20
-185.1076070442295
 30
0.0
 11
260.7090918008002
 21
-185.0988315610103
 31
0.0
  0
LINE
  5
67B
330
1F
100
AcDbEntity
  8
Edge.Cuts
100
AcDbLine
 10
260.7090918008002
 20
-185.0988315610103
 30
0.0
 11
261.3560385336892
 21
-184.8797585353014
 31
0.0
  0
LINE
  5
67C
330
1F
100
AcDbEntity
  8
Edge.Cuts
100
AcDbLine
 10
261.3560385336892
 20
-184.8797585353014
 30
0.0
 11
261.3768600892514
 21
-184.8749127914607
 31
0.0
  0
LINE
  5
67D
330
1F
100
AcDbEntity
  8
Edge.Cuts
100
AcDbLine
 10
261.3768600892514
 20
-184.8749127914607
 30
0.0
 11
261.3964831068015
 21
-184.8663993033022
 31
0.0
  0
LINE
  5
67E
330
1F
100
AcDbEntity
  8
Edge.Cuts
100
AcDbLine
 10
261.3964831068015
 20
-184.8663993033022
 30
0.0
 11
261.9925195808426
 21
-184.674445590186
 31
0.0
  0
LINE
  5
67F
330
1F
100
AcDbEntity
  8
Edge.Cuts
100
AcDbLine
 10
261.9925195808426
 20
-184.674445590186
 30
0.0
 11
262.0130918543974
 21
-184.6699718252179
 31
0.0
  0
LINE
  5
680
330
1F
100
AcDbEntity
  8
Edge.Cuts
100
AcDbLine
 10
262.0130918543974
 20
-184.6699718252179
 30
0.0
 11
262.0325776318649
 21
-184.6618940847406
 31
0.0
  0
LINE
  5
681
330
1F
100
AcDbEntity
  8
Edge.Cuts
100
AcDbLine
 10
262.0325776318649
 20
-184.6618940847406
 30
0.0
 11
262.6109563274878
 21
-184.48568707375
 31
0.0
  0
LINE
  5
682
330
1F
100
AcDbEntity
  8
Edge.Cuts
100
AcDbLine
 10
262.6109563274878
 20
-184.48568707375
 30
0.0
 11
262.6314520632415
 21
-184.4815746607503
 31
0.0
  0
LINE
  5
683
330
1F
100
AcDbEntity
  8
Edge.Cuts
100
AcDbLine
 10
262.6314520632415
 20
-184.4815746607503
 30
0.0
 11
262.6509434765842
 21
-184.4738702845303
 31
0.0
  0
LINE
  5
684
330
1F
100
AcDbEntity
  8
Edge.Cuts
100
AcDbLine
 10
262.6509434765842
 20
-184.4738702845303
 30
0.0
 11
263.1809350763884
 21
-184.3220944415752
 31
0.0
  0
LINE
  5
685
330
1F
100
AcDbEntity
  8
Edge.Cuts
100
AcDbLine
 10
263.1809350763884
 20
-184.3220944415752
 30
0.0
 11
263.201157904338
 21
-184.3183788014994
 31
0.0
  0
LINE
  5
686
330
1F
100
AcDbEntity
  8
Edge.Cuts
100
AcDbLine
 10
263.201157904338
 20
-184.3183788014994
 30
0.0
 11
263.2204495962484
 21
-184.3111597766608
 31
0.0
  0
LINE
  5
687
330
1F
100
AcDbEntity
  8
Edge.Cuts
100
AcDbLine
 10
263.2204495962484
 20
-184.3111597766608
 30
0.0
 11
263.7333227046233
 21
-184.1741551585689
 31
0.0
  0
LINE
  5
688
330
1F
100
AcDbEntity
  8
Edge.Cuts
100
AcDbLine
 10
263.7333227046233
 20
-184.1741551585689
 30
0.0
 11
263.7533464406064
 21
-184.170841471001
 31
0.0
  0
LINE
  5
689
330
1F
100
AcDbEntity
  8
Edge.Cuts
100
AcDbLine
 10
263.7533464406064
 20
-184.170841471001
 30
0.0
 11
263.7725000202195
 21
-184.1640880607083
 31
0.0
  0
LINE
  5
68A
330
1F
100
AcDbEntity
  8
Edge.Cuts
100
AcDbLine
 10
263.7725000202195
 20
-184.1640880607083
 30
0.0
 11
264.2395211740587
 21
-184.0488076418337
 31
0.0
  0
LINE
  5
68B
330
1F
100
AcDbEntity
  8
Edge.Cuts
100
AcDbLine
 10
264.2595890506158
 20
-184.045899253927
 30
0.0
 11
264.2788596899836
 21
-184.0395201918646
 31
0.0
  0
LINE
  5
68C
330
1F
100
AcDbEntity
  8
Edge.Cuts
100
AcDbLine
 10
264.2788596899836
 20
-184.0395201918646
 30
0.0
 11
264.7290188554865
 21
-183.9380500919187
 31
0.0
  0
LINE
  5
68D
330
1F
100
AcDbEntity
  8
Edge.Cuts
100
AcDbLine
 10
264.7290188554865
 20
-183.9380500919187
 30
0.0
 11
264.7495064865963
 21
-183.9355039412315
 31
0.0
  0
LINE
  5
68E
330
1F
100
AcDbEntity
  8
Edge.Cuts
100
AcDbLine
 10
264.7495064865963
 20
-183.9355039412315
 30
0.0
 11
264.7692399403978
 21
-183.9293757215517
 31
0.0
  0
LINE
  5
68F
330
1F
100
AcDbEntity
  8
Edge.Cuts
100
AcDbLine
 10
264.7692399403978
 20
-183.9293757215517
 30
0.0
 11
265.085670857283
 21
-183.864213911438
 31
0.0
  0
LINE
  5
690
330
1F
100
AcDbEntity
  8
Edge.Cuts
100
AcDbLine
 10
265.085670857283
 20
-183.864213911438
 30
0.0
 11
266.7440903589471
 21
-183.439161417261
 31
0.0
  0
LINE
  5
691
330
1F
100
AcDbEntity
  8
Edge.Cuts
100
AcDbLine
 10
266.7440903589471
 20
-183.439161417261
 30
0.0
 11
266.7635362127195
 21
-183.4361609380574
 31
0.0
  0
LINE
  5
692
330
1F
100
AcDbEntity
  8
Edge.Cuts
100
AcDbLine
 10
266.7635362127195
 20
-183.4361609380574
 30
0.0
 11
266.7821994106441
 21
-183.4298554926427
 31
0.0
  0
LINE
  5
693
330
1F
100
AcDbEntity
  8
Edge.Cuts
100
AcDbLine
 10
266.7821994106441
 20
-183.4298554926427
 30
0.0
 11
268.431680877577
 21
-183.0469218744474
 31
0.0
  0
LINE
  5
694
330
1F
100
AcDbEntity
  8
Edge.Cuts
100
AcDbLine
 10
268.431680877577
 20
-183.0469218744474
 30
0.0
 11
268.4510368295622
 21
-183.0443701990671
 31
0.0
  0
LINE
  5
695
330
1F
100
AcDbEntity
  8
Edge.Cuts
100
AcDbLine
 10
268.4510368295622
 20
-183.0443701990671
 30
0.0
 11
268.4696941333546
 21
-183.0385483868272
 31
0.0
  0
LINE
  5
696
330
1F
100
AcDbEntity
  8
Edge.Cuts
100
AcDbLine
 10
268.4696941333546
 20
-183.0385483868272
 30
0.0
 11
270.1398355075459
 21
-182.6904274662195
 31
0.0
  0
LINE
  5
697
330
1F
100
AcDbEntity
  8
Edge.Cuts
100
AcDbLine
 10
270.1398355075459
 20
-182.6904274662195
 30
0.0
 11
270.1594637555621
 21
-182.688303601095
 31
0.0
  0
LINE
  5
698
330
1F
100
AcDbEntity
  8
Edge.Cuts
100
AcDbLine
 10
270.1594637555621
 20
-182.688303601095
 30
0.0
 11
270.1784310488015
 21
-182.6828345042716
 31
0.0
  0
LINE
  5
699
330
1F
100
AcDbEntity
  8
Edge.Cuts
100
AcDbLine
 10
270.1784310488015
 20
-182.6828345042716
 30
0.0
 11
271.8648253463607
 21
-182.3707359859044
 31
0.0
  0
LINE
  5
69A
330
1F
100
AcDbEntity
  8
Edge.Cuts
100
AcDbLine
 10
271.8648253463607
 20
-182.3707359859044
 30
0.0
 11
271.88449666913
 21
-182.3690558729278
 31
0.0
  0
LINE
  5
69B
330
1F
100
AcDbEntity
  8
Edge.Cuts
100
AcDbLine
 10
271.88449666913
 20
-182.3690558729278
 30
0.0
 11
271.9036137056658
 21
-182.3640065328111
 31
0.0
  0
LINE
  5
69C
330
1F
100
AcDbEntity
  8
Edge.Cuts
100
AcDbLine
 10
271.9036137056658
 20
-182.3640065328111
 30
0.0
 11
273.6018995895799
 21
-182.088944658415
 31
0.0
  0
LINE
  5
69D
330
1F
100
AcDbEntity
  8
Edge.Cuts
100
AcDbLine
 10
273.6018995895799
 20
-182.088944658415
 30
0.0
 11
273.6215942401359
 21
-182.0877049713848
 31
0.0
  0
LINE
  5
69E
330
1F
100
AcDbEntity
  8
Edge.Cuts
100
AcDbLine
 10
273.6215942401359
 20
-182.0877049713848
 30
0.0
 11
273.6408037879556
 21
-182.0830899946527
 31
0.0
  0
LINE
  5
69F
330
1F
100
AcDbEntity
  8
Edge.Cuts
100
AcDbLine
 10
273.6408037879556
 20
-182.0830899946527
 30
0.0
 11
275.3459342355538
 21
-181.8460002628692
 31
0.0
  0
LINE
  5
6A0
330
1F
100
AcDbEntity
  8
Edge.Cuts
100
AcDbLine
 10
275.3459342355538
 20
-181.8460002628692
 30
0.0
 11
275.365635283218
 21
-181.8452028395111
 31
0.0
  0
LINE
  5
6A1
330
1F
100
AcDbEntity
  8
Edge.Cuts
100
AcDbLine
 10
275.365635283218
 20
-181.8452028395111
 30
0.0
 11
275.3849388796123
 21
-181.841021555094
 31
0.0
  0
LINE
  5
6A2
330
1F
100
AcDbEntity
  8
Edge.Cuts
100
AcDbLine
 10
275.3849388796123
 20
-181.841021555094
 30
0.0
 11
277.0914106676662
 21
-181.6426902721228
 31
0.0
  0
LINE
  5
6A3
330
1F
100
AcDbEntity
  8
Edge.Cuts
100
AcDbLine
 10
277.0914106676662
 20
-181.6426902721228
 30
0.0
 11
277.1112079906681
 21
-181.6423409075995
 31
0.0
  0
LINE
  5
6A4
330
1F
100
AcDbEntity
  8
Edge.Cuts
100
AcDbLine
 10
277.1112079906681
 20
-181.6423409075995
 30
0.0
 11
277.1306584918132
 21
-181.6385770486037
 31
0.0
  0
LINE
  5
6A5
330
1F
100
AcDbEntity
  8
Edge.Cuts
100
AcDbLine
 10
277.1306584918132
 20
-181.6385770486037
 30
0.0
 11
278.832777730596
 21
-181.4795769016293
 31
0.0
  0
LINE
  5
6A6
330
1F
100
AcDbEntity
  8
Edge.Cuts
100
AcDbLine
 10
278.832777730596
 20
-181.4795769016293
 30
0.0
 11
278.8524441430852
 21
-181.4796688007537
 31
0.0
  0
LINE
  5
6A7
330
1F
100
AcDbEntity
  8
Edge.Cuts
100
AcDbLine
 10
278.8524441430852
 20
-181.4796688007537
 30
0.0
 11
278.8718796609871
 21
-181.4763719098165
 31
0.0
  0
LINE
  5
6A8
330
1F
100
AcDbEntity
  8
Edge.Cuts
100
AcDbLine
 10
278.8718796609871
 20
-181.4763719098165
 30
0.0
 11
280.5640222476372
 21
-181.3570365277992
 31
0.0
  0
LINE
  5
6A9
330
1F
100
AcDbEntity
  8
Edge.Cuts
100
AcDbLine
 10
280.5640222476372
 20
-181.3570365277992
 30
0.0
 11
280.5845864164442
 21
-181.3575776901359
 31
0.0
  0
LINE
  5
6AA
330
1F
100
AcDbEntity
  8
Edge.Cuts
100
AcDbLine
 10
280.5845864164442
 20
-181.3575776901359
 30
0.0
 11
280.6049749386063
 21
-181.3545019721734
 31
0.0
  0
LINE
  5
6AB
330
1F
100
AcDbEntity
  8
Edge.Cuts
100
AcDbLine
 10
280.6049749386063
 20
-181.3545019721734
 30
0.0
 11
281.4216204718719
 21
-181.3110276220158
 31
0.0
  0
LINE
  5
6AC
330
1F
100
AcDbEntity
  8
Edge.Cuts
100
AcDbLine
 10
281.4216204718719
 20
-181.3110276220158
 30
0.0
 11
281.4434273322972
 21
-181.3119779209802
 31
0.0
  0
LINE
  5
6AD
330
1F
100
AcDbEntity
  8
Edge.Cuts
100
AcDbLine
 10
281.4434273322972
 20
-181.3119779209802
 30
0.0
 11
281.4650521206129
 21
-181.3089675096141
 31
0.0
  0
LINE
  5
6AE
330
1F
100
AcDbEntity
  8
Edge.Cuts
100
AcDbLine
 10
281.4650521206129
 20
-181.3089675096141
 30
0.0
 11
282.2756859035784
 21
-181.2752137453923
 31
0.0
  0
LINE
  5
6AF
330
1F
100
AcDbEntity
  8
Edge.Cuts
100
AcDbLine
 10
282.2756859035784
 20
-181.2752137453923
 30
0.0
 11
282.2973742752962
 21
-181.2764286541821
 31
0.0
  0
LINE
  5
6B0
330
1F
100
AcDbEntity
  8
Edge.Cuts
100
AcDbLine
 10
282.2973742752962
 20
-181.2764286541821
 30
0.0
 11
282.3189738399348
 21
-181.2736894162539
 31
0.0
  0
LINE
  5
6B1
330
1F
100
AcDbEntity
  8
Edge.Cuts
100
AcDbLine
 10
282.3189738399348
 20
-181.2736894162539
 30
0.0
 11
283.2978078103266
 21
-181.2455256370487
 31
0.0
  0
LINE
  5
6B2
330
1F
100
AcDbEntity
  8
Edge.Cuts
100
AcDbLine
 10
283.2978078103266
 20
-181.2455256370487
 30
0.0
 11
283.3163061600189
 21
-181.2468013853037
 31
0.0
  0
LINE
  5
6B3
330
1F
100
AcDbEntity
  8
Edge.Cuts
100
AcDbLine
 10
283.3163061600189
 20
-181.2468013853037
 30
0.0
 11
283.3347886270943
 21
-181.2449761752281
 31
0.0
  0
LINE
  5
6B4
330
1F
100
AcDbEntity
  8
Edge.Cuts
100
AcDbLine
 10
283.3347886270943
 20
-181.2449761752281
 30
0.0
 11
294.0766285260756
 21
-181.2350208101647
 31
0.0
  0
LINE
  5
6B5
330
1F
100
AcDbEntity
  8
Edge.Cuts
100
AcDbLine
 10
294.0766285260756
 20
-181.2350208101647
 30
0.0
 11
294.0861506728413
 21
-181.2359191258968
 31
0.0
  0
LINE
  5
6B6
330
1F
100
AcDbEntity
  8
Edge.Cuts
100
AcDbLine
 10
296.8701999088074
 20
-179.9481014420706
 30
0.0
 11
311.6536555573212
 21
-162.3288256785875
 31
0.0
  0
LINE
  5
6B7
330
1F
100
AcDbEntity
  8
Edge.Cuts
100
AcDbLine
 10
313.7794874046563
 20
-161.3374989999066
 30
0.0
 11
366.6872389999539
 21
-161.3374989999066
 31
0.0
  0
LINE
  5
6B8
330
1F
100
AcDbEntity
  8
Edge.Cuts
100
AcDbLine
 10
370.312237999954
 20
-157.7124999999066
 30
0.0
 11
370.312237999954
 21
-104.2924999999066
 31
0.0
  0
LINE
  5
6B9
330
1F
100
AcDbEntity
  8
Edge.Cuts
100
AcDbLine
 10
366.6872358148839
 20
-100.6675018223331
 30
0.0
 11
351.886126354035
 21
-100.6675018223331
 31
0.0
  0
LINE
  5
6BA
330
1F
100
AcDbEntity
  8
Edge.Cuts
100
AcDbLine
 10
351.886126354035
 20
-100.6675018223331
 30
0.0
 11
349.0602551294058
 21
-100.6823748339975
 31
0.0
  0
LINE
  5
6BB
330
1F
100
AcDbEntity
  8
Edge.Cuts
100
AcDbLine
 10
349.0602551294058
 20
-100.6823748339975
 30
0.0
 11
349.0360510593712
 21
-100.680052221216
 31
0.0
  0
LINE
  5
6BC
330
1F
100
AcDbEntity
  8
Edge.Cuts
100
AcDbLine
 10
349.0360510593712
 20
-100.680052221216
 30
0.0
 11
349.0119224883753
 21
-100.682501822333
 31
0.0
  0
LINE
  5
6BD
330
1F
100
AcDbEntity
  8
Edge.Cuts
100
AcDbLine
 10
349.0119224883753
 20
-100.682501822333
 30
0.0
 11
334.6494560759789
 21
-100.682501822333
 31
0.0
  0
LINE
  5
6BE
330
1F
100
AcDbEntity
  8
Edge.Cuts
100
AcDbLine
 10
332.2713479356597
 20
-99.33422042191057
 30
0.0
 11
331.2845188825976
 21
-97.68517664899096
 31
0.0
  0
LINE
  5
6BF
330
1F
100
AcDbEntity
  8
Edge.Cuts
100
AcDbLine
 10
328.1711007618847
 20
-95.92000882233297
 30
0.0
 11
315.1741983071702
 21
-95.92000882233297
 31
0.0
  0
LINE
  5
6C0
330
1F
100
AcDbEntity
  8
Edge.Cuts
100
AcDbLine
 10
264.2395211740587
 20
-184.0488076418337
 30
0.0
 11
264.2595890506158
 21
-184.045899253927
 31
0.0
  0
LINE
  5
6C1
330
1F
100
AcDbEntity
  8
Edge.Cuts
100
AcDbLine
 10
227.9450119999999
 20
-104.3100099998938
 30
0.0
 11
227.9450119999999
 21
-123.0875
 31
0.0
  0
LINE
  5
6C2
330
1F
100
AcDbEntity
  8
Edge.Cuts
100
AcDbLine
 10
313.1464070530145
 20
-95.04362768299268
 30
0.0
 11
310.4072066044118
 21
-92.132122619053
 31
0.0
  0
LINE
  5
6C3
330
1F
100
AcDbEntity
  8
Edge.Cuts
100
AcDbLine
 10
307.7304390677477
 20
-90.99506409973681
 30
0.0
 11
296.0562896268562
 21
-91.14099088020907
 31
0.0
  0
LINE
  5
6C4
330
1F
100
AcDbEntity
  8
Edge.Cuts
100
AcDbLine
 10
293.5077909635564
 20
-92.23336006987478
 30
0.0
 11
290.7259257737809
 21
-95.08252766779968
 31
0.0
  0
LINE
  5
6C5
330
1F
100
AcDbEntity
  8
Edge.Cuts
100
AcDbLine
 10
288.7377522402788
 20
-95.92001085160896
 30
0.0
 11
275.7033923361146
 21
-95.92001085160896
 31
0.0
  0
LINE
  5
6C6
330
1F
100
AcDbEntity
  8
Edge.Cuts
100
AcDbLine
 10
272.5899701527711
 20
-97.6851840969665
 30
0.0
 11
271.6030503053287
 21
-99.33438393498577
 31
0.0
  0
LINE
  5
6C7
330
1F
100
AcDbEntity
  8
Edge.Cuts
100
AcDbLine
 10
269.2221712219938
 20
-100.682509851609
 30
0.0
 11
231.5777061484971
 21
-100.682509851609
 31
0.0
  0
LINE
  5
6C8
330
1F
100
AcDbEntity
  8
Edge.Cuts
100
AcDbLine
 10
269.2271898978572
 20
-99.68250965097457
 30
0.0
 11
231.577706349244
 21
-99.68250965097457
 31
0.0
  0
LINE
  5
6C9
330
1F
100
AcDbEntity
  8
Edge.Cuts
100
AcDbLine
 10
226.9450119999999
 20
-104.3100099997813
 30
0.0
 11
226.9450119999999
 21
-123.0875
 31
0.0
  0
LINE
  5
6CA
330
1F
100
AcDbEntity
  8
Edge.Cuts
100
AcDbLine
 10
226.9450119999999
 20
-123.0875
 30
0.0
 11
226.9450000000001
 21
-168.2374996013289
 31
0.0
  0
LINE
  5
6CB
330
1F
100
AcDbEntity
  8
Edge.Cuts
100
AcDbLine
 10
226.945
 20
-168.2374996013289
 30
0.0
 11
226.945
 21
-175.7037331821106
 31
0.0
  0
LINE
  5
6CC
330
1F
100
AcDbEntity
  8
Edge.Cuts
100
AcDbLine
 10
227.5272973927549
 20
-177.8722014204493
 30
0.0
 11
236.0659134613497
 21
-193.2762714701647
 31
0.0
  0
LINE
  5
6CD
330
1F
100
AcDbEntity
  8
Edge.Cuts
100
AcDbLine
 10
242.3555242222261
 20
-195.0778935525394
 30
0.0
 11
249.2104934197781
 21
-191.2500448199453
 31
0.0
  0
LINE
  5
6CE
330
1F
100
AcDbEntity
  8
Edge.Cuts
100
AcDbLine
 10
249.2104934197781
 20
-191.2500448199453
 30
0.0
 11
249.2503195961669
 21
-191.2326770137007
 31
0.0
  0
LINE
  5
6CF
330
1F
100
AcDbEntity
  8
Edge.Cuts
100
AcDbLine
 10
249.2503195961669
 20
-191.2326770137007
 30
0.0
 11
249.2870478146173
 21
-191.2094012556477
 31
0.0
  0
LINE
  5
6D0
330
1F
100
AcDbEntity
  8
Edge.Cuts
100
AcDbLine
 10
249.2870478146173
 20
-191.2094012556477
 30
0.0
 11
250.2514530001749
 21
-190.7233270188074
 31
0.0
  0
LINE
  5
6D1
330
1F
100
AcDbEntity
  8
Edge.Cuts
100
AcDbLine
 10
250.2514530001749
 20
-190.7233270188074
 30
0.0
 11
250.3141326968631
 21
-190.6990571025891
 31
0.0
  0
LINE
  5
6D2
330
1F
100
AcDbEntity
  8
Edge.Cuts
100
AcDbLine
 10
250.3141326968631
 20
-190.6990571025891
 30
0.0
 11
250.3714023845577
 21
-190.6635030585503
 31
0.0
  0
LINE
  5
6D3
330
1F
100
AcDbEntity
  8
Edge.Cuts
100
AcDbLine
 10
250.3714023845577
 20
-190.6635030585503
 30
0.0
 11
251.3270364299898
 21
-190.1919132220136
 31
0.0
  0
LINE
  5
6D4
330
1F
100
AcDbEntity
  8
Edge.Cuts
100
AcDbLine
 10
251.3270364299898
 20
-190.1919132220136
 30
0.0
 11
251.3884223812762
 21
-190.1686149236686
 31
0.0
  0
LINE
  5
6D5
330
1F
100
AcDbEntity
  8
Edge.Cuts
100
AcDbLine
 10
251.3884223812762
 20
-190.1686149236686
 30
0.0
 11
251.4447717032259
 21
-190.1344456539725
 31
0.0
  0
LINE
  5
6D6
330
1F
100
AcDbEntity
  8
Edge.Cuts
100
AcDbLine
 10
251.4447717032259
 20
-190.1344456539725
 30
0.0
 11
252.358590462797
 21
-189.693319272682
 31
0.0
  0
LINE
  5
6D7
330
1F
100
AcDbEntity
  8
Edge.Cuts
100
AcDbLine
 10
252.358590462797
 20
-189.693319272682
 30
0.0
 11
252.4209146033031
 21
-189.6703681606163
 31
0.0
  0
LINE
  5
6D8
330
1F
100
AcDbEntity
  8
Edge.Cuts
100
AcDbLine
 10
252.4209146033031
 20
-189.6703681606163
 30
0.0
 11
252.4781357038976
 21
-189.6362706554771
 31
0.0
  0
LINE
  5
6D9
330
1F
100
AcDbEntity
  8
Edge.Cuts
100
AcDbLine
 10
252.4781357038976
 20
-189.6362706554771
 30
0.0
 11
253.37769934002
 21
-189.2119457003665
 31
0.0
  0
LINE
  5
6DA
330
1F
100
AcDbEntity
  8
Edge.Cuts
100
AcDbLine
 10
253.37769934002
 20
-189.2119457003665
 30
0.0
 11
253.4404523737401
 21
-189.1895067367936
 31
0.0
  0
LINE
  5
6DB
330
1F
100
AcDbEntity
  8
Edge.Cuts
100
AcDbLine
 10
253.4404523737401
 20
-189.1895067367936
 30
0.0
 11
253.498069073915
 21
-189.1558494564982
 31
0.0
  0
LINE
  5
6DC
330
1F
100
AcDbEntity
  8
Edge.Cuts
100
AcDbLine
 10
253.498069073915
 20
-189.1558494564982
 30
0.0
 11
254.3507080289415
 21
-188.7633096870209
 31
0.0
  0
LINE
  5
6DD
330
1F
100
AcDbEntity
  8
Edge.Cuts
100
AcDbLine
 10
254.3507080289415
 20
-188.7633096870209
 30
0.0
 11
254.4122486426673
 21
-188.7418336370719
 31
0.0
  0
LINE
  5
6DE
330
1F
100
AcDbEntity
  8
Edge.Cuts
100
AcDbLine
 10
254.4122486426673
 20
-188.7418336370719
 30
0.0
 11
254.4689216895709
 21
-188.7095763367924
 31
0.0
  0
LINE
  5
6DF
330
1F
100
AcDbEntity
  8
Edge.Cuts
100
AcDbLine
 10
254.4689216895709
 20
-188.7095763367924
 30
0.0
 11
255.3073869894101
 21
-188.3333384263253
 31
0.0
  0
LINE
  5
6E0
330
1F
100
AcDbEntity
  8
Edge.Cuts
100
AcDbLine
 10
255.3073869894101
 20
-188.3333384263253
 30
0.0
 11
255.3690318956586
 21
-188.3125055217224
 31
0.0
  0
LINE
  5
6E1
330
1F
100
AcDbEntity
  8
Edge.Cuts
100
AcDbLine
 10
255.3690318956586
 20
-188.3125055217224
 30
0.0
 11
255.4259016592451
 21
-188.2808727960789
 31
0.0
  0
LINE
  5
6E2
330
1F
100
AcDbEntity
  8
Edge.Cuts
100
AcDbLine
 10
255.4259016592451
 20
-188.2808727960789
 30
0.0
 11
256.2132111265063
 21
-187.9370565052167
 31
0.0
  0
LINE
  5
6E3
330
1F
100
AcDbEntity
  8
Edge.Cuts
100
AcDbLine
 10
256.2132111265063
 20
-187.9370565052167
 30
0.0
 11
256.2743175226323
 21
-187.9170669128653
 31
0.0
  0
LINE
  5
6E4
330
1F
100
AcDbEntity
  8
Edge.Cuts
100
AcDbLine
 10
256.2743175226323
 20
-187.9170669128653
 30
0.0
 11
256.3310510732084
 21
-187.8863294272541
 31
0.0
  0
LINE
  5
6E5
330
1F
100
AcDbEntity
  8
Edge.Cuts
100
AcDbLine
 10
256.3310510732084
 20
-187.8863294272541
 30
0.0
 11
257.1016379782872
 21
-187.5593999871565
 31
0.0
  0
LINE
  5
6E6
330
1F
100
AcDbEntity
  8
Edge.Cuts
100
AcDbLine
 10
257.1016379782872
 20
-187.5593999871565
 30
0.0
 11
257.1632541882651
 21
-187.5400080835109
 31
0.0
  0
LINE
  5
6E7
330
1F
100
AcDbEntity
  8
Edge.Cuts
100
AcDbLine
 10
257.1632541882651
 20
-187.5400080835109
 30
0.0
 11
257.2205016231509
 21
-187.5097375220448
 31
0.0
  0
LINE
  5
6E8
330
1F
100
AcDbEntity
  8
Edge.Cuts
100
AcDbLine
 10
257.2205016231509
 20
-187.5097375220448
 30
0.0
 11
257.9367360606311
 21
-187.2150961177662
 31
0.0
  0
LINE
  5
6E9
330
1F
100
AcDbEntity
  8
Edge.Cuts
100
AcDbLine
 10
257.9367360606311
 20
-187.2150961177662
 30
0.0
 11
257.998971632768
 21
-187.1963194488007
 31
0.0
  0
LINE
  5
6EA
330
1F
100
AcDbEntity
  8
Edge.Cuts
100
AcDbLine
 10
257.998971632768
 20
-187.1963194488007
 30
0.0
 11
258.0568225469779
 21
-187.1664993899344
 31
0.0
  0
LINE
  5
6EB
330
1F
100
AcDbEntity
  8
Edge.Cuts
100
AcDbLine
 10
258.0568225469779
 20
-187.1664993899344
 30
0.0
 11
258.7547592334082
 21
-186.888721151463
 31
0.0
  0
LINE
  5
6EC
330
1F
100
AcDbEntity
  8
Edge.Cuts
100
AcDbLine
 10
258.7547592334082
 20
-186.888721151463
 30
0.0
 11
258.8166497617412
 21
-186.8708166022626
 31
0.0
  0
LINE
  5
6ED
330
1F
100
AcDbEntity
  8
Edge.Cuts
100
AcDbLine
 10
258.8166497617412
 20
-186.8708166022626
 30
0.0
 11
258.8744322914617
 21
-186.8419253373984
 31
0.0
  0
LINE
  5
6EE
330
1F
100
AcDbEntity
  8
Edge.Cuts
100
AcDbLine
 10
258.8744322914617
 20
-186.8419253373984
 30
0.0
 11
259.5192096953251
 21
-186.5942755251159
 31
0.0
  0
LINE
  5
6EF
330
1F
100
AcDbEntity
  8
Edge.Cuts
100
AcDbLine
 10
259.5192096953251
 20
-186.5942755251159
 30
0.0
 11
259.5806084424515
 21
-186.5772872007494
 31
0.0
  0
LINE
  5
6F0
330
1F
100
AcDbEntity
  8
Edge.Cuts
100
AcDbLine
 10
259.5806084424515
 20
-186.5772872007494
 30
0.0
 11
259.638089357232
 21
-186.5494781470704
 31
0.0
  0
LINE
  5
6F1
330
1F
100
AcDbEntity
  8
Edge.Cuts
100
AcDbLine
 10
259.638089357232
 20
-186.5494781470704
 30
0.0
 11
260.2644906826213
 21
-186.3179681552456
 31
0.0
  0
LINE
  5
6F2
330
1F
100
AcDbEntity
  8
Edge.Cuts
100
AcDbLine
 10
260.2644906826213
 20
-186.3179681552456
 30
0.0
 11
260.326247590332
 21
-186.3017633468141
 31
0.0
  0
LINE
  5
6F3
330
1F
100
AcDbEntity
  8
Edge.Cuts
100
AcDbLine
 10
260.326247590332
 20
-186.3017633468141
 30
0.0
 11
260.3840623843899
 21
-186.2746823430622
 31
0.0
  0
LINE
  5
6F4
330
1F
100
AcDbEntity
  8
Edge.Cuts
100
AcDbLine
 10
260.3840623843899
 20
-186.2746823430622
 30
0.0
 11
260.9572561361258
 21
-186.0715113032425
 31
0.0
  0
LINE
  5
6F5
330
1F
100
AcDbEntity
  8
Edge.Cuts
100
AcDbLine
 10
260.9572561361258
 20
-186.0715113032425
 30
0.0
 11
261.0182843223426
 21
-186.0563431326883
 31
0.0
  0
LINE
  5
6F6
330
1F
100
AcDbEntity
  8
Edge.Cuts
100
AcDbLine
 10
261.0182843223426
 20
-186.0563431326883
 30
0.0
 11
261.0757354024
 21
-186.0304546830312
 31
0.0
  0
LINE
  5
6F7
330
1F
100
AcDbEntity
  8
Edge.Cuts
100
AcDbLine
 10
261.0757354024
 20
-186.0304546830312
 30
0.0
 11
261.6303976010686
 21
-185.8426316059039
 31
0.0
  0
LINE
  5
6F8
330
1F
100
AcDbEntity
  8
Edge.Cuts
100
AcDbLine
 10
261.6303976010686
 20
-185.8426316059039
 30
0.0
 11
261.6917622677545
 21
-185.8283503743821
 31
0.0
  0
LINE
  5
6F9
330
1F
100
AcDbEntity
  8
Edge.Cuts
100
AcDbLine
 10
261.6917622677545
 20
-185.8283503743821
 30
0.0
 11
261.7496033204038
 21
-185.803255909907
 31
0.0
  0
LINE
  5
6FA
330
1F
100
AcDbEntity
  8
Edge.Cuts
100
AcDbLine
 10
261.7496033204038
 20
-185.803255909907
 30
0.0
 11
262.2526587425276
 21
-185.6412467705581
 31
0.0
  0
LINE
  5
6FB
330
1F
100
AcDbEntity
  8
Edge.Cuts
100
AcDbLine
 10
262.2526587425276
 20
-185.6412467705581
 30
0.0
 11
262.3132075631915
 21
-185.628079475654
 31
0.0
  0
LINE
  5
6FC
330
1F
100
AcDbEntity
  8
Edge.Cuts
100
AcDbLine
 10
262.3132075631915
 20
-185.6280794756539
 30
0.0
 11
262.3705648955939
 21
-185.6043022542221
 31
0.0
  0
LINE
  5
6FD
330
1F
100
AcDbEntity
  8
Edge.Cuts
100
AcDbLine
 10
262.3705648955939
 20
-185.6043022542221
 30
0.0
 11
262.855618982464
 21
-185.4565272212498
 31
0.0
  0
LINE
  5
6FE
330
1F
100
AcDbEntity
  8
Edge.Cuts
100
AcDbLine
 10
262.855618982464
 20
-185.4565272212498
 30
0.0
 11
262.9158701897256
 21
-185.4444379822507
 31
0.0
  0
LINE
  5
6FF
330
1F
100
AcDbEntity
  8
Edge.Cuts
100
AcDbLine
 10
262.9158701897256
 20
-185.4444379822507
 30
0.0
 11
262.9731604297532
 21
-185.4217928535909
 31
0.0
  0
LINE
  5
700
330
1F
100
AcDbEntity
  8
Edge.Cuts
100
AcDbLine
 10
262.9731604297532
 20
-185.4217928535909
 30
0.0
 11
263.4094832291655
 21
-185.2968413247256
 31
0.0
  0
LINE
  5
701
330
1F
100
AcDbEntity
  8
Edge.Cuts
100
AcDbLine
 10
263.4094832291655
 20
-185.2968413247256
 30
0.0
 11
263.4688237130146
 21
-185.2859384044983
 31
0.0
  0
LINE
  5
702
330
1F
100
AcDbEntity
  8
Edge.Cuts
100
AcDbLine
 10
263.4688237130146
 20
-185.2859384044983
 30
0.0
 11
263.525442788746
 21
-185.2647513299821
 31
0.0
  0
LINE
  5
703
330
1F
100
AcDbEntity
  8
Edge.Cuts
100
AcDbLine
 10
263.525442788746
 20
-185.2647513299821
 30
0.0
 11
263.9444941138702
 21
-185.1528094757066
 31
0.0
  0
LINE
  5
704
330
1F
100
AcDbEntity
  8
Edge.Cuts
100
AcDbLine
 10
264.0031513218196
 20
-185.143102413003
 30
0.0
 11
264.059262060659
 21
-185.1233181821247
 31
0.0
  0
LINE
  5
705
330
1F
100
AcDbEntity
  8
Edge.Cuts
100
AcDbLine
 10
264.059262060659
 20
-185.1233181821247
 30
0.0
 11
264.4315215221754
 21
-185.0314289255014
 31
0.0
  0
LINE
  5
706
330
1F
100
AcDbEntity
  8
Edge.Cuts
100
AcDbLine
 10
264.4315215221754
 20
-185.0314289255014
 30
0.0
 11
264.4902071518471
 21
-185.0229237617813
 31
0.0
  0
LINE
  5
707
330
1F
100
AcDbEntity
  8
Edge.Cuts
100
AcDbLine
 10
264.4902071518471
 20
-185.0229237617813
 30
0.0
 11
264.5465750699518
 21
-185.0042645755935
 31
0.0
  0
LINE
  5
708
330
1F
100
AcDbEntity
  8
Edge.Cuts
100
AcDbLine
 10
264.5465750699518
 20
-185.0042645755935
 30
0.0
 11
264.9010425664584
 21
-184.9243642757564
 31
0.0
  0
LINE
  5
709
330
1F
100
AcDbEntity
  8
Edge.Cuts
100
AcDbLine
 10
264.9010425664584
 20
-184.9243642757564
 30
0.0
 11
264.9611214597885
 21
-184.9168978236946
 31
0.0
  0
LINE
  5
70A
330
1F
100
AcDbEntity
  8
Edge.Cuts
100
AcDbLine
 10
264.9611214597885
 20
-184.9168978236946
 30
0.0
 11
265.0189758211931
 21
-184.8989311646552
 31
0.0
  0
LINE
  5
70B
330
1F
100
AcDbEntity
  8
Edge.Cuts
100
AcDbLine
 10
265.0189758211931
 20
-184.8989311646552
 30
0.0
 11
265.3107845718483
 21
-184.8388397343144
 31
0.0
  0
LINE
  5
70C
330
1F
100
AcDbEntity
  8
Edge.Cuts
100
AcDbLine
 10
265.3107845718483
 20
-184.8388397343144
 30
0.0
 11
266.9449550768415
 21
-184.420002251783
 31
0.0
  0
LINE
  5
70D
330
1F
100
AcDbEntity
  8
Edge.Cuts
100
AcDbLine
 10
266.9449550768415
 20
-184.420002251783
 30
0.0
 11
267.0015946381584
 21
-184.4112628141723
 31
0.0
  0
LINE
  5
70E
330
1F
100
AcDbEntity
  8
Edge.Cuts
100
AcDbLine
 10
267.0015946381584
 20
-184.4112628141723
 30
0.0
 11
267.055962231932
 21
-184.3928944779283
 31
0.0
  0
LINE
  5
70F
330
1F
100
AcDbEntity
  8
Edge.Cuts
100
AcDbLine
 10
267.055962231932
 20
-184.3928944779283
 30
0.0
 11
268.6105206327303
 21
-184.0319976233425
 31
0.0
  0
LINE
  5
710
330
1F
100
AcDbEntity
  8
Edge.Cuts
100
AcDbLine
 10
268.6105206327303
 20
-184.0319976233425
 30
0.0
 11
268.6669044886867
 21
-184.0245645972013
 31
0.0
  0
LINE
  5
711
330
1F
100
AcDbEntity
  8
Edge.Cuts
100
AcDbLine
 10
268.6669044886867
 20
-184.0245645972013
 30
0.0
 11
268.7212484000643
 21
-184.0076071604814
 31
0.0
  0
LINE
  5
712
330
1F
100
AcDbEntity
  8
Edge.Cuts
100
AcDbLine
 10
268.7212484000643
 20
-184.0076071604814
 30
0.0
 11
270.2960225226381
 21
-183.6793643986584
 31
0.0
  0
LINE
  5
713
330
1F
100
AcDbEntity
  8
Edge.Cuts
100
AcDbLine
 10
270.2960225226381
 20
-183.6793643986584
 30
0.0
 11
270.3532252666866
 21
-183.6731748032849
 31
0.0
  0
LINE
  5
714
330
1F
100
AcDbEntity
  8
Edge.Cuts
100
AcDbLine
 10
270.3532252666866
 20
-183.6731748032849
 30
0.0
 11
270.4084971464044
 21
-183.6572375128148
 31
0.0
  0
LINE
  5
715
330
1F
100
AcDbEntity
  8
Edge.Cuts
100
AcDbLine
 10
270.4084971464044
 20
-183.6572375128148
 30
0.0
 11
271.9986840390824
 21
-183.3629439577132
 31
0.0
  0
LINE
  5
716
330
1F
100
AcDbEntity
  8
Edge.Cuts
100
AcDbLine
 10
271.9986840390824
 20
-183.3629439577132
 30
0.0
 11
272.0560120073895
 21
-183.3580476187836
 31
0.0
  0
LINE
  5
717
330
1F
100
AcDbEntity
  8
Edge.Cuts
100
AcDbLine
 10
272.0560120073895
 20
-183.3580476187837
 30
0.0
 11
272.1117351169965
 21
-183.3433295984334
 31
0.0
  0
LINE
  5
718
330
1F
100
AcDbEntity
  8
Edge.Cuts
100
AcDbLine
 10
272.1117351169965
 20
-183.3433295984334
 30
0.0
 11
273.7135167687403
 21
-183.0838979752449
 31
0.0
  0
LINE
  5
719
330
1F
100
AcDbEntity
  8
Edge.Cuts
100
AcDbLine
 10
273.7135167687403
 20
-183.0838979752449
 30
0.0
 11
273.770916720408
 21
-183.0802849141544
 31
0.0
  0
LINE
  5
71A
330
1F
100
AcDbEntity
  8
Edge.Cuts
100
AcDbLine
 10
273.770916720408
 20
-183.0802849141544
 30
0.0
 11
273.8269053638672
 21
-183.0668339839582
 31
0.0
  0
LINE
  5
71B
330
1F
100
AcDbEntity
  8
Edge.Cuts
100
AcDbLine
 10
273.8269053638672
 20
-183.0668339839582
 30
0.0
 11
275.4352287066613
 21
-182.8432047886075
 31
0.0
  0
LINE
  5
71C
330
1F
100
AcDbEntity
  8
Edge.Cuts
100
AcDbLine
 10
275.4352287066613
 20
-182.8432047886075
 30
0.0
 11
275.4926518496541
 21
-182.8408805185333
 31
0.0
  0
LINE
  5
71D
330
1F
100
AcDbEntity
  8
Edge.Cuts
100
AcDbLine
 10
275.4926518496541
 20
-182.8408805185333
 30
0.0
 11
275.5489006388364
 21
-182.8286966652821
 31
0.0
  0
LINE
  5
71E
330
1F
100
AcDbEntity
  8
Edge.Cuts
100
AcDbLine
 10
275.5489006388364
 20
-182.8286966652821
 30
0.0
 11
277.158116002998
 21
-182.6416688163687
 31
0.0
  0
LINE
  5
71F
330
1F
100
AcDbEntity
  8
Edge.Cuts
100
AcDbLine
 10
277.158116002998
 20
-182.6416688163687
 30
0.0
 11
277.215807972004
 21
-182.6406507227987
 31
0.0
  0
LINE
  5
720
330
1F
100
AcDbEntity
  8
Edge.Cuts
100
AcDbLine
 10
277.215807972004
 20
-182.6406507227987
 30
0.0
 11
277.27249547544
 21
-182.629681145811
 31
0.0
  0
LINE
  5
721
330
1F
100
AcDbEntity
  8
Edge.Cuts
100
AcDbLine
 10
277.27249547544
 20
-182.629681145811
 30
0.0
 11
278.8770511917875
 21
-182.479794704888
 31
0.0
  0
LINE
  5
722
330
1F
100
AcDbEntity
  8
Edge.Cuts
100
AcDbLine
 10
278.8770511917875
 20
-182.479794704888
 30
0.0
 11
278.9343384292554
 21
-182.4800624022611
 31
0.0
  0
LINE
  5
723
330
1F
100
AcDbEntity
  8
Edge.Cuts
100
AcDbLine
 10
278.9343384292554
 20
-182.4800624022611
 30
0.0
 11
278.9909589829614
 21
-182.4704577294495
 31
0.0
  0
LINE
  5
724
330
1F
100
AcDbEntity
  8
Edge.Cuts
100
AcDbLine
 10
278.9909589829614
 20
-182.4704577294495
 30
0.0
 11
280.5860947429115
 21
-182.3579635833977
 31
0.0
  0
LINE
  5
725
330
1F
100
AcDbEntity
  8
Edge.Cuts
100
AcDbLine
 10
280.5860947429115
 20
-182.3579635833977
 30
0.0
 11
280.6464952493323
 21
-182.3595530704079
 31
0.0
  0
LINE
  5
726
330
1F
100
AcDbEntity
  8
Edge.Cuts
100
AcDbLine
 10
280.6464952493323
 20
-182.3595530704079
 30
0.0
 11
280.7063748158191
 21
-182.3505199165202
 31
0.0
  0
LINE
  5
727
330
1F
100
AcDbEntity
  8
Edge.Cuts
100
AcDbLine
 10
280.7063748158191
 20
-182.3505199165202
 30
0.0
 11
281.4264434156166
 21
-182.3121868660474
 31
0.0
  0
LINE
  5
728
330
1F
100
AcDbEntity
  8
Edge.Cuts
100
AcDbLine
 10
281.4264434156166
 20
-182.3121868660474
 30
0.0
 11
281.4909919968921
 21
-182.3149997629404
 31
0.0
  0
LINE
  5
729
330
1F
100
AcDbEntity
  8
Edge.Cuts
100
AcDbLine
 10
281.4909919968921
 20
-182.3149997629404
 30
0.0
 11
281.5550043618389
 21
-182.3060885288422
 31
0.0
  0
LINE
  5
72A
330
1F
100
AcDbEntity
  8
Edge.Cuts
100
AcDbLine
 10
281.5550043618389
 20
-182.3060885288422
 30
0.0
 11
282.268505710735
 21
-182.2763792361768
 31
0.0
  0
LINE
  5
72B
330
1F
100
AcDbEntity
  8
Edge.Cuts
100
AcDbLine
 10
282.268505710735
 20
-182.2763792361768
 30
0.0
 11
282.3326068258885
 21
-182.2799699625464
 31
0.0
  0
LINE
  5
72C
330
1F
100
AcDbEntity
  8
Edge.Cuts
100
AcDbLine
 10
282.3326068258885
 20
-182.2799699625464
 30
0.0
 11
282.3964435198043
 21
-182.2718742487617
 31
0.0
  0
LINE
  5
72D
330
1F
100
AcDbEntity
  8
Edge.Cuts
100
AcDbLine
 10
282.3964435198043
 20
-182.2718742487617
 30
0.0
 11
283.2777394309799
 21
-182.2465169111462
 31
0.0
  0
LINE
  5
72E
330
1F
100
AcDbEntity
  8
Edge.Cuts
100
AcDbLine
 10
283.2777394309799
 20
-182.2465169111462
 30
0.0
 11
283.3311464800569
 21
-182.250200155911
 31
0.0
  0
LINE
  5
72F
330
1F
100
AcDbEntity
  8
Edge.Cuts
100
AcDbLine
 10
283.3311464800569
 20
-182.250200155911
 30
0.0
 11
283.3845078812826
 21
-182.2449305256843
 31
0.0
  0
LINE
  5
730
330
1F
100
AcDbEntity
  8
Edge.Cuts
100
AcDbLine
 10
283.3845078812826
 20
-182.2449305256843
 30
0.0
 11
294.0300255782271
 21
-182.235064430494
 31
0.0
  0
LINE
  5
731
330
1F
100
AcDbEntity
  8
Edge.Cuts
100
AcDbLine
 10
294.0300255782271
 20
-182.235064430494
 30
0.0
 11
294.0527426709922
 21
-182.2372075524519
 31
0.0
  0
LINE
  5
732
330
1F
100
AcDbEntity
  8
Edge.Cuts
100
AcDbLine
 10
297.6238902775653
 20
-180.605612933497
 30
0.0
 11
312.4197186719637
 21
-162.9715910357625
 31
0.0
  0
LINE
  5
733
330
1F
100
AcDbEntity
  8
Edge.Cuts
100
AcDbLine
 10
313.7795022138919
 20
-162.337498999655
 30
0.0
 11
366.6872389997847
 21
-162.337498999655
 31
0.0
  0
LINE
  5
734
330
1F
100
AcDbEntity
  8
Edge.Cuts
100
AcDbLine
 10
371.3122379997848
 20
-157.712499999655
 30
0.0
 11
371.3122379997848
 21
-104.292499999655
 31
0.0
  0
LINE
  5
735
330
1F
100
AcDbEntity
  8
Edge.Cuts
100
AcDbLine
 10
366.687235385754
 20
-99.66750157364525
 30
0.0
 11
351.8834949660537
 21
-99.66750157364525
 31
0.0
  0
LINE
  5
736
330
1F
100
AcDbEntity
  8
Edge.Cuts
100
AcDbLine
 10
351.8834949660537
 20
-99.66750157364525
 30
0.0
 11
349.1054992920982
 21
-99.6821226086387
 31
0.0
  0
LINE
  5
737
330
1F
100
AcDbEntity
  8
Edge.Cuts
100
AcDbLine
 10
349.1054992920982
 20
-99.6821226086387
 30
0.0
 11
349.033283081994
 21
-99.67519277029419
 31
0.0
  0
LINE
  5
738
330
1F
100
AcDbEntity
  8
Edge.Cuts
100
AcDbLine
 10
349.033283081994
 20
-99.67519277029419
 30
0.0
 11
348.9612913690061
 21
-99.6825015736452
 31
0.0
  0
LINE
  5
739
330
1F
100
AcDbEntity
  8
Edge.Cuts
100
AcDbLine
 10
348.9612913690061
 20
-99.6825015736452
 30
0.0
 11
334.644713656237
 21
-99.6825015736452
 31
0.0
  0
LINE
  5
73A
330
1F
100
AcDbEntity
  8
Edge.Cuts
100
AcDbLine
 10
333.1318718715136
 20
-98.82478779890211
 30
0.0
 11
332.1443578717309
 21
-97.17459944362464
 31
0.0
  0
LINE
  5
73B
330
1F
100
AcDbEntity
  8
Edge.Cuts
100
AcDbLine
 10
263.9444941138702
 20
-185.1528094757066
 30
0.0
 11
264.0031513218196
 21
-185.143102413003
 31
0.0
  0
LINE
  5
73C
330
1F
100
AcDbEntity
  8
Edge.Cuts
100
AcDbLine
 10
328.167691902683
 20
-94.92000857364519
 30
0.0
 11
315.1833224649199
 21
-94.92000857364519
 31
0.0
  0
LINE
  5
73D
330
1F
100
AcDbEntity
  8
Edge.Cuts
100
AcDbLine
 10
313.8684850432303
 20
-94.3517554282191
 30
0.0
 11
311.1290780362709
 21
-91.44003081273047
 31
0.0
  0
LINE
  5
73E
330
1F
100
AcDbEntity
  8
Edge.Cuts
100
AcDbLine
 10
307.7273648779858
 20
-89.99502415871383
 30
0.0
 11
296.0437907844491
 21
-90.1410687472735
 31
0.0
  0
LINE
  5
73F
330
1F
100
AcDbEntity
  8
Edge.Cuts
100
AcDbLine
 10
292.7920927944222
 20
-91.53495030577203
 30
0.0
 11
290.0129302167686
 21
-94.38134990655752
 31
0.0
  0
LINE
  5
740
330
1F
100
AcDbEntity
  8
Edge.Cuts
100
AcDbLine
 10
288.7341573330696
 20
-94.92001065097456
 30
0.0
 11
275.7068012348666
 21
-94.92001065097456
 31
0.0
  0
LINE
  5
741
330
1F
100
AcDbEntity
  8
Edge.Cuts
100
AcDbLine
 10
271.7301310322069
 20
-97.17460779261798
 30
0.0
 11
270.7426986632414
 21
-98.82466408358539
 31
0.0
  0
LINE
  5
742
330
1F
100
AcDbEntity
  8
Edge.Cuts
100
AcDbLine
 10
224.9450119999999
 20
-104.3100099996952
 30
0.0
 11
224.9450119999999
 21
-123.0875
 31
0.0
  0
LINE
  5
743
330
1F
100
AcDbEntity
  8
Edge.Cuts
100
AcDbLine
 10
224.9450119999998
 20
-123.0875
 30
0.0
 11
224.9450000000001
 21
-168.2374990697674
 31
0.0
  0
LINE
  5
744
330
1F
100
AcDbEntity
  8
Edge.Cuts
100
AcDbLine
 10
224.945
 20
-168.2374990697674
 30
0.0
 11
224.945
 21
-175.7253607985057
 31
0.0
  0
LINE
  5
745
330
1F
100
AcDbEntity
  8
Edge.Cuts
100
AcDbLine
 10
225.7757718881667
 20
-178.837696445146
 30
0.0
 11
234.3166740764827
 21
-194.2458907637176
 31
0.0
  0
LINE
  5
746
330
1F
100
AcDbEntity
  8
Edge.Cuts
100
AcDbLine
 10
243.3285662941879
 20
-196.8252328455152
 30
0.0
 11
250.0999059794827
 21
-193.0440832465389
 31
0.0
  0
LINE
  5
747
330
1F
100
AcDbEntity
  8
Edge.Cuts
100
AcDbLine
 10
283.4839463896578
 20
-184.2448392265907
 30
0.0
 11
293.9368196825274
 21
-184.2351516711466
 31
0.0
  0
LINE
  5
748
330
1F
100
AcDbEntity
  8
Edge.Cuts
100
AcDbLine
 10
293.9368196825274
 20
-184.2351516711466
 30
0.0
 11
293.9697284689811
 21
-184.2382562736406
 31
0.0
  0
LINE
  5
749
330
1F
100
AcDbEntity
  8
Edge.Cuts
100
AcDbLine
 10
373.3122379997831
 20
-157.7124999996489
 30
0.0
 11
373.3122379997831
 21
-104.2924999996489
 31
0.0
  0
LINE
  5
74A
330
1F
100
AcDbEntity
  8
Edge.Cuts
100
AcDbLine
 10
366.6872344211952
 20
-97.66750127763783
 30
0.0
 11
351.8782320086905
 21
-97.66750127763783
 31
0.0
  0
LINE
  5
74B
330
1F
100
AcDbEntity
  8
Edge.Cuts
100
AcDbLine
 10
351.8782320086905
 20
-97.66750127763783
 30
0.0
 11
349.195987436019
 21
-97.68161835928977
 31
0.0
  0
LINE
  5
74C
330
1F
100
AcDbEntity
  8
Edge.Cuts
100
AcDbLine
 10
349.195987436019
 20
-97.68161835928977
 30
0.0
 11
349.0277469457762
 21
-97.6654740698193
 31
0.0
  0
LINE
  5
74D
330
1F
100
AcDbEntity
  8
Edge.Cuts
100
AcDbLine
 10
349.0277469457762
 20
-97.6654740698193
 30
0.0
 11
348.8600289488047
 21
-97.68250127763828
 31
0.0
  0
LINE
  5
74E
330
1F
100
AcDbEntity
  8
Edge.Cuts
100
AcDbLine
 10
307.7186236196947
 20
-87.9949768867334
 30
0.0
 11
296.0187929181718
 21
-88.141224682771
 31
0.0
  0
LINE
  5
74F
330
1F
100
AcDbEntity
  8
Edge.Cuts
100
AcDbLine
 10
254.4450119999788
 20
-123.0875797967377
 30
0.0
 11
228.4450119999787
 21
-123.0875797967377
 31
0.0
  0
LINE
  5
750
330
1F
100
AcDbEntity
  8
Edge.Cuts
100
AcDbLine
 10
254.4449787363563
 20
-168.2042477967377
 30
0.0
 11
228.445
 21
-168.2375
 31
0.0
  0
LINE
  5
751
330
1F
100
AcDbEntity
  8
Edge.Cuts
100
AcDbLine
 10
126.86947241639
 20
-165.3805856070626
 30
0.0
 11
140.8252457770081
 21
-182.0134098383932
 31
0.0
  0
LINE
  5
752
330
1F
100
AcDbEntity
  8
Edge.Cuts
100
AcDbLine
 10
73.38724099999999
 20
-164.487499
 30
0.0
 11
124.9543146297838
 21
-164.487499
 31
0.0
  0
LINE
  5
753
330
1F
100
AcDbEntity
  8
Edge.Cuts
100
AcDbLine
 10
208.489227070779
 20
-97.53249609171755
 30
0.0
 11
172.4814886341424
 21
-97.53249609171755
 31
0.0
  0
LINE
  5
754
330
1F
100
AcDbEntity
  8
Edge.Cuts
100
AcDbLine
 10
170.3362660184994
 20
-96.31624837675308
 30
0.0
 11
170.1922861489379
 21
-96.07564987813211
 31
0.0
  0
LINE
  5
755
330
1F
100
AcDbEntity
  8
Edge.Cuts
100
AcDbLine
 10
164.3617576689319
 20
-92.76999809171754
 30
0.0
 11
152.5462182141637
 21
-92.76999809171754
 31
0.0
  0
LINE
  5
756
330
1F
100
AcDbEntity
  8
Edge.Cuts
100
AcDbLine
 10
150.7574505746481
 20
-92.01651185685708
 30
0.0
 11
148.8209460771683
 21
-90.03315698842789
 31
0.0
  0
LINE
  5
757
330
1F
100
AcDbEntity
  8
Edge.Cuts
100
AcDbLine
 10
127.3907907588951
 20
-89.95478579944952
 30
0.0
 11
125.4825415592083
 21
-91.98306999122445
 31
0.0
  0
LINE
  5
758
330
1F
100
AcDbEntity
  8
Edge.Cuts
100
AcDbLine
 10
123.6617171625195
 20
-92.77000300000007
 30
0.0
 11
111.912716914748
 21
-92.77000300000007
 31
0.0
  0
LINE
  5
759
330
1F
100
AcDbEntity
  8
Edge.Cuts
100
AcDbLine
 10
106.0821895629835
 20
-96.07565287761415
 30
0.0
 11
105.8567754852731
 21
-96.45233162328587
 31
0.0
  0
LINE
  5
75A
330
1F
100
AcDbEntity
  8
Edge.Cuts
100
AcDbLine
 10
103.7990865289826
 20
-97.532502
 30
0.0
 11
91.04665546577472
 21
-97.532502
 31
0.0
  0
LINE
  5
75B
330
1F
100
AcDbEntity
  8
Edge.Cuts
100
AcDbLine
 10
315.050217710835
 20
-164.3374989996489
 30
0.0
 11
366.6872389997847
 21
-164.3374989996489
 31
0.0
  0
LINE
  5
75C
330
1F
100
AcDbEntity
  8
Edge.Cuts
100
AcDbLine
 10
299.1345740897718
 20
-181.9166992329822
 30
0.0
 11
313.1350599242311
 21
-165.2305856067087
 31
0.0
  0
LINE
  5
75D
330
1F
100
AcDbEntity
  8
Edge.Cuts
100
AcDbLine
 10
348.8600289488047
 20
-97.68250127763828
 30
0.0
 11
336.1865114037577
 21
-97.68250127763828
 31
0.0
  0
LINE
  5
75E
330
1F
100
AcDbEntity
  8
Edge.Cuts
100
AcDbLine
 10
334.1545576533201
 20
-96.63892290480626
 30
0.0
 11
333.863535184832
 21
-96.15260889940602
 31
0.0
  0
LINE
  5
75F
330
1F
100
AcDbEntity
  8
Edge.Cuts
100
AcDbLine
 10
328.1618488275552
 20
-92.92000827763827
 30
0.0
 11
316.3479413919852
 21
-92.92000827763827
 31
0.0
  0
LINE
  5
760
330
1F
100
AcDbEntity
  8
Edge.Cuts
100
AcDbLine
 10
314.5271169583429
 20
-92.13307522958473
 30
0.0
 11
312.5745974391845
 21
-90.05773588361947
 31
0.0
  0
LINE
  5
761
330
1F
100
AcDbEntity
  8
Edge.Cuts
100
AcDbLine
 10
291.3606962744477
 20
-90.13813095913345
 30
0.0
 11
289.380217294527
 21
-92.16652419641218
 31
0.0
  0
LINE
  5
762
330
1F
100
AcDbEntity
  8
Edge.Cuts
100
AcDbLine
 10
287.5914496550113
 20
-92.92001043127267
 30
0.0
 11
275.7126441228031
 21
-92.92001043127267
 31
0.0
  0
LINE
  5
763
330
1F
100
AcDbEntity
  8
Edge.Cuts
100
AcDbLine
 10
270.0109530667632
 20
-96.15261907239939
 30
0.0
 11
269.8232622985592
 21
-96.46626114305177
 31
0.0
  0
LINE
  5
764
330
1F
100
AcDbEntity
  8
Edge.Cuts
100
AcDbLine
 10
267.678039339866
 20
-97.68250943127266
 30
0.0
 11
231.5777065690318
 21
-97.68250943127266
 31
0.0
  0
ARC
  5
765
330
1F
100
AcDbEntity
  8
Edge.Cuts
100
AcDbCircle
 10
126.1444101951101
 20
-164.4354276573429
 30
0.0
 40
3.451215628670396
100
AcDbArc
 50
42.49917273378757
 51
87.49917089117214
  0
ARC
  5
766
330
1F
100
AcDbEntity
  8
Edge.Cuts
100
AcDbCircle
 10
146.1322003228672
 20
-177.2718113164043
 30
0.0
 40
3.616637063637695
100
AcDbArc
 50
222.4974021863006
 51
267.4974070742621
  0
ARC
  5
767
330
1F
100
AcDbEntity
  8
Edge.Cuts
100
AcDbCircle
 10
73.38724099999996
 20
-157.712499
 30
0.0
 40
3.274999999999972
100
AcDbArc
 50
179.9999999999995
 51
270.0000000000005
  0
ARC
  5
768
330
1F
100
AcDbEntity
  8
Edge.Cuts
100
AcDbCircle
 10
208.4011254619072
 20
-175.6055634256877
 30
0.0
 40
3.375193484161122
100
AcDbArc
 50
331.3965402953694
 51
358.3965417261329
  0
ARC
  5
769
330
1F
100
AcDbEntity
  8
Edge.Cuts
100
AcDbCircle
 10
231.6930286405572
 20
-175.5911641729548
 30
0.0
 40
3.249362878678954
100
AcDbArc
 50
181.6419882962652
 51
208.6419882962653
  0
ARC
  5
76A
330
1F
100
AcDbEntity
  8
Edge.Cuts
100
AcDbCircle
 10
199.9635358145281
 20
-191.0342694999993
 30
0.0
 40
3.274809173663471
100
AcDbArc
 50
241.0029903956184
 51
331.0029903956184
  0
ARC
  5
76B
330
1F
100
AcDbEntity
  8
Edge.Cuts
100
AcDbCircle
 10
240.111028523978
 20
-191.034027416379
 30
0.0
 40
3.124998839636507
100
AcDbArc
 50
209.0000017379707
 51
298.9999994823739
  0
ARC
  5
76C
330
1F
100
AcDbEntity
  8
Edge.Cuts
100
AcDbCircle
 10
293.9494091879681
 20
-177.2870703424989
 30
0.0
 40
3.451215629123354
100
AcDbArc
 50
272.5008292208224
 51
317.5008292208224
  0
ARC
  5
76D
330
1F
100
AcDbEntity
  8
Edge.Cuts
100
AcDbCircle
 10
313.7795285023043
 20
-164.1126005272809
 30
0.0
 40
3.275101527640061
100
AcDbArc
 50
90.00084851639315
 51
140.0008485163931
  0
ARC
  5
76E
330
1F
100
AcDbEntity
  8
Edge.Cuts
100
AcDbCircle
 10
366.6872389999788
 20
-157.7125
 30
0.0
 40
3.124999000000073
100
AcDbArc
 50
270.0
 51
0.0
  0
ARC
  5
76F
330
1F
100
AcDbEntity
  8
Edge.Cuts
100
AcDbCircle
 10
366.6872379999789
 20
-104.2925814468493
 30
0.0
 40
3.125000000000629
100
AcDbArc
 50
0.0000366692998868
 51
90.0000366692999
  0
ARC
  5
770
330
1F
100
AcDbEntity
  8
Edge.Cuts
100
AcDbCircle
 10
334.6261978213459
 20
-97.95220206600662
 30
0.0
 40
3.230478788440015
100
AcDbArc
 50
210.4486931428725
 51
270.4486931428735
  0
ARC
  5
771
330
1F
100
AcDbEntity
  8
Edge.Cuts
100
AcDbCircle
 10
328.1971258465545
 20
-99.50250596954464
 30
0.0
 40
3.082511704387847
100
AcDbArc
 50
30.44871938689051
 51
90.44871938689096
  0
ARC
  5
772
330
1F
100
AcDbEntity
  8
Edge.Cuts
100
AcDbCircle
 10
315.221981152782
 20
-93.02536134081598
 30
0.0
 40
3.395121803533411
100
AcDbArc
 50
224.1267195021663
 51
269.1267195021665
  0
ARC
  5
773
330
1F
100
AcDbEntity
  8
Edge.Cuts
100
AcDbCircle
 10
307.7019553421175
 20
-94.78143751347467
 30
0.0
 40
3.286400576230355
100
AcDbArc
 50
44.48480084687242
 51
89.48480084687216
  0
ARC
  5
774
330
1F
100
AcDbEntity
  8
Edge.Cuts
100
AcDbCircle
 10
288.7194535236865
 20
-93.09796037587827
 30
0.0
 40
3.322189743786626
100
AcDbArc
 50
270.3424028303583
 51
315.3424028302788
  0
ARC
  5
775
330
1F
100
AcDbEntity
  8
Edge.Cuts
100
AcDbCircle
 10
296.100716937532
 20
-94.76372997721967
 30
0.0
 40
3.122931552452086
100
AcDbArc
 50
90.70046017503373
 51
135.7004601750348
  0
ARC
  5
776
330
1F
100
AcDbEntity
  8
Edge.Cuts
100
AcDbCircle
 10
275.67736948353
 20
-99.50251393364614
 30
0.0
 40
3.08251765005889
100
AcDbArc
 50
89.55132479080723
 51
149.5513247908073
  0
ARC
  5
777
330
1F
100
AcDbEntity
  8
Edge.Cuts
100
AcDbCircle
 10
231.5751089999787
 20
-104.3126867967377
 30
0.0
 40
3.130098077348054
100
AcDbArc
 50
89.95246246194539
 51
179.9524624619454
  0
ARC
  5
778
330
1F
100
AcDbEntity
  8
Edge.Cuts
100
AcDbCircle
 10
269.2468083029673
 20
-97.94964323850641
 30
0.0
 40
3.233057607008176
100
AcDbArc
 50
269.5251143552146
 51
329.5251143552143
  0
ARC
  5
779
330
1F
100
AcDbEntity
  8
Edge.Cuts
100
AcDbCircle
 10
208.4949893145281
 20
-104.3124959999993
 30
0.0
 40
3.280003810973401
100
AcDbArc
 50
0.0873410596532733
 51
90.08734105965327
  0
ARC
  5
77A
330
1F
100
AcDbEntity
  8
Edge.Cuts
100
AcDbCircle
 10
170.8273497980795
 20
-97.9500728630908
 30
0.0
 40
3.082517650058956
100
AcDbArc
 50
210.4486752091927
 51
270.4486752091928
  0
ARC
  5
77B
330
1F
100
AcDbEntity
  8
Edge.Cuts
100
AcDbCircle
 10
164.398273493161
 20
-99.5003777307304
 30
0.0
 40
3.230478788440029
100
AcDbArc
 50
30.44869314287297
 51
90.44869314287295
  0
ARC
  5
77C
330
1F
100
AcDbEntity
  8
Edge.Cuts
100
AcDbCircle
 10
151.3541166775766
 20
-93.10003331915513
 30
0.0
 40
3.170021263995643
100
AcDbArc
 50
224.6576654321378
 51
269.6576654321462
  0
ARC
  5
77D
330
1F
100
AcDbEntity
  8
Edge.Cuts
100
AcDbCircle
 10
143.9738093575718
 20
-94.76354591898529
 30
0.0
 40
3.272836498342698
100
AcDbArc
 50
44.29953235489722
 51
89.29953235489722
  0
ARC
  5
77E
330
1F
100
AcDbEntity
  8
Edge.Cuts
100
AcDbCircle
 10
132.3758279479952
 20
-94.78910537200976
 30
0.0
 40
3.444151604505075
100
AcDbArc
 50
90.51519099889323
 51
135.5151909988932
  0
ARC
  5
77F
330
1F
100
AcDbEntity
  8
Edge.Cuts
100
AcDbCircle
 10
124.8548744156048
 20
-93.03075875303675
 30
0.0
 40
3.239620529032483
100
AcDbArc
 50
270.8732759995775
 51
315.8732759995775
  0
ARC
  5
780
330
1F
100
AcDbEntity
  8
Edge.Cuts
100
AcDbCircle
 10
111.876201140018
 20
-99.50038273073129
 30
0.0
 40
3.230478788440072
100
AcDbArc
 50
89.5513068571263
 51
149.5513068571263
  0
ARC
  5
781
330
1F
100
AcDbEntity
  8
Edge.Cuts
100
AcDbCircle
 10
105.4471218339934
 20
-97.95007886110416
 30
0.0
 40
3.082517652037605
100
AcDbArc
 50
269.5513248116548
 51
329.5513248116549
  0
ARC
  5
782
330
1F
100
AcDbEntity
  8
Edge.Cuts
100
AcDbCircle
 10
73.387241
 20
-104.2925020000006
 30
0.0
 40
3.275000000000625
100
AcDbArc
 50
90.00000000000024
 51
179.9999650102001
  0
ARC
  5
783
330
1F
100
AcDbEntity
  8
Edge.Cuts
100
AcDbCircle
 10
89.26999299999999
 20
-106.992498
 30
0.0
 40
0.7500000000000007
100
AcDbArc
 50
0.0
 51
90.0
  0
ARC
  5
784
330
1F
100
AcDbEntity
  8
Edge.Cuts
100
AcDbCircle
 10
89.26999299999999
 20
-109.0125
 30
0.0
 40
0.7500000000000007
100
AcDbArc
 50
270.0
 51
0.0
  0
ARC
  5
785
330
1F
100
AcDbEntity
  8
Edge.Cuts
100
AcDbCircle
 10
72.53
 20
-109.0125
 30
0.0
 40
0.7500000000000007
100
AcDbArc
 50
180.0
 51
270.0
  0
ARC
  5
786
330
1F
100
AcDbEntity
  8
Edge.Cuts
100
AcDbCircle
 10
72.53
 20
-106.992498
 30
0.0
 40
0.7500000000000007
100
AcDbArc
 50
90.0
 51
180.0
  0
ARC
  5
787
330
1F
100
AcDbEntity
  8
Edge.Cuts
100
AcDbCircle
 10
350.85
 20
-109.012501
 30
0.0
 40
0.7500000000000284
100
AcDbArc
 50
180.0
 51
270.0
  0
ARC
  5
788
330
1F
100
AcDbEntity
  8
Edge.Cuts
100
AcDbCircle
 10
350.85
 20
-106.992506
 30
0.0
 40
0.7500000000000284
100
AcDbArc
 50
90.0
 51
180.0
  0
ARC
  5
789
330
1F
100
AcDbEntity
  8
Edge.Cuts
100
AcDbCircle
 10
367.569985
 20
-106.992506
 30
0.0
 40
0.7499999999999174
100
AcDbArc
 50
359.9999999999968
 51
90.00000000000847
  0
ARC
  5
78A
330
1F
100
AcDbEntity
  8
Edge.Cuts
100
AcDbCircle
 10
367.569985
 20
-109.012501
 30
0.0
 40
0.7499999999999035
100
AcDbArc
 50
270.0
 51
0.0000000000074298
  0
ARC
  5
78B
330
1F
100
AcDbEntity
  8
Edge.Cuts
100
AcDbCircle
 10
73.38724099999995
 20
-157.712499
 30
0.0
 40
3.774999999999945
100
AcDbArc
 50
179.9999999999996
 51
270.0000000000006
  0
ARC
  5
78C
330
1F
100
AcDbEntity
  8
Edge.Cuts
100
AcDbCircle
 10
170.8273498099645
 20
-97.95007283298108
 30
0.0
 40
2.582517650059034
100
AcDbArc
 50
210.4071656317867
 51
270.4901888468021
  0
ARC
  5
78D
330
1F
100
AcDbEntity
  8
Edge.Cuts
100
AcDbCircle
 10
164.3982735050461
 20
-99.50037770062082
 30
0.0
 40
3.730478788440007
100
AcDbArc
 50
30.47983848357681
 51
90.41754226532188
  0
ARC
  5
78E
330
1F
100
AcDbEntity
  8
Edge.Cuts
100
AcDbCircle
 10
151.3541166894616
 20
-93.10003328904546
 30
0.0
 40
2.670021263995701
100
AcDbArc
 50
224.6883534180241
 51
269.6269864539273
  0
ARC
  5
78F
330
1F
100
AcDbEntity
  8
Edge.Cuts
100
AcDbCircle
 10
143.973809357806
 20
-94.7635459002458
 30
0.0
 40
3.772836498342703
100
AcDbArc
 50
44.3016127522132
 51
89.29953235489725
  0
ARC
  5
790
330
1F
100
AcDbEntity
  8
Edge.Cuts
100
AcDbCircle
 10
132.3758279479952
 20
-94.78910537200974
 30
0.0
 40
3.944151604505061
100
AcDbArc
 50
90.4344953519229
 51
135.5958877606477
  0
ARC
  5
791
330
1F
100
AcDbEntity
  8
Edge.Cuts
100
AcDbCircle
 10
124.8548744156048
 20
-93.03075875303671
 30
0.0
 40
2.739620529032508
100
AcDbArc
 50
270.9496294115957
 51
315.796922414184
  0
ARC
  5
792
330
1F
100
AcDbEntity
  8
Edge.Cuts
100
AcDbCircle
 10
111.876201140018
 20
-99.50038273073129
 30
0.0
 40
3.730478788440079
100
AcDbArc
 50
89.58245773457435
 51
149.5201572505388
  0
ARC
  5
793
330
1F
100
AcDbEntity
  8
Edge.Cuts
100
AcDbCircle
 10
105.4471218339934
 20
-97.95007886110417
 30
0.0
 40
2.582517652037607
100
AcDbArc
 50
269.5098111759174
 51
329.5928400762209
  0
ARC
  5
794
330
1F
100
AcDbEntity
  8
Edge.Cuts
100
AcDbCircle
 10
73.38724100000003
 20
-104.2925020000007
 30
0.0
 40
3.775000000000653
100
AcDbArc
 50
90.00000000000064
 51
179.9999650101996
  0
ARC
  5
795
330
1F
100
AcDbEntity
  8
Edge.Cuts
100
AcDbCircle
 10
126.1444101951102
 20
-164.4354276573428
 30
0.0
 40
2.951215628670256
100
AcDbArc
 50
42.70277233729149
 51
87.29557193651225
  0
ARC
  5
796
330
1F
100
AcDbEntity
  8
Edge.Cuts
100
AcDbCircle
 10
146.1322003228671
 20
-177.2718113164043
 30
0.0
 40
4.116637063637639
100
AcDbArc
 50
222.3407019526437
 51
267.6446992150904
  0
ARC
  5
797
330
1F
100
AcDbEntity
  8
Edge.Cuts
100
AcDbCircle
 10
208.4949898938544
 20
-104.3124953880843
 30
0.0
 40
3.780003810973451
100
AcDbArc
 50
0.0873317894854735
 51
90.08734966070988
  0
ARC
  5
798
330
1F
100
AcDbEntity
  8
Edge.Cuts
100
AcDbCircle
 10
208.4011254613108
 20
-175.6055634253574
 30
0.0
 40
3.875193484161124
100
AcDbArc
 50
331.3700749755732
 51
358.5035632982969
  0
ARC
  5
799
330
1F
100
AcDbEntity
  8
Edge.Cuts
100
AcDbCircle
 10
199.9635358145281
 20
-191.0342694999993
 30
0.0
 40
3.774809173663436
100
AcDbArc
 50
241.3982676453356
 51
331.0029903956184
  0
ARC
  5
79A
330
1F
100
AcDbEntity
  8
Edge.Cuts
100
AcDbCircle
 10
208.4011254622536
 20
-175.60556342588
 30
0.0
 40
4.875193484161159
100
AcDbArc
 50
331.329943884948
 51
358.6658447797378
  0
ARC
  5
79B
330
1F
100
AcDbEntity
  8
Edge.Cuts
100
AcDbCircle
 10
199.9635358145281
 20
-191.0342694999993
 30
0.0
 40
4.774809173663443
100
AcDbArc
 50
241.9933024082256
 51
331.0023637457402
  0
ARC
  5
79C
330
1F
100
AcDbEntity
  8
Edge.Cuts
100
AcDbCircle
 10
146.1322003228671
 20
-177.2718113164043
 30
0.0
 40
5.116637063637628
100
AcDbArc
 50
222.0993445100007
 51
267.8715667752463
  0
ARC
  5
79D
330
1F
100
AcDbEntity
  8
Edge.Cuts
100
AcDbCircle
 10
126.1444101951102
 20
-164.4354276573428
 30
0.0
 40
1.951215628670256
100
AcDbArc
 50
43.32451241574506
 51
86.67383383966083
  0
ARC
  5
79E
330
1F
100
AcDbEntity
  8
Edge.Cuts
100
AcDbCircle
 10
73.38724099999995
 20
-157.712499
 30
0.0
 40
4.774999999999946
100
AcDbArc
 50
179.9999999999997
 51
270.0000000000005
  0
ARC
  5
79F
330
1F
100
AcDbEntity
  8
Edge.Cuts
100
AcDbCircle
 10
73.38724100000003
 20
-104.2925020000007
 30
0.0
 40
4.77500000000064
100
AcDbArc
 50
90.00000000000065
 51
179.9999723379065
  0
ARC
  5
7A0
330
1F
100
AcDbEntity
  8
Edge.Cuts
100
AcDbCircle
 10
105.4471218339934
 20
-97.95007886110417
 30
0.0
 40
1.58251765203761
100
AcDbArc
 50
269.3738020950482
 51
329.7288544935296
  0
ARC
  5
7A1
330
1F
100
AcDbEntity
  8
Edge.Cuts
100
AcDbCircle
 10
111.876201140018
 20
-99.50038273073129
 30
0.0
 40
4.730478788440092
100
AcDbArc
 50
89.62920832244284
 51
149.4734085699395
  0
ARC
  5
7A2
330
1F
100
AcDbEntity
  8
Edge.Cuts
100
AcDbCircle
 10
208.4949889774863
 20
-104.3124963575136
 30
0.0
 40
4.780003810973446
100
AcDbArc
 50
0.0690745154921092
 51
90.06906494014879
  0
ARC
  5
7A3
330
1F
100
AcDbEntity
  8
Edge.Cuts
100
AcDbCircle
 10
124.8548744156048
 20
-93.03075875303671
 30
0.0
 40
1.739620529032513
100
AcDbArc
 50
271.1917220046136
 51
315.5548292713534
  0
ARC
  5
7A4
330
1F
100
AcDbEntity
  8
Edge.Cuts
100
AcDbCircle
 10
132.3758279479952
 20
-94.78910537200974
 30
0.0
 40
4.944151604505048
100
AcDbArc
 50
90.31156027124224
 51
135.7188245396304
  0
ARC
  5
7A5
330
1F
100
AcDbEntity
  8
Edge.Cuts
100
AcDbCircle
 10
143.9738093574421
 20
-94.76354592987242
 30
0.0
 40
4.772836498342707
100
AcDbArc
 50
44.30161275221322
 51
89.29624556106273
  0
ARC
  5
7A6
330
1F
100
AcDbEntity
  8
Edge.Cuts
100
AcDbCircle
 10
151.354116668889
 20
-93.10003333840348
 30
0.0
 40
1.670021263995707
100
AcDbArc
 50
224.7870205528734
 51
269.5283482801361
  0
ARC
  5
7A7
330
1F
100
AcDbEntity
  8
Edge.Cuts
100
AcDbCircle
 10
170.8273497893918
 20
-97.95007288233909
 30
0.0
 40
1.582517650059031
100
AcDbArc
 50
210.2711698470726
 51
270.6261979340803
  0
ARC
  5
7A8
330
1F
100
AcDbEntity
  8
Edge.Cuts
100
AcDbCircle
 10
164.3982734844734
 20
-99.50037774997882
 30
0.0
 40
4.730478788439993
100
AcDbArc
 50
30.52658076204744
 51
90.37079167744069
  0
ARC
  5
7A9
330
1F
100
AcDbEntity
  8
Edge.Cuts
100
AcDbCircle
 10
208.4011254633043
 20
-175.6055634264624
 30
0.0
 40
6.875193484161155
100
AcDbArc
 50
331.2778388329235
 51
358.8765426771158
  0
ARC
  5
7AA
330
1F
100
AcDbEntity
  8
Edge.Cuts
100
AcDbCircle
 10
199.9635358145281
 20
-191.0342694999993
 30
0.0
 40
6.774809173663407
100
AcDbArc
 50
242.7589954872599
 51
331.0016654282966
  0
ARC
  5
7AB
330
1F
100
AcDbEntity
  8
Edge.Cuts
100
AcDbCircle
 10
146.1322003228671
 20
-177.2718113164043
 30
0.0
 40
7.116637063637637
100
AcDbArc
 50
221.7797951049162
 51
268.1719335975255
  0
ARC
  5
7AC
330
1F
100
AcDbEntity
  8
Edge.Cuts
100
AcDbCircle
 10
73.38724099999995
 20
-157.712499
 30
0.0
 40
6.774999999999948
100
AcDbArc
 50
179.9999999999998
 51
270.0000000000004
  0
ARC
  5
7AD
330
1F
100
AcDbEntity
  8
Edge.Cuts
100
AcDbCircle
 10
73.38724100000003
 20
-104.2925020000007
 30
0.0
 40
6.775000000000642
100
AcDbArc
 50
90.0000000000007
 51
179.9999805038381
  0
ARC
  5
7AE
330
1F
100
AcDbEntity
  8
Edge.Cuts
100
AcDbCircle
 10
208.4949879549793
 20
-104.312497455215
 30
0.0
 40
6.780003810973427
100
AcDbArc
 50
0.0487097304393651
 51
90.0486835110812
  0
ARC
  5
7AF
330
1F
100
AcDbEntity
  8
Edge.Cuts
100
AcDbCircle
 10
111.876201140018
 20
-99.50038273073129
 30
0.0
 40
6.730478788440076
100
AcDbArc
 50
89.68914395131702
 51
149.4134753862374
  0
ARC
  5
7B0
330
1F
100
AcDbEntity
  8
Edge.Cuts
100
AcDbCircle
 10
132.3758279479952
 20
-94.78910537200974
 30
0.0
 40
6.944151604505066
100
AcDbArc
 50
90.15102135538314
 51
135.8793656732275
  0
ARC
  5
7B1
330
1F
100
AcDbEntity
  8
Edge.Cuts
100
AcDbCircle
 10
143.9738093570346
 20
-94.7635459628795
 30
0.0
 40
6.772836498342683
100
AcDbArc
 50
44.30161275221332
 51
89.2925837169277
  0
ARC
  5
7B2
330
1F
100
AcDbEntity
  8
Edge.Cuts
100
AcDbCircle
 10
164.3982734436483
 20
-99.50037782244873
 30
0.0
 40
6.730478788439965
100
AcDbArc
 50
30.58650573803221
 51
90.31085604856686
  0
ARC
  5
7B3
330
1F
100
AcDbEntity
  8
Edge.Cuts
100
AcDbCircle
 10
231.6930286405575
 20
-175.5911641729547
 30
0.0
 40
3.749362878679305
100
AcDbArc
 50
181.5285809572279
 51
208.6667137910336
  0
ARC
  5
7B4
330
1F
100
AcDbEntity
  8
Edge.Cuts
100
AcDbCircle
 10
240.111028523978
 20
-191.034027416379
 30
0.0
 40
3.624998839636508
100
AcDbArc
 50
209.0000017379706
 51
299.0128170208945
  0
ARC
  5
7B5
330
1F
100
AcDbEntity
  8
Edge.Cuts
100
AcDbCircle
 10
293.9494091879682
 20
-177.287070342499
 30
0.0
 40
3.951215629123241
100
AcDbArc
 50
271.9832566615276
 51
317.664434739155
  0
ARC
  5
7B6
330
1F
100
AcDbEntity
  8
Edge.Cuts
100
AcDbCircle
 10
313.7795285022582
 20
-164.1126005272423
 30
0.0
 40
2.775101527639992
100
AcDbArc
 50
90.00084851639203
 51
140.0007015262792
  0
ARC
  5
7B7
330
1F
100
AcDbEntity
  8
Edge.Cuts
100
AcDbCircle
 10
366.6872389999539
 20
-157.7124999999065
 30
0.0
 40
3.624999000000129
100
AcDbArc
 50
270.0000000000009
 51
359.9999999999987
  0
ARC
  5
7B8
330
1F
100
AcDbEntity
  8
Edge.Cuts
100
AcDbCircle
 10
366.687237999954
 20
-104.2925018223329
 30
0.0
 40
3.625000000000392
100
AcDbArc
 50
0.0000288047818702
 51
90.00003453663425
  0
ARC
  5
7B9
330
1F
100
AcDbEntity
  8
Edge.Cuts
100
AcDbCircle
 10
334.626197956251
 20
-97.95212209160177
 30
0.0
 40
2.73047878844006
100
AcDbArc
 50
210.409339509584
 51
270.488049282975
  0
ARC
  5
7BA
330
1F
100
AcDbEntity
  8
Edge.Cuts
100
AcDbCircle
 10
328.1971259814596
 20
-99.50242599513989
 30
0.0
 40
3.582511704387835
100
AcDbArc
 50
30.48120304028967
 51
90.4162298636351
  0
ARC
  5
7BB
330
1F
100
AcDbEntity
  8
Edge.Cuts
100
AcDbCircle
 10
315.2219812876871
 20
-93.02528136641106
 30
0.0
 40
2.895121803533531
100
AcDbArc
 50
224.1991284178828
 51
269.0543101073879
  0
ARC
  5
7BC
330
1F
100
AcDbEntity
  8
Edge.Cuts
100
AcDbCircle
 10
307.7019554770226
 20
-94.78135753906997
 30
0.0
 40
3.786400576230412
100
AcDbArc
 50
44.40061937606824
 51
89.56898249571644
  0
ARC
  5
7BD
330
1F
100
AcDbEntity
  8
Edge.Cuts
100
AcDbCircle
 10
296.1007170726355
 20
-94.76365001899279
 30
0.0
 40
3.622931552451906
100
AcDbArc
 50
90.70262683765479
 51
135.7004601750361
  0
ARC
  5
7BE
330
1F
100
AcDbEntity
  8
Edge.Cuts
100
AcDbCircle
 10
288.7194536722048
 20
-93.0978804307495
 30
0.0
 40
2.822189743786546
100
AcDbArc
 50
270.3714980788245
 51
315.3133106418633
  0
ARC
  5
7BF
330
1F
100
AcDbEntity
  8
Edge.Cuts
100
AcDbCircle
 10
275.6773696320484
 20
-99.5024339885175
 30
0.0
 40
3.582517650059027
100
AcDbArc
 50
89.58381105916222
 51
149.5188428084766
  0
ARC
  5
7C0
330
1F
100
AcDbEntity
  8
Edge.Cuts
100
AcDbCircle
 10
269.2468084514857
 20
-97.9495632933777
 30
0.0
 40
2.733057607008173
100
AcDbArc
 50
269.4834984874944
 51
329.5562104587152
  0
ARC
  5
7C1
330
1F
100
AcDbEntity
  8
Edge.Cuts
100
AcDbCircle
 10
231.5751091483909
 20
-104.312607
 30
0.0
 40
3.630098077348072
100
AcDbArc
 50
89.95901015482183
 51
179.959010154822
  0
ARC
  5
7C2
330
1F
100
AcDbEntity
  8
Edge.Cuts
100
AcDbCircle
 10
231.5751093490252
 20
-104.312607
 30
0.0
 40
4.630098077348077
100
AcDbArc
 50
89.96786306526498
 51
179.967863065265
  0
ARC
  5
7C3
330
1F
100
AcDbEntity
  8
Edge.Cuts
100
AcDbCircle
 10
231.6930286405575
 20
-175.5911641729547
 30
0.0
 40
4.74936287867931
100
AcDbArc
 50
181.3581470473432
 51
208.7038730107316
  0
ARC
  5
7C4
330
1F
100
AcDbEntity
  8
Edge.Cuts
100
AcDbCircle
 10
240.111028523978
 20
-191.034027416379
 30
0.0
 40
4.624998839636509
100
AcDbArc
 50
209.0000017379705
 51
299.031899381978
  0
ARC
  5
7C5
330
1F
100
AcDbEntity
  8
Edge.Cuts
100
AcDbCircle
 10
293.9494091879682
 20
-177.287070342499
 30
0.0
 40
4.951215629123241
100
AcDbArc
 50
271.195868407255
 51
317.913788154444
  0
ARC
  5
7C6
330
1F
100
AcDbEntity
  8
Edge.Cuts
100
AcDbCircle
 10
313.779528502089
 20
-164.1126005271003
 30
0.0
 40
1.775101527639939
100
AcDbArc
 50
90.00084851639151
 51
140.0001591262661
  0
ARC
  5
7C7
330
1F
100
AcDbEntity
  8
Edge.Cuts
100
AcDbCircle
 10
366.6872389997847
 20
-157.7124999996549
 30
0.0
 40
4.62499900000013
100
AcDbArc
 50
270.0000000000007
 51
359.9999999999987
  0
ARC
  5
7C8
330
1F
100
AcDbEntity
  8
Edge.Cuts
100
AcDbCircle
 10
366.6872379997847
 20
-104.2925015736449
 30
0.0
 40
4.625000000000369
100
AcDbArc
 50
0.0000194990226314
 51
90.00003238333565
  0
ARC
  5
7C9
330
1F
100
AcDbEntity
  8
Edge.Cuts
100
AcDbCircle
 10
334.6261981298991
 20
-97.95212184291398
 30
0.0
 40
1.730478788440065
100
AcDbArc
 50
210.2843399730062
 51
270.6130567820055
  0
ARC
  5
7CA
330
1F
100
AcDbEntity
  8
Edge.Cuts
100
AcDbCircle
 10
269.2468086522326
 20
-97.94956309274329
 30
0.0
 40
1.733057607008168
100
AcDbArc
 50
269.3513799944943
 51
329.6722136570145
  0
ARC
  5
7CB
330
1F
100
AcDbEntity
  8
Edge.Cuts
100
AcDbCircle
 10
328.1971261551077
 20
-99.50242574645212
 30
0.0
 40
4.582511704387843
100
AcDbArc
 50
30.52940112294938
 51
90.36802307172778
  0
ARC
  5
7CC
330
1F
100
AcDbEntity
  8
Edge.Cuts
100
AcDbCircle
 10
315.2219814613352
 20
-93.02528111772328
 30
0.0
 40
1.895121803533527
100
AcDbArc
 50
224.4223070283227
 51
268.8311300203301
  0
ARC
  5
7CD
330
1F
100
AcDbEntity
  8
Edge.Cuts
100
AcDbCircle
 10
307.7019556506706
 20
-94.78135729038218
 30
0.0
 40
4.786400576230418
100
AcDbArc
 50
44.27376563424659
 51
89.69583650579929
  0
ARC
  5
7CE
330
1F
100
AcDbEntity
  8
Edge.Cuts
100
AcDbCircle
 10
296.1007172465528
 20
-94.76364979216258
 30
0.0
 40
4.622931552451913
100
AcDbArc
 50
90.70555413130802
 51
135.7004601750361
  0
ARC
  5
7CF
330
1F
100
AcDbEntity
  8
Edge.Cuts
100
AcDbCircle
 10
275.6773698327953
 20
-99.50243378788309
 30
0.0
 40
4.582517650059025
100
AcDbArc
 50
89.63201304482983
 51
149.470647182118
  0
ARC
  5
7D0
330
1F
100
AcDbEntity
  8
Edge.Cuts
100
AcDbCircle
 10
288.7194538729517
 20
-93.0978802301151
 30
0.0
 40
1.822189743786559
100
AcDbArc
 50
270.4623312990146
 51
315.2224869753945
  0
ARC
  5
7D1
330
1F
100
AcDbEntity
  8
Edge.Cuts
100
AcDbCircle
 10
231.575109568727
 20
-104.312607
 30
0.0
 40
6.630098077348075
100
AcDbArc
 50
89.97755732133544
 51
179.9775573213358
  0
ARC
  5
7D2
330
1F
100
AcDbEntity
  8
Edge.Cuts
100
AcDbCircle
 10
231.6930286405575
 20
-175.5911641729547
 30
0.0
 40
6.749362878679301
100
AcDbArc
 50
181.1392789369403
 51
208.7515931053355
  0
ARC
  5
7D3
330
1F
100
AcDbEntity
  8
Edge.Cuts
100
AcDbCircle
 10
240.111028523978
 20
-191.034027416379
 30
0.0
 40
6.624998839636501
100
AcDbArc
 50
209.0000017379707
 51
299.0561268556466
  0
ARC
  5
7D4
330
1F
100
AcDbEntity
  8
Edge.Cuts
100
AcDbCircle
 10
293.9494091879665
 20
-177.2870703424929
 30
0.0
 40
6.951215629123243
100
AcDbArc
 50
270.1674830367754
 51
318.239593491557
  0
ARC
  5
7D5
330
1F
100
AcDbEntity
  8
Edge.Cuts
100
AcDbCircle
 10
366.687238999783
 20
-157.7124999996488
 30
0.0
 40
6.624999000000131
100
AcDbArc
 50
270.0000000000005
 51
359.9999999999986
  0
ARC
  5
7D6
330
1F
100
AcDbEntity
  8
Edge.Cuts
100
AcDbCircle
 10
366.6872379997845
 20
-104.2925012776373
 30
0.0
 40
6.624999999998783
100
AcDbArc
 50
0.0000110525794646
 51
90.00003094914129
  0
ARC
  5
7D7
330
1F
100
AcDbEntity
  8
Edge.Cuts
100
AcDbCircle
 10
328.1971263209406
 20
-99.50242545044522
 30
0.0
 40
6.582511704387862
100
AcDbArc
 50
30.59034784725765
 51
90.3070653345347
  0
ARC
  5
7D8
330
1F
100
AcDbEntity
  8
Edge.Cuts
100
AcDbCircle
 10
307.7019558165036
 20
-94.78135699437526
 30
0.0
 40
6.786400576230409
100
AcDbArc
 50
44.11032446724155
 51
89.8592780184418
  0
ARC
  5
7D9
330
1F
100
AcDbEntity
  8
Edge.Cuts
100
AcDbCircle
 10
275.6773700525831
 20
-99.5024335681812
 30
0.0
 40
6.582517650059027
100
AcDbArc
 50
89.69296473928935
 51
149.4097035289912
  0
ARC
  5
7DA
330
1F
100
AcDbEntity
  8
Edge.Cuts
100
AcDbCircle
 10
296.1007174126815
 20
-94.76364952006907
 30
0.0
 40
6.622931552451905
100
AcDbArc
 50
90.70875675676008
 51
135.7004601750363
  0
ARC
  5
7DB
330
1F
100
AcDbEntity
  8
Edge.Cuts
100
AcDbCircle
 10
124.9543146297838
 20
-166.987499
 30
0.0
 40
2.5
100
AcDbArc
 50
39.99833565862912
 51
90.0
  0
ARC
  5
7DC
330
1F
100
AcDbEntity
  8
Edge.Cuts
100
AcDbCircle
 10
172.4814886341424
 20
-95.03249609171755
 30
0.0
 40
2.500000000000009
100
AcDbArc
 50
210.8973065357338
 51
270.0
  0
ARC
  5
7DD
330
1F
100
AcDbEntity
  8
Edge.Cuts
100
AcDbCircle
 10
152.5462182141636
 20
-90.26999809171754
 30
0.0
 40
2.500000000000004
100
AcDbArc
 50
224.315230352874
 51
270.0
  0
ARC
  5
7DE
330
1F
100
AcDbEntity
  8
Edge.Cuts
100
AcDbCircle
 10
123.6617171625194
 20
-90.27000300000007
 30
0.0
 40
2.500000000000002
100
AcDbArc
 50
270.0
 51
316.7465539822576
  0
ARC
  5
7DF
330
1F
100
AcDbEntity
  8
Edge.Cuts
100
AcDbCircle
 10
103.7990865289826
 20
-95.03250200000001
 30
0.0
 40
2.500000000000002
100
AcDbArc
 50
270.0
 51
332.8113969090867
  0
ARC
  5
7E0
330
1F
100
AcDbEntity
  8
Edge.Cuts
100
AcDbCircle
 10
315.050217710835
 20
-166.8374989996489
 30
0.0
 40
2.500000000000002
100
AcDbArc
 50
90.0
 51
140.0016643413713
  0
ARC
  5
7E1
330
1F
100
AcDbEntity
  8
Edge.Cuts
100
AcDbCircle
 10
336.1865114037577
 20
-95.18250127763828
 30
0.0
 40
2.500000000000016
100
AcDbArc
 50
206.163304007643
 51
270.0
  0
ARC
  5
7E2
330
1F
100
AcDbEntity
  8
Edge.Cuts
100
AcDbCircle
 10
316.3479413919852
 20
-90.42000827763827
 30
0.0
 40
2.500000000000013
100
AcDbArc
 50
223.2534447817862
 51
270.0
  0
ARC
  5
7E3
330
1F
100
AcDbEntity
  8
Edge.Cuts
100
AcDbCircle
 10
287.5914496550113
 20
-90.42001043127267
 30
0.0
 40
2.500000000000002
100
AcDbArc
 50
270.0
 51
315.6847696471273
  0
ARC
  5
7E4
330
1F
100
AcDbEntity
  8
Edge.Cuts
100
AcDbCircle
 10
267.6780393398661
 20
-95.18250943127265
 30
0.0
 40
2.500000000000002
100
AcDbArc
 50
270.0
 51
329.1027087751074
  0
ARC
  5
7E5
330
1F
100
AcDbEntity
  8
Edge.Cuts
100
AcDbCircle
 10
156.0144471002042
 20
-254.2872233825668
 30
0.0
 40
69.88133929302161
100
AcDbArc
 50
59.0782282514407
 51
89.07822825144068
  0
ARC
  5
7E6
330
1F
100
AcDbEntity
  8
Edge.Cuts
100
AcDbCircle
 10
283.2115390598919
 20
-250.9399287229179
 30
0.0
 40
66.69564579998018
100
AcDbArc
 50
89.76598421813834
 51
119.7659842181383
  0
CIRCLE
  5
7E7
330
1F
100
AcDbEntity
  8
Edge.Cuts
100
AcDbCircle
 10
90.58
 20
-119.9525
 30
0.0
 40
0.8
  0
CIRCLE
  5
7E8
330
1F
100
AcDbEntity
  8
Edge.Cuts
100
AcDbCircle
 10
90.58
 20
-119.9525
 30
0.0
 40
2.0
  0
CIRCLE
  5
7E9
330
1F
100
AcDbEntity
  8
Edge.Cuts
100
AcDbCircle
 10
90.58
 20
-139.2025
 30
0.0
 40
0.8
  0
CIRCLE
  5
7EA
330
1F
100
AcDbEntity
  8
Edge.Cuts
100
AcDbCircle
 10
90.58
 20
-139.2025
 30
0.0
 40
2.0
  0
CIRCLE
  5
7EB
330
1F
100
AcDbEntity
  8
Edge.Cuts
100
AcDbCircle
 10
147.63
 20
-100.1525
 30
0.0
 40
0.8
  0
CIRCLE
  5
7EC
330
1F
100
AcDbEntity
  8
Edge.Cuts
100
AcDbCircle
 10
147.63
 20
-100.1525
 30
0.0
 40
2.0
  0
CIRCLE
  5
7ED
330
1F
100
AcDbEntity
  8
Edge.Cuts
100
AcDbCircle
 10
167.28
 20
-162.0525
 30
0.0
 40
0.8
  0
CIRCLE
  5
7EE
330
1F
100
AcDbEntity
  8
Edge.Cuts
100
AcDbCircle
 10
167.28
 20
-162.0525
 30
0.0
 40
2.0
  0
CIRCLE
  5
7EF
330
1F
100
AcDbEntity
  8
Edge.Cuts
100
AcDbCircle
 10
292.48
 20
-100.1525
 30
0.0
 40
0.8
  0
CIRCLE
  5
7F0
330
1F
100
AcDbEntity
  8
Edge.Cuts
100
AcDbCircle
 10
292.48
 20
-100.1525
 30
0.0
 40
2.0
  0
CIRCLE
  5
7F1
330
1F
100
AcDbEntity
  8
Edge.Cuts
100
AcDbCircle
 10
349.18
 20
-119.9525
 30
0.0
 40
0.8
  0
CIRCLE
  5
7F2
330
1F
100
AcDbEntity
  8
Edge.Cuts
100
AcDbCircle
 10
349.18
 20
-119.9525
 30
0.0
 40
2.0
  0
CIRCLE
  5
7F3
330
1F
100
AcDbEntity
  8
Edge.Cuts
100
AcDbCircle
 10
349.18
 20
-139.2025
 30
0.0
 40
0.8
  0
CIRCLE
  5
7F4
330
1F
100
AcDbEntity
  8
Edge.Cuts
100
AcDbCircle
 10
349.18
 20
-139.2025
 30
0.0
 40
2.0
  0
CIRCLE
  5
7F5
330
1F
100
AcDbEntity
  8
Edge.Cuts
100
AcDbCircle
 10
272.83
 20
-162.0525
 30
0.0
 40
0.8
  0
CIRCLE
  5
7F6
330
1F
100
AcDbEntity
  8
Edge.Cuts
100
AcDbCircle
 10
272.83
 20
-162.0525
 30
0.0
 40
2.0
  0
CIRCLE
  5
7F7
330
1F
100
AcDbEntity
  8
Edge.Cuts
100
AcDbCircle
 10
241.4450006840785
 20
-181.040435603639
 30
0.0
 40
2.600000000000001
  0
DIMENSION
  5
7F8
330
1F
100
AcDbEntity
  8
Dimensions
100
AcDbDimension
280
     0
  2
*D5
 10
190.2750003145281
 20
-168.0875
 30
0.0
 11
190.2750003145281
 21
-145.5875
 31
0.0
 70
   161
 71
     5
 42
45.0
 73
     0
 74
     0
 75
     0
  3
ISO-25
100
AcDbAlignedDimension
 13
185.7750003145281
 23
-123.0875
 33
0.0
 14
185.7750003145281
 24
-168.0875
 34
0.0
1001
ACAD
1000
DSTYLE
1002
{
1070
   271
1070
     3
1070
    78
1070
     8
1070
   177
1070
   140
1070
   176
1070
   140
1070
   178
1070
   140
1070
    40
1040
1.032659922558193
1070
   277
1070
     2
1002
}
  0
DIMENSION
  5
805
330
1F
100
AcDbEntity
  8
Dimensions
100
AcDbDimension
280
     0
  2
*D6
 10
369.569985
 20
-106.042506
 30
0.0
 11
368.569985
 21
-106.042506
 31
0.0
 70
   161
 71
     5
 42
2.0
 73
     0
 74
     0
 75
     0
  3
ISO-25
100
AcDbAlignedDimension
 13
367.569985
 23
-106.242506
 33
0.0
 14
369.569985
 24
-106.242506
 34
0.0
1001
ACAD
1000
DSTYLE
1002
{
1070
   271
1070
     3
1070
    78
1070
     8
1070
   177
1070
   140
1070
   176
1070
   140
1070
   178
1070
   140
1070
    40
1040
1.032659922558193
1070
   277
1070
     2
1002
}
  0
DIMENSION
  5
815
330
1F
100
AcDbEntity
  8
Dimensions
100
AcDbDimension
280
     0
  2
*D7
 10
348.85
 20
-106.442506
 30
0.0
 11
349.85
 21
-106.442506
 31
0.0
 70
   161
 71
     5
 42
2.0
 73
     0
 74
     0
 75
     0
  3
ISO-25
100
AcDbAlignedDimension
 13
350.85
 23
-106.242506
 33
0.0
 14
348.85
 24
-106.242506
 34
0.0
1001
ACAD
1000
DSTYLE
1002
{
1070
   271
1070
     3
1070
    78
1070
     8
1070
   177
1070
   140
1070
   176
1070
   140
1070
   178
1070
   140
1070
    40
1040
1.032659922558193
1070
   277
1070
     2
1002
}
  0
DIMENSION
  5
825
330
1F
100
AcDbEntity
  8
Dimensions
100
AcDbDimension
280
     0
  2
*D8
 10
91.269993
 20
-106.042498
 30
0.0
 11
90.269993
 21
-106.042498
 31
0.0
 70
   161
 71
     5
 42
2.000000000000014
 73
     0
 74
     0
 75
     0
  3
ISO-25
100
AcDbAlignedDimension
 13
89.26999299999999
 23
-106.242498
 33
0.0
 14
91.269993
 24
-106.242498
 34
0.0
1001
ACAD
1000
DSTYLE
1002
{
1070
   271
1070
     3
1070
    78
1070
     8
1070
   177
1070
   140
1070
   176
1070
   140
1070
   178
1070
   140
1070
    40
1040
1.032659922558193
1070
   277
1070
     2
1002
}
  0
DIMENSION
  5
835
330
1F
100
AcDbEntity
  8
Dimensions
100
AcDbDimension
280
     0
  2
*D9
 10
70.53
 20
-106.442498
 30
0.0
 11
71.53
 21
-106.442498
 31
0.0
 70
   161
 71
     5
 42
2.0
 73
     0
 74
     0
 75
     0
  3
ISO-25
100
AcDbAlignedDimension
 13
72.53
 23
-106.242498
 33
0.0
 14
70.53
 24
-106.242498
 34
0.0
1001
ACAD
1000
DSTYLE
1002
{
1070
   271
1070
     3
1070
    78
1070
     8
1070
   177
1070
   140
1070
   176
1070
   140
1070
   178
1070
   140
1070
    40
1040
1.032659922558193
1070
   277
1070
     2
1002
}
  0
DIMENSION
  5
845
330
1F
100
AcDbEntity
  8
Dimensions
100
AcDbDimension
280
     0
  2
*D10
 10
228.4483252203262
 20
-170.8374978736356
 30
0.0
 11
241.4483145885044
 21
-170.8208717720045
 31
0.0
 70
   161
 71
     5
 42
26.0
 73
     0
 74
     0
 75
     0
  3
ISO-25
100
AcDbAlignedDimension
 13
254.4449787363563
 23
-168.2042477967377
 33
0.0
 14
228.445
 24
-168.2375
 34
0.0
1001
ACAD
1000
DSTYLE
1002
{
1070
   271
1070
     3
1070
    78
1070
     8
1070
   177
1070
   140
1070
   176
1070
   140
1070
   178
1070
   140
1070
    40
1040
1.032659922558193
1070
   277
1070
     2
1002
}
  0
DIMENSION
  5
852
330
1F
100
AcDbEntity
  8
Dimensions
100
AcDbDimension
280
     0
  2
*D11
 10
228.4450119999787
 20
-125.6875797967377
 30
0.0
 11
241.4450119999788
 21
-125.6875797967377
 31
0.0
 70
   161
 71
     5
 42
26.00000000000003
 73
     0
 74
     0
 75
     0
  3
ISO-25
100
AcDbAlignedDimension
 13
254.4450119999788
 23
-123.0875797967377
 33
0.0
 14
228.4450119999787
 24
-123.0875797967377
 34
0.0
1001
ACAD
1000
DSTYLE
1002
{
1070
   271
1070
     3
1070
    78
1070
     8
1070
   177
1070
   140
1070
   176
1070
   140
1070
   178
1070
   140
1070
    40
1040
1.032659922558193
1070
   277
1070
     2
1002
}
  0
DIMENSION
  5
85F
330
1F
100
AcDbEntity
  8
Dimensions
100
AcDbDimension
280
     0
  2
*D12
 10
89.26999299999999
 20
-106.992498
 30
0.0
 11
89.26999299999999
 21
-106.617498
 31
0.0
 70
   164
 71
     5
 42
0.7500000000000142
 73
     0
 74
     0
 75
     0
  3
ISO-25
100
AcDbRadialDimension
 15
89.26999299999999
 25
-106.242498
 35
0.0
 40
0.0
1001
ACAD
1000
DSTYLE
1002
{
1070
   271
1070
     3
1070
    78
1070
     8
1070
   177
1070
   140
1070
   176
1070
   140
1070
   178
1070
   140
1070
    40
1040
1.032659922558193
1070
   277
1070
     2
1002
}
  0
DIMENSION
  5
868
330
1F
100
AcDbEntity
  8
Dimensions
100
AcDbDimension
280
     0
  2
*D13
 10
89.26999299999999
 20
-109.0125
 30
0.0
 11
79.0479813228192
 21
-109.0125
 31
0.0
 70
   164
 71
     5
 42
0.7500000000000142
 73
     0
 74
     0
 75
     0
  3
ISO-25
100
AcDbRadialDimension
 15
90.019993
 25
-109.0125
 35
0.0
 40
0.0
1001
ACAD
1000
DSTYLE
1002
{
1070
   271
1070
     3
1070
    78
1070
     8
1070
   177
1070
   140
1070
   176
1070
   140
1070
   178
1070
   140
1070
    40
1040
1.032659922558193
1070
   277
1070
     2
1002
}
  0
DIMENSION
  5
871
330
1F
100
AcDbEntity
  8
Dimensions
100
AcDbDimension
280
     0
  2
*D14
 10
72.53
 20
-109.0125
 30
0.0
 11
72.53
 21
-109.3875
 31
0.0
 70
   164
 71
     5
 42
0.75
 73
     0
 74
     0
 75
     0
  3
ISO-25
100
AcDbRadialDimension
 15
72.53
 25
-109.7625
 35
0.0
 40
0.0
1001
ACAD
1000
DSTYLE
1002
{
1070
   271
1070
     3
1070
    78
1070
     8
1070
   177
1070
   140
1070
   176
1070
   140
1070
   178
1070
   140
1070
    40
1040
1.032659922558193
1070
   277
1070
     2
1002
}
  0
DIMENSION
  5
87A
330
1F
100
AcDbEntity
  8
Dimensions
100
AcDbDimension
280
     0
  2
*D15
 10
72.53
 20
-106.992498
 30
0.0
 11
72.155
 21
-106.992498
 31
0.0
 70
   164
 71
     5
 42
0.75
 73
     0
 74
     0
 75
     0
  3
ISO-25
100
AcDbRadialDimension
 15
71.78
 25
-106.992498
 35
0.0
 40
0.0
1001
ACAD
1000
DSTYLE
1002
{
1070
   271
1070
     3
1070
    78
1070
     8
1070
   177
1070
   140
1070
   176
1070
   140
1070
   178
1070
   140
1070
    40
1040
1.032659922558193
1070
   277
1070
     2
1002
}
  0
DIMENSION
  5
883
330
1F
100
AcDbEntity
  8
Dimensions
100
AcDbDimension
280
     0
  2
*D16
 10
350.85
 20
-109.012501
 30
0.0
 11
350.85
 21
-109.387501
 31
0.0
 70
   164
 71
     5
 42
0.75
 73
     0
 74
     0
 75
     0
  3
ISO-25
100
AcDbRadialDimension
 15
350.85
 25
-109.762501
 35
0.0
 40
0.0
1001
ACAD
1000
DSTYLE
1002
{
1070
   271
1070
     3
1070
    78
1070
     8
1070
   177
1070
   140
1070
   176
1070
   140
1070
   178
1070
   140
1070
    40
1040
1.032659922558193
1070
   277
1070
     2
1002
}
  0
DIMENSION
  5
88C
330
1F
100
AcDbEntity
  8
Dimensions
100
AcDbDimension
280
     0
  2
*D17
 10
350.85
 20
-106.992506
 30
0.0
 11
350.475
 21
-106.992506
 31
0.0
 70
   164
 71
     5
 42
0.75
 73
     0
 74
     0
 75
     0
  3
ISO-25
100
AcDbRadialDimension
 15
350.1
 25
-106.992506
 35
0.0
 40
0.0
1001
ACAD
1000
DSTYLE
1002
{
1070
   271
1070
     3
1070
    78
1070
     8
1070
   177
1070
   140
1070
   176
1070
   140
1070
   178
1070
   140
1070
    40
1040
1.032659922558193
1070
   277
1070
     2
1002
}
  0
DIMENSION
  5
895
330
1F
100
AcDbEntity
  8
Dimensions
100
AcDbDimension
280
     0
  2
*D18
 10
367.569985
 20
-106.992506
 30
0.0
 11
367.569985
 21
-106.617506
 31
0.0
 70
   164
 71
     5
 42
0.7499999999999574
 73
     0
 74
     0
 75
     0
  3
ISO-25
100
AcDbRadialDimension
 15
367.5699849999999
 25
-106.242506
 35
0.0
 40
0.0
1001
ACAD
1000
DSTYLE
1002
{
1070
   271
1070
     3
1070
    78
1070
     8
1070
   177
1070
   140
1070
   176
1070
   140
1070
   178
1070
   140
1070
    40
1040
1.032659922558193
1070
   277
1070
     2
1002
}
  0
DIMENSION
  5
89E
330
1F
100
AcDbEntity
  8
Dimensions
100
AcDbDimension
280
     0
  2
*D19
 10
367.569985
 20
-109.012501
 30
0.0
 11
357.3479733228191
 21
-109.0125010000013
 31
0.0
 70
   164
 71
     5
 42
0.7499999999999432
 73
     0
 74
     0
 75
     0
  3
ISO-25
100
AcDbRadialDimension
 15
368.3199849999999
 25
-109.0125009999999
 35
0.0
 40
0.0
1001
ACAD
1000
DSTYLE
1002
{
1070
   271
1070
     3
1070
    78
1070
     8
1070
   177
1070
   140
1070
   176
1070
   140
1070
   178
1070
   140
1070
    40
1040
1.032659922558193
1070
   277
1070
     2
1002
}
  0
DIMENSION
  5
8A7
330
1F
100
AcDbEntity
  8
Dimensions
100
AcDbDimension
280
     0
  2
*D20
 10
124.9543146297838
 20
-166.987499
 30
0.0
 11
124.9543146297838
 21
-165.737499
 31
0.0
 70
   164
 71
     5
 42
2.5
 73
     0
 74
     0
 75
     0
  3
ISO-25
100
AcDbRadialDimension
 15
124.9543146297838
 25
-164.487499
 35
0.0
 40
0.0
1001
ACAD
1000
DSTYLE
1002
{
1070
   271
1070
     3
1070
    78
1070
     8
1070
   177
1070
   140
1070
   176
1070
   140
1070
   178
1070
   140
1070
    40
1040
1.032659922558193
1070
   277
1070
     2
1002
}
  0
DIMENSION
  5
8B0
330
1F
100
AcDbEntity
  8
Dimensions
100
AcDbDimension
280
     0
  2
*D21
 10
172.4814886341424
 20
-95.03249609171755
 30
0.0
 11
172.4814886341424
 21
-96.28249609171755
 31
0.0
 70
   164
 71
     5
 42
2.5
 73
     0
 74
     0
 75
     0
  3
ISO-25
100
AcDbRadialDimension
 15
172.4814886341424
 25
-97.53249609171755
 35
0.0
 40
0.0
1001
ACAD
1000
DSTYLE
1002
{
1070
   271
1070
     3
1070
    78
1070
     8
1070
   177
1070
   140
1070
   176
1070
   140
1070
   178
1070
   140
1070
    40
1040
1.032659922558193
1070
   277
1070
     2
1002
}
  0
DIMENSION
  5
8B9
330
1F
100
AcDbEntity
  8
Dimensions
100
AcDbDimension
280
     0
  2
*D22
 10
152.5462182141636
 20
-90.26999809171754
 30
0.0
 11
152.5462182141636
 21
-91.51999809171754
 31
0.0
 70
   164
 71
     5
 42
2.5
 73
     0
 74
     0
 75
     0
  3
ISO-25
100
AcDbRadialDimension
 15
152.5462182141636
 25
-92.76999809171754
 35
0.0
 40
0.0
1001
ACAD
1000
DSTYLE
1002
{
1070
   271
1070
     3
1070
    78
1070
     8
1070
   177
1070
   140
1070
   176
1070
   140
1070
   178
1070
   140
1070
    40
1040
1.032659922558193
1070
   277
1070
     2
1002
}
  0
DIMENSION
  5
8C2
330
1F
100
AcDbEntity
  8
Dimensions
100
AcDbDimension
280
     0
  2
*D23
 10
123.6617171625194
 20
-90.27000300000007
 30
0.0
 11
124.5721293608638
 21
-91.12653649561226
 31
0.0
 70
   164
 71
     5
 42
2.500000000000004
 73
     0
 74
     0
 75
     0
  3
ISO-25
100
AcDbRadialDimension
 15
125.4825415592083
 25
-91.98306999122444
 35
0.0
 40
0.0
1001
ACAD
1000
DSTYLE
1002
{
1070
   271
1070
     3
1070
    78
1070
     8
1070
   177
1070
   140
1070
   176
1070
   140
1070
   178
1070
   140
1070
    40
1040
1.032659922558193
1070
   277
1070
     2
1002
}
  0
DIMENSION
  5
8CB
330
1F
100
AcDbEntity
  8
Dimensions
100
AcDbDimension
280
     0
  2
*D24
 10
103.7990865289826
 20
-95.03250200000001
 30
0.0
 11
104.9109706273375
 21
-95.60365325126853
 31
0.0
 70
   164
 71
     5
 42
2.500000000000001
 73
     0
 74
     0
 75
     0
  3
ISO-25
100
AcDbRadialDimension
 15
106.0228547256923
 25
-96.17480450253704
 35
0.0
 40
0.0
1001
ACAD
1000
DSTYLE
1002
{
1070
   271
1070
     3
1070
    78
1070
     8
1070
   177
1070
   140
1070
   176
1070
   140
1070
   178
1070
   140
1070
    40
1040
1.032659922558193
1070
   277
1070
     2
1002
}
  0
DIMENSION
  5
8D4
330
1F
100
AcDbEntity
  8
Dimensions
100
AcDbDimension
280
     0
  2
*D25
 10
315.050217710835
 20
-166.8374989996489
 30
0.0
 11
320.5985482723038
 21
-171.4928264875566
 31
0.0
 70
   164
 71
     5
 42
2.49999999999998
 73
     0
 74
     0
 75
     0
  3
ISO-25
100
AcDbRadialDimension
 15
313.1350599242288
 25
-165.2305856067115
 35
0.0
 40
0.0
1001
ACAD
1000
DSTYLE
1002
{
1070
   271
1070
     3
1070
    78
1070
     8
1070
   177
1070
   140
1070
   176
1070
   140
1070
   178
1070
   140
1070
    40
1040
1.032659922558193
1070
   277
1070
     2
1002
}
  0
DIMENSION
  5
8DD
330
1F
100
AcDbEntity
  8
Dimensions
100
AcDbDimension
280
     0
  2
*D26
 10
336.1865114037577
 20
-95.18250127763828
 30
0.0
 11
336.1865114037577
 21
-87.93984665112201
 31
0.0
 70
   164
 71
     5
 42
2.500000000000014
 73
     0
 74
     0
 75
     0
  3
ISO-25
100
AcDbRadialDimension
 15
336.1865114037577
 25
-97.6825012776383
 35
0.0
 40
0.0
1001
ACAD
1000
DSTYLE
1002
{
1070
   271
1070
     3
1070
    78
1070
     8
1070
   177
1070
   140
1070
   176
1070
   140
1070
   178
1070
   140
1070
    40
1040
1.032659922558193
1070
   277
1070
     2
1002
}
  0
DIMENSION
  5
8E6
330
1F
100
AcDbEntity
  8
Dimensions
100
AcDbDimension
280
     0
  2
*D27
 10
316.3479413919852
 20
-90.42000827763827
 30
0.0
 11
316.3479413919852
 21
-83.177353651122
 31
0.0
 70
   164
 71
     5
 42
2.500000000000014
 73
     0
 74
     0
 75
     0
  3
ISO-25
100
AcDbRadialDimension
 15
316.3479413919852
 25
-92.92000827763829
 35
0.0
 40
0.0
1001
ACAD
1000
DSTYLE
1002
{
1070
   271
1070
     3
1070
    78
1070
     8
1070
   177
1070
   140
1070
   176
1070
   140
1070
   178
1070
   140
1070
    40
1040
1.032659922558193
1070
   277
1070
     2
1002
}
  0
DIMENSION
  5
8EF
330
1F
100
AcDbEntity
  8
Dimensions
100
AcDbDimension
280
     0
  2
*D28
 10
287.5914496550113
 20
-90.42001043127267
 30
0.0
 11
288.4858334747692
 21
-91.29326731384242
 31
0.0
 70
   164
 71
     5
 42
2.500000000000029
 73
     0
 74
     0
 75
     0
  3
ISO-25
100
AcDbRadialDimension
 15
289.380217294527
 25
-92.16652419641218
 35
0.0
 40
0.0
1001
ACAD
1000
DSTYLE
1002
{
1070
   271
1070
     3
1070
    78
1070
     8
1070
   177
1070
   140
1070
   176
1070
   140
1070
   178
1070
   140
1070
    40
1040
1.032659922558193
1070
   277
1070
     2
1002
}
  0
DIMENSION
  5
8F8
330
1F
100
AcDbEntity
  8
Dimensions
100
AcDbDimension
280
     0
  2
*D29
 10
267.6780393398661
 20
-95.18250943127265
 30
0.0
 11
261.4631957451911
 21
-91.4634013214262
 31
0.0
 70
   164
 71
     5
 42
2.49999999999999
 73
     0
 74
     0
 75
     0
  3
ISO-25
100
AcDbRadialDimension
 15
269.8232622985591
 25
-96.46626114305188
 35
0.0
 40
0.0
1001
ACAD
1000
DSTYLE
1002
{
1070
   271
1070
     3
1070
    78
1070
     8
1070
   177
1070
   140
1070
   176
1070
   140
1070
   178
1070
   140
1070
    40
1040
1.032659922558193
1070
   277
1070
     2
1002
}
  0
DIMENSION
  5
901
330
1F
100
AcDbEntity
  8
Dimensions
100
AcDbDimension
280
     0
  2
*D30
 10
89.78
 20
-119.9525
 30
0.0
 11
81.69881322601694
 21
-119.9525
 31
0.0
 70
   163
 71
     5
 42
1.599999999999994
 73
     0
 74
     0
 75
     0
  3
ISO-25
100
AcDbDiametricDimension
 15
91.38
 25
-119.9525
 35
0.0
 40
0.0
1001
ACAD
1000
DSTYLE
1002
{
1070
   271
1070
     3
1070
    78
1070
     8
1070
   177
1070
   140
1070
   176
1070
   140
1070
   178
1070
   140
1070
    40
1040
1.032659922558193
1070
   277
1070
     2
1002
}
  0
DIMENSION
  5
90A
330
1F
100
AcDbEntity
  8
Dimensions
100
AcDbDimension
280
     0
  2
*D31
 10
89.78
 20
-139.2025
 30
0.0
 11
81.69881322601694
 21
-139.2025
 31
0.0
 70
   163
 71
     5
 42
1.599999999999994
 73
     0
 74
     0
 75
     0
  3
ISO-25
100
AcDbDiametricDimension
 15
91.38
 25
-139.2025
 35
0.0
 40
0.0
1001
ACAD
1000
DSTYLE
1002
{
1070
   271
1070
     3
1070
    78
1070
     8
1070
   177
1070
   140
1070
   176
1070
   140
1070
   178
1070
   140
1070
    40
1040
1.032659922558193
1070
   277
1070
     2
1002
}
  0
DIMENSION
  5
913
330
1F
100
AcDbEntity
  8
Dimensions
100
AcDbDimension
280
     0
  2
*D32
 10
146.83
 20
-100.1525
 30
0.0
 11
138.7488132260169
 21
-100.1525
 31
0.0
 70
   163
 71
     5
 42
1.600000000000023
 73
     0
 74
     0
 75
     0
  3
ISO-25
100
AcDbDiametricDimension
 15
148.43
 25
-100.1525
 35
0.0
 40
0.0
1001
ACAD
1000
DSTYLE
1002
{
1070
   271
1070
     3
1070
    78
1070
     8
1070
   177
1070
   140
1070
   176
1070
   140
1070
   178
1070
   140
1070
    40
1040
1.032659922558193
1070
   277
1070
     2
1002
}
  0
DIMENSION
  5
91C
330
1F
100
AcDbEntity
  8
Dimensions
100
AcDbDimension
280
     0
  2
*D33
 10
166.48
 20
-162.0525
 30
0.0
 11
158.3988132260169
 21
-162.0525
 31
0.0
 70
   163
 71
     5
 42
1.600000000000023
 73
     0
 74
     0
 75
     0
  3
ISO-25
100
AcDbDiametricDimension
 15
168.08
 25
-162.0525
 35
0.0
 40
0.0
1001
ACAD
1000
DSTYLE
1002
{
1070
   271
1070
     3
1070
    78
1070
     8
1070
   177
1070
   140
1070
   176
1070
   140
1070
   178
1070
   140
1070
    40
1040
1.032659922558193
1070
   277
1070
     2
1002
}
  0
DIMENSION
  5
925
330
1F
100
AcDbEntity
  8
Dimensions
100
AcDbDimension
280
     0
  2
*D34
 10
291.6799999999999
 20
-100.1525
 30
0.0
 11
283.5988132260169
 21
-100.1525
 31
0.0
 70
   163
 71
     5
 42
1.600000000000023
 73
     0
 74
     0
 75
     0
  3
ISO-25
100
AcDbDiametricDimension
 15
293.28
 25
-100.1525
 35
0.0
 40
0.0
1001
ACAD
1000
DSTYLE
1002
{
1070
   271
1070
     3
1070
    78
1070
     8
1070
   177
1070
   140
1070
   176
1070
   140
1070
   178
1070
   140
1070
    40
1040
1.032659922558193
1070
   277
1070
     2
1002
}
  0
DIMENSION
  5
92E
330
1F
100
AcDbEntity
  8
Dimensions
100
AcDbDimension
280
     0
  2
*D35
 10
348.38
 20
-119.9525
 30
0.0
 11
340.2988132260169
 21
-119.9525
 31
0.0
 70
   163
 71
     5
 42
1.600000000000023
 73
     0
 74
     0
 75
     0
  3
ISO-25
100
AcDbDiametricDimension
 15
349.98
 25
-119.9525
 35
0.0
 40
0.0
1001
ACAD
1000
DSTYLE
1002
{
1070
   271
1070
     3
1070
    78
1070
     8
1070
   177
1070
   140
1070
   176
1070
   140
1070
   178
1070
   140
1070
    40
1040
1.032659922558193
1070
   277
1070
     2
1002
}
  0
DIMENSION
  5
937
330
1F
100
AcDbEntity
  8
Dimensions
100
AcDbDimension
280
     0
  2
*D36
 10
348.3800039062638
 20
-139.2050000013563
 30
0.0
 11
340.2988565913396
 21
-139.2302537237254
 31
0.0
 70
   163
 71
     5
 42
1.600000000000031
 73
     0
 74
     0
 75
     0
  3
ISO-25
100
AcDbDiametricDimension
 15
349.9799960937362
 25
-139.1999999986437
 35
0.0
 40
0.0
1001
ACAD
1000
DSTYLE
1002
{
1070
   271
1070
     3
1070
    78
1070
     8
1070
   177
1070
   140
1070
   176
1070
   140
1070
   178
1070
   140
1070
    40
1040
1.032659922558193
1070
   277
1070
     2
1002
}
  0
DIMENSION
  5
940
330
1F
100
AcDbEntity
  8
Dimensions
100
AcDbDimension
280
     0
  2
*D37
 10
272.03
 20
-162.0525
 30
0.0
 11
263.948813226017
 21
-162.0525
 31
0.0
 70
   163
 71
     5
 42
1.600000000000023
 73
     0
 74
     0
 75
     0
  3
ISO-25
100
AcDbDiametricDimension
 15
273.6300000000001
 25
-162.0525
 35
0.0
 40
0.0
1001
ACAD
1000
DSTYLE
1002
{
1070
   271
1070
     3
1070
    78
1070
     8
1070
   177
1070
   140
1070
   176
1070
   140
1070
   178
1070
   140
1070
    40
1040
1.032659922558193
1070
   277
1070
     2
1002
}
  0
DIMENSION
  5
949
330
1F
100
AcDbEntity
  8
Dimensions
100
AcDbDimension
280
     0
  2
*D38
 10
88.58
 20
-119.9525
 30
0.0
 11
84.68138094948048
 21
-119.9525
 31
0.0
 70
   163
 71
     5
 42
4.0
 73
     0
 74
     0
 75
     0
  3
ISO-25
100
AcDbDiametricDimension
 15
92.58
 25
-119.9525
 35
0.0
 40
0.0
1001
ACAD
1000
DSTYLE
1002
{
1070
   271
1070
     3
1070
    78
1070
     8
1070
   177
1070
   140
1070
   176
1070
   140
1070
   178
1070
   140
1070
    40
1040
1.032659922558193
1070
   277
1070
     2
1002
}
  0
DIMENSION
  5
952
330
1F
100
AcDbEntity
  8
Dimensions
100
AcDbDimension
280
     0
  2
*D39
 10
88.58
 20
-139.2025
 30
0.0
 11
84.68138094948048
 21
-139.2025
 31
0.0
 70
   163
 71
     5
 42
4.0
 73
     0
 74
     0
 75
     0
  3
ISO-25
100
AcDbDiametricDimension
 15
92.58
 25
-139.2025
 35
0.0
 40
0.0
1001
ACAD
1000
DSTYLE
1002
{
1070
   271
1070
     3
1070
    78
1070
     8
1070
   177
1070
   140
1070
   176
1070
   140
1070
   178
1070
   140
1070
    40
1040
1.032659922558193
1070
   277
1070
     2
1002
}
  0
DIMENSION
  5
95B
330
1F
100
AcDbEntity
  8
Dimensions
100
AcDbDimension
280
     0
  2
*D40
 10
165.28
 20
-162.0525
 30
0.0
 11
161.3813809494805
 21
-162.0525
 31
0.0
 70
   163
 71
     5
 42
4.0
 73
     0
 74
     0
 75
     0
  3
ISO-25
100
AcDbDiametricDimension
 15
169.28
 25
-162.0525
 35
0.0
 40
0.0
1001
ACAD
1000
DSTYLE
1002
{
1070
   271
1070
     3
1070
    78
1070
     8
1070
   177
1070
   140
1070
   176
1070
   140
1070
   178
1070
   140
1070
    40
1040
1.032659922558193
1070
   277
1070
     2
1002
}
  0
DIMENSION
  5
964
330
1F
100
AcDbEntity
  8
Dimensions
100
AcDbDimension
280
     0
  2
*D41
 10
145.63
 20
-100.1525
 30
0.0
 11
141.7313809494805
 21
-100.1525
 31
0.0
 70
   163
 71
     5
 42
4.0
 73
     0
 74
     0
 75
     0
  3
ISO-25
100
AcDbDiametricDimension
 15
149.63
 25
-100.1525
 35
0.0
 40
0.0
1001
ACAD
1000
DSTYLE
1002
{
1070
   271
1070
     3
1070
    78
1070
     8
1070
   177
1070
   140
1070
   176
1070
   140
1070
   178
1070
   140
1070
    40
1040
1.032659922558193
1070
   277
1070
     2
1002
}
  0
DIMENSION
  5
96D
330
1F
100
AcDbEntity
  8
Dimensions
100
AcDbDimension
280
     0
  2
*D42
 10
290.48
 20
-100.1525
 30
0.0
 11
286.5813809494804
 21
-100.1525
 31
0.0
 70
   163
 71
     5
 42
4.0
 73
     0
 74
     0
 75
     0
  3
ISO-25
100
AcDbDiametricDimension
 15
294.48
 25
-100.1525
 35
0.0
 40
0.0
1001
ACAD
1000
DSTYLE
1002
{
1070
   271
1070
     3
1070
    78
1070
     8
1070
   177
1070
   140
1070
   176
1070
   140
1070
   178
1070
   140
1070
    40
1040
1.032659922558193
1070
   277
1070
     2
1002
}
  0
DIMENSION
  5
976
330
1F
100
AcDbEntity
  8
Dimensions
100
AcDbDimension
280
     0
  2
*D43
 10
347.18
 20
-119.9525
 30
0.0
 11
343.2813809494805
 21
-119.9525
 31
0.0
 70
   163
 71
     5
 42
4.0
 73
     0
 74
     0
 75
     0
  3
ISO-25
100
AcDbDiametricDimension
 15
351.18
 25
-119.9525
 35
0.0
 40
0.0
1001
ACAD
1000
DSTYLE
1002
{
1070
   271
1070
     3
1070
    78
1070
     8
1070
   177
1070
   140
1070
   176
1070
   140
1070
   178
1070
   140
1070
    40
1040
1.032659922558193
1070
   277
1070
     2
1002
}
  0
DIMENSION
  5
97F
330
1F
100
AcDbEntity
  8
Dimensions
100
AcDbDimension
280
     0
  2
*D44
 10
347.18
 20
-139.2025
 30
0.0
 11
343.2813809494805
 21
-139.2025
 31
0.0
 70
   163
 71
     5
 42
4.0
 73
     0
 74
     0
 75
     0
  3
ISO-25
100
AcDbDiametricDimension
 15
351.18
 25
-139.2025
 35
0.0
 40
0.0
1001
ACAD
1000
DSTYLE
1002
{
1070
   271
1070
     3
1070
    78
1070
     8
1070
   177
1070
   140
1070
   176
1070
   140
1070
   178
1070
   140
1070
    40
1040
1.032659922558193
1070
   277
1070
     2
1002
}
  0
DIMENSION
  5
988
330
1F
100
AcDbEntity
  8
Dimensions
100
AcDbDimension
280
     0
  2
*D45
 10
270.83
 20
-162.0525
 30
0.0
 11
266.9313809494805
 21
-162.0525
 31
0.0
 70
   163
 71
     5
 42
4.0
 73
     0
 74
     0
 75
     0
  3
ISO-25
100
AcDbDiametricDimension
 15
274.83
 25
-162.0525
 35
0.0
 40
0.0
1001
ACAD
1000
DSTYLE
1002
{
1070
   271
1070
     3
1070
    78
1070
     8
1070
   177
1070
   140
1070
   176
1070
   140
1070
   178
1070
   140
1070
    40
1040
1.032659922558193
1070
   277
1070
     2
1002
}
  0
DIMENSION
  5
991
330
1F
100
AcDbEntity
  8
Dimensions
100
AcDbDimension
280
     0
  2
*D46
 10
238.8450006840793
 20
-181.0404376649684
 30
0.0
 11
234.3638139100976
 21
-181.0404412177385
 31
0.0
 70
   163
 71
     5
 42
5.199999999999974
 73
     0
 74
     0
 75
     0
  3
ISO-25
100
AcDbDiametricDimension
 15
244.0450006840776
 25
-181.0404335423095
 35
0.0
 40
0.0
1001
ACAD
1000
DSTYLE
1002
{
1070
   271
1070
     3
1070
    78
1070
     8
1070
   177
1070
   140
1070
   176
1070
   140
1070
   178
1070
   140
1070
    40
1040
1.032659922558193
1070
   277
1070
     2
1002
}
  0
DIMENSION
  5
99A
330
1F
100
AcDbEntity
  8
Dimensions
100
AcDbDimension
280
     0
  2
*D47
 10
212.5345506191181
 20
-177.0776911217698
 30
0.0
 11
212.637310461408
 21
-176.7488482256564
 31
0.0
 70
   165
 71
     5
 42
0.4712389230099992
 73
     0
 74
     0
 75
     0
  3
ISO-25
100
AcDb3PointAngularDimension
 13
211.3643903145281
 23
-177.2214199999993
 33
0.0
 14
211.774997314528
 24
-175.7000079999993
 34
0.0
 15
208.4011254619072
 25
-175.6055634256877
 35
0.0
1001
ACAD
1000
DSTYLE
1002
{
1070
   179
1070
     3
1070
    79
1070
     2
1070
   177
1070
   140
1070
   176
1070
   140
1070
   178
1070
   140
1070
    40
1040
1.032659922558193
1070
   277
1070
     2
1002
}
  0
DIMENSION
  5
9AA
330
1F
100
AcDbEntity
  8
Dimensions
100
AcDbDimension
280
     0
  2
*D48
 10
227.5415114719499
 20
-176.3712488523699
 30
0.0
 11
227.61551395242
 21
-176.6945683945909
 31
0.0
 70
   165
 71
     5
 42
0.4712388980384745
 73
     0
 74
     0
 75
     0
  3
ISO-25
100
AcDb3PointAngularDimension
 13
228.445
 23
-175.684272
 33
0.0
 14
228.841284
 24
-177.148698
 34
0.0
 15
231.6930286405572
 25
-175.5911641729548
 35
0.0
1001
ACAD
1000
DSTYLE
1002
{
1070
   179
1070
     3
1070
    79
1070
     2
1070
   177
1070
   140
1070
   176
1070
   140
1070
   178
1070
   140
1070
    40
1040
1.032659922558193
1070
   277
1070
     2
1002
}
  0
DIMENSION
  5
9BA
330
1F
100
AcDbEntity
  8
Dimensions
100
AcDbDimension
280
     0
  2
*D49
 10
200.0380572670542
 20
-195.2908691420284
 30
0.0
 11
201.1372070648694
 21
-195.1265414552255
 31
0.0
 70
   165
 71
     5
 42
1.570796326794904
 73
     0
 74
     0
 75
     0
  3
ISO-25
100
AcDb3PointAngularDimension
 13
198.3760263145281
 23
-193.8985649999993
 33
0.0
 14
202.8278313145281
 24
-192.6217789999993
 34
0.0
 15
199.9635358145281
 25
-191.0342694999993
 35
0.0
1001
ACAD
1000
DSTYLE
1002
{
1070
   179
1070
     3
1070
    79
1070
     2
1070
   177
1070
   140
1070
   176
1070
   140
1070
   178
1070
   140
1070
    40
1040
1.032659922558193
1070
   277
1070
     2
1002
}
  0
DIMENSION
  5
9C8
330
1F
100
AcDbEntity
  8
Dimensions
100
AcDbDimension
280
     0
  2
*D50
 10
295.2986118367019
 20
-181.5659785164682
 30
0.0
 11
295.8455788118147
 21
-181.3532655795988
 31
0.0
 70
   165
 71
     5
 42
0.7853981633974346
 73
     0
 74
     0
 75
     0
  3
ISO-25
100
AcDb3PointAngularDimension
 13
294.099999
 23
-180.734999
 33
0.0
 14
296.4939459999999
 24
-179.618641
 34
0.0
 15
293.9494091879681
 25
-177.2870703424989
 35
0.0
1001
ACAD
1000
DSTYLE
1002
{
1070
   179
1070
     3
1070
    79
1070
     2
1070
   177
1070
   140
1070
   176
1070
   140
1070
   178
1070
   140
1070
    40
1040
1.032659922558193
1070
   277
1070
     2
1002
}
  0
DIMENSION
  5
9D8
330
1F
100
AcDbEntity
  8
Dimensions
100
AcDbDimension
280
     0
  2
*D51
 10
312.5583654810701
 20
-160.0338518217093
 30
0.0
 11
311.9801183280545
 21
-160.2539021518649
 31
0.0
 70
   165
 71
     5
 42
0.8726646259971574
 73
     0
 74
     0
 75
     0
  3
ISO-25
100
AcDb3PointAngularDimension
 13
313.7794799999999
 23
-160.837499
 33
0.0
 14
311.270624
 24
-162.007443
 34
0.0
 15
313.7795285023043
 25
-164.1126005272809
 35
0.0
1001
ACAD
1000
DSTYLE
1002
{
1070
   179
1070
     3
1070
    79
1070
     2
1070
   177
1070
   140
1070
   176
1070
   140
1070
   178
1070
   140
1070
    40
1040
1.032659922558193
1070
   277
1070
     2
1002
}
  0
DIMENSION
  5
9E8
330
1F
100
AcDbEntity
  8
Dimensions
100
AcDbDimension
280
     0
  2
*D52
 10
370.2054649028532
 20
-102.2613291951832
 30
0.0
 11
369.5598574600716
 21
-101.4199583098013
 31
0.0
 70
   165
 71
     5
 42
1.570796326794897
 73
     0
 74
     0
 75
     0
  3
ISO-25
100
AcDb3PointAngularDimension
 13
369.8122379999789
 23
-104.2925794468493
 33
0.0
 14
366.6872359999789
 24
-101.1675814468493
 34
0.0
 15
366.6872379999789
 25
-104.2925814468493
 35
0.0
1001
ACAD
1000
DSTYLE
1002
{
1070
   179
1070
     3
1070
    79
1070
     2
1070
   177
1070
   140
1070
   176
1070
   140
1070
   178
1070
   140
1070
    40
1040
1.032659922558193
1070
   277
1070
     2
1002
}
  0
DIMENSION
  5
9F6
330
1F
100
AcDbEntity
  8
Dimensions
100
AcDbDimension
280
     0
  2
*D53
 10
331.9520087241121
 20
-101.1903406029694
 30
0.0
 11
332.5549325213459
 21
-101.6055140660066
 31
0.0
 70
   165
 71
     5
 42
1.047197551196618
 73
     0
 74
     0
 75
     0
  3
ISO-25
100
AcDb3PointAngularDimension
 13
331.8412559999788
 23
-99.58930079673776
 33
0.0
 14
334.6514959999789
 24
-101.1825817967378
 34
0.0
 15
334.6261978213459
 25
-97.95220206600662
 35
0.0
1001
ACAD
1000
DSTYLE
1002
{
1070
   179
1070
     3
1070
    79
1070
     2
1070
   177
1070
   140
1070
   176
1070
   140
1070
   178
1070
   140
1070
    40
1040
1.032659922558193
1070
   277
1070
     2
1002
}
  0
DIMENSION
  5
A06
330
1F
100
AcDbEntity
  8
Dimensions
100
AcDbDimension
280
     0
  2
*D54
 10
330.7488264333063
 20
-96.41268419077439
 30
0.0
 11
330.1735184465545
 21
-96.0165273695446
 31
0.0
 70
   165
 71
     5
 42
1.047197551196598
 73
     0
 74
     0
 75
     0
  3
ISO-25
100
AcDb3PointAngularDimension
 13
330.8545069999788
 23
-97.94039079673776
 33
0.0
 14
328.1729849999788
 24
-96.42008879673777
 34
0.0
 15
328.1971258465545
 25
-99.50250596954464
 35
0.0
1001
ACAD
1000
DSTYLE
1002
{
1070
   179
1070
     3
1070
    79
1070
     2
1070
   177
1070
   140
1070
   176
1070
   140
1070
   178
1070
   140
1070
    40
1040
1.032659922558193
1070
   277
1070
     2
1002
}
  0
DIMENSION
  5
A16
330
1F
100
AcDbEntity
  8
Dimensions
100
AcDbDimension
280
     0
  2
*D55
 10
312.9571519045274
 20
-96.81362327197257
 30
0.0
 11
313.470995237717
 21
-97.07683370380246
 31
0.0
 70
   165
 71
     5
 42
0.7853981633974504
 73
     0
 74
     0
 75
     0
  3
ISO-25
100
AcDb3PointAngularDimension
 13
312.7849569999788
 23
-95.3892067967378
 33
0.0
 14
315.1702359999788
 24
-96.42008879673777
 34
0.0
 15
315.221981152782
 25
-93.02536134081598
 35
0.0
1001
ACAD
1000
DSTYLE
1002
{
1070
   179
1070
     3
1070
    79
1070
     2
1070
   177
1070
   140
1070
   176
1070
   140
1070
   178
1070
   140
1070
    40
1040
1.032659922558193
1070
   277
1070
     2
1002
}
  0
DIMENSION
  5
A26
330
1F
100
AcDbEntity
  8
Dimensions
100
AcDbDimension
280
     0
  2
*D56
 10
309.8712984645247
 20
-91.10085671685438
 30
0.0
 11
309.3723272368437
 21
-90.84918849840778
 31
0.0
 70
   165
 71
     5
 42
0.7853981633974494
 73
     0
 74
     0
 75
     0
  3
ISO-25
100
AcDb3PointAngularDimension
 13
310.0465929999788
 23
-92.47859079673779
 33
0.0
 14
307.7315059999787
 24
-91.49516979673777
 34
0.0
 15
307.7019553421175
 25
-94.78143751347467
 35
0.0
1001
ACAD
1000
DSTYLE
1002
{
1070
   179
1070
     3
1070
    79
1070
     2
1070
   177
1070
   140
1070
   176
1070
   140
1070
   178
1070
   140
1070
    40
1040
1.032659922558193
1070
   277
1070
     2
1002
}
  0
DIMENSION
  5
A36
330
1F
100
AcDbEntity
  8
Dimensions
100
AcDbDimension
280
     0
  2
*D57
 10
295.0020988753112
 20
-90.85539224146032
 30
0.0
 11
294.5013572625721
 21
-91.03222704495357
 31
0.0
 70
   165
 71
     5
 42
0.7853981633974709
 73
     0
 74
     0
 75
     0
  3
ISO-25
100
AcDb3PointAngularDimension
 13
296.0625389999787
 23
-91.64103179673776
 33
0.0
 14
293.8656399999787
 24
-92.58264479673775
 34
0.0
 15
296.100716937532
 25
-94.76372997721967
 35
0.0
1001
ACAD
1000
DSTYLE
1002
{
1070
   179
1070
     3
1070
    79
1070
     2
1070
   177
1070
   140
1070
   176
1070
   140
1070
   178
1070
   140
1070
    40
1040
1.032659922558193
1070
   277
1070
     2
1002
}
  0
DIMENSION
  5
A46
330
1F
100
AcDbEntity
  8
Dimensions
100
AcDbDimension
280
     0
  2
*D58
 10
274.3363310610501
 20
-95.72629195847375
 30
0.0
 11
273.70097038353
 21
-96.01653013364624
 31
0.0
 70
   165
 71
     5
 42
1.047197551196602
 73
     0
 74
     0
 75
     0
  3
ISO-25
100
AcDb3PointAngularDimension
 13
275.7015079999787
 23
-96.42009079673774
 33
0.0
 14
273.0199819999787
 24
-97.94039779673773
 34
0.0
 15
275.67736948353
 25
-99.50251393364614
 35
0.0
1001
ACAD
1000
DSTYLE
1002
{
1070
   179
1070
     3
1070
    79
1070
     2
1070
   177
1070
   140
1070
   176
1070
   140
1070
   178
1070
   140
1070
    40
1040
1.032659922558193
1070
   277
1070
     2
1002
}
  0
DIMENSION
  5
A56
330
1F
100
AcDbEntity
  8
Dimensions
100
AcDbDimension
280
     0
  2
*D59
 10
229.5434697383444
 20
-100.7870321729354
 30
0.0
 11
228.7001896043695
 21
-101.4329928747206
 31
0.0
 70
   165
 71
     5
 42
1.570796326794901
 73
     0
 74
     0
 75
     0
  3
ISO-25
100
AcDb3PointAngularDimension
 13
231.5777059999787
 23
-101.1825897967377
 33
0.0
 14
228.4450119999787
 24
-104.3100897967377
 34
0.0
 15
231.5751089999787
 25
-104.3126867967377
 35
0.0
1001
ACAD
1000
DSTYLE
1002
{
1070
   179
1070
     3
1070
    79
1070
     2
1070
   177
1070
   140
1070
   176
1070
   140
1070
   178
1070
   140
1070
    40
1040
1.032659922558193
1070
   277
1070
     2
1002
}
  0
DIMENSION
  5
A64
330
1F
100
AcDbEntity
  8
Dimensions
100
AcDbDimension
280
     0
  2
*D60
 10
270.6515266271033
 20
-101.9109264079265
 30
0.0
 11
271.3180554029673
 21
-101.6068188385065
 31
0.0
 70
   165
 71
     5
 42
1.047197551196601
 73
     0
 74
     0
 75
     0
  3
ISO-25
100
AcDb3PointAngularDimension
 13
269.2200119999787
 23
-101.1825897967377
 33
0.0
 14
272.0332239999788
 24
-99.58932279673772
 34
0.0
 15
269.2468083029673
 25
-97.94964323850641
 35
0.0
1001
ACAD
1000
DSTYLE
1002
{
1070
   179
1070
     3
1070
    79
1070
     2
1070
   177
1070
   140
1070
   176
1070
   140
1070
   178
1070
   140
1070
    40
1040
1.032659922558193
1070
   277
1070
     2
1002
}
  0
DIMENSION
  5
A74
330
1F
100
AcDbEntity
  8
Dimensions
100
AcDbDimension
280
     0
  2
*D61
 10
212.1844716362649
 20
-102.1748668348746
 30
0.0
 11
211.5054964354298
 21
-101.2927964909421
 31
0.0
 70
   165
 71
     5
 42
1.570796326794892
 73
     0
 74
     0
 75
     0
  3
ISO-25
100
AcDb3PointAngularDimension
 13
211.7749893145281
 23
-104.3074959999992
 33
0.0
 14
208.4899893145281
 24
-101.0324959999993
 34
0.0
 15
208.4949893145281
 25
-104.3124959999993
 35
0.0
1001
ACAD
1000
DSTYLE
1002
{
1070
   179
1070
     3
1070
    79
1070
     2
1070
   177
1070
   140
1070
   176
1070
   140
1070
   178
1070
   140
1070
    40
1040
1.032659922558193
1070
   277
1070
     2
1002
}
  0
DIMENSION
  5
A82
330
1F
100
AcDbEntity
  8
Dimensions
100
AcDbDimension
280
     0
  2
*D62
 10
168.2756419071066
 20
-101.0398986341482
 30
0.0
 11
168.8509506980794
 21
-101.4360566630908
 31
0.0
 70
   165
 71
     5
 42
1.047197551196599
 73
     0
 74
     0
 75
     0
  3
ISO-25
100
AcDb3PointAngularDimension
 13
168.1699623145281
 23
-99.51218899999924
 33
0.0
 14
170.8514883145281
 24
-101.0324959999993
 34
0.0
 15
170.8273497980795
 25
-97.9500728630908
 35
0.0
1001
ACAD
1000
DSTYLE
1002
{
1070
   179
1070
     3
1070
    79
1070
     2
1070
   177
1070
   140
1070
   176
1070
   140
1070
   178
1070
   140
1070
    40
1040
1.032659922558193
1070
   277
1070
     2
1002
}
  0
DIMENSION
  5
A92
330
1F
100
AcDbEntity
  8
Dimensions
100
AcDbDimension
280
     0
  2
*D63
 10
167.072462590395
 20
-96.26223919376761
 30
0.0
 11
166.4695387931611
 21
-95.84706573073042
 31
0.0
 70
   165
 71
     5
 42
1.047197551196598
 73
     0
 74
     0
 75
     0
  3
ISO-25
100
AcDb3PointAngularDimension
 13
167.1832153145281
 23
-97.86327899999924
 33
0.0
 14
164.3729753145281
 24
-96.26999799999923
 34
0.0
 15
164.398273493161
 25
-99.5003777307304
 35
0.0
1001
ACAD
1000
DSTYLE
1002
{
1070
   179
1070
     3
1070
    79
1070
     2
1070
   177
1070
   140
1070
   176
1070
   140
1070
   178
1070
   140
1070
    40
1040
1.032659922558193
1070
   277
1070
     2
1002
}
  0
DIMENSION
  5
AA2
330
1F
100
AcDbEntity
  8
Dimensions
100
AcDbDimension
280
     0
  2
*D64
 10
149.2723159775395
 20
-96.65657302528763
 30
0.0
 11
149.7543476564414
 21
-96.89787585340903
 31
0.0
 70
   165
 71
     5
 42
0.785398163397592
 73
     0
 74
     0
 75
     0
  3
ISO-25
100
AcDb3PointAngularDimension
 13
149.0992203145281
 23
-95.32814400000007
 33
0.0
 14
151.3351763400522
 24
-96.26999799999923
 34
0.0
 15
151.3541166775766
 25
-93.10003331915513
 35
0.0
1001
ACAD
1000
DSTYLE
1002
{
1070
   179
1070
     3
1070
    79
1070
     2
1070
   177
1070
   140
1070
   176
1070
   140
1070
   178
1070
   140
1070
    40
1040
1.032659922558193
1070
   277
1070
     2
1002
}
  0
DIMENSION
  5
AB2
330
1F
100
AcDbEntity
  8
Dimensions
100
AcDbDimension
280
     0
  2
*D65
 10
126.0067661863661
 20
-97.08167641812818
 30
0.0
 11
126.5256624504062
 21
-96.89666820925292
 31
0.0
 70
   165
 71
     5
 42
0.7853981633974491
 73
     0
 74
     0
 75
     0
  3
ISO-25
100
AcDb3PointAngularDimension
 13
124.9042493145281
 23
-96.27000300000007
 33
0.0
 14
127.1802793144011
 24
-95.28633700013492
 34
0.0
 15
124.8548744156048
 25
-93.03075875303675
 35
0.0
1001
ACAD
1000
DSTYLE
1002
{
1070
   179
1070
     3
1070
    79
1070
     2
1070
   177
1070
   140
1070
   176
1070
   140
1070
   178
1070
   140
1070
    40
1040
1.032659922558193
1070
   277
1070
     2
1002
}
  0
DIMENSION
  5
AC2
330
1F
100
AcDbEntity
  8
Dimensions
100
AcDbDimension
280
     0
  2
*D66
 10
110.4707939852816
 20
-95.54290130414894
 30
0.0
 11
109.804935840018
 21
-95.84707073073123
 31
0.0
 70
   165
 71
     5
 42
1.047197551196596
 73
     0
 74
     0
 75
     0
  3
ISO-25
100
AcDb3PointAngularDimension
 13
111.901499318651
 23
-96.27000300000007
 33
0.0
 14
109.091259318651
 24
-97.86328400000006
 34
0.0
 15
111.876201140018
 25
-99.50038273073129
 35
0.0
1001
ACAD
1000
DSTYLE
1002
{
1070
   179
1070
     3
1070
    79
1070
     2
1070
   177
1070
   140
1070
   176
1070
   140
1070
   178
1070
   140
1070
    40
1040
1.032659922558193
1070
   277
1070
     2
1002
}
  0
DIMENSION
  5
AD2
330
1F
100
AcDbEntity
  8
Dimensions
100
AcDbDimension
280
     0
  2
*D67
 10
106.7881602587082
 20
-101.7263008382127
 30
0.0
 11
107.4235209365305
 21
-101.4360626626226
 31
0.0
 70
   165
 71
     5
 42
1.047197551196601
 73
     0
 74
     0
 75
     0
  3
ISO-25
100
AcDb3PointAngularDimension
 13
105.4229833186508
 23
-101.032502
 33
0.0
 14
108.1045093198189
 24
-99.5121949980484
 34
0.0
 15
105.4471218339934
 25
-97.95007886110416
 35
0.0
1001
ACAD
1000
DSTYLE
1002
{
1070
   179
1070
     3
1070
    79
1070
     2
1070
   177
1070
   140
1070
   176
1070
   140
1070
   178
1070
   140
1070
    40
1040
1.032659922558193
1070
   277
1070
     2
1002
}
  0
DIMENSION
  5
AE2
330
1F
100
AcDbEntity
  8
Dimensions
100
AcDbDimension
280
     0
  2
*D68
 10
188.45482174945
 20
-169.4310464408756
 30
0.0
 11
180.9356732018129
 21
-166.9265848653517
 31
0.0
 70
   165
 71
     5
 42
0.5235987755982981
 73
     0
 74
     0
 75
     0
  3
ISO-25
100
AcDb3PointAngularDimension
 13
191.9241801424389
 23
-194.3381395345059
 33
0.0
 14
157.1386462338665
 24
-184.4149273154253
 34
0.0
 15
156.0144471002042
 25
-254.2872233825668
 35
0.0
1001
ACAD
1000
DSTYLE
1002
{
1070
   179
1070
     3
1070
    79
1070
     2
1070
   177
1070
   140
1070
   176
1070
   140
1070
   178
1070
   140
1070
    40
1040
1.032659922558193
1070
   277
1070
     2
1002
}
  0
DIMENSION
  5
AF0
330
1F
100
AcDbEntity
  8
Dimensions
100
AcDbDimension
280
     0
  2
*D69
 10
268.5043635898409
 20
-165.4920411846278
 30
0.0
 11
261.1130547281041
 21
-167.099010995946
 31
0.0
 70
   165
 71
     5
 42
0.5235987755982985
 73
     0
 74
     0
 75
     0
  3
ISO-25
100
AcDb3PointAngularDimension
 13
283.4839463896578
 23
-184.2448392265907
 33
0.0
 14
250.0999059794827
 24
-193.0440832465389
 34
0.0
 15
283.2115390598919
 25
-250.9399287229179
 35
0.0
1001
ACAD
1000
DSTYLE
1002
{
1070
   179
1070
     3
1070
    79
1070
     2
1070
   177
1070
   140
1070
   176
1070
   140
1070
   178
1070
   140
1070
    40
1040
1.032659922558193
1070
   277
1070
     2
1002
}
  0
CIRCLE
  5
AFF
330
1F
100
AcDbEntity
  8
Sketch 04
100
AcDbCircle
 10
199.955440183824
 20
-181.198287591849
 30
0.0
 40
2.600000000000001
  0
CIRCLE
  5
B00
330
1F
100
AcDbEntity
  8
Sketch 04
100
AcDbCircle
 10
198.6604047136127
 20
-112.0599979999996
 30
0.0
 40
2.600000000000001
  0
CIRCLE
  5
B01
330
1F
100
AcDbEntity
  8
Sketch 04
100
AcDbCircle
 10
241.4282446636628
 20
-112.1350847967377
 30
0.0
 40
2.600000000000001
  0
DIMENSION
  5
B02
330
1F
100
AcDbEntity
  8
Dimensions
100
AcDbDimension
280
     0
  2
*D70
 10
202.5554400689788
 20
-181.1975148082325
 30
0.0
 11
200.6741137945726
 21
-181.1980739844581
 31
0.0
 70
   163
 71
     5
 42
5.199999999999978
 73
     0
 74
     0
 75
     0
  3
ISO-25
100
AcDbDiametricDimension
 15
197.3554402986691
 25
-181.1990603754656
 35
0.0
 40
0.0
1001
ACAD
1000
DSTYLE
1002
{
1070
   271
1070
     3
1070
    78
1070
     8
1070
   177
1070
   140
1070
   176
1070
   140
1070
   178
1070
   140
1070
    40
1040
0.3539918551992829
1070
   277
1070
     2
1002
}
  0
DIMENSION
  5
B0B
330
1F
100
AcDbEntity
  8
Dimensions
100
AcDbDimension
280
     0
  2
*D71
 10
201.2604047136127
 20
-112.0599979999996
 30
0.0
 11
199.379078356106
 21
-112.0599979999996
 31
0.0
 70
   163
 71
     5
 42
5.199999999999989
 73
     0
 74
     0
 75
     0
  3
ISO-25
100
AcDbDiametricDimension
 15
196.0604047136127
 25
-112.0599979999996
 35
0.0
 40
0.0
1001
ACAD
1000
DSTYLE
1002
{
1070
   271
1070
     3
1070
    78
1070
     8
1070
   177
1070
   140
1070
   176
1070
   140
1070
   178
1070
   140
1070
    40
1040
0.3539918551992829
1070
   277
1070
     2
1002
}
  0
DIMENSION
  5
B14
330
1F
100
AcDbEntity
  8
Dimensions
100
AcDbDimension
280
     0
  2
*D72
 10
238.8282446636628
 20
-112.1350847967377
 30
0.0
 11
240.7095710211695
 21
-112.1350847967377
 31
0.0
 70
   163
 71
     5
 42
5.199999999999989
 73
     0
 74
     0
 75
     0
  3
ISO-25
100
AcDbDiametricDimension
 15
244.0282446636628
 25
-112.1350847967377
 35
0.0
 40
0.0
1001
ACAD
1000
DSTYLE
1002
{
1070
   271
1070
     3
1070
    78
1070
     8
1070
   177
1070
   140
1070
   176
1070
   140
1070
   178
1070
   140
1070
    40
1040
0.3539918551992829
1070
   277
1070
     2
1002
}
  0
ENDSEC
  0
SECTION
  2
OBJECTS
  0
DICTIONARY
  5
C
330
0
100
AcDbDictionary
281
     1
  3
ACAD_DETAILVIEWSTYLE
350
B54
  3
ACAD_GROUP
350
D
  3
ACAD_LAYOUT
350
1A
  3
ACAD_MATERIAL
350
43
  3
ACAD_MLEADERSTYLE
350
5B
  3
ACAD_MLINESTYLE
350
17
  3
ACAD_PLOTSETTINGS
350
19
  3
ACAD_PLOTSTYLENAME
350
E
  3
ACAD_SCALELIST
350
47
  3
ACAD_SECTIONVIEWSTYLE
350
B55
  3
ACAD_TABLESTYLE
350
59
  3
ACAD_VISUALSTYLE
350
2A
  3
AcDbVariableDictionary
350
B1D
  3
ACDB_RECOMPOSE_DATA
350
B51
  0
SUN
  5
5D
330
29
100
AcDbSun
 90
        1
290
     0
 63
     7
421
 16777215
 40
1.0
291
     1
 91
  2455826
 92
 54000000
292
     0
 70
     2
 71
   256
280
     1
  0
DICTIONARY
  5
B54
102
{ACAD_REACTORS
330
C
102
}
330
C
100
AcDbDictionary
281
     1
  0
DICTIONARY
  5
D
102
{ACAD_REACTORS
330
C
102
}
330
C
100
AcDbDictionary
281
     1
  0
DICTIONARY
  5
1A
102
{ACAD_REACTORS
330
C
102
}
330
C
100
AcDbDictionary
281
     1
  3
Layout1
350
1E
  3
Layout2
350
26
  3
Model
350
22
  0
DICTIONARY
  5
43
102
{ACAD_REACTORS
330
C
102
}
330
C
100
AcDbDictionary
281
     1
  3
ByBlock
350
45
  3
ByLayer
350
44
  3
Global
350
46
  0
DICTIONARY
  5
5B
102
{ACAD_REACTORS
330
C
102
}
330
C
100
AcDbDictionary
281
     1
  3
Standard
350
5C
  0
DICTIONARY
  5
17
102
{ACAD_REACTORS
330
C
102
}
330
C
100
AcDbDictionary
281
     1
  3
Standard
350
18
  0
DICTIONARY
  5
19
102
{ACAD_REACTORS
330
C
102
}
330
C
100
AcDbDictionary
281
     1
  0
ACDBDICTIONARYWDFLT
  5
E
102
{ACAD_REACTORS
330
C
102
}
330
C
100
AcDbDictionary
281
     1
  3
Normal
350
F
100
AcDbDictionaryWithDefault
340
F
  0
DICTIONARY
  5
47
102
{ACAD_REACTORS
330
C
102
}
330
C
100
AcDbDictionary
281
     1
  3
A0
350
48
  3
A1
350
49
  3
A2
350
4A
  3
A3
350
4B
  3
A4
350
4C
  3
A5
350
4D
  3
A6
350
4E
  3
A7
350
4F
  3
A8
350
50
  3
A9
350
51
  3
B0
350
52
  3
B1
350
53
  3
B2
350
54
  3
B3
350
55
  3
B4
350
56
  3
B5
350
57
  3
B6
350
58
  0
DICTIONARY
  5
B55
102
{ACAD_REACTORS
330
C
102
}
330
C
100
AcDbDictionary
281
     1
  0
DICTIONARY
  5
59
102
{ACAD_REACTORS
330
C
102
}
330
C
100
AcDbDictionary
281
     1
  3
Standard
350
5A
  0
DICTIONARY
  5
2A
102
{ACAD_REACTORS
330
C
102
}
330
C
100
AcDbDictionary
281
     1
  3
2dWireframe
350
2F
  3
Basic
350
32
  3
Brighten
350
36
  3
ColorChange
350
3A
  3
Conceptual
350
34
  3
Dim
350
35
  3
EdgeColorOff
350
3D
  3
Facepattern
350
39
  3
Flat
350
2B
  3
FlatWithEdges
350
2C
  3
Gouraud
350
2D
  3
GouraudWithEdges
350
2E
  3
Hidden
350
31
  3
JitterOff
350
3B
  3
Linepattern
350
38
  3
OverhangOff
350
3C
  3
Realistic
350
33
  3
Shaded
350
42
  3
Shaded with edges
350
41
  3
Shades of Gray
350
3E
  3
Sketchy
350
3F
  3
Thicken
350
37
  3
Wireframe
350
30
  3
X-Ray
350
40
  0
DICTIONARY
  5
B1D
102
{ACAD_REACTORS
330
C
102
}
330
C
100
AcDbDictionary
281
     1
  3
CANNOSCALE
350
B1E
  3
CENTEREXE
350
B56
  3
CENTERLTYPEFILE
350
B57
  3
CMLEADERSTYLE
350
B53
  3
CTABLESTYLE
350
B52
  0
XRECORD
  5
B51
102
{ACAD_REACTORS
330
C
102
}
330
C
100
AcDbXrecord
280
     1
 90
        1
330
5A
  0
LAYOUT
  5
1E
102
{ACAD_REACTORS
330
1A
102
}
330
1A
100
AcDbPlotSettings
  1

  2
none_device
  4

  6

 40
0.0
 41
0.0
 42
0.0
 43
0.0
 44
0.0
 45
0.0
 46
0.0
 47
0.0
 48
0.0
 49
0.0
140
0.0
141
0.0
142
1.0
143
1.0
 70
   688
 72
     1
 73
     0
 74
     5
  7

 75
    16
 76
     0
 77
     2
 78
   300
147
1.0
148
0.0
149
0.0
100
AcDbLayout
  1
Layout1
 70
     1
 71
     1
 10
0.0
 20
0.0
 11
420.0
 21
297.0
 12
0.0
 22
0.0
 32
0.0
 14
1.000000000000000E+20
 24
1.000000000000000E+20
 34
1.000000000000000E+20
 15
-1.000000000000000E+20
 25
-1.000000000000000E+20
 35
-1.000000000000000E+20
146
0.0
 13
0.0
 23
0.0
 33
0.0
 16
1.0
 26
0.0
 36
0.0
 17
0.0
 27
1.0
 37
0.0
 76
     0
330
1B
  0
LAYOUT
  5
26
102
{ACAD_REACTORS
330
1A
102
}
330
1A
100
AcDbPlotSettings
  1

  2
none_device
  4

  6

 40
0.0
 41
0.0
 42
0.0
 43
0.0
 44
0.0
 45
0.0
 46
0.0
 47
0.0
 48
0.0
 49
0.0
140
0.0
141
0.0
142
1.0
143
1.0
 70
   688
 72
     1
 73
     0
 74
     5
  7

 75
    16
 76
     0
 77
     2
 78
   300
147
1.0
148
0.0
149
0.0
100
AcDbLayout
  1
Layout2
 70
     1
 71
     2
 10
0.0
 20
0.0
 11
0.0
 21
0.0
 12
0.0
 22
0.0
 32
0.0
 14
0.0
 24
0.0
 34
0.0
 15
0.0
 25
0.0
 35
0.0
146
0.0
 13
0.0
 23
0.0
 33
0.0
 16
1.0
 26
0.0
 36
0.0
 17
0.0
 27
1.0
 37
0.0
 76
     0
330
23
  0
LAYOUT
  5
22
102
{ACAD_REACTORS
330
1A
102
}
330
1A
100
AcDbPlotSettings
  1

  2
none_device
  4
Letter_(8.50_x_11.00_Inches)
  6

 40
6.35
 41
6.35
 42
6.35000508
 43
6.35000508
 44
215.9
 45
279.4
 46
0.0
 47
0.0
 48
0.0
 49
0.0
140
0.0
141
0.0
142
1.0
143
1.0
 70
  1712
 72
     1
 73
     0
 74
     0
  7

 75
     0
 76
     0
 77
     2
 78
   300
147
1.0
148
0.0
149
0.0
100
AcDbLayout
  1
Model
 70
     1
 71
     0
 10
0.0
 20
0.0
 11
420.0
 21
297.0
 12
0.0
 22
0.0
 32
0.0
 14
1.000000000000000E+20
 24
1.000000000000000E+20
 34
1.000000000000000E+20
 15
-1.000000000000000E+20
 25
-1.000000000000000E+20
 35
-1.000000000000000E+20
146
0.0
 13
0.0
 23
0.0
 33
0.0
 16
1.0
 26
0.0
 36
0.0
 17
0.0
 27
1.0
 37
0.0
 76
     0
330
1F
331
29
  0
MATERIAL
  5
45
102
{ACAD_REACTORS
330
43
102
}
330
43
100
AcDbMaterial
  1
ByBlock
 72
     1
 94
      127
  0
MATERIAL
  5
44
102
{ACAD_REACTORS
330
43
102
}
330
43
100
AcDbMaterial
  1
ByLayer
 72
     1
 94
      127
  0
MATERIAL
  5
46
102
{ACAD_REACTORS
330
43
102
}
330
43
100
AcDbMaterial
  1
Global
 72
     1
 94
      127
  0
MLEADERSTYLE
  5
5C
102
{ACAD_REACTORS
330
5B
102
}
330
5B
100
AcDbMLeaderStyle
179
     2
170
     2
171
     1
172
     0
 90
        2
 40
0.0
 41
0.0
173
     1
 91
-1056964608
340
14
 92
       -2
290
     1
 42
2.0
291
     1
 43
8.0
  3
Standard
341
0
 44
4.0
300

342
11
174
     1
178
     6
175
     1
176
     0
 93
-1056964608
 45
4.0
292
     0
297
     0
 46
4.0
343
0
 94
-1056964608
 47
1.0
 49
1.0
140
1.0
293
     1
141
0.0
294
     1
177
     0
142
1.0
295
     0
296
     0
143
3.75
271
     0
272
     9
273
     9
  0
MLINESTYLE
  5
18
102
{ACAD_REACTORS
330
17
102
}
330
17
100
AcDbMlineStyle
  2
Standard
 70
     0
  3

 62
   256
 51
90.0
 52
90.0
 71
     2
 49
0.5
 62
   256
  6
BYLAYER
 49
-0.5
 62
   256
  6
BYLAYER
  0
ACDBPLACEHOLDER
  5
F
102
{ACAD_REACTORS
330
E
102
}
330
E
  0
SCALE
  5
48
102
{ACAD_REACTORS
330
47
102
}
330
47
100
AcDbScale
 70
     0
300
1:1
140
1.0
141
1.0
290
     1
  0
SCALE
  5
49
102
{ACAD_REACTORS
330
47
102
}
330
47
100
AcDbScale
 70
     0
300
1:2
140
1.0
141
2.0
290
     0
  0
SCALE
  5
4A
102
{ACAD_REACTORS
330
47
102
}
330
47
100
AcDbScale
 70
     0
300
1:4
140
1.0
141
4.0
290
     0
  0
SCALE
  5
4B
102
{ACAD_REACTORS
330
47
102
}
330
47
100
AcDbScale
 70
     0
300
1:5
140
1.0
141
5.0
290
     0
  0
SCALE
  5
4C
102
{ACAD_REACTORS
330
47
102
}
330
47
100
AcDbScale
 70
     0
300
1:8
140
1.0
141
8.0
290
     0
  0
SCALE
  5
4D
102
{ACAD_REACTORS
330
47
102
}
330
47
100
AcDbScale
 70
     0
300
1:10
140
1.0
141
10.0
290
     0
  0
SCALE
  5
4E
102
{ACAD_REACTORS
330
47
102
}
330
47
100
AcDbScale
 70
     0
300
1:16
140
1.0
141
16.0
290
     0
  0
SCALE
  5
4F
102
{ACAD_REACTORS
330
47
102
}
330
47
100
AcDbScale
 70
     0
300
1:20
140
1.0
141
20.0
290
     0
  0
SCALE
  5
50
102
{ACAD_REACTORS
330
47
102
}
330
47
100
AcDbScale
 70
     0
300
1:30
140
1.0
141
30.0
290
     0
  0
SCALE
  5
51
102
{ACAD_REACTORS
330
47
102
}
330
47
100
AcDbScale
 70
     0
300
1:40
140
1.0
141
40.0
290
     0
  0
SCALE
  5
52
102
{ACAD_REACTORS
330
47
102
}
330
47
100
AcDbScale
 70
     0
300
1:50
140
1.0
141
50.0
290
     0
  0
SCALE
  5
53
102
{ACAD_REACTORS
330
47
102
}
330
47
100
AcDbScale
 70
     0
300
1:100
140
1.0
141
100.0
290
     0
  0
SCALE
  5
54
102
{ACAD_REACTORS
330
47
102
}
330
47
100
AcDbScale
 70
     0
300
2:1
140
2.0
141
1.0
290
     0
  0
SCALE
  5
55
102
{ACAD_REACTORS
330
47
102
}
330
47
100
AcDbScale
 70
     0
300
4:1
140
4.0
141
1.0
290
     0
  0
SCALE
  5
56
102
{ACAD_REACTORS
330
47
102
}
330
47
100
AcDbScale
 70
     0
300
8:1
140
8.0
141
1.0
290
     0
  0
SCALE
  5
57
102
{ACAD_REACTORS
330
47
102
}
330
47
100
AcDbScale
 70
     0
300
10:1
140
10.0
141
1.0
290
     0
  0
SCALE
  5
58
102
{ACAD_REACTORS
330
47
102
}
330
47
100
AcDbScale
 70
     0
300
100:1
140
100.0
141
1.0
290
     0
  0
TABLESTYLE
  5
5A
102
{ACAD_REACTORS
330
59
102
}
102
{ACAD_XDICTIONARY
360
B4F
102
}
330
59
100
AcDbTableStyle
  3
Standard
 70
     0
 71
     0
 40
0.06
 41
0.06
280
     0
281
     0
  7
Standard
140
4.5
170
     2
 62
     0
 63
   257
283
     0
 90
        4
 91
        0
  1

274
    -2
284
     1
 64
     0
275
    -2
285
     1
 65
     0
276
    -2
286
     1
 66
     0
277
    -2
287
     1
 67
     0
278
    -2
288
     1
 68
     0
279
    -2
289
     1
 69
     0
  7
Standard
140
6.0
170
     5
 62
     0
 63
   257
283
     0
 90
        4
 91
        0
  1

274
    -2
284
     1
 64
     0
275
    -2
285
     1
 65
     0
276
    -2
286
     1
 66
     0
277
    -2
287
     1
 67
     0
278
    -2
288
     1
 68
     0
279
    -2
289
     1
 69
     0
  7
Standard
140
4.5
170
     5
 62
     0
 63
   257
283
     0
 90
        4
 91
        0
  1

274
    -2
284
     1
 64
     0
275
    -2
285
     1
 65
     0
276
    -2
286
     1
 66
     0
277
    -2
287
     1
 67
     0
278
    -2
288
     1
 68
     0
279
    -2
289
     1
 69
     0
  0
VISUALSTYLE
  5
2F
102
{ACAD_REACTORS
330
2A
102
}
102
{ACAD_XDICTIONARY
360
B27
102
}
330
2A
100
AcDbVisualStyle
  2
2dWireframe
 70
     4
177
     2
291
     0
 71
     0
176
     1
 72
     2
176
     1
 73
     0
176
     1
 90
        0
176
     1
 40
0.6
176
     1
 41
30.0
176
     1
 62
     5
 63
     7
421
 16777215
176
     1
 74
     1
176
     1
 91
        4
176
     1
 64
     7
176
     1
 65
   257
176
     1
 75
     1
176
     1
175
     1
176
     1
 42
1.0
176
     1
 92
        0
176
     1
 66
   257
176
     1
 43
1.0
176
     1
 76
     1
176
     1
 77
     6
176
     1
 78
     2
176
     1
 67
     7
176
     1
 79
     5
176
     1
170
     0
176
     1
171
     0
176
     1
290
     0
176
     1
 93
        1
176
     1
 44
0.0
176
     1
173
     0
176
     1
  0
VISUALSTYLE
  5
32
102
{ACAD_REACTORS
330
2A
102
}
102
{ACAD_XDICTIONARY
360
B2D
102
}
330
2A
100
AcDbVisualStyle
  2
Basic
 70
     7
177
     2
291
     1
 71
     1
176
     1
 72
     0
176
     1
 73
     1
176
     1
 90
        0
176
     1
 40
0.6
176
     1
 41
30.0
176
     1
 62
     5
 63
     7
421
 16777215
176
     1
 74
     0
176
     1
 91
        4
176
     1
 64
     7
176
     1
 65
   257
176
     1
 75
     1
176
     1
175
     1
176
     1
 42
1.0
176
     1
 92
        8
176
     1
 66
     7
176
     1
 43
1.0
176
     1
 76
     1
176
     1
 77
     6
176
     1
 78
     2
176
     1
 67
     7
176
     1
 79
     5
176
     1
170
     0
176
     1
171
     0
176
     1
290
     0
176
     1
 93
        1
176
     1
 44
0.0
176
     1
173
     0
176
     1
  0
VISUALSTYLE
  5
36
102
{ACAD_REACTORS
330
2A
102
}
102
{ACAD_XDICTIONARY
360
B35
102
}
330
2A
100
AcDbVisualStyle
  2
Brighten
 70
    12
177
     2
291
     1
 71
     2
176
     1
 72
     2
176
     1
 73
     0
176
     1
 90
        0
176
     1
 40
0.6
176
     1
 41
30.0
176
     1
 62
     5
 63
     7
421
 16777215
176
     1
 74
     1
176
     1
 91
        4
176
     1
 64
     7
176
     1
 65
   257
176
     1
 75
     1
176
     1
175
     1
176
     1
 42
1.0
176
     1
 92
        8
176
     1
 66
     7
176
     1
 43
1.0
176
     1
 76
     1
176
     1
 77
     6
176
     1
 78
     2
176
     1
 67
     7
176
     1
 79
     5
176
     1
170
     0
176
     1
171
     0
176
     1
290
     0
176
     1
 93
        1
176
     1
 44
50.0
176
     1
173
     0
176
     1
  0
VISUALSTYLE
  5
3A
102
{ACAD_REACTORS
330
2A
102
}
102
{ACAD_XDICTIONARY
360
B3D
102
}
330
2A
100
AcDbVisualStyle
  2
ColorChange
 70
    16
177
     2
291
     1
 71
     2
176
     1
 72
     2
176
     1
 73
     3
176
     1
 90
        0
176
     1
 40
0.6
176
     1
 41
30.0
176
     1
 62
     5
 63
     8
421
  8421504
176
     1
 74
     1
176
     1
 91
        4
176
     1
 64
     7
176
     1
 65
   257
176
     1
 75
     1
176
     1
175
     1
176
     1
 42
1.0
176
     1
 92
        8
176
     1
 66
     8
424
  8421504
176
     1
 43
1.0
176
     1
 76
     1
176
     1
 77
     6
176
     1
 78
     2
176
     1
 67
     7
176
     1
 79
     5
176
     1
170
     0
176
     1
171
     0
176
     1
290
     0
176
     1
 93
        1
176
     1
 44
0.0
176
     1
173
     0
176
     1
  0
VISUALSTYLE
  5
34
102
{ACAD_REACTORS
330
2A
102
}
102
{ACAD_XDICTIONARY
360
B31
102
}
330
2A
100
AcDbVisualStyle
  2
Conceptual
 70
     9
177
     2
291
     0
 71
     3
176
     1
 72
     2
176
     1
 73
     0
176
     1
 90
        0
176
     1
 40
0.6
176
     1
 41
30.0
176
     1
 62
     5
 63
     7
421
 16777215
176
     1
 74
     2
176
     1
 91
        2
176
     1
 64
     7
176
     1
 65
   257
176
     1
 75
     1
176
     1
175
     1
176
     1
 42
179.0
176
     1
 92
        8
176
     1
 66
     7
176
     1
 43
1.0
176
     1
 76
     1
176
     1
 77
     6
176
     1
 78
     2
176
     1
 67
     7
176
     1
 79
     3
176
     1
170
     0
176
     1
171
     0
176
     1
290
     0
176
     1
 93
        1
176
     1
 44
0.0
176
     1
173
     0
176
     1
  0
VISUALSTYLE
  5
35
102
{ACAD_REACTORS
330
2A
102
}
102
{ACAD_XDICTIONARY
360
B33
102
}
330
2A
100
AcDbVisualStyle
  2
Dim
 70
    11
177
     2
291
     1
 71
     2
176
     1
 72
     2
176
     1
 73
     0
176
     1
 90
        0
176
     1
 40
0.6
176
     1
 41
30.0
176
     1
 62
     5
 63
     7
421
 16777215
176
     1
 74
     1
176
     1
 91
        4
176
     1
 64
     7
176
     1
 65
   257
176
     1
 75
     1
176
     1
175
     1
176
     1
 42
1.0
176
     1
 92
        8
176
     1
 66
     7
176
     1
 43
1.0
176
     1
 76
     1
176
     1
 77
     6
176
     1
 78
     2
176
     1
 67
     7
176
     1
 79
     5
176
     1
170
     0
176
     1
171
     0
176
     1
290
     0
176
     1
 93
        1
176
     1
 44
-50.0
176
     1
173
     0
176
     1
  0
VISUALSTYLE
  5
3D
102
{ACAD_REACTORS
330
2A
102
}
102
{ACAD_XDICTIONARY
360
B43
102
}
330
2A
100
AcDbVisualStyle
  2
EdgeColorOff
 70
    22
177
     2
291
     1
 71
     2
176
     0
 72
     2
176
     0
 73
     0
176
     0
 90
        0
176
     0
 40
0.6
176
     0
 41
30.0
176
     0
 62
     5
 63
     7
421
 16777215
176
     0
 74
     1
176
     0
 91
        4
176
     0
 64
     7
176
     0
 65
   257
176
     0
 75
     1
176
     0
175
     1
176
     0
 42
1.0
176
     0
 92
        8
176
     2
 66
     7
176
     0
 43
1.0
176
     0
 76
     1
176
     0
 77
     6
176
     0
 78
     2
176
     0
 67
     7
176
     0
 79
     5
176
     0
170
     0
176
     0
171
     0
176
     0
290
     0
176
     0
 93
        1
176
     0
 44
0.0
176
     0
173
     0
176
     0
  0
VISUALSTYLE
  5
39
102
{ACAD_REACTORS
330
2A
102
}
102
{ACAD_XDICTIONARY
360
B3B
102
}
330
2A
100
AcDbVisualStyle
  2
Facepattern
 70
    15
177
     2
291
     1
 71
     2
176
     1
 72
     2
176
     1
 73
     0
176
     1
 90
        0
176
     1
 40
0.6
176
     1
 41
30.0
176
     1
 62
     5
 63
     7
421
 16777215
176
     1
 74
     1
176
     1
 91
        4
176
     1
 64
     7
176
     1
 65
   257
176
     1
 75
     1
176
     1
175
     1
176
     1
 42
1.0
176
     1
 92
        8
176
     1
 66
     7
176
     1
 43
1.0
176
     1
 76
     1
176
     1
 77
     6
176
     1
 78
     2
176
     1
 67
     7
176
     1
 79
     5
176
     1
170
     0
176
     1
171
     0
176
     1
290
     0
176
     1
 93
        1
176
     1
 44
0.0
176
     1
173
     0
176
     1
  0
VISUALSTYLE
  5
2B
102
{ACAD_REACTORS
330
2A
102
}
102
{ACAD_XDICTIONARY
360
B1F
102
}
330
2A
100
AcDbVisualStyle
  2
Flat
 70
     0
177
     2
291
     1
 71
     2
176
     1
 72
     1
176
     1
 73
     1
176
     1
 90
        2
176
     1
 40
0.6
176
     1
 41
30.0
176
     1
 62
     5
 63
     7
421
 16777215
176
     1
 74
     0
176
     1
 91
        0
176
     1
 64
     7
176
     1
 65
   257
176
     1
 75
     1
176
     1
175
     1
176
     1
 42
1.0
176
     1
 92
        8
176
     1
 66
     7
176
     1
 43
1.0
176
     1
 76
     1
176
     1
 77
     6
176
     1
 78
     2
176
     1
 67
     7
176
     1
 79
     5
176
     1
170
     0
176
     1
171
     0
176
     1
290
     0
176
     1
 93
       13
176
     1
 44
0.0
176
     1
173
     0
176
     1
  0
VISUALSTYLE
  5
2C
102
{ACAD_REACTORS
330
2A
102
}
102
{ACAD_XDICTIONARY
360
B21
102
}
330
2A
100
AcDbVisualStyle
  2
FlatWithEdges
 70
     1
177
     2
291
     1
 71
     2
176
     1
 72
     1
176
     1
 73
     1
176
     1
 90
        2
176
     1
 40
0.6
176
     1
 41
30.0
176
     1
 62
     5
 63
     7
421
 16777215
176
     1
 74
     1
176
     1
 91
        0
176
     1
 64
     7
176
     1
 65
   257
176
     1
 75
     1
176
     1
175
     1
176
     1
 42
1.0
176
     1
 92
        0
176
     1
 66
   257
176
     1
 43
1.0
176
     1
 76
     1
176
     1
 77
     6
176
     1
 78
     2
176
     1
 67
     7
176
     1
 79
     5
176
     1
170
     0
176
     1
171
     0
176
     1
290
     0
176
     1
 93
       13
176
     1
 44
0.0
176
     1
173
     0
176
     1
  0
VISUALSTYLE
  5
2D
102
{ACAD_REACTORS
330
2A
102
}
102
{ACAD_XDICTIONARY
360
B23
102
}
330
2A
100
AcDbVisualStyle
  2
Gouraud
 70
     2
177
     2
291
     1
 71
     2
176
     1
 72
     2
176
     1
 73
     1
176
     1
 90
        2
176
     1
 40
0.6
176
     1
 41
30.0
176
     1
 62
     5
 63
     7
421
 16777215
176
     1
 74
     0
176
     1
 91
        0
176
     1
 64
     7
176
     1
 65
   257
176
     1
 75
     1
176
     1
175
     1
176
     1
 42
1.0
176
     1
 92
        0
176
     1
 66
     7
176
     1
 43
1.0
176
     1
 76
     1
176
     1
 77
     6
176
     1
 78
     2
176
     1
 67
     7
176
     1
 79
     5
176
     1
170
     0
176
     1
171
     0
176
     1
290
     0
176
     1
 93
       13
176
     1
 44
0.0
176
     1
173
     0
176
     1
  0
VISUALSTYLE
  5
2E
102
{ACAD_REACTORS
330
2A
102
}
102
{ACAD_XDICTIONARY
360
B25
102
}
330
2A
100
AcDbVisualStyle
  2
GouraudWithEdges
 70
     3
177
     2
291
     1
 71
     2
176
     1
 72
     2
176
     1
 73
     1
176
     1
 90
        2
176
     1
 40
0.6
176
     1
 41
30.0
176
     1
 62
     5
 63
     7
421
 16777215
176
     1
 74
     1
176
     1
 91
        0
176
     1
 64
     7
176
     1
 65
   257
176
     1
 75
     1
176
     1
175
     1
176
     1
 42
1.0
176
     1
 92
        0
176
     1
 66
   257
176
     1
 43
1.0
176
     1
 76
     1
176
     1
 77
     6
176
     1
 78
     2
176
     1
 67
     7
176
     1
 79
     5
176
     1
170
     0
176
     1
171
     0
176
     1
290
     0
176
     1
 93
       13
176
     1
 44
0.0
176
     1
173
     0
176
     1
  0
VISUALSTYLE
  5
31
102
{ACAD_REACTORS
330
2A
102
}
102
{ACAD_XDICTIONARY
360
B2B
102
}
330
2A
100
AcDbVisualStyle
  2
Hidden
 70
     6
177
     2
291
     0
 71
     1
176
     1
 72
     2
176
     1
 73
     2
176
     1
 90
        0
176
     1
 40
0.6
176
     1
 41
30.0
176
     1
 62
     5
 63
     7
421
 16777215
176
     1
 74
     2
176
     1
 91
        2
176
     1
 64
     7
176
     1
 65
   257
176
     1
 75
     2
176
     1
175
     1
176
     1
 42
40.0
176
     1
 92
        0
176
     1
 66
   257
176
     1
 43
1.0
176
     1
 76
     1
176
     1
 77
     6
176
     1
 78
     2
176
     1
 67
     7
176
     1
 79
     3
176
     1
170
     0
176
     1
171
     0
176
     1
290
     0
176
     1
 93
        1
176
     1
 44
0.0
176
     1
173
     0
176
     1
  0
VISUALSTYLE
  5
3B
102
{ACAD_REACTORS
330
2A
102
}
102
{ACAD_XDICTIONARY
360
B3F
102
}
330
2A
100
AcDbVisualStyle
  2
JitterOff
 70
    20
177
     2
291
     1
 71
     2
176
     0
 72
     2
176
     0
 73
     0
176
     0
 90
        0
176
     0
 40
0.6
176
     0
 41
30.0
176
     0
 62
     5
 63
     7
421
 16777215
176
     0
 74
     1
176
     0
 91
        4
176
     0
 64
     7
176
     0
 65
   257
176
     0
 75
     1
176
     0
175
     1
176
     0
 42
1.0
176
     0
 92
       10
176
     2
 66
     7
176
     0
 43
1.0
176
     0
 76
     1
176
     0
 77
     6
176
     0
 78
     2
176
     0
 67
     7
176
     0
 79
     5
176
     0
170
     0
176
     0
171
     0
176
     0
290
     0
176
     0
 93
        1
176
     0
 44
0.0
176
     0
173
     0
176
     0
  0
VISUALSTYLE
  5
38
102
{ACAD_REACTORS
330
2A
102
}
102
{ACAD_XDICTIONARY
360
B39
102
}
330
2A
100
AcDbVisualStyle
  2
Linepattern
 70
    14
177
     2
291
     1
 71
     2
176
     1
 72
     2
176
     1
 73
     0
176
     1
 90
        0
176
     1
 40
0.6
176
     1
 41
30.0
176
     1
 62
     5
 63
     7
421
 16777215
176
     1
 74
     1
176
     1
 91
        4
176
     1
 64
     7
176
     1
 65
   257
176
     1
 75
     7
176
     1
175
     7
176
     1
 42
1.0
176
     1
 92
        8
176
     1
 66
     7
176
     1
 43
1.0
176
     1
 76
     1
176
     1
 77
     6
176
     1
 78
     2
176
     1
 67
     7
176
     1
 79
     5
176
     1
170
     0
176
     1
171
     0
176
     1
290
     0
176
     1
 93
        1
176
     1
 44
0.0
176
     1
173
     0
176
     1
  0
VISUALSTYLE
  5
3C
102
{ACAD_REACTORS
330
2A
102
}
102
{ACAD_XDICTIONARY
360
B41
102
}
330
2A
100
AcDbVisualStyle
  2
OverhangOff
 70
    21
177
     2
291
     1
 71
     2
176
     0
 72
     2
176
     0
 73
     0
176
     0
 90
        0
176
     0
 40
0.6
176
     0
 41
30.0
176
     0
 62
     5
 63
     7
421
 16777215
176
     0
 74
     1
176
     0
 91
        4
176
     0
 64
     7
176
     0
 65
   257
176
     0
 75
     1
176
     0
175
     1
176
     0
 42
1.0
176
     0
 92
        9
176
     2
 66
     7
176
     0
 43
1.0
176
     0
 76
     1
176
     0
 77
     6
176
     0
 78
     2
176
     0
 67
     7
176
     0
 79
     5
176
     0
170
     0
176
     0
171
     0
176
     0
290
     0
176
     0
 93
        1
176
     0
 44
0.0
176
     0
173
     0
176
     0
  0
VISUALSTYLE
  5
33
102
{ACAD_REACTORS
330
2A
102
}
102
{ACAD_XDICTIONARY
360
B2F
102
}
330
2A
100
AcDbVisualStyle
  2
Realistic
 70
     8
177
     2
291
     0
 71
     2
176
     1
 72
     3
176
     1
 73
     0
176
     1
 90
        2
176
     1
 40
0.6
176
     1
 41
30.0
176
     1
 62
     5
 63
     7
421
 16777215
176
     1
 74
     0
176
     1
 91
        0
176
     1
 64
     7
176
     1
 65
   257
176
     1
 75
     1
176
     1
175
     1
176
     1
 42
1.0
176
     1
 92
        8
176
     1
 66
   257
176
     1
 43
1.0
176
     1
 76
     1
176
     1
 77
     6
176
     1
 78
     2
176
     1
 67
     7
176
     1
 79
     3
176
     1
170
     0
176
     1
171
     0
176
     1
290
     0
176
     1
 93
       13
176
     1
 44
0.0
176
     1
173
     0
176
     1
  0
VISUALSTYLE
  5
42
102
{ACAD_REACTORS
330
2A
102
}
102
{ACAD_XDICTIONARY
360
B4D
102
}
330
2A
100
AcDbVisualStyle
  2
Shaded
 70
    27
177
     2
291
     0
 71
     2
176
     1
 72
     2
176
     1
 73
     1
176
     1
 90
        2
176
     1
 40
0.6
176
     1
 41
30.0
176
     1
 62
     5
 63
     7
421
 16777215
176
     1
 74
     0
176
     1
 91
        4
176
     1
 64
     7
176
     1
 65
   257
176
     1
 75
     1
176
     1
175
     1
176
     1
 42
1.0
176
     1
 92
        8
176
     1
 66
   257
176
     1
 43
1.0
176
     1
 76
     1
176
     1
 77
     6
176
     1
 78
     2
176
     1
 67
     8
425
  7895160
176
     1
 79
     3
176
     1
170
     0
176
     1
171
     0
176
     1
290
     0
176
     1
 93
        5
176
     1
 44
0.0
176
     1
173
     0
176
     1
  0
VISUALSTYLE
  5
41
102
{ACAD_REACTORS
330
2A
102
}
102
{ACAD_XDICTIONARY
360
B4B
102
}
330
2A
100
AcDbVisualStyle
  2
Shaded with edges
 70
    26
177
     2
291
     0
 71
     2
176
     1
 72
     2
176
     1
 73
     1
176
     1
 90
        2
176
     1
 40
0.6
176
     1
 41
30.0
176
     1
 62
     5
 63
     7
421
 16777215
176
     1
 74
     1
176
     1
 91
       10
176
     1
 64
     7
176
     1
 65
   257
176
     1
 75
     2
176
     1
175
     1
176
     1
 42
1.0
176
     1
 92
        8
176
     1
 66
   257
176
     1
 43
1.0
176
     1
 76
     1
176
     1
 77
     6
176
     1
 78
     2
176
     1
 67
     7
176
     1
 79
     3
176
     1
170
     0
176
     1
171
     0
176
     1
290
     0
176
     1
 93
        5
176
     1
 44
0.0
176
     1
173
     0
176
     1
  0
VISUALSTYLE
  5
3E
102
{ACAD_REACTORS
330
2A
102
}
102
{ACAD_XDICTIONARY
360
B45
102
}
330
2A
100
AcDbVisualStyle
  2
Shades of Gray
 70
    23
177
     2
291
     0
 71
     2
176
     1
 72
     2
176
     1
 73
     3
176
     1
 90
        0
176
     1
 40
0.6
176
     1
 41
30.0
176
     1
 62
     5
 63
     7
421
 16777215
176
     1
 74
     2
176
     1
 91
        2
176
     1
 64
     7
176
     1
 65
     7
176
     1
 75
     1
176
     1
175
     1
176
     1
 42
40.0
176
     1
 92
        8
176
     1
 66
     7
176
     1
 43
1.0
176
     1
 76
     1
176
     1
 77
     6
176
     1
 78
     2
176
     1
 67
     7
176
     1
 79
     3
176
     1
170
     0
176
     1
171
     0
176
     1
290
     0
176
     1
 93
        1
176
     1
 44
0.0
176
     1
173
     0
176
     1
  0
VISUALSTYLE
  5
3F
102
{ACAD_REACTORS
330
2A
102
}
102
{ACAD_XDICTIONARY
360
B47
102
}
330
2A
100
AcDbVisualStyle
  2
Sketchy
 70
    24
177
     2
291
     0
 71
     1
176
     1
 72
     2
176
     1
 73
     2
176
     1
 90
        0
176
     1
 40
0.6
176
     1
 41
30.0
176
     1
 62
     5
 63
     7
421
 16777215
176
     1
 74
     2
176
     1
 91
        2
176
     1
 64
     7
176
     1
 65
     7
176
     1
 75
     1
176
     1
175
     1
176
     1
 42
40.0
176
     1
 92
       11
176
     1
 66
     7
176
     1
 43
1.0
176
     1
 76
     1
176
     1
 77
     6
176
     1
 78
     2
176
     1
 67
     7
176
     1
 79
     6
176
     1
170
     0
176
     1
171
     0
176
     1
290
     0
176
     1
 93
        1
176
     1
 44
0.0
176
     1
173
     0
176
     1
  0
VISUALSTYLE
  5
37
102
{ACAD_REACTORS
330
2A
102
}
102
{ACAD_XDICTIONARY
360
B37
102
}
330
2A
100
AcDbVisualStyle
  2
Thicken
 70
    13
177
     2
291
     1
 71
     2
176
     1
 72
     2
176
     1
 73
     0
176
     1
 90
        0
176
     1
 40
0.6
176
     1
 41
30.0
176
     1
 62
     5
 63
     7
421
 16777215
176
     1
 74
     1
176
     1
 91
        4
176
     1
 64
     7
176
     1
 65
   257
176
     1
 75
     1
176
     1
175
     1
176
     1
 42
1.0
176
     1
 92
       12
176
     1
 66
     7
176
     1
 43
1.0
176
     1
 76
     1
176
     1
 77
     6
176
     1
 78
     2
176
     1
 67
     7
176
     1
 79
     5
176
     1
170
     0
176
     1
171
     0
176
     1
290
     0
176
     1
 93
        1
176
     1
 44
0.0
176
     1
173
     0
176
     1
  0
VISUALSTYLE
  5
30
102
{ACAD_REACTORS
330
2A
102
}
102
{ACAD_XDICTIONARY
360
B29
102
}
330
2A
100
AcDbVisualStyle
  2
Wireframe
 70
     5
177
     2
291
     0
 71
     0
176
     1
 72
     2
176
     1
 73
     0
176
     1
 90
        0
176
     1
 40
0.6
176
     1
 41
30.0
176
     1
 62
     5
 63
     7
421
 16777215
176
     1
 74
     1
176
     1
 91
        4
176
     1
 64
     7
176
     1
 65
   257
176
     1
 75
     1
176
     1
175
     1
176
     1
 42
1.0
176
     1
 92
        0
176
     1
 66
   257
176
     1
 43
1.0
176
     1
 76
     1
176
     1
 77
     6
176
     1
 78
     2
176
     1
 67
     7
176
     1
 79
     3
176
     1
170
     0
176
     1
171
     0
176
     1
290
     0
176
     1
 93
        1
176
     1
 44
0.0
176
     1
173
     0
176
     1
  0
VISUALSTYLE
  5
40
102
{ACAD_REACTORS
330
2A
102
}
102
{ACAD_XDICTIONARY
360
B49
102
}
330
2A
100
AcDbVisualStyle
  2
X-Ray
 70
    25
177
     2
291
     0
 71
     2
176
     1
 72
     2
176
     1
 73
     1
176
     1
 90
        1
176
     1
 40
0.5
176
     1
 41
30.0
176
     1
 62
     5
 63
     7
421
 16777215
176
     1
 74
     1
176
     1
 91
        0
176
     1
 64
     7
176
     1
 65
   257
176
     1
 75
     1
176
     1
175
     1
176
     1
 42
1.0
176
     1
 92
        8
176
     1
 66
     7
176
     1
 43
1.0
176
     1
 76
     1
176
     1
 77
     6
176
     1
 78
     2
176
     1
 67
     7
176
     1
 79
     3
176
     1
170
     0
176
     1
171
     0
176
     1
290
     0
176
     1
 93
       13
176
     1
 44
0.0
176
     1
173
     0
176
     1
  0
DICTIONARYVAR
  5
B1E
102
{ACAD_REACTORS
330
B1D
102
}
330
B1D
100
DictionaryVariables
280
     0
  1
1:1
  0
DICTIONARYVAR
  5
B56
102
{ACAD_REACTORS
330
B1D
102
}
330
B1D
100
DictionaryVariables
280
     0
  1
3.500000
  0
DICTIONARYVAR
  5
B57
102
{ACAD_REACTORS
330
B1D
102
}
330
B1D
100
DictionaryVariables
280
     0
  1
acadiso.lin
  0
DICTIONARYVAR
  5
B53
102
{ACAD_REACTORS
330
B1D
102
}
330
B1D
100
DictionaryVariables
280
     0
  1
Standard
  0
DICTIONARYVAR
  5
B52
102
{ACAD_REACTORS
330
B1D
102
}
330
B1D
100
DictionaryVariables
280
     0
  1
Standard
  0
DICTIONARY
  5
B4F
330
5A
100
AcDbDictionary
280
     1
281
     1
  3
ACAD_ROUNDTRIP_2008_TABLESTYLE_CELLSTYLEMAP
360
B50
  0
DICTIONARY
  5
B27
330
2F
100
AcDbDictionary
280
     1
281
     1
  3
ACAD_XREC_ROUNDTRIP
360
B28
  0
DICTIONARY
  5
B2D
330
32
100
AcDbDictionary
280
     1
281
     1
  3
ACAD_XREC_ROUNDTRIP
360
B2E
  0
DICTIONARY
  5
B35
330
36
100
AcDbDictionary
280
     1
281
     1
  3
ACAD_XREC_ROUNDTRIP
360
B36
  0
DICTIONARY
  5
B3D
330
3A
100
AcDbDictionary
280
     1
281
     1
  3
ACAD_XREC_ROUNDTRIP
360
B3E
  0
DICTIONARY
  5
B31
330
34
100
AcDbDictionary
280
     1
281
     1
  3
ACAD_XREC_ROUNDTRIP
360
B32
  0
DICTIONARY
  5
B33
330
35
100
AcDbDictionary
280
     1
281
     1
  3
ACAD_XREC_ROUNDTRIP
360
B34
  0
DICTIONARY
  5
B43
330
3D
100
AcDbDictionary
280
     1
281
     1
  3
ACAD_XREC_ROUNDTRIP
360
B44
  0
DICTIONARY
  5
B3B
330
39
100
AcDbDictionary
280
     1
281
     1
  3
ACAD_XREC_ROUNDTRIP
360
B3C
  0
DICTIONARY
  5
B1F
330
2B
100
AcDbDictionary
280
     1
281
     1
  3
ACAD_XREC_ROUNDTRIP
360
B20
  0
DICTIONARY
  5
B21
330
2C
100
AcDbDictionary
280
     1
281
     1
  3
ACAD_XREC_ROUNDTRIP
360
B22
  0
DICTIONARY
  5
B23
330
2D
100
AcDbDictionary
280
     1
281
     1
  3
ACAD_XREC_ROUNDTRIP
360
B24
  0
DICTIONARY
  5
B25
330
2E
100
AcDbDictionary
280
     1
281
     1
  3
ACAD_XREC_ROUNDTRIP
360
B26
  0
DICTIONARY
  5
B2B
330
31
100
AcDbDictionary
280
     1
281
     1
  3
ACAD_XREC_ROUNDTRIP
360
B2C
  0
DICTIONARY
  5
B3F
330
3B
100
AcDbDictionary
280
     1
281
     1
  3
ACAD_XREC_ROUNDTRIP
360
B40
  0
DICTIONARY
  5
B39
330
38
100
AcDbDictionary
280
     1
281
     1
  3
ACAD_XREC_ROUNDTRIP
360
B3A
  0
DICTIONARY
  5
B41
330
3C
100
AcDbDictionary
280
     1
281
     1
  3
ACAD_XREC_ROUNDTRIP
360
B42
  0
DICTIONARY
  5
B2F
330
33
100
AcDbDictionary
280
     1
281
     1
  3
ACAD_XREC_ROUNDTRIP
360
B30
  0
DICTIONARY
  5
B4D
330
42
100
AcDbDictionary
280
     1
281
     1
  3
ACAD_XREC_ROUNDTRIP
360
B4E
  0
DICTIONARY
  5
B4B
330
41
100
AcDbDictionary
280
     1
281
     1
  3
ACAD_XREC_ROUNDTRIP
360
B4C
  0
DICTIONARY
  5
B45
330
3E
100
AcDbDictionary
280
     1
281
     1
  3
ACAD_XREC_ROUNDTRIP
360
B46
  0
DICTIONARY
  5
B47
330
3F
100
AcDbDictionary
280
     1
281
     1
  3
ACAD_XREC_ROUNDTRIP
360
B48
  0
DICTIONARY
  5
B37
330
37
100
AcDbDictionary
280
     1
281
     1
  3
ACAD_XREC_ROUNDTRIP
360
B38
  0
DICTIONARY
  5
B29
330
30
100
AcDbDictionary
280
     1
281
     1
  3
ACAD_XREC_ROUNDTRIP
360
B2A
  0
DICTIONARY
  5
B49
330
40
100
AcDbDictionary
280
     1
281
     1
  3
ACAD_XREC_ROUNDTRIP
360
B4A
  0
CELLSTYLEMAP
  5
B50
102
{ACAD_REACTORS
330
B4F
102
}
330
B4F
100
AcDbCellStyleMap
 90
        3
300
CELLSTYLE
  1
TABLEFORMAT_BEGIN
 90
        5
170
     1
 91
        0
 92
    32768
 62
   257
 93
        1
300
CONTENTFORMAT
  1
CONTENTFORMAT_BEGIN
 90
        0
 91
        0
 92
        4
 93
        0
300

 40
0.0
140
1.0
 94
        5
 62
     0
340
11
144
6.0
309
CONTENTFORMAT_END
171
     1
301
MARGIN
  1
CELLMARGIN_BEGIN
 40
1.5
 40
1.5
 40
1.5
 40
1.5
 40
1.5
 40
1.5
309
CELLMARGIN_END
 94
        6
 95
        1
302
GRIDFORMAT
  1
GRIDFORMAT_BEGIN
 90
        0
 91
        1
 62
     0
 92
       -2
340
14
 93
        0
 40
0.045
309
GRIDFORMAT_END
 95
        2
302
GRIDFORMAT
  1
GRIDFORMAT_BEGIN
 90
        0
 91
        1
 62
     0
 92
       -2
340
14
 93
        0
 40
0.045
309
GRIDFORMAT_END
 95
        4
302
GRIDFORMAT
  1
GRIDFORMAT_BEGIN
 90
        0
 91
        1
 62
     0
 92
       -2
340
14
 93
        0
 40
0.045
309
GRIDFORMAT_END
 95
        8
302
GRIDFORMAT
  1
GRIDFORMAT_BEGIN
 90
        0
 91
        1
 62
     0
 92
       -2
340
14
 93
        0
 40
0.045
309
GRIDFORMAT_END
 95
       16
302
GRIDFORMAT
  1
GRIDFORMAT_BEGIN
 90
        0
 91
        1
 62
     0
 92
       -2
340
14
 93
        0
 40
0.045
309
GRIDFORMAT_END
 95
       32
302
GRIDFORMAT
  1
GRIDFORMAT_BEGIN
 90
        0
 91
        1
 62
     0
 92
       -2
340
14
 93
        0
 40
0.045
309
GRIDFORMAT_END
309
TABLEFORMAT_END
  1
CELLSTYLE_BEGIN
 90
        1
 91
        1
300
_TITLE
309
CELLSTYLE_END
300
CELLSTYLE
  1
TABLEFORMAT_BEGIN
 90
        5
170
     1
 91
        0
 92
        0
 62
   257
 93
        1
300
CONTENTFORMAT
  1
CONTENTFORMAT_BEGIN
 90
        0
 91
        0
 92
        4
 93
        0
300

 40
0.0
140
1.0
 94
        5
 62
     0
340
11
144
4.5
309
CONTENTFORMAT_END
171
     1
301
MARGIN
  1
CELLMARGIN_BEGIN
 40
1.5
 40
1.5
 40
1.5
 40
1.5
 40
1.5
 40
1.5
309
CELLMARGIN_END
 94
        6
 95
        1
302
GRIDFORMAT
  1
GRIDFORMAT_BEGIN
 90
        0
 91
        1
 62
     0
 92
       -2
340
14
 93
        0
 40
0.045
309
GRIDFORMAT_END
 95
        2
302
GRIDFORMAT
  1
GRIDFORMAT_BEGIN
 90
        0
 91
        1
 62
     0
 92
       -2
340
14
 93
        0
 40
0.045
309
GRIDFORMAT_END
 95
        4
302
GRIDFORMAT
  1
GRIDFORMAT_BEGIN
 90
        0
 91
        1
 62
     0
 92
       -2
340
14
 93
        0
 40
0.045
309
GRIDFORMAT_END
 95
        8
302
GRIDFORMAT
  1
GRIDFORMAT_BEGIN
 90
        0
 91
        1
 62
     0
 92
       -2
340
14
 93
        0
 40
0.045
309
GRIDFORMAT_END
 95
       16
302
GRIDFORMAT
  1
GRIDFORMAT_BEGIN
 90
        0
 91
        1
 62
     0
 92
       -2
340
14
 93
        0
 40
0.045
309
GRIDFORMAT_END
 95
       32
302
GRIDFORMAT
  1
GRIDFORMAT_BEGIN
 90
        0
 91
        1
 62
     0
 92
       -2
340
14
 93
        0
 40
0.045
309
GRIDFORMAT_END
309
TABLEFORMAT_END
  1
CELLSTYLE_BEGIN
 90
        2
 91
        1
300
_HEADER
309
CELLSTYLE_END
300
CELLSTYLE
  1
TABLEFORMAT_BEGIN
 90
        5
170
     1
 91
        0
 92
        0
 62
   257
 93
        1
300
CONTENTFORMAT
  1
CONTENTFORMAT_BEGIN
 90
        0
 91
        0
 92
        4
 93
        0
300

 40
0.0
140
1.0
 94
        2
 62
     0
340
11
144
4.5
309
CONTENTFORMAT_END
171
     1
301
MARGIN
  1
CELLMARGIN_BEGIN
 40
1.5
 40
1.5
 40
1.5
 40
1.5
 40
1.5
 40
1.5
309
CELLMARGIN_END
 94
        6
 95
        1
302
GRIDFORMAT
  1
GRIDFORMAT_BEGIN
 90
        0
 91
        1
 62
     0
 92
       -2
340
14
 93
        0
 40
0.045
309
GRIDFORMAT_END
 95
        2
302
GRIDFORMAT
  1
GRIDFORMAT_BEGIN
 90
        0
 91
        1
 62
     0
 92
       -2
340
14
 93
        0
 40
0.045
309
GRIDFORMAT_END
 95
        4
302
GRIDFORMAT
  1
GRIDFORMAT_BEGIN
 90
        0
 91
        1
 62
     0
 92
       -2
340
14
 93
        0
 40
0.045
309
GRIDFORMAT_END
 95
        8
302
GRIDFORMAT
  1
GRIDFORMAT_BEGIN
 90
        0
 91
        1
 62
     0
 92
       -2
340
14
 93
        0
 40
0.045
309
GRIDFORMAT_END
 95
       16
302
GRIDFORMAT
  1
GRIDFORMAT_BEGIN
 90
        0
 91
        1
 62
     0
 92
       -2
340
14
 93
        0
 40
0.045
309
GRIDFORMAT_END
 95
       32
302
GRIDFORMAT
  1
GRIDFORMAT_BEGIN
 90
        0
 91
        1
 62
     0
 92
       -2
340
14
 93
        0
 40
0.045
309
GRIDFORMAT_END
309
TABLEFORMAT_END
  1
CELLSTYLE_BEGIN
 90
        3
 91
        2
300
_DATA
309
CELLSTYLE_END
  0
XRECORD
  5
B28
102
{ACAD_REACTORS
330
B27
102
}
330
B27
100
AcDbXrecord
280
     1
102
RTVSPost2010Prop28
280
     1
102
RTVSPost2010PropOp28
 70
     1
102
RTVSPost2010Prop29
280
     1
102
RTVSPost2010PropOp29
 70
     1
102
RTVSPost2010Prop30
280
     0
102
RTVSPost2010PropOp30
 70
     1
102
RTVSPost2010Prop31
280
     0
102
RTVSPost2010PropOp31
 70
     1
102
RTVSPost2010Prop32
280
     0
102
RTVSPost2010PropOp32
 70
     1
102
RTVSPost2010Prop33
280
     0
102
RTVSPost2010PropOp33
 70
     1
102
RTVSPost2010Prop34
280
     0
102
RTVSPost2010PropOp34
 70
     1
102
RTVSPost2010Prop35
280
     0
102
RTVSPost2010PropOp35
 70
     1
102
RTVSPost2010Prop36
280
     0
102
RTVSPost2010PropOp36
 70
     1
102
RTVSPost2010Prop37
 90
       50
102
RTVSPost2010PropOp37
 70
     1
102
RTVSPost2010Prop38
140
0.0
102
RTVSPost2010PropOp38
 70
     1
102
RTVSPost2010Prop39
140
1.0
102
RTVSPost2010PropOp39
 70
     1
102
RTVSPost2010Prop40
 90
        0
102
RTVSPost2010PropOp40
 70
     1
102
RTVSPost2010Prop41ColorIndex
 90
       18
102
RTVSPost2010Prop41ColorRGB
 90
        0
102
RTVSPost2010PropOp41
 70
     1
102
RTVSPost2010Prop42
 90
       50
102
RTVSPost2010PropOp42
 70
     1
102
RTVSPost2010Prop43
 90
        3
102
RTVSPost2010PropOp43
 70
     1
102
RTVSPost2010Prop44ColorIndex
 90
        5
102
RTVSPost2010Prop44ColorRGB
 90
      255
102
RTVSPost2010PropOp44
 70
     1
102
RTVSPost2010Prop45
280
     0
102
RTVSPost2010PropOp45
 70
     1
102
RTVSPost2010Prop46
 90
       50
102
RTVSPost2010PropOp46
 70
     1
102
RTVSPost2010Prop47
 90
       50
102
RTVSPost2010PropOp47
 70
     1
102
RTVSPost2010Prop48
 90
       50
102
RTVSPost2010PropOp48
 70
     1
102
RTVSPost2010Prop49
280
     0
102
RTVSPost2010PropOp49
 70
     1
102
RTVSPost2010Prop50
 90
       50
102
RTVSPost2010PropOp50
 70
     1
102
RTVSPost2010Prop51ColorIndex
 90
      256
102
RTVSPost2010Prop51ColorRGB
 90
-16777216
102
RTVSPost2010PropOp51
 70
     0
102
RTVSPost2010Prop52
140
1.0
102
RTVSPost2010PropOp52
 70
     0
102
RTVSPost2010Prop53
 90
        2
102
RTVSPost2010PropOp53
 70
     1
102
RTVSPost2010Prop54
  1
strokes_ogs.tif
102
RTVSPost2010PropOp54
 70
     1
102
RTVSPost2010Prop55
280
     0
102
RTVSPost2010PropOp55
 70
     1
102
RTVSPost2010Prop56
140
1.0
102
RTVSPost2010PropOp56
 70
     1
102
RTVSPost2010Prop57
140
1.0
102
RTVSPost2010PropOp57
 70
     1
  0
XRECORD
  5
B2E
102
{ACAD_REACTORS
330
B2D
102
}
330
B2D
100
AcDbXrecord
280
     1
102
RTVSPost2010Prop28
280
     0
102
RTVSPost2010PropOp28
 70
     1
102
RTVSPost2010Prop29
280
     1
102
RTVSPost2010PropOp29
 70
     1
102
RTVSPost2010Prop30
280
     1
102
RTVSPost2010PropOp30
 70
     1
102
RTVSPost2010Prop31
280
     0
102
RTVSPost2010PropOp31
 70
     1
102
RTVSPost2010Prop32
280
     0
102
RTVSPost2010PropOp32
 70
     1
102
RTVSPost2010Prop33
280
     0
102
RTVSPost2010PropOp33
 70
     1
102
RTVSPost2010Prop34
280
     0
102
RTVSPost2010PropOp34
 70
     1
102
RTVSPost2010Prop35
280
     0
102
RTVSPost2010PropOp35
 70
     1
102
RTVSPost2010Prop36
280
     0
102
RTVSPost2010PropOp36
 70
     1
102
RTVSPost2010Prop37
 90
       50
102
RTVSPost2010PropOp37
 70
     1
102
RTVSPost2010Prop38
140
0.0
102
RTVSPost2010PropOp38
 70
     1
102
RTVSPost2010Prop39
140
1.0
102
RTVSPost2010PropOp39
 70
     1
102
RTVSPost2010Prop40
 90
        0
102
RTVSPost2010PropOp40
 70
     1
102
RTVSPost2010Prop41ColorIndex
 90
       18
102
RTVSPost2010Prop41ColorRGB
 90
        0
102
RTVSPost2010PropOp41
 70
     1
102
RTVSPost2010Prop42
 90
       50
102
RTVSPost2010PropOp42
 70
     1
102
RTVSPost2010Prop43
 90
        3
102
RTVSPost2010PropOp43
 70
     1
102
RTVSPost2010Prop44ColorIndex
 90
        5
102
RTVSPost2010Prop44ColorRGB
 90
      255
102
RTVSPost2010PropOp44
 70
     1
102
RTVSPost2010Prop45
280
     0
102
RTVSPost2010PropOp45
 70
     1
102
RTVSPost2010Prop46
 90
       50
102
RTVSPost2010PropOp46
 70
     1
102
RTVSPost2010Prop47
 90
       50
102
RTVSPost2010PropOp47
 70
     1
102
RTVSPost2010Prop48
 90
       50
102
RTVSPost2010PropOp48
 70
     1
102
RTVSPost2010Prop49
280
     0
102
RTVSPost2010PropOp49
 70
     1
102
RTVSPost2010Prop50
 90
       50
102
RTVSPost2010PropOp50
 70
     1
102
RTVSPost2010Prop51ColorIndex
 90
      256
102
RTVSPost2010Prop51ColorRGB
 90
-16777216
102
RTVSPost2010PropOp51
 70
     0
102
RTVSPost2010Prop52
140
1.0
102
RTVSPost2010PropOp52
 70
     0
102
RTVSPost2010Prop53
 90
        2
102
RTVSPost2010PropOp53
 70
     1
102
RTVSPost2010Prop54
  1
strokes_ogs.tif
102
RTVSPost2010PropOp54
 70
     1
102
RTVSPost2010Prop55
280
     0
102
RTVSPost2010PropOp55
 70
     1
102
RTVSPost2010Prop56
140
1.0
102
RTVSPost2010PropOp56
 70
     1
102
RTVSPost2010Prop57
140
1.0
102
RTVSPost2010PropOp57
 70
     1
  0
XRECORD
  5
B36
102
{ACAD_REACTORS
330
B35
102
}
330
B35
100
AcDbXrecord
280
     1
102
RTVSPost2010Prop28
280
     0
102
RTVSPost2010PropOp28
 70
     1
102
RTVSPost2010Prop29
280
     1
102
RTVSPost2010PropOp29
 70
     1
102
RTVSPost2010Prop30
280
     1
102
RTVSPost2010PropOp30
 70
     1
102
RTVSPost2010Prop31
280
     0
102
RTVSPost2010PropOp31
 70
     1
102
RTVSPost2010Prop32
280
     0
102
RTVSPost2010PropOp32
 70
     1
102
RTVSPost2010Prop33
280
     0
102
RTVSPost2010PropOp33
 70
     1
102
RTVSPost2010Prop34
280
     0
102
RTVSPost2010PropOp34
 70
     1
102
RTVSPost2010Prop35
280
     0
102
RTVSPost2010PropOp35
 70
     1
102
RTVSPost2010Prop36
280
     0
102
RTVSPost2010PropOp36
 70
     1
102
RTVSPost2010Prop37
 90
       50
102
RTVSPost2010PropOp37
 70
     1
102
RTVSPost2010Prop38
140
0.0
102
RTVSPost2010PropOp38
 70
     1
102
RTVSPost2010Prop39
140
1.0
102
RTVSPost2010PropOp39
 70
     1
102
RTVSPost2010Prop40
 90
        0
102
RTVSPost2010PropOp40
 70
     1
102
RTVSPost2010Prop41ColorIndex
 90
       18
102
RTVSPost2010Prop41ColorRGB
 90
        0
102
RTVSPost2010PropOp41
 70
     1
102
RTVSPost2010Prop42
 90
       50
102
RTVSPost2010PropOp42
 70
     1
102
RTVSPost2010Prop43
 90
        3
102
RTVSPost2010PropOp43
 70
     1
102
RTVSPost2010Prop44ColorIndex
 90
        5
102
RTVSPost2010Prop44ColorRGB
 90
      255
102
RTVSPost2010PropOp44
 70
     1
102
RTVSPost2010Prop45
280
     0
102
RTVSPost2010PropOp45
 70
     1
102
RTVSPost2010Prop46
 90
       50
102
RTVSPost2010PropOp46
 70
     1
102
RTVSPost2010Prop47
 90
       50
102
RTVSPost2010PropOp47
 70
     1
102
RTVSPost2010Prop48
 90
       50
102
RTVSPost2010PropOp48
 70
     1
102
RTVSPost2010Prop49
280
     0
102
RTVSPost2010PropOp49
 70
     1
102
RTVSPost2010Prop50
 90
       50
102
RTVSPost2010PropOp50
 70
     1
102
RTVSPost2010Prop51ColorIndex
 90
      256
102
RTVSPost2010Prop51ColorRGB
 90
-16777216
102
RTVSPost2010PropOp51
 70
     0
102
RTVSPost2010Prop52
140
1.0
102
RTVSPost2010PropOp52
 70
     0
102
RTVSPost2010Prop53
 90
        2
102
RTVSPost2010PropOp53
 70
     1
102
RTVSPost2010Prop54
  1
strokes_ogs.tif
102
RTVSPost2010PropOp54
 70
     1
102
RTVSPost2010Prop55
280
     0
102
RTVSPost2010PropOp55
 70
     1
102
RTVSPost2010Prop56
140
1.0
102
RTVSPost2010PropOp56
 70
     1
102
RTVSPost2010Prop57
140
1.0
102
RTVSPost2010PropOp57
 70
     1
  0
XRECORD
  5
B3E
102
{ACAD_REACTORS
330
B3D
102
}
330
B3D
100
AcDbXrecord
280
     1
102
RTVSPost2010Prop28
280
     0
102
RTVSPost2010PropOp28
 70
     1
102
RTVSPost2010Prop29
280
     1
102
RTVSPost2010PropOp29
 70
     1
102
RTVSPost2010Prop30
280
     1
102
RTVSPost2010PropOp30
 70
     1
102
RTVSPost2010Prop31
280
     0
102
RTVSPost2010PropOp31
 70
     1
102
RTVSPost2010Prop32
280
     0
102
RTVSPost2010PropOp32
 70
     1
102
RTVSPost2010Prop33
280
     0
102
RTVSPost2010PropOp33
 70
     1
102
RTVSPost2010Prop34
280
     0
102
RTVSPost2010PropOp34
 70
     1
102
RTVSPost2010Prop35
280
     0
102
RTVSPost2010PropOp35
 70
     1
102
RTVSPost2010Prop36
280
     0
102
RTVSPost2010PropOp36
 70
     1
102
RTVSPost2010Prop37
 90
       50
102
RTVSPost2010PropOp37
 70
     1
102
RTVSPost2010Prop38
140
0.0
102
RTVSPost2010PropOp38
 70
     1
102
RTVSPost2010Prop39
140
1.0
102
RTVSPost2010PropOp39
 70
     1
102
RTVSPost2010Prop40
 90
        0
102
RTVSPost2010PropOp40
 70
     1
102
RTVSPost2010Prop41ColorIndex
 90
       18
102
RTVSPost2010Prop41ColorRGB
 90
        0
102
RTVSPost2010PropOp41
 70
     1
102
RTVSPost2010Prop42
 90
       50
102
RTVSPost2010PropOp42
 70
     1
102
RTVSPost2010Prop43
 90
        3
102
RTVSPost2010PropOp43
 70
     1
102
RTVSPost2010Prop44ColorIndex
 90
        5
102
RTVSPost2010Prop44ColorRGB
 90
      255
102
RTVSPost2010PropOp44
 70
     1
102
RTVSPost2010Prop45
280
     0
102
RTVSPost2010PropOp45
 70
     1
102
RTVSPost2010Prop46
 90
       50
102
RTVSPost2010PropOp46
 70
     1
102
RTVSPost2010Prop47
 90
       50
102
RTVSPost2010PropOp47
 70
     1
102
RTVSPost2010Prop48
 90
       50
102
RTVSPost2010PropOp48
 70
     1
102
RTVSPost2010Prop49
280
     0
102
RTVSPost2010PropOp49
 70
     1
102
RTVSPost2010Prop50
 90
       50
102
RTVSPost2010PropOp50
 70
     1
102
RTVSPost2010Prop51ColorIndex
 90
      256
102
RTVSPost2010Prop51ColorRGB
 90
-16777216
102
RTVSPost2010PropOp51
 70
     0
102
RTVSPost2010Prop52
140
1.0
102
RTVSPost2010PropOp52
 70
     0
102
RTVSPost2010Prop53
 90
        2
102
RTVSPost2010PropOp53
 70
     1
102
RTVSPost2010Prop54
  1
strokes_ogs.tif
102
RTVSPost2010PropOp54
 70
     1
102
RTVSPost2010Prop55
280
     0
102
RTVSPost2010PropOp55
 70
     1
102
RTVSPost2010Prop56
140
1.0
102
RTVSPost2010PropOp56
 70
     1
102
RTVSPost2010Prop57
140
1.0
102
RTVSPost2010PropOp57
 70
     1
  0
XRECORD
  5
B32
102
{ACAD_REACTORS
330
B31
102
}
330
B31
100
AcDbXrecord
280
     1
102
RTVSPost2010Prop28
280
     0
102
RTVSPost2010PropOp28
 70
     1
102
RTVSPost2010Prop29
280
     1
102
RTVSPost2010PropOp29
 70
     1
102
RTVSPost2010Prop30
280
     1
102
RTVSPost2010PropOp30
 70
     1
102
RTVSPost2010Prop31
280
     0
102
RTVSPost2010PropOp31
 70
     1
102
RTVSPost2010Prop32
280
     0
102
RTVSPost2010PropOp32
 70
     1
102
RTVSPost2010Prop33
280
     0
102
RTVSPost2010PropOp33
 70
     1
102
RTVSPost2010Prop34
280
     0
102
RTVSPost2010PropOp34
 70
     1
102
RTVSPost2010Prop35
280
     0
102
RTVSPost2010PropOp35
 70
     1
102
RTVSPost2010Prop36
280
     0
102
RTVSPost2010PropOp36
 70
     1
102
RTVSPost2010Prop37
 90
       50
102
RTVSPost2010PropOp37
 70
     1
102
RTVSPost2010Prop38
140
0.0
102
RTVSPost2010PropOp38
 70
     1
102
RTVSPost2010Prop39
140
1.0
102
RTVSPost2010PropOp39
 70
     1
102
RTVSPost2010Prop40
 90
        0
102
RTVSPost2010PropOp40
 70
     1
102
RTVSPost2010Prop41ColorIndex
 90
       18
102
RTVSPost2010Prop41ColorRGB
 90
        0
102
RTVSPost2010PropOp41
 70
     1
102
RTVSPost2010Prop42
 90
       50
102
RTVSPost2010PropOp42
 70
     1
102
RTVSPost2010Prop43
 90
        3
102
RTVSPost2010PropOp43
 70
     1
102
RTVSPost2010Prop44ColorIndex
 90
        5
102
RTVSPost2010Prop44ColorRGB
 90
      255
102
RTVSPost2010PropOp44
 70
     1
102
RTVSPost2010Prop45
280
     0
102
RTVSPost2010PropOp45
 70
     1
102
RTVSPost2010Prop46
 90
       50
102
RTVSPost2010PropOp46
 70
     1
102
RTVSPost2010Prop47
 90
       50
102
RTVSPost2010PropOp47
 70
     1
102
RTVSPost2010Prop48
 90
       50
102
RTVSPost2010PropOp48
 70
     1
102
RTVSPost2010Prop49
280
     0
102
RTVSPost2010PropOp49
 70
     1
102
RTVSPost2010Prop50
 90
       50
102
RTVSPost2010PropOp50
 70
     1
102
RTVSPost2010Prop51ColorIndex
 90
      256
102
RTVSPost2010Prop51ColorRGB
 90
-16777216
102
RTVSPost2010PropOp51
 70
     0
102
RTVSPost2010Prop52
140
1.0
102
RTVSPost2010PropOp52
 70
     0
102
RTVSPost2010Prop53
 90
        2
102
RTVSPost2010PropOp53
 70
     1
102
RTVSPost2010Prop54
  1
strokes_ogs.tif
102
RTVSPost2010PropOp54
 70
     1
102
RTVSPost2010Prop55
280
     0
102
RTVSPost2010PropOp55
 70
     1
102
RTVSPost2010Prop56
140
1.0
102
RTVSPost2010PropOp56
 70
     1
102
RTVSPost2010Prop57
140
1.0
102
RTVSPost2010PropOp57
 70
     1
  0
XRECORD
  5
B34
102
{ACAD_REACTORS
330
B33
102
}
330
B33
100
AcDbXrecord
280
     1
102
RTVSPost2010Prop28
280
     0
102
RTVSPost2010PropOp28
 70
     1
102
RTVSPost2010Prop29
280
     1
102
RTVSPost2010PropOp29
 70
     1
102
RTVSPost2010Prop30
280
     1
102
RTVSPost2010PropOp30
 70
     1
102
RTVSPost2010Prop31
280
     0
102
RTVSPost2010PropOp31
 70
     1
102
RTVSPost2010Prop32
280
     0
102
RTVSPost2010PropOp32
 70
     1
102
RTVSPost2010Prop33
280
     0
102
RTVSPost2010PropOp33
 70
     1
102
RTVSPost2010Prop34
280
     0
102
RTVSPost2010PropOp34
 70
     1
102
RTVSPost2010Prop35
280
     0
102
RTVSPost2010PropOp35
 70
     1
102
RTVSPost2010Prop36
280
     0
102
RTVSPost2010PropOp36
 70
     1
102
RTVSPost2010Prop37
 90
       50
102
RTVSPost2010PropOp37
 70
     1
102
RTVSPost2010Prop38
140
0.0
102
RTVSPost2010PropOp38
 70
     1
102
RTVSPost2010Prop39
140
1.0
102
RTVSPost2010PropOp39
 70
     1
102
RTVSPost2010Prop40
 90
        0
102
RTVSPost2010PropOp40
 70
     1
102
RTVSPost2010Prop41ColorIndex
 90
       18
102
RTVSPost2010Prop41ColorRGB
 90
        0
102
RTVSPost2010PropOp41
 70
     1
102
RTVSPost2010Prop42
 90
       50
102
RTVSPost2010PropOp42
 70
     1
102
RTVSPost2010Prop43
 90
        3
102
RTVSPost2010PropOp43
 70
     1
102
RTVSPost2010Prop44ColorIndex
 90
        5
102
RTVSPost2010Prop44ColorRGB
 90
      255
102
RTVSPost2010PropOp44
 70
     1
102
RTVSPost2010Prop45
280
     0
102
RTVSPost2010PropOp45
 70
     1
102
RTVSPost2010Prop46
 90
       50
102
RTVSPost2010PropOp46
 70
     1
102
RTVSPost2010Prop47
 90
       50
102
RTVSPost2010PropOp47
 70
     1
102
RTVSPost2010Prop48
 90
       50
102
RTVSPost2010PropOp48
 70
     1
102
RTVSPost2010Prop49
280
     0
102
RTVSPost2010PropOp49
 70
     1
102
RTVSPost2010Prop50
 90
       50
102
RTVSPost2010PropOp50
 70
     1
102
RTVSPost2010Prop51ColorIndex
 90
      256
102
RTVSPost2010Prop51ColorRGB
 90
-16777216
102
RTVSPost2010PropOp51
 70
     0
102
RTVSPost2010Prop52
140
1.0
102
RTVSPost2010PropOp52
 70
     0
102
RTVSPost2010Prop53
 90
        2
102
RTVSPost2010PropOp53
 70
     1
102
RTVSPost2010Prop54
  1
strokes_ogs.tif
102
RTVSPost2010PropOp54
 70
     1
102
RTVSPost2010Prop55
280
     0
102
RTVSPost2010PropOp55
 70
     1
102
RTVSPost2010Prop56
140
1.0
102
RTVSPost2010PropOp56
 70
     1
102
RTVSPost2010Prop57
140
1.0
102
RTVSPost2010PropOp57
 70
     1
  0
XRECORD
  5
B44
102
{ACAD_REACTORS
330
B43
102
}
330
B43
100
AcDbXrecord
280
     1
102
RTVSPost2010Prop28
280
     0
102
RTVSPost2010PropOp28
 70
     0
102
RTVSPost2010Prop29
280
     1
102
RTVSPost2010PropOp29
 70
     0
102
RTVSPost2010Prop30
280
     1
102
RTVSPost2010PropOp30
 70
     0
102
RTVSPost2010Prop31
280
     0
102
RTVSPost2010PropOp31
 70
     0
102
RTVSPost2010Prop32
280
     0
102
RTVSPost2010PropOp32
 70
     0
102
RTVSPost2010Prop33
280
     0
102
RTVSPost2010PropOp33
 70
     0
102
RTVSPost2010Prop34
280
     0
102
RTVSPost2010PropOp34
 70
     0
102
RTVSPost2010Prop35
280
     0
102
RTVSPost2010PropOp35
 70
     0
102
RTVSPost2010Prop36
280
     0
102
RTVSPost2010PropOp36
 70
     0
102
RTVSPost2010Prop37
 90
       50
102
RTVSPost2010PropOp37
 70
     0
102
RTVSPost2010Prop38
140
0.0
102
RTVSPost2010PropOp38
 70
     0
102
RTVSPost2010Prop39
140
1.0
102
RTVSPost2010PropOp39
 70
     0
102
RTVSPost2010Prop40
 90
        0
102
RTVSPost2010PropOp40
 70
     0
102
RTVSPost2010Prop41ColorIndex
 90
       18
102
RTVSPost2010Prop41ColorRGB
 90
        0
102
RTVSPost2010PropOp41
 70
     0
102
RTVSPost2010Prop42
 90
       50
102
RTVSPost2010PropOp42
 70
     0
102
RTVSPost2010Prop43
 90
        3
102
RTVSPost2010PropOp43
 70
     0
102
RTVSPost2010Prop44ColorIndex
 90
        5
102
RTVSPost2010Prop44ColorRGB
 90
      255
102
RTVSPost2010PropOp44
 70
     0
102
RTVSPost2010Prop45
280
     0
102
RTVSPost2010PropOp45
 70
     0
102
RTVSPost2010Prop46
 90
       50
102
RTVSPost2010PropOp46
 70
     0
102
RTVSPost2010Prop47
 90
       50
102
RTVSPost2010PropOp47
 70
     0
102
RTVSPost2010Prop48
 90
       50
102
RTVSPost2010PropOp48
 70
     0
102
RTVSPost2010Prop49
280
     0
102
RTVSPost2010PropOp49
 70
     0
102
RTVSPost2010Prop50
 90
       50
102
RTVSPost2010PropOp50
 70
     0
102
RTVSPost2010Prop51ColorIndex
 90
      256
102
RTVSPost2010Prop51ColorRGB
 90
-16777216
102
RTVSPost2010PropOp51
 70
     0
102
RTVSPost2010Prop52
140
1.0
102
RTVSPost2010PropOp52
 70
     0
102
RTVSPost2010Prop53
 90
        2
102
RTVSPost2010PropOp53
 70
     0
102
RTVSPost2010Prop54
  1
strokes_ogs.tif
102
RTVSPost2010PropOp54
 70
     0
102
RTVSPost2010Prop55
280
     0
102
RTVSPost2010PropOp55
 70
     0
102
RTVSPost2010Prop56
140
1.0
102
RTVSPost2010PropOp56
 70
     0
102
RTVSPost2010Prop57
140
1.0
102
RTVSPost2010PropOp57
 70
     0
  0
XRECORD
  5
B3C
102
{ACAD_REACTORS
330
B3B
102
}
330
B3B
100
AcDbXrecord
280
     1
102
RTVSPost2010Prop28
280
     0
102
RTVSPost2010PropOp28
 70
     1
102
RTVSPost2010Prop29
280
     1
102
RTVSPost2010PropOp29
 70
     1
102
RTVSPost2010Prop30
280
     1
102
RTVSPost2010PropOp30
 70
     1
102
RTVSPost2010Prop31
280
     0
102
RTVSPost2010PropOp31
 70
     1
102
RTVSPost2010Prop32
280
     0
102
RTVSPost2010PropOp32
 70
     1
102
RTVSPost2010Prop33
280
     0
102
RTVSPost2010PropOp33
 70
     1
102
RTVSPost2010Prop34
280
     0
102
RTVSPost2010PropOp34
 70
     1
102
RTVSPost2010Prop35
280
     0
102
RTVSPost2010PropOp35
 70
     1
102
RTVSPost2010Prop36
280
     0
102
RTVSPost2010PropOp36
 70
     1
102
RTVSPost2010Prop37
 90
       50
102
RTVSPost2010PropOp37
 70
     1
102
RTVSPost2010Prop38
140
0.0
102
RTVSPost2010PropOp38
 70
     1
102
RTVSPost2010Prop39
140
1.0
102
RTVSPost2010PropOp39
 70
     1
102
RTVSPost2010Prop40
 90
        0
102
RTVSPost2010PropOp40
 70
     1
102
RTVSPost2010Prop41ColorIndex
 90
       18
102
RTVSPost2010Prop41ColorRGB
 90
        0
102
RTVSPost2010PropOp41
 70
     1
102
RTVSPost2010Prop42
 90
       50
102
RTVSPost2010PropOp42
 70
     1
102
RTVSPost2010Prop43
 90
        3
102
RTVSPost2010PropOp43
 70
     1
102
RTVSPost2010Prop44ColorIndex
 90
        5
102
RTVSPost2010Prop44ColorRGB
 90
      255
102
RTVSPost2010PropOp44
 70
     1
102
RTVSPost2010Prop45
280
     0
102
RTVSPost2010PropOp45
 70
     1
102
RTVSPost2010Prop46
 90
       50
102
RTVSPost2010PropOp46
 70
     1
102
RTVSPost2010Prop47
 90
       50
102
RTVSPost2010PropOp47
 70
     1
102
RTVSPost2010Prop48
 90
       50
102
RTVSPost2010PropOp48
 70
     1
102
RTVSPost2010Prop49
280
     0
102
RTVSPost2010PropOp49
 70
     1
102
RTVSPost2010Prop50
 90
       50
102
RTVSPost2010PropOp50
 70
     1
102
RTVSPost2010Prop51ColorIndex
 90
      256
102
RTVSPost2010Prop51ColorRGB
 90
-16777216
102
RTVSPost2010PropOp51
 70
     0
102
RTVSPost2010Prop52
140
1.0
102
RTVSPost2010PropOp52
 70
     0
102
RTVSPost2010Prop53
 90
        2
102
RTVSPost2010PropOp53
 70
     1
102
RTVSPost2010Prop54
  1
strokes_ogs.tif
102
RTVSPost2010PropOp54
 70
     1
102
RTVSPost2010Prop55
280
     0
102
RTVSPost2010PropOp55
 70
     1
102
RTVSPost2010Prop56
140
1.0
102
RTVSPost2010PropOp56
 70
     1
102
RTVSPost2010Prop57
140
1.0
102
RTVSPost2010PropOp57
 70
     1
  0
XRECORD
  5
B20
102
{ACAD_REACTORS
330
B1F
102
}
330
B1F
100
AcDbXrecord
280
     1
102
RTVSPost2010Prop28
280
     0
102
RTVSPost2010PropOp28
 70
     1
102
RTVSPost2010Prop29
280
     1
102
RTVSPost2010PropOp29
 70
     1
102
RTVSPost2010Prop30
280
     1
102
RTVSPost2010PropOp30
 70
     1
102
RTVSPost2010Prop31
280
     0
102
RTVSPost2010PropOp31
 70
     1
102
RTVSPost2010Prop32
280
     0
102
RTVSPost2010PropOp32
 70
     1
102
RTVSPost2010Prop33
280
     0
102
RTVSPost2010PropOp33
 70
     1
102
RTVSPost2010Prop34
280
     0
102
RTVSPost2010PropOp34
 70
     1
102
RTVSPost2010Prop35
280
     0
102
RTVSPost2010PropOp35
 70
     1
102
RTVSPost2010Prop36
280
     0
102
RTVSPost2010PropOp36
 70
     1
102
RTVSPost2010Prop37
 90
       50
102
RTVSPost2010PropOp37
 70
     1
102
RTVSPost2010Prop38
140
0.0
102
RTVSPost2010PropOp38
 70
     1
102
RTVSPost2010Prop39
140
1.0
102
RTVSPost2010PropOp39
 70
     1
102
RTVSPost2010Prop40
 90
        0
102
RTVSPost2010PropOp40
 70
     1
102
RTVSPost2010Prop41ColorIndex
 90
       18
102
RTVSPost2010Prop41ColorRGB
 90
        0
102
RTVSPost2010PropOp41
 70
     1
102
RTVSPost2010Prop42
 90
       50
102
RTVSPost2010PropOp42
 70
     1
102
RTVSPost2010Prop43
 90
        3
102
RTVSPost2010PropOp43
 70
     1
102
RTVSPost2010Prop44ColorIndex
 90
        5
102
RTVSPost2010Prop44ColorRGB
 90
      255
102
RTVSPost2010PropOp44
 70
     1
102
RTVSPost2010Prop45
280
     0
102
RTVSPost2010PropOp45
 70
     1
102
RTVSPost2010Prop46
 90
       50
102
RTVSPost2010PropOp46
 70
     1
102
RTVSPost2010Prop47
 90
       50
102
RTVSPost2010PropOp47
 70
     1
102
RTVSPost2010Prop48
 90
       50
102
RTVSPost2010PropOp48
 70
     1
102
RTVSPost2010Prop49
280
     0
102
RTVSPost2010PropOp49
 70
     1
102
RTVSPost2010Prop50
 90
       50
102
RTVSPost2010PropOp50
 70
     1
102
RTVSPost2010Prop51ColorIndex
 90
      256
102
RTVSPost2010Prop51ColorRGB
 90
-16777216
102
RTVSPost2010PropOp51
 70
     0
102
RTVSPost2010Prop52
140
1.0
102
RTVSPost2010PropOp52
 70
     0
102
RTVSPost2010Prop53
 90
        2
102
RTVSPost2010PropOp53
 70
     1
102
RTVSPost2010Prop54
  1
strokes_ogs.tif
102
RTVSPost2010PropOp54
 70
     1
102
RTVSPost2010Prop55
280
     0
102
RTVSPost2010PropOp55
 70
     1
102
RTVSPost2010Prop56
140
1.0
102
RTVSPost2010PropOp56
 70
     1
102
RTVSPost2010Prop57
140
1.0
102
RTVSPost2010PropOp57
 70
     1
  0
XRECORD
  5
B22
102
{ACAD_REACTORS
330
B21
102
}
330
B21
100
AcDbXrecord
280
     1
102
RTVSPost2010Prop28
280
     0
102
RTVSPost2010PropOp28
 70
     1
102
RTVSPost2010Prop29
280
     1
102
RTVSPost2010PropOp29
 70
     1
102
RTVSPost2010Prop30
280
     1
102
RTVSPost2010PropOp30
 70
     1
102
RTVSPost2010Prop31
280
     0
102
RTVSPost2010PropOp31
 70
     1
102
RTVSPost2010Prop32
280
     0
102
RTVSPost2010PropOp32
 70
     1
102
RTVSPost2010Prop33
280
     0
102
RTVSPost2010PropOp33
 70
     1
102
RTVSPost2010Prop34
280
     0
102
RTVSPost2010PropOp34
 70
     1
102
RTVSPost2010Prop35
280
     0
102
RTVSPost2010PropOp35
 70
     1
102
RTVSPost2010Prop36
280
     0
102
RTVSPost2010PropOp36
 70
     1
102
RTVSPost2010Prop37
 90
       50
102
RTVSPost2010PropOp37
 70
     1
102
RTVSPost2010Prop38
140
0.0
102
RTVSPost2010PropOp38
 70
     1
102
RTVSPost2010Prop39
140
1.0
102
RTVSPost2010PropOp39
 70
     1
102
RTVSPost2010Prop40
 90
        0
102
RTVSPost2010PropOp40
 70
     1
102
RTVSPost2010Prop41ColorIndex
 90
       18
102
RTVSPost2010Prop41ColorRGB
 90
        0
102
RTVSPost2010PropOp41
 70
     1
102
RTVSPost2010Prop42
 90
       50
102
RTVSPost2010PropOp42
 70
     1
102
RTVSPost2010Prop43
 90
        3
102
RTVSPost2010PropOp43
 70
     1
102
RTVSPost2010Prop44ColorIndex
 90
        5
102
RTVSPost2010Prop44ColorRGB
 90
      255
102
RTVSPost2010PropOp44
 70
     1
102
RTVSPost2010Prop45
280
     0
102
RTVSPost2010PropOp45
 70
     1
102
RTVSPost2010Prop46
 90
       50
102
RTVSPost2010PropOp46
 70
     1
102
RTVSPost2010Prop47
 90
       50
102
RTVSPost2010PropOp47
 70
     1
102
RTVSPost2010Prop48
 90
       50
102
RTVSPost2010PropOp48
 70
     1
102
RTVSPost2010Prop49
280
     0
102
RTVSPost2010PropOp49
 70
     1
102
RTVSPost2010Prop50
 90
       50
102
RTVSPost2010PropOp50
 70
     1
102
RTVSPost2010Prop51ColorIndex
 90
      256
102
RTVSPost2010Prop51ColorRGB
 90
-16777216
102
RTVSPost2010PropOp51
 70
     0
102
RTVSPost2010Prop52
140
1.0
102
RTVSPost2010PropOp52
 70
     0
102
RTVSPost2010Prop53
 90
        2
102
RTVSPost2010PropOp53
 70
     1
102
RTVSPost2010Prop54
  1
strokes_ogs.tif
102
RTVSPost2010PropOp54
 70
     1
102
RTVSPost2010Prop55
280
     0
102
RTVSPost2010PropOp55
 70
     1
102
RTVSPost2010Prop56
140
1.0
102
RTVSPost2010PropOp56
 70
     1
102
RTVSPost2010Prop57
140
1.0
102
RTVSPost2010PropOp57
 70
     1
  0
XRECORD
  5
B24
102
{ACAD_REACTORS
330
B23
102
}
330
B23
100
AcDbXrecord
280
     1
102
RTVSPost2010Prop28
280
     0
102
RTVSPost2010PropOp28
 70
     1
102
RTVSPost2010Prop29
280
     1
102
RTVSPost2010PropOp29
 70
     1
102
RTVSPost2010Prop30
280
     1
102
RTVSPost2010PropOp30
 70
     1
102
RTVSPost2010Prop31
280
     0
102
RTVSPost2010PropOp31
 70
     1
102
RTVSPost2010Prop32
280
     0
102
RTVSPost2010PropOp32
 70
     1
102
RTVSPost2010Prop33
280
     0
102
RTVSPost2010PropOp33
 70
     1
102
RTVSPost2010Prop34
280
     0
102
RTVSPost2010PropOp34
 70
     1
102
RTVSPost2010Prop35
280
     0
102
RTVSPost2010PropOp35
 70
     1
102
RTVSPost2010Prop36
280
     0
102
RTVSPost2010PropOp36
 70
     1
102
RTVSPost2010Prop37
 90
       50
102
RTVSPost2010PropOp37
 70
     1
102
RTVSPost2010Prop38
140
0.0
102
RTVSPost2010PropOp38
 70
     1
102
RTVSPost2010Prop39
140
1.0
102
RTVSPost2010PropOp39
 70
     1
102
RTVSPost2010Prop40
 90
        0
102
RTVSPost2010PropOp40
 70
     1
102
RTVSPost2010Prop41ColorIndex
 90
       18
102
RTVSPost2010Prop41ColorRGB
 90
        0
102
RTVSPost2010PropOp41
 70
     1
102
RTVSPost2010Prop42
 90
       50
102
RTVSPost2010PropOp42
 70
     1
102
RTVSPost2010Prop43
 90
        3
102
RTVSPost2010PropOp43
 70
     1
102
RTVSPost2010Prop44ColorIndex
 90
        5
102
RTVSPost2010Prop44ColorRGB
 90
      255
102
RTVSPost2010PropOp44
 70
     1
102
RTVSPost2010Prop45
280
     0
102
RTVSPost2010PropOp45
 70
     1
102
RTVSPost2010Prop46
 90
       50
102
RTVSPost2010PropOp46
 70
     1
102
RTVSPost2010Prop47
 90
       50
102
RTVSPost2010PropOp47
 70
     1
102
RTVSPost2010Prop48
 90
       50
102
RTVSPost2010PropOp48
 70
     1
102
RTVSPost2010Prop49
280
     0
102
RTVSPost2010PropOp49
 70
     1
102
RTVSPost2010Prop50
 90
       50
102
RTVSPost2010PropOp50
 70
     1
102
RTVSPost2010Prop51ColorIndex
 90
      256
102
RTVSPost2010Prop51ColorRGB
 90
-16777216
102
RTVSPost2010PropOp51
 70
     0
102
RTVSPost2010Prop52
140
1.0
102
RTVSPost2010PropOp52
 70
     0
102
RTVSPost2010Prop53
 90
        2
102
RTVSPost2010PropOp53
 70
     1
102
RTVSPost2010Prop54
  1
strokes_ogs.tif
102
RTVSPost2010PropOp54
 70
     1
102
RTVSPost2010Prop55
280
     0
102
RTVSPost2010PropOp55
 70
     1
102
RTVSPost2010Prop56
140
1.0
102
RTVSPost2010PropOp56
 70
     1
102
RTVSPost2010Prop57
140
1.0
102
RTVSPost2010PropOp57
 70
     1
  0
XRECORD
  5
B26
102
{ACAD_REACTORS
330
B25
102
}
330
B25
100
AcDbXrecord
280
     1
102
RTVSPost2010Prop28
280
     0
102
RTVSPost2010PropOp28
 70
     1
102
RTVSPost2010Prop29
280
     1
102
RTVSPost2010PropOp29
 70
     1
102
RTVSPost2010Prop30
280
     1
102
RTVSPost2010PropOp30
 70
     1
102
RTVSPost2010Prop31
280
     0
102
RTVSPost2010PropOp31
 70
     1
102
RTVSPost2010Prop32
280
     0
102
RTVSPost2010PropOp32
 70
     1
102
RTVSPost2010Prop33
280
     0
102
RTVSPost2010PropOp33
 70
     1
102
RTVSPost2010Prop34
280
     0
102
RTVSPost2010PropOp34
 70
     1
102
RTVSPost2010Prop35
280
     0
102
RTVSPost2010PropOp35
 70
     1
102
RTVSPost2010Prop36
280
     0
102
RTVSPost2010PropOp36
 70
     1
102
RTVSPost2010Prop37
 90
       50
102
RTVSPost2010PropOp37
 70
     1
102
RTVSPost2010Prop38
140
0.0
102
RTVSPost2010PropOp38
 70
     1
102
RTVSPost2010Prop39
140
1.0
102
RTVSPost2010PropOp39
 70
     1
102
RTVSPost2010Prop40
 90
        0
102
RTVSPost2010PropOp40
 70
     1
102
RTVSPost2010Prop41ColorIndex
 90
       18
102
RTVSPost2010Prop41ColorRGB
 90
        0
102
RTVSPost2010PropOp41
 70
     1
102
RTVSPost2010Prop42
 90
       50
102
RTVSPost2010PropOp42
 70
     1
102
RTVSPost2010Prop43
 90
        3
102
RTVSPost2010PropOp43
 70
     1
102
RTVSPost2010Prop44ColorIndex
 90
        5
102
RTVSPost2010Prop44ColorRGB
 90
      255
102
RTVSPost2010PropOp44
 70
     1
102
RTVSPost2010Prop45
280
     0
102
RTVSPost2010PropOp45
 70
     1
102
RTVSPost2010Prop46
 90
       50
102
RTVSPost2010PropOp46
 70
     1
102
RTVSPost2010Prop47
 90
       50
102
RTVSPost2010PropOp47
 70
     1
102
RTVSPost2010Prop48
 90
       50
102
RTVSPost2010PropOp48
 70
     1
102
RTVSPost2010Prop49
280
     0
102
RTVSPost2010PropOp49
 70
     1
102
RTVSPost2010Prop50
 90
       50
102
RTVSPost2010PropOp50
 70
     1
102
RTVSPost2010Prop51ColorIndex
 90
      256
102
RTVSPost2010Prop51ColorRGB
 90
-16777216
102
RTVSPost2010PropOp51
 70
     0
102
RTVSPost2010Prop52
140
1.0
102
RTVSPost2010PropOp52
 70
     0
102
RTVSPost2010Prop53
 90
        2
102
RTVSPost2010PropOp53
 70
     1
102
RTVSPost2010Prop54
  1
strokes_ogs.tif
102
RTVSPost2010PropOp54
 70
     1
102
RTVSPost2010Prop55
280
     0
102
RTVSPost2010PropOp55
 70
     1
102
RTVSPost2010Prop56
140
1.0
102
RTVSPost2010PropOp56
 70
     1
102
RTVSPost2010Prop57
140
1.0
102
RTVSPost2010PropOp57
 70
     1
  0
XRECORD
  5
B2C
102
{ACAD_REACTORS
330
B2B
102
}
330
B2B
100
AcDbXrecord
280
     1
102
RTVSPost2010Prop28
280
     0
102
RTVSPost2010PropOp28
 70
     1
102
RTVSPost2010Prop29
280
     1
102
RTVSPost2010PropOp29
 70
     1
102
RTVSPost2010Prop30
280
     1
102
RTVSPost2010PropOp30
 70
     1
102
RTVSPost2010Prop31
280
     0
102
RTVSPost2010PropOp31
 70
     1
102
RTVSPost2010Prop32
280
     0
102
RTVSPost2010PropOp32
 70
     1
102
RTVSPost2010Prop33
280
     0
102
RTVSPost2010PropOp33
 70
     1
102
RTVSPost2010Prop34
280
     0
102
RTVSPost2010PropOp34
 70
     1
102
RTVSPost2010Prop35
280
     0
102
RTVSPost2010PropOp35
 70
     1
102
RTVSPost2010Prop36
280
     0
102
RTVSPost2010PropOp36
 70
     1
102
RTVSPost2010Prop37
 90
       50
102
RTVSPost2010PropOp37
 70
     1
102
RTVSPost2010Prop38
140
0.0
102
RTVSPost2010PropOp38
 70
     1
102
RTVSPost2010Prop39
140
1.0
102
RTVSPost2010PropOp39
 70
     1
102
RTVSPost2010Prop40
 90
        0
102
RTVSPost2010PropOp40
 70
     1
102
RTVSPost2010Prop41ColorIndex
 90
       18
102
RTVSPost2010Prop41ColorRGB
 90
        0
102
RTVSPost2010PropOp41
 70
     1
102
RTVSPost2010Prop42
 90
       50
102
RTVSPost2010PropOp42
 70
     1
102
RTVSPost2010Prop43
 90
        3
102
RTVSPost2010PropOp43
 70
     1
102
RTVSPost2010Prop44ColorIndex
 90
        5
102
RTVSPost2010Prop44ColorRGB
 90
      255
102
RTVSPost2010PropOp44
 70
     1
102
RTVSPost2010Prop45
280
     0
102
RTVSPost2010PropOp45
 70
     1
102
RTVSPost2010Prop46
 90
       50
102
RTVSPost2010PropOp46
 70
     1
102
RTVSPost2010Prop47
 90
       50
102
RTVSPost2010PropOp47
 70
     1
102
RTVSPost2010Prop48
 90
       50
102
RTVSPost2010PropOp48
 70
     1
102
RTVSPost2010Prop49
280
     0
102
RTVSPost2010PropOp49
 70
     1
102
RTVSPost2010Prop50
 90
       50
102
RTVSPost2010PropOp50
 70
     1
102
RTVSPost2010Prop51ColorIndex
 90
      256
102
RTVSPost2010Prop51ColorRGB
 90
-16777216
102
RTVSPost2010PropOp51
 70
     0
102
RTVSPost2010Prop52
140
1.0
102
RTVSPost2010PropOp52
 70
     0
102
RTVSPost2010Prop53
 90
        2
102
RTVSPost2010PropOp53
 70
     1
102
RTVSPost2010Prop54
  1
strokes_ogs.tif
102
RTVSPost2010PropOp54
 70
     1
102
RTVSPost2010Prop55
280
     0
102
RTVSPost2010PropOp55
 70
     1
102
RTVSPost2010Prop56
140
1.0
102
RTVSPost2010PropOp56
 70
     1
102
RTVSPost2010Prop57
140
1.0
102
RTVSPost2010PropOp57
 70
     1
  0
XRECORD
  5
B40
102
{ACAD_REACTORS
330
B3F
102
}
330
B3F
100
AcDbXrecord
280
     1
102
RTVSPost2010Prop28
280
     0
102
RTVSPost2010PropOp28
 70
     0
102
RTVSPost2010Prop29
280
     1
102
RTVSPost2010PropOp29
 70
     0
102
RTVSPost2010Prop30
280
     1
102
RTVSPost2010PropOp30
 70
     0
102
RTVSPost2010Prop31
280
     0
102
RTVSPost2010PropOp31
 70
     0
102
RTVSPost2010Prop32
280
     0
102
RTVSPost2010PropOp32
 70
     0
102
RTVSPost2010Prop33
280
     0
102
RTVSPost2010PropOp33
 70
     0
102
RTVSPost2010Prop34
280
     0
102
RTVSPost2010PropOp34
 70
     0
102
RTVSPost2010Prop35
280
     0
102
RTVSPost2010PropOp35
 70
     0
102
RTVSPost2010Prop36
280
     0
102
RTVSPost2010PropOp36
 70
     0
102
RTVSPost2010Prop37
 90
       50
102
RTVSPost2010PropOp37
 70
     0
102
RTVSPost2010Prop38
140
0.0
102
RTVSPost2010PropOp38
 70
     0
102
RTVSPost2010Prop39
140
1.0
102
RTVSPost2010PropOp39
 70
     0
102
RTVSPost2010Prop40
 90
        0
102
RTVSPost2010PropOp40
 70
     0
102
RTVSPost2010Prop41ColorIndex
 90
       18
102
RTVSPost2010Prop41ColorRGB
 90
        0
102
RTVSPost2010PropOp41
 70
     0
102
RTVSPost2010Prop42
 90
       50
102
RTVSPost2010PropOp42
 70
     0
102
RTVSPost2010Prop43
 90
        3
102
RTVSPost2010PropOp43
 70
     0
102
RTVSPost2010Prop44ColorIndex
 90
        5
102
RTVSPost2010Prop44ColorRGB
 90
      255
102
RTVSPost2010PropOp44
 70
     0
102
RTVSPost2010Prop45
280
     0
102
RTVSPost2010PropOp45
 70
     0
102
RTVSPost2010Prop46
 90
       50
102
RTVSPost2010PropOp46
 70
     0
102
RTVSPost2010Prop47
 90
       50
102
RTVSPost2010PropOp47
 70
     0
102
RTVSPost2010Prop48
 90
       50
102
RTVSPost2010PropOp48
 70
     0
102
RTVSPost2010Prop49
280
     0
102
RTVSPost2010PropOp49
 70
     0
102
RTVSPost2010Prop50
 90
       50
102
RTVSPost2010PropOp50
 70
     0
102
RTVSPost2010Prop51ColorIndex
 90
      256
102
RTVSPost2010Prop51ColorRGB
 90
-16777216
102
RTVSPost2010PropOp51
 70
     0
102
RTVSPost2010Prop52
140
1.0
102
RTVSPost2010PropOp52
 70
     0
102
RTVSPost2010Prop53
 90
        2
102
RTVSPost2010PropOp53
 70
     0
102
RTVSPost2010Prop54
  1
strokes_ogs.tif
102
RTVSPost2010PropOp54
 70
     0
102
RTVSPost2010Prop55
280
     0
102
RTVSPost2010PropOp55
 70
     0
102
RTVSPost2010Prop56
140
1.0
102
RTVSPost2010PropOp56
 70
     0
102
RTVSPost2010Prop57
140
1.0
102
RTVSPost2010PropOp57
 70
     0
  0
XRECORD
  5
B3A
102
{ACAD_REACTORS
330
B39
102
}
330
B39
100
AcDbXrecord
280
     1
102
RTVSPost2010Prop28
280
     0
102
RTVSPost2010PropOp28
 70
     1
102
RTVSPost2010Prop29
280
     1
102
RTVSPost2010PropOp29
 70
     1
102
RTVSPost2010Prop30
280
     1
102
RTVSPost2010PropOp30
 70
     1
102
RTVSPost2010Prop31
280
     0
102
RTVSPost2010PropOp31
 70
     1
102
RTVSPost2010Prop32
280
     0
102
RTVSPost2010PropOp32
 70
     1
102
RTVSPost2010Prop33
280
     0
102
RTVSPost2010PropOp33
 70
     1
102
RTVSPost2010Prop34
280
     0
102
RTVSPost2010PropOp34
 70
     1
102
RTVSPost2010Prop35
280
     0
102
RTVSPost2010PropOp35
 70
     1
102
RTVSPost2010Prop36
280
     0
102
RTVSPost2010PropOp36
 70
     1
102
RTVSPost2010Prop37
 90
       50
102
RTVSPost2010PropOp37
 70
     1
102
RTVSPost2010Prop38
140
0.0
102
RTVSPost2010PropOp38
 70
     1
102
RTVSPost2010Prop39
140
1.0
102
RTVSPost2010PropOp39
 70
     1
102
RTVSPost2010Prop40
 90
        0
102
RTVSPost2010PropOp40
 70
     1
102
RTVSPost2010Prop41ColorIndex
 90
       18
102
RTVSPost2010Prop41ColorRGB
 90
        0
102
RTVSPost2010PropOp41
 70
     1
102
RTVSPost2010Prop42
 90
       50
102
RTVSPost2010PropOp42
 70
     1
102
RTVSPost2010Prop43
 90
        3
102
RTVSPost2010PropOp43
 70
     1
102
RTVSPost2010Prop44ColorIndex
 90
        5
102
RTVSPost2010Prop44ColorRGB
 90
      255
102
RTVSPost2010PropOp44
 70
     1
102
RTVSPost2010Prop45
280
     0
102
RTVSPost2010PropOp45
 70
     1
102
RTVSPost2010Prop46
 90
       50
102
RTVSPost2010PropOp46
 70
     1
102
RTVSPost2010Prop47
 90
       50
102
RTVSPost2010PropOp47
 70
     1
102
RTVSPost2010Prop48
 90
       50
102
RTVSPost2010PropOp48
 70
     1
102
RTVSPost2010Prop49
280
     0
102
RTVSPost2010PropOp49
 70
     1
102
RTVSPost2010Prop50
 90
       50
102
RTVSPost2010PropOp50
 70
     1
102
RTVSPost2010Prop51ColorIndex
 90
      256
102
RTVSPost2010Prop51ColorRGB
 90
-16777216
102
RTVSPost2010PropOp51
 70
     0
102
RTVSPost2010Prop52
140
1.0
102
RTVSPost2010PropOp52
 70
     0
102
RTVSPost2010Prop53
 90
        2
102
RTVSPost2010PropOp53
 70
     1
102
RTVSPost2010Prop54
  1
strokes_ogs.tif
102
RTVSPost2010PropOp54
 70
     1
102
RTVSPost2010Prop55
280
     0
102
RTVSPost2010PropOp55
 70
     1
102
RTVSPost2010Prop56
140
1.0
102
RTVSPost2010PropOp56
 70
     1
102
RTVSPost2010Prop57
140
1.0
102
RTVSPost2010PropOp57
 70
     1
  0
XRECORD
  5
B42
102
{ACAD_REACTORS
330
B41
102
}
330
B41
100
AcDbXrecord
280
     1
102
RTVSPost2010Prop28
280
     0
102
RTVSPost2010PropOp28
 70
     0
102
RTVSPost2010Prop29
280
     1
102
RTVSPost2010PropOp29
 70
     0
102
RTVSPost2010Prop30
280
     1
102
RTVSPost2010PropOp30
 70
     0
102
RTVSPost2010Prop31
280
     0
102
RTVSPost2010PropOp31
 70
     0
102
RTVSPost2010Prop32
280
     0
102
RTVSPost2010PropOp32
 70
     0
102
RTVSPost2010Prop33
280
     0
102
RTVSPost2010PropOp33
 70
     0
102
RTVSPost2010Prop34
280
     0
102
RTVSPost2010PropOp34
 70
     0
102
RTVSPost2010Prop35
280
     0
102
RTVSPost2010PropOp35
 70
     0
102
RTVSPost2010Prop36
280
     0
102
RTVSPost2010PropOp36
 70
     0
102
RTVSPost2010Prop37
 90
       50
102
RTVSPost2010PropOp37
 70
     0
102
RTVSPost2010Prop38
140
0.0
102
RTVSPost2010PropOp38
 70
     0
102
RTVSPost2010Prop39
140
1.0
102
RTVSPost2010PropOp39
 70
     0
102
RTVSPost2010Prop40
 90
        0
102
RTVSPost2010PropOp40
 70
     0
102
RTVSPost2010Prop41ColorIndex
 90
       18
102
RTVSPost2010Prop41ColorRGB
 90
        0
102
RTVSPost2010PropOp41
 70
     0
102
RTVSPost2010Prop42
 90
       50
102
RTVSPost2010PropOp42
 70
     0
102
RTVSPost2010Prop43
 90
        3
102
RTVSPost2010PropOp43
 70
     0
102
RTVSPost2010Prop44ColorIndex
 90
        5
102
RTVSPost2010Prop44ColorRGB
 90
      255
102
RTVSPost2010PropOp44
 70
     0
102
RTVSPost2010Prop45
280
     0
102
RTVSPost2010PropOp45
 70
     0
102
RTVSPost2010Prop46
 90
       50
102
RTVSPost2010PropOp46
 70
     0
102
RTVSPost2010Prop47
 90
       50
102
RTVSPost2010PropOp47
 70
     0
102
RTVSPost2010Prop48
 90
       50
102
RTVSPost2010PropOp48
 70
     0
102
RTVSPost2010Prop49
280
     0
102
RTVSPost2010PropOp49
 70
     0
102
RTVSPost2010Prop50
 90
       50
102
RTVSPost2010PropOp50
 70
     0
102
RTVSPost2010Prop51ColorIndex
 90
      256
102
RTVSPost2010Prop51ColorRGB
 90
-16777216
102
RTVSPost2010PropOp51
 70
     0
102
RTVSPost2010Prop52
140
1.0
102
RTVSPost2010PropOp52
 70
     0
102
RTVSPost2010Prop53
 90
        2
102
RTVSPost2010PropOp53
 70
     0
102
RTVSPost2010Prop54
  1
strokes_ogs.tif
102
RTVSPost2010PropOp54
 70
     0
102
RTVSPost2010Prop55
280
     0
102
RTVSPost2010PropOp55
 70
     0
102
RTVSPost2010Prop56
140
1.0
102
RTVSPost2010PropOp56
 70
     0
102
RTVSPost2010Prop57
140
1.0
102
RTVSPost2010PropOp57
 70
     0
  0
XRECORD
  5
B30
102
{ACAD_REACTORS
330
B2F
102
}
330
B2F
100
AcDbXrecord
280
     1
102
RTVSPost2010Prop28
280
     0
102
RTVSPost2010PropOp28
 70
     1
102
RTVSPost2010Prop29
280
     1
102
RTVSPost2010PropOp29
 70
     1
102
RTVSPost2010Prop30
280
     1
102
RTVSPost2010PropOp30
 70
     1
102
RTVSPost2010Prop31
280
     0
102
RTVSPost2010PropOp31
 70
     1
102
RTVSPost2010Prop32
280
     0
102
RTVSPost2010PropOp32
 70
     1
102
RTVSPost2010Prop33
280
     0
102
RTVSPost2010PropOp33
 70
     1
102
RTVSPost2010Prop34
280
     0
102
RTVSPost2010PropOp34
 70
     1
102
RTVSPost2010Prop35
280
     0
102
RTVSPost2010PropOp35
 70
     1
102
RTVSPost2010Prop36
280
     0
102
RTVSPost2010PropOp36
 70
     1
102
RTVSPost2010Prop37
 90
       50
102
RTVSPost2010PropOp37
 70
     1
102
RTVSPost2010Prop38
140
0.0
102
RTVSPost2010PropOp38
 70
     1
102
RTVSPost2010Prop39
140
1.0
102
RTVSPost2010PropOp39
 70
     1
102
RTVSPost2010Prop40
 90
        0
102
RTVSPost2010PropOp40
 70
     1
102
RTVSPost2010Prop41ColorIndex
 90
       18
102
RTVSPost2010Prop41ColorRGB
 90
        0
102
RTVSPost2010PropOp41
 70
     1
102
RTVSPost2010Prop42
 90
       50
102
RTVSPost2010PropOp42
 70
     1
102
RTVSPost2010Prop43
 90
        3
102
RTVSPost2010PropOp43
 70
     1
102
RTVSPost2010Prop44ColorIndex
 90
        5
102
RTVSPost2010Prop44ColorRGB
 90
      255
102
RTVSPost2010PropOp44
 70
     1
102
RTVSPost2010Prop45
280
     0
102
RTVSPost2010PropOp45
 70
     1
102
RTVSPost2010Prop46
 90
       50
102
RTVSPost2010PropOp46
 70
     1
102
RTVSPost2010Prop47
 90
       50
102
RTVSPost2010PropOp47
 70
     1
102
RTVSPost2010Prop48
 90
       50
102
RTVSPost2010PropOp48
 70
     1
102
RTVSPost2010Prop49
280
     0
102
RTVSPost2010PropOp49
 70
     1
102
RTVSPost2010Prop50
 90
       50
102
RTVSPost2010PropOp50
 70
     1
102
RTVSPost2010Prop51ColorIndex
 90
      256
102
RTVSPost2010Prop51ColorRGB
 90
-16777216
102
RTVSPost2010PropOp51
 70
     0
102
RTVSPost2010Prop52
140
1.0
102
RTVSPost2010PropOp52
 70
     0
102
RTVSPost2010Prop53
 90
        2
102
RTVSPost2010PropOp53
 70
     1
102
RTVSPost2010Prop54
  1
strokes_ogs.tif
102
RTVSPost2010PropOp54
 70
     1
102
RTVSPost2010Prop55
280
     0
102
RTVSPost2010PropOp55
 70
     1
102
RTVSPost2010Prop56
140
1.0
102
RTVSPost2010PropOp56
 70
     1
102
RTVSPost2010Prop57
140
1.0
102
RTVSPost2010PropOp57
 70
     1
  0
XRECORD
  5
B4E
102
{ACAD_REACTORS
330
B4D
102
}
330
B4D
100
AcDbXrecord
280
     1
102
RTVSPost2010Prop28
280
     0
102
RTVSPost2010PropOp28
 70
     1
102
RTVSPost2010Prop29
280
     1
102
RTVSPost2010PropOp29
 70
     1
102
RTVSPost2010Prop30
280
     1
102
RTVSPost2010PropOp30
 70
     1
102
RTVSPost2010Prop31
280
     0
102
RTVSPost2010PropOp31
 70
     1
102
RTVSPost2010Prop32
280
     0
102
RTVSPost2010PropOp32
 70
     1
102
RTVSPost2010Prop33
280
     0
102
RTVSPost2010PropOp33
 70
     1
102
RTVSPost2010Prop34
280
     0
102
RTVSPost2010PropOp34
 70
     1
102
RTVSPost2010Prop35
280
     0
102
RTVSPost2010PropOp35
 70
     1
102
RTVSPost2010Prop36
280
     0
102
RTVSPost2010PropOp36
 70
     1
102
RTVSPost2010Prop37
 90
       50
102
RTVSPost2010PropOp37
 70
     1
102
RTVSPost2010Prop38
140
0.0
102
RTVSPost2010PropOp38
 70
     1
102
RTVSPost2010Prop39
140
1.0
102
RTVSPost2010PropOp39
 70
     1
102
RTVSPost2010Prop40
 90
        0
102
RTVSPost2010PropOp40
 70
     1
102
RTVSPost2010Prop41ColorIndex
 90
       18
102
RTVSPost2010Prop41ColorRGB
 90
        0
102
RTVSPost2010PropOp41
 70
     1
102
RTVSPost2010Prop42
 90
       50
102
RTVSPost2010PropOp42
 70
     1
102
RTVSPost2010Prop43
 90
        3
102
RTVSPost2010PropOp43
 70
     1
102
RTVSPost2010Prop44ColorIndex
 90
        5
102
RTVSPost2010Prop44ColorRGB
 90
      255
102
RTVSPost2010PropOp44
 70
     1
102
RTVSPost2010Prop45
280
     0
102
RTVSPost2010PropOp45
 70
     1
102
RTVSPost2010Prop46
 90
       50
102
RTVSPost2010PropOp46
 70
     1
102
RTVSPost2010Prop47
 90
       50
102
RTVSPost2010PropOp47
 70
     1
102
RTVSPost2010Prop48
 90
       50
102
RTVSPost2010PropOp48
 70
     1
102
RTVSPost2010Prop49
280
     0
102
RTVSPost2010PropOp49
 70
     1
102
RTVSPost2010Prop50
 90
       50
102
RTVSPost2010PropOp50
 70
     1
102
RTVSPost2010Prop51ColorIndex
 90
      256
102
RTVSPost2010Prop51ColorRGB
 90
-16777216
102
RTVSPost2010PropOp51
 70
     0
102
RTVSPost2010Prop52
140
1.0
102
RTVSPost2010PropOp52
 70
     0
102
RTVSPost2010Prop53
 90
        2
102
RTVSPost2010PropOp53
 70
     1
102
RTVSPost2010Prop54
  1
strokes_ogs.tif
102
RTVSPost2010PropOp54
 70
     1
102
RTVSPost2010Prop55
280
     0
102
RTVSPost2010PropOp55
 70
     1
102
RTVSPost2010Prop56
140
1.0
102
RTVSPost2010PropOp56
 70
     1
102
RTVSPost2010Prop57
140
1.0
102
RTVSPost2010PropOp57
 70
     1
  0
XRECORD
  5
B4C
102
{ACAD_REACTORS
330
B4B
102
}
330
B4B
100
AcDbXrecord
280
     1
102
RTVSPost2010Prop28
280
     0
102
RTVSPost2010PropOp28
 70
     1
102
RTVSPost2010Prop29
280
     1
102
RTVSPost2010PropOp29
 70
     1
102
RTVSPost2010Prop30
280
     1
102
RTVSPost2010PropOp30
 70
     1
102
RTVSPost2010Prop31
280
     0
102
RTVSPost2010PropOp31
 70
     1
102
RTVSPost2010Prop32
280
     0
102
RTVSPost2010PropOp32
 70
     1
102
RTVSPost2010Prop33
280
     0
102
RTVSPost2010PropOp33
 70
     1
102
RTVSPost2010Prop34
280
     0
102
RTVSPost2010PropOp34
 70
     1
102
RTVSPost2010Prop35
280
     0
102
RTVSPost2010PropOp35
 70
     1
102
RTVSPost2010Prop36
280
     0
102
RTVSPost2010PropOp36
 70
     1
102
RTVSPost2010Prop37
 90
       50
102
RTVSPost2010PropOp37
 70
     1
102
RTVSPost2010Prop38
140
0.0
102
RTVSPost2010PropOp38
 70
     1
102
RTVSPost2010Prop39
140
1.0
102
RTVSPost2010PropOp39
 70
     1
102
RTVSPost2010Prop40
 90
        0
102
RTVSPost2010PropOp40
 70
     1
102
RTVSPost2010Prop41ColorIndex
 90
       18
102
RTVSPost2010Prop41ColorRGB
 90
        0
102
RTVSPost2010PropOp41
 70
     1
102
RTVSPost2010Prop42
 90
       50
102
RTVSPost2010PropOp42
 70
     1
102
RTVSPost2010Prop43
 90
        3
102
RTVSPost2010PropOp43
 70
     1
102
RTVSPost2010Prop44ColorIndex
 90
        5
102
RTVSPost2010Prop44ColorRGB
 90
      255
102
RTVSPost2010PropOp44
 70
     1
102
RTVSPost2010Prop45
280
     0
102
RTVSPost2010PropOp45
 70
     1
102
RTVSPost2010Prop46
 90
       50
102
RTVSPost2010PropOp46
 70
     1
102
RTVSPost2010Prop47
 90
       50
102
RTVSPost2010PropOp47
 70
     1
102
RTVSPost2010Prop48
 90
       50
102
RTVSPost2010PropOp48
 70
     1
102
RTVSPost2010Prop49
280
     0
102
RTVSPost2010PropOp49
 70
     1
102
RTVSPost2010Prop50
 90
       50
102
RTVSPost2010PropOp50
 70
     1
102
RTVSPost2010Prop51ColorIndex
 90
      256
102
RTVSPost2010Prop51ColorRGB
 90
-16777216
102
RTVSPost2010PropOp51
 70
     0
102
RTVSPost2010Prop52
140
1.0
102
RTVSPost2010PropOp52
 70
     0
102
RTVSPost2010Prop53
 90
        2
102
RTVSPost2010PropOp53
 70
     1
102
RTVSPost2010Prop54
  1
strokes_ogs.tif
102
RTVSPost2010PropOp54
 70
     1
102
RTVSPost2010Prop55
280
     0
102
RTVSPost2010PropOp55
 70
     1
102
RTVSPost2010Prop56
140
1.0
102
RTVSPost2010PropOp56
 70
     1
102
RTVSPost2010Prop57
140
1.0
102
RTVSPost2010PropOp57
 70
     1
  0
XRECORD
  5
B46
102
{ACAD_REACTORS
330
B45
102
}
330
B45
100
AcDbXrecord
280
     1
102
RTVSPost2010Prop28
280
     0
102
RTVSPost2010PropOp28
 70
     1
102
RTVSPost2010Prop29
280
     1
102
RTVSPost2010PropOp29
 70
     1
102
RTVSPost2010Prop30
280
     1
102
RTVSPost2010PropOp30
 70
     1
102
RTVSPost2010Prop31
280
     0
102
RTVSPost2010PropOp31
 70
     1
102
RTVSPost2010Prop32
280
     0
102
RTVSPost2010PropOp32
 70
     1
102
RTVSPost2010Prop33
280
     0
102
RTVSPost2010PropOp33
 70
     1
102
RTVSPost2010Prop34
280
     0
102
RTVSPost2010PropOp34
 70
     1
102
RTVSPost2010Prop35
280
     0
102
RTVSPost2010PropOp35
 70
     1
102
RTVSPost2010Prop36
280
     0
102
RTVSPost2010PropOp36
 70
     1
102
RTVSPost2010Prop37
 90
       50
102
RTVSPost2010PropOp37
 70
     1
102
RTVSPost2010Prop38
140
0.0
102
RTVSPost2010PropOp38
 70
     1
102
RTVSPost2010Prop39
140
1.0
102
RTVSPost2010PropOp39
 70
     1
102
RTVSPost2010Prop40
 90
        0
102
RTVSPost2010PropOp40
 70
     1
102
RTVSPost2010Prop41ColorIndex
 90
       18
102
RTVSPost2010Prop41ColorRGB
 90
        0
102
RTVSPost2010PropOp41
 70
     1
102
RTVSPost2010Prop42
 90
       50
102
RTVSPost2010PropOp42
 70
     1
102
RTVSPost2010Prop43
 90
        3
102
RTVSPost2010PropOp43
 70
     1
102
RTVSPost2010Prop44ColorIndex
 90
        5
102
RTVSPost2010Prop44ColorRGB
 90
      255
102
RTVSPost2010PropOp44
 70
     1
102
RTVSPost2010Prop45
280
     0
102
RTVSPost2010PropOp45
 70
     1
102
RTVSPost2010Prop46
 90
       50
102
RTVSPost2010PropOp46
 70
     1
102
RTVSPost2010Prop47
 90
       50
102
RTVSPost2010PropOp47
 70
     1
102
RTVSPost2010Prop48
 90
       50
102
RTVSPost2010PropOp48
 70
     1
102
RTVSPost2010Prop49
280
     0
102
RTVSPost2010PropOp49
 70
     1
102
RTVSPost2010Prop50
 90
       50
102
RTVSPost2010PropOp50
 70
     1
102
RTVSPost2010Prop51ColorIndex
 90
      256
102
RTVSPost2010Prop51ColorRGB
 90
-16777216
102
RTVSPost2010PropOp51
 70
     0
102
RTVSPost2010Prop52
140
1.0
102
RTVSPost2010PropOp52
 70
     0
102
RTVSPost2010Prop53
 90
        2
102
RTVSPost2010PropOp53
 70
     1
102
RTVSPost2010Prop54
  1
strokes_ogs.tif
102
RTVSPost2010PropOp54
 70
     1
102
RTVSPost2010Prop55
280
     0
102
RTVSPost2010PropOp55
 70
     1
102
RTVSPost2010Prop56
140
1.0
102
RTVSPost2010PropOp56
 70
     1
102
RTVSPost2010Prop57
140
1.0
102
RTVSPost2010PropOp57
 70
     1
  0
XRECORD
  5
B48
102
{ACAD_REACTORS
330
B47
102
}
330
B47
100
AcDbXrecord
280
     1
102
RTVSPost2010Prop28
280
     0
102
RTVSPost2010PropOp28
 70
     1
102
RTVSPost2010Prop29
280
     1
102
RTVSPost2010PropOp29
 70
     1
102
RTVSPost2010Prop30
280
     1
102
RTVSPost2010PropOp30
 70
     1
102
RTVSPost2010Prop31
280
     0
102
RTVSPost2010PropOp31
 70
     1
102
RTVSPost2010Prop32
280
     0
102
RTVSPost2010PropOp32
 70
     1
102
RTVSPost2010Prop33
280
     0
102
RTVSPost2010PropOp33
 70
     1
102
RTVSPost2010Prop34
280
     0
102
RTVSPost2010PropOp34
 70
     1
102
RTVSPost2010Prop35
280
     0
102
RTVSPost2010PropOp35
 70
     1
102
RTVSPost2010Prop36
280
     0
102
RTVSPost2010PropOp36
 70
     1
102
RTVSPost2010Prop37
 90
       50
102
RTVSPost2010PropOp37
 70
     1
102
RTVSPost2010Prop38
140
0.0
102
RTVSPost2010PropOp38
 70
     1
102
RTVSPost2010Prop39
140
1.0
102
RTVSPost2010PropOp39
 70
     1
102
RTVSPost2010Prop40
 90
        0
102
RTVSPost2010PropOp40
 70
     1
102
RTVSPost2010Prop41ColorIndex
 90
       18
102
RTVSPost2010Prop41ColorRGB
 90
        0
102
RTVSPost2010PropOp41
 70
     1
102
RTVSPost2010Prop42
 90
       50
102
RTVSPost2010PropOp42
 70
     1
102
RTVSPost2010Prop43
 90
        3
102
RTVSPost2010PropOp43
 70
     1
102
RTVSPost2010Prop44ColorIndex
 90
        5
102
RTVSPost2010Prop44ColorRGB
 90
      255
102
RTVSPost2010PropOp44
 70
     1
102
RTVSPost2010Prop45
280
     0
102
RTVSPost2010PropOp45
 70
     1
102
RTVSPost2010Prop46
 90
       50
102
RTVSPost2010PropOp46
 70
     1
102
RTVSPost2010Prop47
 90
       50
102
RTVSPost2010PropOp47
 70
     1
102
RTVSPost2010Prop48
 90
       50
102
RTVSPost2010PropOp48
 70
     1
102
RTVSPost2010Prop49
280
     0
102
RTVSPost2010PropOp49
 70
     1
102
RTVSPost2010Prop50
 90
       50
102
RTVSPost2010PropOp50
 70
     1
102
RTVSPost2010Prop51ColorIndex
 90
      256
102
RTVSPost2010Prop51ColorRGB
 90
-16777216
102
RTVSPost2010PropOp51
 70
     0
102
RTVSPost2010Prop52
140
1.0
102
RTVSPost2010PropOp52
 70
     0
102
RTVSPost2010Prop53
 90
        2
102
RTVSPost2010PropOp53
 70
     1
102
RTVSPost2010Prop54
  1
strokes_ogs.tif
102
RTVSPost2010PropOp54
 70
     1
102
RTVSPost2010Prop55
280
     0
102
RTVSPost2010PropOp55
 70
     1
102
RTVSPost2010Prop56
140
1.0
102
RTVSPost2010PropOp56
 70
     1
102
RTVSPost2010Prop57
140
1.0
102
RTVSPost2010PropOp57
 70
     1
  0
XRECORD
  5
B38
102
{ACAD_REACTORS
330
B37
102
}
330
B37
100
AcDbXrecord
280
     1
102
RTVSPost2010Prop28
280
     0
102
RTVSPost2010PropOp28
 70
     1
102
RTVSPost2010Prop29
280
     1
102
RTVSPost2010PropOp29
 70
     1
102
RTVSPost2010Prop30
280
     1
102
RTVSPost2010PropOp30
 70
     1
102
RTVSPost2010Prop31
280
     0
102
RTVSPost2010PropOp31
 70
     1
102
RTVSPost2010Prop32
280
     0
102
RTVSPost2010PropOp32
 70
     1
102
RTVSPost2010Prop33
280
     0
102
RTVSPost2010PropOp33
 70
     1
102
RTVSPost2010Prop34
280
     0
102
RTVSPost2010PropOp34
 70
     1
102
RTVSPost2010Prop35
280
     0
102
RTVSPost2010PropOp35
 70
     1
102
RTVSPost2010Prop36
280
     0
102
RTVSPost2010PropOp36
 70
     1
102
RTVSPost2010Prop37
 90
       50
102
RTVSPost2010PropOp37
 70
     1
102
RTVSPost2010Prop38
140
0.0
102
RTVSPost2010PropOp38
 70
     1
102
RTVSPost2010Prop39
140
1.0
102
RTVSPost2010PropOp39
 70
     1
102
RTVSPost2010Prop40
 90
        0
102
RTVSPost2010PropOp40
 70
     1
102
RTVSPost2010Prop41ColorIndex
 90
       18
102
RTVSPost2010Prop41ColorRGB
 90
        0
102
RTVSPost2010PropOp41
 70
     1
102
RTVSPost2010Prop42
 90
       50
102
RTVSPost2010PropOp42
 70
     1
102
RTVSPost2010Prop43
 90
        3
102
RTVSPost2010PropOp43
 70
     1
102
RTVSPost2010Prop44ColorIndex
 90
        5
102
RTVSPost2010Prop44ColorRGB
 90
      255
102
RTVSPost2010PropOp44
 70
     1
102
RTVSPost2010Prop45
280
     0
102
RTVSPost2010PropOp45
 70
     1
102
RTVSPost2010Prop46
 90
       50
102
RTVSPost2010PropOp46
 70
     1
102
RTVSPost2010Prop47
 90
       50
102
RTVSPost2010PropOp47
 70
     1
102
RTVSPost2010Prop48
 90
       50
102
RTVSPost2010PropOp48
 70
     1
102
RTVSPost2010Prop49
280
     0
102
RTVSPost2010PropOp49
 70
     1
102
RTVSPost2010Prop50
 90
       50
102
RTVSPost2010PropOp50
 70
     1
102
RTVSPost2010Prop51ColorIndex
 90
      256
102
RTVSPost2010Prop51ColorRGB
 90
-16777216
102
RTVSPost2010PropOp51
 70
     0
102
RTVSPost2010Prop52
140
1.0
102
RTVSPost2010PropOp52
 70
     0
102
RTVSPost2010Prop53
 90
        2
102
RTVSPost2010PropOp53
 70
     1
102
RTVSPost2010Prop54
  1
strokes_ogs.tif
102
RTVSPost2010PropOp54
 70
     1
102
RTVSPost2010Prop55
280
     0
102
RTVSPost2010PropOp55
 70
     1
102
RTVSPost2010Prop56
140
1.0
102
RTVSPost2010PropOp56
 70
     1
102
RTVSPost2010Prop57
140
1.0
102
RTVSPost2010PropOp57
 70
     1
  0
XRECORD
  5
B2A
102
{ACAD_REACTORS
330
B29
102
}
330
B29
100
AcDbXrecord
280
     1
102
RTVSPost2010Prop28
280
     0
102
RTVSPost2010PropOp28
 70
     1
102
RTVSPost2010Prop29
280
     1
102
RTVSPost2010PropOp29
 70
     1
102
RTVSPost2010Prop30
280
     1
102
RTVSPost2010PropOp30
 70
     1
102
RTVSPost2010Prop31
280
     0
102
RTVSPost2010PropOp31
 70
     1
102
RTVSPost2010Prop32
280
     0
102
RTVSPost2010PropOp32
 70
     1
102
RTVSPost2010Prop33
280
     0
102
RTVSPost2010PropOp33
 70
     1
102
RTVSPost2010Prop34
280
     0
102
RTVSPost2010PropOp34
 70
     1
102
RTVSPost2010Prop35
280
     0
102
RTVSPost2010PropOp35
 70
     1
102
RTVSPost2010Prop36
280
     0
102
RTVSPost2010PropOp36
 70
     1
102
RTVSPost2010Prop37
 90
       50
102
RTVSPost2010PropOp37
 70
     1
102
RTVSPost2010Prop38
140
0.0
102
RTVSPost2010PropOp38
 70
     1
102
RTVSPost2010Prop39
140
1.0
102
RTVSPost2010PropOp39
 70
     1
102
RTVSPost2010Prop40
 90
        0
102
RTVSPost2010PropOp40
 70
     1
102
RTVSPost2010Prop41ColorIndex
 90
       18
102
RTVSPost2010Prop41ColorRGB
 90
        0
102
RTVSPost2010PropOp41
 70
     1
102
RTVSPost2010Prop42
 90
       50
102
RTVSPost2010PropOp42
 70
     1
102
RTVSPost2010Prop43
 90
        3
102
RTVSPost2010PropOp43
 70
     1
102
RTVSPost2010Prop44ColorIndex
 90
        5
102
RTVSPost2010Prop44ColorRGB
 90
      255
102
RTVSPost2010PropOp44
 70
     1
102
RTVSPost2010Prop45
280
     0
102
RTVSPost2010PropOp45
 70
     1
102
RTVSPost2010Prop46
 90
       50
102
RTVSPost2010PropOp46
 70
     1
102
RTVSPost2010Prop47
 90
       50
102
RTVSPost2010PropOp47
 70
     1
102
RTVSPost2010Prop48
 90
       50
102
RTVSPost2010PropOp48
 70
     1
102
RTVSPost2010Prop49
280
     0
102
RTVSPost2010PropOp49
 70
     1
102
RTVSPost2010Prop50
 90
       50
102
RTVSPost2010PropOp50
 70
     1
102
RTVSPost2010Prop51ColorIndex
 90
      256
102
RTVSPost2010Prop51ColorRGB
 90
-16777216
102
RTVSPost2010PropOp51
 70
     0
102
RTVSPost2010Prop52
140
1.0
102
RTVSPost2010PropOp52
 70
     0
102
RTVSPost2010Prop53
 90
        2
102
RTVSPost2010PropOp53
 70
     1
102
RTVSPost2010Prop54
  1
strokes_ogs.tif
102
RTVSPost2010PropOp54
 70
     1
102
RTVSPost2010Prop55
280
     0
102
RTVSPost2010PropOp55
 70
     1
102
RTVSPost2010Prop56
140
1.0
102
RTVSPost2010PropOp56
 70
     1
102
RTVSPost2010Prop57
140
1.0
102
RTVSPost2010PropOp57
 70
     1
  0
XRECORD
  5
B4A
102
{ACAD_REACTORS
330
B49
102
}
330
B49
100
AcDbXrecord
280
     1
102
RTVSPost2010Prop28
280
     0
102
RTVSPost2010PropOp28
 70
     1
102
RTVSPost2010Prop29
280
     1
102
RTVSPost2010PropOp29
 70
     1
102
RTVSPost2010Prop30
280
     1
102
RTVSPost2010PropOp30
 70
     1
102
RTVSPost2010Prop31
280
     0
102
RTVSPost2010PropOp31
 70
     1
102
RTVSPost2010Prop32
280
     0
102
RTVSPost2010PropOp32
 70
     1
102
RTVSPost2010Prop33
280
     0
102
RTVSPost2010PropOp33
 70
     1
102
RTVSPost2010Prop34
280
     0
102
RTVSPost2010PropOp34
 70
     1
102
RTVSPost2010Prop35
280
     0
102
RTVSPost2010PropOp35
 70
     1
102
RTVSPost2010Prop36
280
     0
102
RTVSPost2010PropOp36
 70
     1
102
RTVSPost2010Prop37
 90
       50
102
RTVSPost2010PropOp37
 70
     1
102
RTVSPost2010Prop38
140
0.0
102
RTVSPost2010PropOp38
 70
     1
102
RTVSPost2010Prop39
140
1.0
102
RTVSPost2010PropOp39
 70
     1
102
RTVSPost2010Prop40
 90
        0
102
RTVSPost2010PropOp40
 70
     1
102
RTVSPost2010Prop41ColorIndex
 90
       18
102
RTVSPost2010Prop41ColorRGB
 90
        0
102
RTVSPost2010PropOp41
 70
     1
102
RTVSPost2010Prop42
 90
       50
102
RTVSPost2010PropOp42
 70
     1
102
RTVSPost2010Prop43
 90
        3
102
RTVSPost2010PropOp43
 70
     1
102
RTVSPost2010Prop44ColorIndex
 90
        5
102
RTVSPost2010Prop44ColorRGB
 90
      255
102
RTVSPost2010PropOp44
 70
     1
102
RTVSPost2010Prop45
280
     0
102
RTVSPost2010PropOp45
 70
     1
102
RTVSPost2010Prop46
 90
       50
102
RTVSPost2010PropOp46
 70
     1
102
RTVSPost2010Prop47
 90
       50
102
RTVSPost2010PropOp47
 70
     1
102
RTVSPost2010Prop48
 90
       50
102
RTVSPost2010PropOp48
 70
     1
102
RTVSPost2010Prop49
280
     0
102
RTVSPost2010PropOp49
 70
     1
102
RTVSPost2010Prop50
 90
       50
102
RTVSPost2010PropOp50
 70
     1
102
RTVSPost2010Prop51ColorIndex
 90
      256
102
RTVSPost2010Prop51ColorRGB
 90
-16777216
102
RTVSPost2010PropOp51
 70
     0
102
RTVSPost2010Prop52
140
1.0
102
RTVSPost2010PropOp52
 70
     0
102
RTVSPost2010Prop53
 90
        2
102
RTVSPost2010PropOp53
 70
     1
102
RTVSPost2010Prop54
  1
strokes_ogs.tif
102
RTVSPost2010PropOp54
 70
     1
102
RTVSPost2010Prop55
280
     0
102
RTVSPost2010PropOp55
 70
     1
102
RTVSPost2010Prop56
140
1.0
102
RTVSPost2010PropOp56
 70
     1
102
RTVSPost2010Prop57
140
1.0
102
RTVSPost2010PropOp57
 70
     1
  0
ENDSEC
  0
EOF
