  0
SECTION
  2
HEADER
  9
$ANGBASE
  50
0.0
  9
$ANGDIR
  70
1
  9
$MEASUREMENT
  70
1
  9
$INSUNITS
  70
4
  0
ENDSEC
  0
SECTION
  2
TABLES
  0
TABLE
  2
LTYPE
  70
4
  0
LTYPE
  5
40F
  2
CONTINUOUS
  70
0
  3
Solid line
  72
65
  73
0
  40
0.0
  0
LTYPE
  5
410
  2
DASHDOT
 70
0
  3
Dash Dot ____ _ ____ _
 72
65
 73
4
 40
2.0
 49
1.25
 49
-0.25
 49
0.25
 49
-0.25
  0
LTYPE
  5
411
  2
DASHED
 70
0
  3
Dashed __ __ __ __ __
 72
65
 73
2
 40
0.75
 49
0.5
 49
-0.25
  0
LTYPE
  5
43B
  2
DOTTED
 70
0
  3
Dotted .  .  .  .
 72
65
 73
2
 40
0.2
 49
0.0
 49
-0.2
  0
ENDTAB
  0
TABLE
  2
STYLE
  70
4
  0
STYLE
  2
KICAD
  70
0
  40
0
  41
1
  42
1
  50
0
  71
0
  3
isocp.shx
  0
STYLE
  2
KICADB
  70
0
  40
0
  41
1
  42
1
  50
0
  71
0
  3
isocp.shx
  0
STYLE
  2
KICADI
  70
0
  40
0
  41
1
  42
1
  50
15
  71
0
  3
isocp.shx
  0
STYLE
  2
KICADBI
  70
0
  40
0
  41
1
  42
1
  50
15
  71
0
  3
isocp.shx
  0
ENDTAB
  0
TABLE
  2
LAYER
  70
2
  0
LAYER
  2
User.Drawings
  70
0
  62
9
  420
12763842
  6
CONTINUOUS
  0
LAYER
  2
Edge.Cuts
  70
0
  62
254
  420
13685453
  6
CONTINUOUS
  0
ENDTAB
  0
ENDSEC
  0
SECTION
  2
ENTITIES
0
LINE
8
User.Drawings
6
CONTINUOUS
10
127.4749999999999943
20
-53.2999999999999972
11
127.4749999999999943
21
-54.5
0
LINE
8
User.Drawings
6
CONTINUOUS
10
127.4749999999999943
20
-54.5
11
129.4749999999999943
21
-54.5
0
LINE
8
User.Drawings
6
CONTINUOUS
10
127.9749999999999943
20
-53.2999999999999972
11
127.4749999999999943
21
-54.5
0
LINE
8
User.Drawings
6
CONTINUOUS
10
128.4749999999999943
20
-53.2999999999999972
11
127.9749999999999943
21
-54.5
0
LINE
8
User.Drawings
6
CONTINUOUS
10
128.9749999999999943
20
-53.2999999999999972
11
128.4749999999999943
21
-54.5
0
LINE
8
User.Drawings
6
CONTINUOUS
10
129.4749999999999943
20
-53.2999999999999972
11
127.4749999999999943
21
-53.2999999999999972
0
LINE
8
User.Drawings
6
CONTINUOUS
10
129.4749999999999943
20
-53.2999999999999972
11
128.9749999999999943
21
-54.5
0
LINE
8
User.Drawings
6
CONTINUOUS
10
129.4749999999999943
20
-54.5
11
129.4749999999999943
21
-53.2999999999999972
0
LINE
8
Edge.Cuts
6
CONTINUOUS
10
71.1106850000000037
20
-152.32738599999999
11
71.1078699999999913
21
-152.3302149999999813
0
LINE
8
Edge.Cuts
6
CONTINUOUS
10
71.1078699999999913
20
-152.3302149999999813
11
71.1050740000000019
21
-152.3330540000000042
0
LINE
8
Edge.Cuts
6
CONTINUOUS
10
71.1050740000000019
20
-152.3330540000000042
11
71.102294999999998
21
-152.3359030000000018
0
LINE
8
Edge.Cuts
6
CONTINUOUS
10
71.102294999999998
20
-152.3359030000000018
11
71.099535000000003
21
-152.3387620000000027
0
LINE
8
Edge.Cuts
6
CONTINUOUS
10
71.099535000000003
20
-152.3387620000000027
11
71.0967919999999935
21
-152.3416320000000042
0
LINE
8
Edge.Cuts
6
CONTINUOUS
10
71.0967919999999935
20
-152.3416320000000042
11
71.0940679999999929
21
-152.3445099999999854
0
LINE
8
Edge.Cuts
6
CONTINUOUS
10
71.0940679999999929
20
-152.3445099999999854
11
71.091360999999992
21
-152.3473999999999933
0
LINE
8
Edge.Cuts
6
CONTINUOUS
10
71.091360999999992
20
-152.3473999999999933
11
71.0886739999999975
21
-152.3502979999999809
0
LINE
8
Edge.Cuts
6
CONTINUOUS
10
71.0886739999999975
20
-152.3502979999999809
11
71.0860040000000026
21
-152.3532069999999976
0
LINE
8
Edge.Cuts
6
CONTINUOUS
10
71.0860040000000026
20
-152.3532069999999976
11
71.0833530000000025
21
-152.3561249999999916
0
LINE
8
Edge.Cuts
6
CONTINUOUS
10
71.0833530000000025
20
-152.3561249999999916
11
71.080719000000002
21
-152.3590539999999862
0
LINE
8
Edge.Cuts
6
CONTINUOUS
10
71.080719000000002
20
-152.3590539999999862
11
71.0781039999999962
21
-152.3619909999999891
0
LINE
8
Edge.Cuts
6
CONTINUOUS
10
71.0781039999999962
20
-152.3619909999999891
11
71.0755070000000018
21
-152.3649379999999951
0
LINE
8
Edge.Cuts
6
CONTINUOUS
10
71.0755070000000018
20
-152.3649379999999951
11
71.072929000000002
21
-152.3678950000000043
0
LINE
8
Edge.Cuts
6
CONTINUOUS
10
71.072929000000002
20
-152.3678950000000043
11
71.070368000000002
21
-152.3708609999999908
0
LINE
8
Edge.Cuts
6
CONTINUOUS
10
71.070368000000002
20
-152.3708609999999908
11
71.0678259999999966
21
-152.373835999999983
0
LINE
8
Edge.Cuts
6
CONTINUOUS
10
71.0678259999999966
20
-152.373835999999983
11
71.0653020000000026
21
-152.3768220000000042
0
LINE
8
Edge.Cuts
6
CONTINUOUS
10
71.0653020000000026
20
-152.3768220000000042
11
71.0627970000000033
21
-152.3798149999999794
0
LINE
8
Edge.Cuts
6
CONTINUOUS
10
71.0627970000000033
20
-152.3798149999999794
11
71.0603090000000037
21
-152.3828189999999836
0
LINE
8
Edge.Cuts
6
CONTINUOUS
10
71.0603090000000037
20
-152.3828189999999836
11
71.0578409999999963
21
-152.385830999999996
0
LINE
8
Edge.Cuts
6
CONTINUOUS
10
71.0578409999999963
20
-152.385830999999996
11
71.0553900000000027
21
-152.3888529999999832
0
LINE
8
Edge.Cuts
6
CONTINUOUS
10
71.0553900000000027
20
-152.3888529999999832
11
71.0529580000000038
21
-152.3918840000000046
0
LINE
8
Edge.Cuts
6
CONTINUOUS
10
71.0529580000000038
20
-152.3918840000000046
11
71.0505440000000021
21
-152.3949240000000032
0
LINE
8
Edge.Cuts
6
CONTINUOUS
10
71.0505440000000021
20
-152.3949240000000032
11
71.0481489999999951
21
-152.3979719999999816
0
LINE
8
Edge.Cuts
6
CONTINUOUS
10
71.0481489999999951
20
-152.3979719999999816
11
71.0457719999999995
21
-152.4010299999999916
0
LINE
8
Edge.Cuts
6
CONTINUOUS
10
71.0457719999999995
20
-152.4010299999999916
11
71.0434139999999985
21
-152.4040959999999814
0
LINE
8
Edge.Cuts
6
CONTINUOUS
10
71.0434139999999985
20
-152.4040959999999814
11
71.0410729999999973
21
-152.4071720000000028
0
LINE
8
Edge.Cuts
6
CONTINUOUS
10
71.0410729999999973
20
-152.4071720000000028
11
71.0387520000000023
21
-152.4102550000000065
0
LINE
8
Edge.Cuts
6
CONTINUOUS
10
71.0387520000000023
20
-152.4102550000000065
11
71.0364489999999904
21
-152.4133479999999849
0
LINE
8
Edge.Cuts
6
CONTINUOUS
10
71.0364489999999904
20
-152.4133479999999849
11
71.0341650000000016
21
-152.4164490000000001
0
LINE
8
Edge.Cuts
6
CONTINUOUS
10
71.0341650000000016
20
-152.4164490000000001
11
71.0318979999999982
21
-152.4195589999999925
0
LINE
8
Edge.Cuts
6
CONTINUOUS
10
71.0318979999999982
20
-152.4195589999999925
11
71.0296510000000012
21
-152.4226769999999931
0
LINE
8
Edge.Cuts
6
CONTINUOUS
10
71.0296510000000012
20
-152.4226769999999931
11
71.0274220000000014
21
-152.4258039999999994
0
LINE
8
Edge.Cuts
6
CONTINUOUS
10
71.0274220000000014
20
-152.4258039999999994
11
71.0252119999999962
21
-152.4289379999999881
0
LINE
8
Edge.Cuts
6
CONTINUOUS
10
71.0252119999999962
20
-152.4289379999999881
11
71.0230200000000025
21
-152.4320819999999799
0
LINE
8
Edge.Cuts
6
CONTINUOUS
10
71.0230200000000025
20
-152.4320819999999799
11
71.0208470000000034
21
-152.4352329999999824
0
LINE
8
Edge.Cuts
6
CONTINUOUS
10
71.0208470000000034
20
-152.4352329999999824
11
71.0186920000000015
21
-152.4383929999999907
0
LINE
8
Edge.Cuts
6
CONTINUOUS
10
71.0186920000000015
20
-152.4383929999999907
11
71.0165559999999942
21
-152.4415610000000072
0
LINE
8
Edge.Cuts
6
CONTINUOUS
10
71.0165559999999942
20
-152.4415610000000072
11
71.0144389999999959
21
-152.4447370000000035
0
LINE
8
Edge.Cuts
6
CONTINUOUS
10
71.0144389999999959
20
-152.4447370000000035
11
71.0123409999999922
21
-152.4479209999999796
0
LINE
8
Edge.Cuts
6
CONTINUOUS
10
71.0123409999999922
20
-152.4479209999999796
11
71.0102600000000024
21
-152.4511129999999923
0
LINE
8
Edge.Cuts
6
CONTINUOUS
10
71.0102600000000024
20
-152.4511129999999923
11
71.0082000000000022
21
-152.4543119999999874
0
LINE
8
Edge.Cuts
6
CONTINUOUS
10
71.0082000000000022
20
-152.4543119999999874
11
71.0061570000000017
21
-152.4575199999999882
0
LINE
8
Edge.Cuts
6
CONTINUOUS
10
71.0061570000000017
20
-152.4575199999999882
11
71.0041329999999959
21
-152.4607349999999997
0
LINE
8
Edge.Cuts
6
CONTINUOUS
10
71.0041329999999959
20
-152.4607349999999997
11
71.002127999999999
21
-152.463957999999991
0
LINE
8
Edge.Cuts
6
CONTINUOUS
10
71.002127999999999
20
-152.463957999999991
11
71.0001419999999968
21
-152.4671889999999905
0
LINE
8
Edge.Cuts
6
CONTINUOUS
10
71.0001419999999968
20
-152.4671889999999905
11
70.9981750000000034
21
-152.4704270000000008
0
LINE
8
Edge.Cuts
6
CONTINUOUS
10
70.9981750000000034
20
-152.4704270000000008
11
70.996225999999993
21
-152.4736729999999909
0
LINE
8
Edge.Cuts
6
CONTINUOUS
10
70.996225999999993
20
-152.4736729999999909
11
70.9942970000000031
21
-152.4769259999999917
0
LINE
8
Edge.Cuts
6
CONTINUOUS
10
70.9942970000000031
20
-152.4769259999999917
11
70.9923859999999962
21
-152.4801860000000033
0
LINE
8
Edge.Cuts
6
CONTINUOUS
10
70.9923859999999962
20
-152.4801860000000033
11
70.9904939999999982
21
-152.4834549999999922
0
LINE
8
Edge.Cuts
6
CONTINUOUS
10
70.9904939999999982
20
-152.4834549999999922
11
70.9886209999999949
21
-152.4867289999999969
0
LINE
8
Edge.Cuts
6
CONTINUOUS
10
70.9886209999999949
20
-152.4867289999999969
11
70.9867660000000029
21
-152.4900120000000072
0
LINE
8
Edge.Cuts
6
CONTINUOUS
10
70.9867660000000029
20
-152.4900120000000072
11
70.9849310000000031
21
-152.4933010000000024
0
LINE
8
Edge.Cuts
6
CONTINUOUS
10
70.9849310000000031
20
-152.4933010000000024
11
70.9813180000000017
21
-152.4999009999999942
0
LINE
8
Edge.Cuts
6
CONTINUOUS
10
70.9813180000000017
20
-152.4999009999999942
11
70.9777799999999957
21
-152.5065290000000005
0
LINE
8
Edge.Cuts
6
CONTINUOUS
10
70.9777799999999957
20
-152.5065290000000005
11
70.9743179999999967
21
-152.5131839999999954
0
LINE
8
Edge.Cuts
6
CONTINUOUS
10
70.9743179999999967
20
-152.5131839999999954
11
70.9709330000000023
21
-152.5198659999999791
0
LINE
8
Edge.Cuts
6
CONTINUOUS
10
70.9709330000000023
20
-152.5198659999999791
11
70.9676230000000032
21
-152.5265739999999823
0
LINE
8
Edge.Cuts
6
CONTINUOUS
10
70.9676230000000032
20
-152.5265739999999823
11
70.9643899999999945
21
-152.5333069999999793
0
LINE
8
Edge.Cuts
6
CONTINUOUS
10
70.9643899999999945
20
-152.5333069999999793
11
70.9612339999999904
21
-152.5400659999999959
0
LINE
8
Edge.Cuts
6
CONTINUOUS
10
70.9612339999999904
20
-152.5400659999999959
11
70.9581549999999908
21
-152.5468489999999804
0
LINE
8
Edge.Cuts
6
CONTINUOUS
10
70.9581549999999908
20
-152.5468489999999804
11
70.9551519999999982
21
-152.5536559999999895
0
LINE
8
Edge.Cuts
6
CONTINUOUS
10
70.9551519999999982
20
-152.5536559999999895
11
70.9522269999999935
21
-152.5604859999999974
0
LINE
8
Edge.Cuts
6
CONTINUOUS
10
70.9522269999999935
20
-152.5604859999999974
11
70.9493779999999958
21
-152.5673400000000015
0
LINE
8
Edge.Cuts
6
CONTINUOUS
10
70.9493779999999958
20
-152.5673400000000015
11
70.9466070000000002
21
-152.574214999999981
0
LINE
8
Edge.Cuts
6
CONTINUOUS
10
70.9466070000000002
20
-152.574214999999981
11
70.9439129999999949
21
-152.5811129999999878
0
LINE
8
Edge.Cuts
6
CONTINUOUS
10
70.9439129999999949
20
-152.5811129999999878
11
70.9412969999999916
21
-152.5880310000000009
0
LINE
8
Edge.Cuts
6
CONTINUOUS
10
70.9412969999999916
20
-152.5880310000000009
11
70.9387579999999929
21
-152.5949709999999868
0
LINE
8
Edge.Cuts
6
CONTINUOUS
10
70.9387579999999929
20
-152.5949709999999868
11
70.9362969999999962
21
-152.6019299999999816
0
LINE
8
Edge.Cuts
6
CONTINUOUS
10
70.9362969999999962
20
-152.6019299999999816
11
70.9339149999999989
21
-152.6089079999999853
0
LINE
8
Edge.Cuts
6
CONTINUOUS
10
70.9339149999999989
20
-152.6089079999999853
11
70.9316099999999921
21
-152.6159059999999954
0
LINE
8
Edge.Cuts
6
CONTINUOUS
10
70.9316099999999921
20
-152.6159059999999954
11
70.9293830000000014
21
-152.622920999999991
0
LINE
8
Edge.Cuts
6
CONTINUOUS
10
70.9293830000000014
20
-152.622920999999991
11
70.9272339999999986
21
-152.6299549999999954
0
LINE
8
Edge.Cuts
6
CONTINUOUS
10
70.9272339999999986
20
-152.6299549999999954
11
70.9251639999999952
21
-152.6370049999999878
0
LINE
8
Edge.Cuts
6
CONTINUOUS
10
70.9251639999999952
20
-152.6370049999999878
11
70.9231729999999914
21
-152.6440719999999942
0
LINE
8
Edge.Cuts
6
CONTINUOUS
10
70.9231729999999914
20
-152.6440719999999942
11
70.9212600000000037
21
-152.6511549999999886
0
LINE
8
Edge.Cuts
6
CONTINUOUS
10
70.9212600000000037
20
-152.6511549999999886
11
70.9194249999999897
21
-152.6582520000000045
0
LINE
8
Edge.Cuts
6
CONTINUOUS
10
70.9194249999999897
20
-152.6582520000000045
11
70.9176700000000011
21
-152.66536499999998
0
LINE
8
Edge.Cuts
6
CONTINUOUS
10
70.9176700000000011
20
-152.66536499999998
11
70.9159930000000003
21
-152.6724909999999795
0
LINE
8
Edge.Cuts
6
CONTINUOUS
10
70.9159930000000003
20
-152.6724909999999795
11
70.9143959999999964
21
-152.6796310000000005
0
LINE
8
Edge.Cuts
6
CONTINUOUS
10
70.9143959999999964
20
-152.6796310000000005
11
70.9128769999999946
21
-152.6867839999999887
0
LINE
8
Edge.Cuts
6
CONTINUOUS
10
70.9128769999999946
20
-152.6867839999999887
11
70.9114379999999898
21
-152.693948000000006
0
LINE
8
Edge.Cuts
6
CONTINUOUS
10
70.9114379999999898
20
-152.693948000000006
11
70.9100779999999986
21
-152.701123999999993
0
LINE
8
Edge.Cuts
6
CONTINUOUS
10
70.9100779999999986
20
-152.701123999999993
11
70.9087969999999927
21
-152.7083109999999806
0
LINE
8
Edge.Cuts
6
CONTINUOUS
10
70.9087969999999927
20
-152.7083109999999806
11
70.9075950000000006
21
-152.7155089999999973
0
LINE
8
Edge.Cuts
6
CONTINUOUS
10
70.9075950000000006
20
-152.7155089999999973
11
70.9064729999999912
21
-152.7227149999999938
0
LINE
8
Edge.Cuts
6
CONTINUOUS
10
70.9064729999999912
20
-152.7227149999999938
11
70.905430999999993
21
-152.7299309999999934
0
LINE
8
Edge.Cuts
6
CONTINUOUS
10
70.905430999999993
20
-152.7299309999999934
11
70.9044679999999943
21
-152.7371550000000013
0
LINE
8
Edge.Cuts
6
CONTINUOUS
10
70.9044679999999943
20
-152.7371550000000013
11
70.9035849999999925
21
-152.7443859999999916
0
LINE
8
Edge.Cuts
6
CONTINUOUS
10
70.9035849999999925
20
-152.7443859999999916
11
70.902782000000002
21
-152.75162499999999
0
LINE
8
Edge.Cuts
6
CONTINUOUS
10
70.902782000000002
20
-152.75162499999999
11
70.9020579999999967
21
-152.7588700000000017
0
LINE
8
Edge.Cuts
6
CONTINUOUS
10
70.9020579999999967
20
-152.7588700000000017
11
70.9014140000000026
21
-152.7661200000000008
0
LINE
8
Edge.Cuts
6
CONTINUOUS
10
70.9014140000000026
20
-152.7661200000000008
11
70.9008499999999913
21
-152.7733759999999847
0
LINE
8
Edge.Cuts
6
CONTINUOUS
10
70.9008499999999913
20
-152.7733759999999847
11
70.9003659999999911
21
-152.780635999999987
0
LINE
8
Edge.Cuts
6
CONTINUOUS
10
70.9003659999999911
20
-152.780635999999987
11
70.8999620000000021
21
-152.7878999999999792
0
LINE
8
Edge.Cuts
6
CONTINUOUS
10
70.8999620000000021
20
-152.7878999999999792
11
70.8996379999999959
21
-152.7951659999999947
0
LINE
8
Edge.Cuts
6
CONTINUOUS
10
70.8996379999999959
20
-152.7951659999999947
11
70.8993930000000034
21
-152.8024350000000027
0
LINE
8
Edge.Cuts
6
CONTINUOUS
10
70.8993930000000034
20
-152.8024350000000027
11
70.8992289999999912
21
-152.8097060000000056
0
LINE
8
Edge.Cuts
6
CONTINUOUS
10
70.8992289999999912
20
-152.8097060000000056
11
70.8991449999999901
21
-152.816978000000006
0
LINE
8
Edge.Cuts
6
CONTINUOUS
10
70.8991449999999901
20
-152.816978000000006
11
70.8991400000000027
21
-152.8242510000000038
0
LINE
8
Edge.Cuts
6
CONTINUOUS
10
70.8991400000000027
20
-152.8242510000000038
11
70.8991680000000031
21
-152.827887000000004
0
LINE
8
Edge.Cuts
6
CONTINUOUS
10
70.8991680000000031
20
-152.827887000000004
11
70.8992159999999956
21
-152.8315230000000042
0
LINE
8
Edge.Cuts
6
CONTINUOUS
10
70.8992159999999956
20
-152.8315230000000042
11
70.8992839999999944
21
-152.835158000000007
0
LINE
8
Edge.Cuts
6
CONTINUOUS
10
70.8992839999999944
20
-152.835158000000007
11
70.8993719999999996
21
-152.8387940000000071
0
LINE
8
Edge.Cuts
6
CONTINUOUS
10
70.8993719999999996
20
-152.8387940000000071
11
70.8994799999999969
21
-152.8424289999999814
0
LINE
8
Edge.Cuts
6
CONTINUOUS
10
70.8994799999999969
20
-152.8424289999999814
11
70.8996070000000032
21
-152.8460639999999842
0
LINE
8
Edge.Cuts
6
CONTINUOUS
10
70.8996070000000032
20
-152.8460639999999842
11
70.899754999999999
21
-152.8496979999999894
0
LINE
8
Edge.Cuts
6
CONTINUOUS
10
70.899754999999999
20
-152.8496979999999894
11
70.8999230000000011
21
-152.8533309999999972
0
LINE
8
Edge.Cuts
6
CONTINUOUS
10
70.8999230000000011
20
-152.8533309999999972
11
70.9001109999999954
21
-152.8569640000000049
0
LINE
8
Edge.Cuts
6
CONTINUOUS
10
70.9001109999999954
20
-152.8569640000000049
11
70.9003189999999961
21
-152.8605959999999868
0
LINE
8
Edge.Cuts
6
CONTINUOUS
10
70.9003189999999961
20
-152.8605959999999868
11
70.9005459999999914
21
-152.8642260000000022
0
LINE
8
Edge.Cuts
6
CONTINUOUS
10
70.9005459999999914
20
-152.8642260000000022
11
70.9007939999999905
21
-152.8678569999999866
0
LINE
8
Edge.Cuts
6
CONTINUOUS
10
70.9007939999999905
20
-152.8678569999999866
11
70.901061999999996
21
-152.8714850000000069
0
LINE
8
Edge.Cuts
6
CONTINUOUS
10
70.901061999999996
20
-152.8714850000000069
11
70.9013499999999937
21
-152.8751129999999989
0
LINE
8
Edge.Cuts
6
CONTINUOUS
10
70.9013499999999937
20
-152.8751129999999989
11
70.9016570000000002
21
-152.8787399999999934
0
LINE
8
Edge.Cuts
6
CONTINUOUS
10
70.9016570000000002
20
-152.8787399999999934
11
70.9019849999999963
21
-152.882364999999993
0
LINE
8
Edge.Cuts
6
CONTINUOUS
10
70.9019849999999963
20
-152.882364999999993
11
70.9023329999999987
21
-152.885988999999995
0
LINE
8
Edge.Cuts
6
CONTINUOUS
10
70.9023329999999987
20
-152.885988999999995
11
70.9026999999999958
21
-152.8896119999999996
0
LINE
8
Edge.Cuts
6
CONTINUOUS
10
70.9026999999999958
20
-152.8896119999999996
11
70.9030879999999968
21
-152.8932329999999808
0
LINE
8
Edge.Cuts
6
CONTINUOUS
10
70.9030879999999968
20
-152.8932329999999808
11
70.9034949999999924
21
-152.8968519999999955
0
LINE
8
Edge.Cuts
6
CONTINUOUS
10
70.9034949999999924
20
-152.8968519999999955
11
70.9039229999999918
21
-152.9004699999999843
0
LINE
8
Edge.Cuts
6
CONTINUOUS
10
70.9039229999999918
20
-152.9004699999999843
11
70.9043700000000001
21
-152.9040860000000066
0
LINE
8
Edge.Cuts
6
CONTINUOUS
10
70.9043700000000001
20
-152.9040860000000066
11
70.9048370000000006
21
-152.9077000000000055
0
LINE
8
Edge.Cuts
6
CONTINUOUS
10
70.9048370000000006
20
-152.9077000000000055
11
70.9053239999999931
21
-152.911311999999981
0
LINE
8
Edge.Cuts
6
CONTINUOUS
10
70.9053239999999931
20
-152.911311999999981
11
70.9058309999999921
21
-152.91492199999999
0
LINE
8
Edge.Cuts
6
CONTINUOUS
10
70.9058309999999921
20
-152.91492199999999
11
70.9063579999999973
21
-152.9185300000000041
0
LINE
8
Edge.Cuts
6
CONTINUOUS
10
70.9063579999999973
20
-152.9185300000000041
11
70.9069049999999947
21
-152.9221349999999973
0
LINE
8
Edge.Cuts
6
CONTINUOUS
10
70.9069049999999947
20
-152.9221349999999973
11
70.9074719999999985
21
-152.925738999999993
0
LINE
8
Edge.Cuts
6
CONTINUOUS
10
70.9074719999999985
20
-152.925738999999993
11
70.9080589999999944
21
-152.9293399999999963
0
LINE
8
Edge.Cuts
6
CONTINUOUS
10
70.9080589999999944
20
-152.9293399999999963
11
70.9086649999999992
21
-152.9329390000000046
0
LINE
8
Edge.Cuts
6
CONTINUOUS
10
70.9086649999999992
20
-152.9329390000000046
11
70.9092919999999935
21
-152.9365349999999921
0
LINE
8
Edge.Cuts
6
CONTINUOUS
10
70.9092919999999935
20
-152.9365349999999921
11
70.9099379999999968
21
-152.9401279999999872
0
LINE
8
Edge.Cuts
6
CONTINUOUS
10
70.9099379999999968
20
-152.9401279999999872
11
70.9106039999999922
21
-152.9437189999999873
0
LINE
8
Edge.Cuts
6
CONTINUOUS
10
70.9106039999999922
20
-152.9437189999999873
11
70.9112899999999939
21
-152.9473079999999925
0
LINE
8
Edge.Cuts
6
CONTINUOUS
10
70.9112899999999939
20
-152.9473079999999925
11
70.911996000000002
21
-152.9508929999999793
0
LINE
8
Edge.Cuts
6
CONTINUOUS
10
70.911996000000002
20
-152.9508929999999793
11
70.9127209999999906
21
-152.9544750000000022
0
LINE
8
Edge.Cuts
6
CONTINUOUS
10
70.9127209999999906
20
-152.9544750000000022
11
70.9134669999999971
21
-152.9580540000000042
0
LINE
8
Edge.Cuts
6
CONTINUOUS
10
70.9134669999999971
20
-152.9580540000000042
11
70.9142319999999984
21
-152.9616309999999828
0
LINE
8
Edge.Cuts
6
CONTINUOUS
10
70.9142319999999984
20
-152.9616309999999828
11
70.9150169999999918
21
-152.965204
0
LINE
8
Edge.Cuts
6
CONTINUOUS
10
70.9150169999999918
20
-152.965204
11
70.9158219999999915
21
-152.9687739999999962
0
LINE
8
Edge.Cuts
6
CONTINUOUS
10
70.9158219999999915
20
-152.9687739999999962
11
70.9166460000000001
21
-152.9723410000000001
0
LINE
8
Edge.Cuts
6
CONTINUOUS
10
70.9166460000000001
20
-152.9723410000000001
11
70.9174909999999983
21
-152.9759039999999857
0
LINE
8
Edge.Cuts
6
CONTINUOUS
10
70.9174909999999983
20
-152.9759039999999857
11
70.9183549999999912
21
-152.9794640000000072
0
LINE
8
Edge.Cuts
6
CONTINUOUS
10
70.9183549999999912
20
-152.9794640000000072
11
70.9192379999999929
21
-152.983019999999982
0
LINE
8
Edge.Cuts
6
CONTINUOUS
10
70.9192379999999929
20
-152.983019999999982
11
70.9201419999999985
21
-152.9865729999999928
0
LINE
8
Edge.Cuts
6
CONTINUOUS
10
70.9201419999999985
20
-152.9865729999999928
11
70.9210649999999987
21
-152.9901219999999853
0
LINE
8
Edge.Cuts
6
CONTINUOUS
10
70.9210649999999987
20
-152.9901219999999853
11
70.9220079999999911
21
-152.9936669999999879
0
LINE
8
Edge.Cuts
6
CONTINUOUS
10
70.9220079999999911
20
-152.9936669999999879
11
70.9229709999999898
21
-152.997208999999998
0
LINE
8
Edge.Cuts
6
CONTINUOUS
10
70.9229709999999898
20
-152.997208999999998
11
70.9239529999999974
21
-153.0007459999999924
0
LINE
8
Edge.Cuts
6
CONTINUOUS
10
70.9239529999999974
20
-153.0007459999999924
11
70.9249549999999971
21
-153.0042799999999943
0
LINE
8
Edge.Cuts
6
CONTINUOUS
10
70.9249549999999971
20
-153.0042799999999943
11
70.9259759999999915
21
-153.0078089999999804
0
LINE
8
Edge.Cuts
6
CONTINUOUS
10
70.9259759999999915
20
-153.0078089999999804
11
70.9270169999999922
21
-153.0113340000000051
0
LINE
8
Edge.Cuts
6
CONTINUOUS
10
70.9270169999999922
20
-153.0113340000000051
11
70.9280779999999993
21
-153.014854999999983
0
LINE
8
Edge.Cuts
6
CONTINUOUS
10
70.9280779999999993
20
-153.014854999999983
11
70.9291589999999985
21
-153.0183719999999994
0
LINE
8
Edge.Cuts
6
CONTINUOUS
10
70.9291589999999985
20
-153.0183719999999994
11
70.9302589999999924
21
-153.021884
0
LINE
8
Edge.Cuts
6
CONTINUOUS
10
70.9302589999999924
20
-153.021884
11
70.9313779999999952
21
-153.0253919999999823
0
LINE
8
Edge.Cuts
6
CONTINUOUS
10
70.9313779999999952
20
-153.0253919999999823
11
70.93251699999999
21
-153.0288950000000057
0
LINE
8
Edge.Cuts
6
CONTINUOUS
10
70.93251699999999
20
-153.0288950000000057
11
70.9336759999999913
21
-153.0323939999999823
0
LINE
8
Edge.Cuts
6
CONTINUOUS
10
70.9336759999999913
20
-153.0323939999999823
11
70.9348540000000014
21
-153.0358879999999999
0
LINE
8
Edge.Cuts
6
CONTINUOUS
10
70.9348540000000014
20
-153.0358879999999999
11
70.9360520000000037
21
-153.0393779999999992
0
LINE
8
Edge.Cuts
6
CONTINUOUS
10
70.9360520000000037
20
-153.0393779999999992
11
70.9372690000000006
21
-153.0428619999999853
0
LINE
8
Edge.Cuts
6
CONTINUOUS
10
70.9372690000000006
20
-153.0428619999999853
11
70.9385060000000038
21
-153.0463419999999815
0
LINE
8
Edge.Cuts
6
CONTINUOUS
10
70.9385060000000038
20
-153.0463419999999815
11
70.9397620000000018
21
-153.0498159999999928
0
LINE
8
Edge.Cuts
6
CONTINUOUS
10
70.9397620000000018
20
-153.0498159999999928
11
70.9410379999999918
21
-153.0532859999999857
0
LINE
8
Edge.Cuts
6
CONTINUOUS
10
70.9410379999999918
20
-153.0532859999999857
11
70.9423329999999908
21
-153.0567499999999939
0
LINE
8
Edge.Cuts
6
CONTINUOUS
10
70.9423329999999908
20
-153.0567499999999939
11
70.9436469999999986
21
-153.0602089999999862
0
LINE
8
Edge.Cuts
6
CONTINUOUS
10
70.9436469999999986
20
-153.0602089999999862
11
70.9449809999999985
21
-153.0636629999999911
0
LINE
8
Edge.Cuts
6
CONTINUOUS
10
70.9449809999999985
20
-153.0636629999999911
11
70.9463349999999906
21
-153.0671119999999803
0
LINE
8
Edge.Cuts
6
CONTINUOUS
10
70.9463349999999906
20
-153.0671119999999803
11
70.9477069999999941
21
-153.0705549999999846
0
LINE
8
Edge.Cuts
6
CONTINUOUS
10
70.9477069999999941
20
-153.0705549999999846
11
70.9490989999999897
21
-153.0739930000000015
0
LINE
8
Edge.Cuts
6
CONTINUOUS
10
70.9490989999999897
20
-153.0739930000000015
11
70.9505099999999942
21
-153.0774250000000052
0
LINE
8
Edge.Cuts
6
CONTINUOUS
10
70.9505099999999942
20
-153.0774250000000052
11
70.9519409999999908
21
-153.080851999999993
0
LINE
8
Edge.Cuts
6
CONTINUOUS
10
70.9519409999999908
20
-153.080851999999993
11
70.9533909999999963
21
-153.0842719999999986
0
LINE
8
Edge.Cuts
6
CONTINUOUS
10
70.9533909999999963
20
-153.0842719999999986
11
70.954860999999994
21
-153.0876879999999858
0
LINE
8
Edge.Cuts
6
CONTINUOUS
10
70.954860999999994
20
-153.0876879999999858
11
70.956349000000003
21
-153.0910969999999907
0
LINE
8
Edge.Cuts
6
CONTINUOUS
10
70.956349000000003
20
-153.0910969999999907
11
70.95785699999999
21
-153.0944999999999823
0
LINE
8
Edge.Cuts
6
CONTINUOUS
10
70.95785699999999
20
-153.0944999999999823
11
70.959384
21
-153.097896999999989
0
LINE
8
Edge.Cuts
6
CONTINUOUS
10
70.959384
20
-153.097896999999989
11
70.9609310000000022
21
-153.10128899999998
0
LINE
8
Edge.Cuts
6
CONTINUOUS
10
70.9609310000000022
20
-153.10128899999998
11
70.9624960000000016
21
-153.1046739999999886
0
LINE
8
Edge.Cuts
6
CONTINUOUS
10
70.9624960000000016
20
-153.1046739999999886
11
70.9640809999999931
21
-153.108052999999984
0
LINE
8
Edge.Cuts
6
CONTINUOUS
10
70.9640809999999931
20
-153.108052999999984
11
70.9656849999999935
21
-153.1114259999999945
0
LINE
8
Edge.Cuts
6
CONTINUOUS
10
70.9656849999999935
20
-153.1114259999999945
11
70.9673080000000027
21
-153.1147929999999917
0
LINE
8
Edge.Cuts
6
CONTINUOUS
10
70.9673080000000027
20
-153.1147929999999917
11
70.9689499999999924
21
-153.1181519999999807
0
LINE
8
Edge.Cuts
6
CONTINUOUS
10
70.9689499999999924
20
-153.1181519999999807
11
70.9706120000000027
21
-153.1215059999999824
0
LINE
8
Edge.Cuts
6
CONTINUOUS
10
70.9706120000000027
20
-153.1215059999999824
11
70.9722919999999959
21
-153.1248530000000017
0
LINE
8
Edge.Cuts
6
CONTINUOUS
10
70.9722919999999959
20
-153.1248530000000017
11
70.9739919999999955
21
-153.1281939999999793
0
LINE
8
Edge.Cuts
6
CONTINUOUS
10
70.9739919999999955
20
-153.1281939999999793
11
70.9757099999999923
21
-153.131528000000003
0
LINE
8
Edge.Cuts
6
CONTINUOUS
10
70.9757099999999923
20
-153.131528000000003
11
70.9774479999999954
21
-153.1348549999999875
0
LINE
8
Edge.Cuts
6
CONTINUOUS
10
70.9774479999999954
20
-153.1348549999999875
11
70.9792039999999957
21
-153.1381749999999897
0
LINE
8
Edge.Cuts
6
CONTINUOUS
10
70.9792039999999957
20
-153.1381749999999897
11
70.9809800000000024
21
-153.1414890000000071
0
LINE
8
Edge.Cuts
6
CONTINUOUS
10
70.9809800000000024
20
-153.1414890000000071
11
70.9827750000000037
21
-153.1447949999999878
0
LINE
8
Edge.Cuts
6
CONTINUOUS
10
70.9827750000000037
20
-153.1447949999999878
11
70.9845889999999997
21
-153.1480949999999837
0
LINE
8
Edge.Cuts
6
CONTINUOUS
10
70.9845889999999997
20
-153.1480949999999837
11
70.9864209999999929
21
-153.1513869999999997
0
LINE
8
Edge.Cuts
6
CONTINUOUS
10
70.9864209999999929
20
-153.1513869999999997
11
70.9882729999999924
21
-153.1546730000000025
0
LINE
8
Edge.Cuts
6
CONTINUOUS
10
70.9882729999999924
20
-153.1546730000000025
11
70.9901440000000008
21
-153.1579509999999971
0
LINE
8
Edge.Cuts
6
CONTINUOUS
10
70.9901440000000008
20
-153.1579509999999971
11
70.9920329999999922
21
-153.1612219999999809
0
LINE
8
Edge.Cuts
6
CONTINUOUS
10
70.9920329999999922
20
-153.1612219999999809
11
70.9939409999999924
21
-153.1644859999999824
0
LINE
8
Edge.Cuts
6
CONTINUOUS
10
70.9939409999999924
20
-153.1644859999999824
11
70.995868999999999
21
-153.1677430000000015
0
LINE
8
Edge.Cuts
6
CONTINUOUS
10
70.995868999999999
20
-153.1677430000000015
11
70.9978150000000028
21
-153.1709909999999866
0
LINE
8
Edge.Cuts
6
CONTINUOUS
10
70.9978150000000028
20
-153.1709909999999866
11
70.9997800000000012
21
-153.1742329999999868
0
LINE
8
Edge.Cuts
6
CONTINUOUS
10
70.9997800000000012
20
-153.1742329999999868
11
71.0017639999999943
21
-153.1774659999999812
0
LINE
8
Edge.Cuts
6
CONTINUOUS
10
71.0017639999999943
20
-153.1774659999999812
11
71.0037659999999988
21
-153.1806929999999909
0
LINE
8
Edge.Cuts
6
CONTINUOUS
10
71.0037659999999988
20
-153.1806929999999909
11
71.0057879999999955
21
-153.1839109999999948
0
LINE
8
Edge.Cuts
6
CONTINUOUS
10
71.0057879999999955
20
-153.1839109999999948
11
71.0078280000000035
21
-153.187121999999988
0
LINE
8
Edge.Cuts
6
CONTINUOUS
10
71.0078280000000035
20
-153.187121999999988
11
71.009886999999992
21
-153.1903250000000014
0
LINE
8
Edge.Cuts
6
CONTINUOUS
10
71.009886999999992
20
-153.1903250000000014
11
71.0119650000000036
21
-153.1935200000000066
0
LINE
8
Edge.Cuts
6
CONTINUOUS
10
71.0119650000000036
20
-153.1935200000000066
11
71.0140609999999981
21
-153.1967070000000035
0
LINE
8
Edge.Cuts
6
CONTINUOUS
10
71.0140609999999981
20
-153.1967070000000035
11
71.0161760000000015
21
-153.1998859999999922
0
LINE
8
Edge.Cuts
6
CONTINUOUS
10
71.0161760000000015
20
-153.1998859999999922
11
71.0183090000000021
21
-153.2030570000000012
0
LINE
8
Edge.Cuts
6
CONTINUOUS
10
71.0183090000000021
20
-153.2030570000000012
11
71.0204619999999949
21
-153.2062200000000018
0
LINE
8
Edge.Cuts
6
CONTINUOUS
10
71.0204619999999949
20
-153.2062200000000018
11
71.022632999999999
21
-153.2093749999999943
0
LINE
8
Edge.Cuts
6
CONTINUOUS
10
71.022632999999999
20
-153.2093749999999943
11
71.0248229999999978
21
-153.212522000000007
0
LINE
8
Edge.Cuts
6
CONTINUOUS
10
71.0248229999999978
20
-153.212522000000007
11
71.0270309999999938
21
-153.2156589999999881
0
LINE
8
Edge.Cuts
6
CONTINUOUS
10
71.0270309999999938
20
-153.2156589999999881
11
71.0292579999999987
21
-153.2187899999999843
0
LINE
8
Edge.Cuts
6
CONTINUOUS
10
71.0292579999999987
20
-153.2187899999999843
11
71.0315030000000007
21
-153.2219110000000057
0
LINE
8
Edge.Cuts
6
CONTINUOUS
10
71.0315030000000007
20
-153.2219110000000057
11
71.0337679999999949
21
-153.2250239999999906
0
LINE
8
Edge.Cuts
6
CONTINUOUS
10
71.0337679999999949
20
-153.2250239999999906
11
71.036050000000003
21
-153.2281279999999981
0
LINE
8
Edge.Cuts
6
CONTINUOUS
10
71.036050000000003
20
-153.2281279999999981
11
71.0383520000000033
21
-153.2312239999999974
0
LINE
8
Edge.Cuts
6
CONTINUOUS
10
71.0383520000000033
20
-153.2312239999999974
11
71.0406710000000032
21
-153.2343109999999911
0
LINE
8
Edge.Cuts
6
CONTINUOUS
10
71.0406710000000032
20
-153.2343109999999911
11
71.0430089999999979
21
-153.2373900000000049
0
LINE
8
Edge.Cuts
6
CONTINUOUS
10
71.0430089999999979
20
-153.2373900000000049
11
71.0453660000000013
21
-153.2404589999999871
0
LINE
8
Edge.Cuts
6
CONTINUOUS
10
71.0453660000000013
20
-153.2404589999999871
11
71.047741000000002
21
-153.2435199999999895
0
LINE
8
Edge.Cuts
6
CONTINUOUS
10
71.047741000000002
20
-153.2435199999999895
11
71.0501339999999999
21
-153.2465719999999862
0
LINE
8
Edge.Cuts
6
CONTINUOUS
10
71.0501339999999999
20
-153.2465719999999862
11
71.0525469999999899
21
-153.2496150000000057
0
LINE
8
Edge.Cuts
6
CONTINUOUS
10
71.0525469999999899
20
-153.2496150000000057
11
71.0549769999999938
21
-153.252648999999991
0
LINE
8
Edge.Cuts
6
CONTINUOUS
10
71.0549769999999938
20
-153.252648999999991
11
71.0574259999999924
21
-153.2556739999999991
0
LINE
8
Edge.Cuts
6
CONTINUOUS
10
71.0574259999999924
20
-153.2556739999999991
11
71.0598930000000024
21
-153.2586900000000014
0
LINE
8
Edge.Cuts
6
CONTINUOUS
10
71.0598930000000024
20
-153.2586900000000014
11
71.0623779999999954
21
-153.2616969999999981
0
LINE
8
Edge.Cuts
6
CONTINUOUS
10
71.0623779999999954
20
-153.2616969999999981
11
71.0648819999999972
21
-153.2646939999999915
0
LINE
8
Edge.Cuts
6
CONTINUOUS
10
71.0648819999999972
20
-153.2646939999999915
11
71.0674049999999937
21
-153.2676819999999793
0
LINE
8
Edge.Cuts
6
CONTINUOUS
10
71.0674049999999937
20
-153.2676819999999793
11
71.0699449999999899
21
-153.2706609999999898
0
LINE
8
Edge.Cuts
6
CONTINUOUS
10
71.0699449999999899
20
-153.2706609999999898
11
71.072503999999995
21
-153.2736299999999972
0
LINE
8
Edge.Cuts
6
CONTINUOUS
10
71.072503999999995
20
-153.2736299999999972
11
71.0750809999999973
21
-153.2765899999999988
0
LINE
8
Edge.Cuts
6
CONTINUOUS
10
71.0750809999999973
20
-153.2765899999999988
11
71.0776759999999967
21
-153.2795409999999947
0
LINE
8
Edge.Cuts
6
CONTINUOUS
10
71.0776759999999967
20
-153.2795409999999947
11
71.0802899999999909
21
-153.28248099999999
0
LINE
8
Edge.Cuts
6
CONTINUOUS
10
71.0802899999999909
20
-153.28248099999999
11
71.0829219999999964
21
-153.2854130000000055
0
LINE
8
Edge.Cuts
6
CONTINUOUS
10
71.0829219999999964
20
-153.2854130000000055
11
71.0855719999999991
21
-153.2883339999999919
0
LINE
8
Edge.Cuts
6
CONTINUOUS
10
71.0855719999999991
20
-153.2883339999999919
11
71.088239999999999
21
-153.291246000000001
0
LINE
8
Edge.Cuts
6
CONTINUOUS
10
71.088239999999999
20
-153.291246000000001
11
71.0909259999999961
21
-153.294148000000007
0
LINE
8
Edge.Cuts
6
CONTINUOUS
10
71.0909259999999961
20
-153.294148000000007
11
71.0936319999999995
21
-153.2970410000000072
0
LINE
8
Edge.Cuts
6
CONTINUOUS
10
71.0936319999999995
20
-153.2970410000000072
11
71.0963539999999909
21
-153.2999219999999809
0
LINE
8
Edge.Cuts
6
CONTINUOUS
10
71.0963539999999909
20
-153.2999219999999809
11
71.0990949999999913
21
-153.3027950000000033
0
LINE
8
Edge.Cuts
6
CONTINUOUS
10
71.0990949999999913
20
-153.3027950000000033
11
71.101854000000003
21
-153.3056569999999965
0
LINE
8
Edge.Cuts
6
CONTINUOUS
10
71.101854000000003
20
-153.3056569999999965
11
71.1046319999999952
21
-153.3085099999999841
0
LINE
8
Edge.Cuts
6
CONTINUOUS
10
71.1046319999999952
20
-153.3085099999999841
11
71.1074270000000013
21
-153.3113519999999994
0
LINE
8
Edge.Cuts
6
CONTINUOUS
10
71.1074270000000013
20
-153.3113519999999994
11
71.110241000000002
21
-153.3141839999999831
0
LINE
8
Edge.Cuts
6
CONTINUOUS
10
71.110241000000002
20
-153.3141839999999831
11
71.1106850000000037
21
-153.3146289999999965
0
LINE
8
Edge.Cuts
6
CONTINUOUS
10
71.1106850000000037
20
-153.3146289999999965
11
84.9673530000000028
21
-167.1712969999999814
0
LINE
8
Edge.Cuts
6
CONTINUOUS
10
77.9861300000000028
20
-145.4519400000000076
11
71.1106850000000037
21
-152.32738599999999
0
LINE
8
Edge.Cuts
6
CONTINUOUS
10
80.6305339999999973
20
-53.8498449999999949
11
80.6305339999999973
21
-137.060370000000006
0
LINE
8
Edge.Cuts
6
CONTINUOUS
10
80.6305339999999973
20
-137.060370000000006
11
80.6305739999999957
21
-137.0679030000000012
0
LINE
8
Edge.Cuts
6
CONTINUOUS
10
80.6305739999999957
20
-137.0679030000000012
11
80.6306939999999912
21
-137.0754279999999881
0
LINE
8
Edge.Cuts
6
CONTINUOUS
10
80.6306939999999912
20
-137.0754279999999881
11
80.6308930000000004
21
-137.0829449999999952
0
LINE
8
Edge.Cuts
6
CONTINUOUS
10
80.6308930000000004
20
-137.0829449999999952
11
80.6311719999999923
21
-137.0904529999999966
0
LINE
8
Edge.Cuts
6
CONTINUOUS
10
80.6311719999999923
20
-137.0904529999999966
11
80.6315309999999954
21
-137.0979509999999948
0
LINE
8
Edge.Cuts
6
CONTINUOUS
10
80.6315309999999954
20
-137.0979509999999948
11
80.631968999999998
21
-137.1054399999999873
0
LINE
8
Edge.Cuts
6
CONTINUOUS
10
80.631968999999998
20
-137.1054399999999873
11
80.6324869999999976
21
-137.1129180000000076
0
LINE
8
Edge.Cuts
6
CONTINUOUS
10
80.6324869999999976
20
-137.1129180000000076
11
80.6330839999999966
21
-137.1203859999999963
0
LINE
8
Edge.Cuts
6
CONTINUOUS
10
80.6330839999999966
20
-137.1203859999999963
11
80.6337599999999952
21
-137.1278429999999844
0
LINE
8
Edge.Cuts
6
CONTINUOUS
10
80.6337599999999952
20
-137.1278429999999844
11
80.6345149999999933
21
-137.1352880000000027
0
LINE
8
Edge.Cuts
6
CONTINUOUS
10
80.6345149999999933
20
-137.1352880000000027
11
80.6353489999999908
21
-137.1427209999999945
0
LINE
8
Edge.Cuts
6
CONTINUOUS
10
80.6353489999999908
20
-137.1427209999999945
11
80.6362629999999996
21
-137.1501419999999882
0
LINE
8
Edge.Cuts
6
CONTINUOUS
10
80.6362629999999996
20
-137.1501419999999882
11
80.6372549999999961
21
-137.1575489999999888
0
LINE
8
Edge.Cuts
6
CONTINUOUS
10
80.6372549999999961
20
-137.1575489999999888
11
80.6383259999999922
21
-137.1649429999999938
0
LINE
8
Edge.Cuts
6
CONTINUOUS
10
80.6383259999999922
20
-137.1649429999999938
11
80.6394749999999902
21
-137.1723230000000058
0
LINE
8
Edge.Cuts
6
CONTINUOUS
10
80.6394749999999902
20
-137.1723230000000058
11
80.6407039999999995
21
-137.1796889999999962
0
LINE
8
Edge.Cuts
6
CONTINUOUS
10
80.6407039999999995
20
-137.1796889999999962
11
80.6420099999999991
21
-137.1870389999999986
0
LINE
8
Edge.Cuts
6
CONTINUOUS
10
80.6420099999999991
20
-137.1870389999999986
11
80.6433949999999982
21
-137.1943739999999821
0
LINE
8
Edge.Cuts
6
CONTINUOUS
10
80.6433949999999982
20
-137.1943739999999821
11
80.6448579999999993
21
-137.20169199999998
0
LINE
8
Edge.Cuts
6
CONTINUOUS
10
80.6448579999999993
20
-137.20169199999998
11
80.6463999999999999
21
-137.2089939999999899
0
LINE
8
Edge.Cuts
6
CONTINUOUS
10
80.6463999999999999
20
-137.2089939999999899
11
80.6480189999999908
21
-137.2162789999999859
0
LINE
8
Edge.Cuts
6
CONTINUOUS
10
80.6480189999999908
20
-137.2162789999999859
11
80.649715999999998
21
-137.2235450000000014
0
LINE
8
Edge.Cuts
6
CONTINUOUS
10
80.649715999999998
20
-137.2235450000000014
11
80.6514909999999929
21
-137.2307930000000056
0
LINE
8
Edge.Cuts
6
CONTINUOUS
10
80.6514909999999929
20
-137.2307930000000056
11
80.6533439999999899
21
-137.2380220000000008
0
LINE
8
Edge.Cuts
6
CONTINUOUS
10
80.6533439999999899
20
-137.2380220000000008
11
80.6552739999999915
21
-137.2452309999999898
0
LINE
8
Edge.Cuts
6
CONTINUOUS
10
80.6552739999999915
20
-137.2452309999999898
11
80.6572809999999976
21
-137.2524200000000008
0
LINE
8
Edge.Cuts
6
CONTINUOUS
10
80.6572809999999976
20
-137.2524200000000008
11
80.659364999999994
21
-137.2595880000000079
0
LINE
8
Edge.Cuts
6
CONTINUOUS
10
80.659364999999994
20
-137.2595880000000079
11
80.661525999999995
21
-137.2667349999999828
0
LINE
8
Edge.Cuts
6
CONTINUOUS
10
80.661525999999995
20
-137.2667349999999828
11
80.6637640000000005
21
-137.2738589999999874
0
LINE
8
Edge.Cuts
6
CONTINUOUS
10
80.6637640000000005
20
-137.2738589999999874
11
80.6660789999999963
21
-137.2809599999999932
0
LINE
8
Edge.Cuts
6
CONTINUOUS
10
80.6660789999999963
20
-137.2809599999999932
11
80.6684699999999992
21
-137.2880380000000002
0
LINE
8
Edge.Cuts
6
CONTINUOUS
10
80.6684699999999992
20
-137.2880380000000002
11
80.670936999999995
21
-137.2950919999999826
0
LINE
8
Edge.Cuts
6
CONTINUOUS
10
80.670936999999995
20
-137.2950919999999826
11
80.6734799999999979
21
-137.3021200000000022
0
LINE
8
Edge.Cuts
6
CONTINUOUS
10
80.6734799999999979
20
-137.3021200000000022
11
80.6760989999999936
21
-137.3091229999999996
0
LINE
8
Edge.Cuts
6
CONTINUOUS
10
80.6760989999999936
20
-137.3091229999999996
11
80.6787929999999989
21
-137.3161000000000058
0
LINE
8
Edge.Cuts
6
CONTINUOUS
10
80.6787929999999989
20
-137.3161000000000058
11
80.681562999999997
21
-137.323049999999995
0
LINE
8
Edge.Cuts
6
CONTINUOUS
10
80.681562999999997
20
-137.323049999999995
11
80.6844069999999931
21
-137.3299719999999979
0
LINE
8
Edge.Cuts
6
CONTINUOUS
10
80.6844069999999931
20
-137.3299719999999979
11
80.6873259999999988
21
-137.3368659999999863
0
LINE
8
Edge.Cuts
6
CONTINUOUS
10
80.6873259999999988
20
-137.3368659999999863
11
80.6903199999999998
21
-137.3437309999999911
0
LINE
8
Edge.Cuts
6
CONTINUOUS
10
80.6903199999999998
20
-137.3437309999999911
11
80.6933879999999988
21
-137.3505649999999889
0
LINE
8
Edge.Cuts
6
CONTINUOUS
10
80.6933879999999988
20
-137.3505649999999889
11
80.6965299999999957
21
-137.3573690000000056
0
LINE
8
Edge.Cuts
6
CONTINUOUS
10
80.6965299999999957
20
-137.3573690000000056
11
80.699744999999993
21
-137.3641419999999869
0
LINE
8
Edge.Cuts
6
CONTINUOUS
10
80.699744999999993
20
-137.3641419999999869
11
80.7030329999999907
21
-137.3708829999999921
0
LINE
8
Edge.Cuts
6
CONTINUOUS
10
80.7030329999999907
20
-137.3708829999999921
11
80.7063950000000006
21
-137.3775909999999953
0
LINE
8
Edge.Cuts
6
CONTINUOUS
10
80.7063950000000006
20
-137.3775909999999953
11
80.7098289999999992
21
-137.3842649999999992
0
LINE
8
Edge.Cuts
6
CONTINUOUS
10
80.7098289999999992
20
-137.3842649999999992
11
80.7133350000000007
21
-137.3909050000000036
0
LINE
8
Edge.Cuts
6
CONTINUOUS
10
80.7133350000000007
20
-137.3909050000000036
11
80.716912999999991
21
-137.3975099999999827
0
LINE
8
Edge.Cuts
6
CONTINUOUS
10
80.716912999999991
20
-137.3975099999999827
11
80.7205629999999985
21
-137.4040789999999959
0
LINE
8
Edge.Cuts
6
CONTINUOUS
10
80.7205629999999985
20
-137.4040789999999959
11
80.7242829999999998
21
-137.4106109999999887
0
LINE
8
Edge.Cuts
6
CONTINUOUS
10
80.7242829999999998
20
-137.4106109999999887
11
80.7280749999999898
21
-137.4171059999999898
0
LINE
8
Edge.Cuts
6
CONTINUOUS
10
80.7280749999999898
20
-137.4171059999999898
11
80.7319359999999904
21
-137.423562000000004
0
LINE
8
Edge.Cuts
6
CONTINUOUS
10
80.7319359999999904
20
-137.423562000000004
11
80.7358669999999989
21
-137.429979000000003
0
LINE
8
Edge.Cuts
6
CONTINUOUS
10
80.7358669999999989
20
-137.429979000000003
11
80.7398680000000013
21
-137.4363569999999868
0
LINE
8
Edge.Cuts
6
CONTINUOUS
10
80.7398680000000013
20
-137.4363569999999868
11
80.743938
21
-137.4426939999999888
0
LINE
8
Edge.Cuts
6
CONTINUOUS
10
80.743938
20
-137.4426939999999888
11
80.7480759999999975
21
-137.4489899999999807
0
LINE
8
Edge.Cuts
6
CONTINUOUS
10
80.7480759999999975
20
-137.4489899999999807
11
80.7522819999999939
21
-137.4552429999999958
0
LINE
8
Edge.Cuts
6
CONTINUOUS
10
80.7522819999999939
20
-137.4552429999999958
11
80.7565549999999917
21
-137.4614540000000034
0
LINE
8
Edge.Cuts
6
CONTINUOUS
10
80.7565549999999917
20
-137.4614540000000034
11
80.7608960000000025
21
-137.4676199999999824
0
LINE
8
Edge.Cuts
6
CONTINUOUS
10
80.7608960000000025
20
-137.4676199999999824
11
80.7653019999999913
21
-137.4737419999999872
0
LINE
8
Edge.Cuts
6
CONTINUOUS
10
80.7653019999999913
20
-137.4737419999999872
11
80.7697749999999957
21
-137.479818999999992
0
LINE
8
Edge.Cuts
6
CONTINUOUS
10
80.7697749999999957
20
-137.479818999999992
11
80.7743129999999923
21
-137.4858499999999992
0
LINE
8
Edge.Cuts
6
CONTINUOUS
10
80.7743129999999923
20
-137.4858499999999992
11
80.7789159999999953
21
-137.491833999999983
0
LINE
8
Edge.Cuts
6
CONTINUOUS
10
80.7789159999999953
20
-137.491833999999983
11
80.783582999999993
21
-137.4977700000000027
0
LINE
8
Edge.Cuts
6
CONTINUOUS
10
80.783582999999993
20
-137.4977700000000027
11
80.7883139999999997
21
-137.5036580000000015
0
LINE
8
Edge.Cuts
6
CONTINUOUS
10
80.7883139999999997
20
-137.5036580000000015
11
80.7931079999999895
21
-137.5094959999999844
0
LINE
8
Edge.Cuts
6
CONTINUOUS
10
80.7931079999999895
20
-137.5094959999999844
11
80.7979639999999932
21
-137.5152850000000058
0
LINE
8
Edge.Cuts
6
CONTINUOUS
10
80.7979639999999932
20
-137.5152850000000058
11
80.8028819999999968
21
-137.5210219999999879
0
LINE
8
Edge.Cuts
6
CONTINUOUS
10
80.8028819999999968
20
-137.5210219999999879
11
80.8078610000000026
21
-137.5267089999999826
0
LINE
8
Edge.Cuts
6
CONTINUOUS
10
80.8078610000000026
20
-137.5267089999999826
11
80.8129009999999965
21
-137.5323429999999973
0
LINE
8
Edge.Cuts
6
CONTINUOUS
10
80.8129009999999965
20
-137.5323429999999973
11
80.8180009999999953
21
-137.5379240000000038
0
LINE
8
Edge.Cuts
6
CONTINUOUS
10
80.8180009999999953
20
-137.5379240000000038
11
80.8231600000000014
21
-137.5434510000000046
0
LINE
8
Edge.Cuts
6
CONTINUOUS
10
80.8231600000000014
20
-137.5434510000000046
11
80.8283770000000032
21
-137.548923000000002
0
LINE
8
Edge.Cuts
6
CONTINUOUS
10
80.8283770000000032
20
-137.548923000000002
11
80.8336529999999982
21
-137.5543409999999938
0
LINE
8
Edge.Cuts
6
CONTINUOUS
10
80.8336529999999982
20
-137.5543409999999938
11
80.8389849999999939
21
-137.5597019999999873
0
LINE
8
Edge.Cuts
6
CONTINUOUS
10
80.8389849999999939
20
-137.5597019999999873
11
80.8416730000000001
21
-137.5623620000000074
0
LINE
8
Edge.Cuts
6
CONTINUOUS
10
80.8416730000000001
20
-137.5623620000000074
11
80.844374000000002
21
-137.5650069999999801
0
LINE
8
Edge.Cuts
6
CONTINUOUS
10
80.844374000000002
20
-137.5650069999999801
11
80.8470899999999943
21
-137.5676379999999881
0
LINE
8
Edge.Cuts
6
CONTINUOUS
10
80.8470899999999943
20
-137.5676379999999881
11
80.8498189999999965
21
-137.5702550000000031
0
LINE
8
Edge.Cuts
6
CONTINUOUS
10
80.8498189999999965
20
-137.5702550000000031
11
80.8525619999999918
21
-137.5728569999999991
0
LINE
8
Edge.Cuts
6
CONTINUOUS
10
80.8525619999999918
20
-137.5728569999999991
11
80.8553189999999944
21
-137.575445000000002
0
LINE
8
Edge.Cuts
6
CONTINUOUS
10
80.8553189999999944
20
-137.575445000000002
11
80.85808999999999
21
-137.5780169999999885
0
LINE
8
Edge.Cuts
6
CONTINUOUS
10
80.85808999999999
20
-137.5780169999999885
11
80.8608739999999955
21
-137.5805749999999819
0
LINE
8
Edge.Cuts
6
CONTINUOUS
10
80.8608739999999955
20
-137.5805749999999819
11
80.8636709999999965
21
-137.5831179999999847
0
LINE
8
Edge.Cuts
6
CONTINUOUS
10
80.8636709999999965
20
-137.5831179999999847
11
80.8664809999999932
21
-137.5856469999999945
0
LINE
8
Edge.Cuts
6
CONTINUOUS
10
80.8664809999999932
20
-137.5856469999999945
11
80.8693049999999971
21
-137.5881599999999878
0
LINE
8
Edge.Cuts
6
CONTINUOUS
10
80.8693049999999971
20
-137.5881599999999878
11
80.8721419999999966
21
-137.5906579999999906
0
LINE
8
Edge.Cuts
6
CONTINUOUS
10
80.8721419999999966
20
-137.5906579999999906
11
80.8749919999999918
21
-137.5931410000000028
0
LINE
8
Edge.Cuts
6
CONTINUOUS
10
80.8749919999999918
20
-137.5931410000000028
11
80.8778549999999967
21
-137.5956089999999961
0
LINE
8
Edge.Cuts
6
CONTINUOUS
10
80.8778549999999967
20
-137.5956089999999961
11
80.8807309999999973
21
-137.5980610000000013
0
LINE
8
Edge.Cuts
6
CONTINUOUS
10
80.8807309999999973
20
-137.5980610000000013
11
80.8836189999999959
21
-137.6004979999999875
0
LINE
8
Edge.Cuts
6
CONTINUOUS
10
80.8836189999999959
20
-137.6004979999999875
11
80.8865199999999902
21
-137.6029199999999832
0
LINE
8
Edge.Cuts
6
CONTINUOUS
10
80.8865199999999902
20
-137.6029199999999832
11
80.8894339999999943
21
-137.6053259999999909
0
LINE
8
Edge.Cuts
6
CONTINUOUS
10
80.8894339999999943
20
-137.6053259999999909
11
80.8923599999999965
21
-137.6077159999999822
0
LINE
8
Edge.Cuts
6
CONTINUOUS
10
80.8923599999999965
20
-137.6077159999999822
11
80.8952989999999943
21
-137.6100899999999854
0
LINE
8
Edge.Cuts
6
CONTINUOUS
10
80.8952989999999943
20
-137.6100899999999854
11
80.8982499999999902
21
-137.612448999999998
0
LINE
8
Edge.Cuts
6
CONTINUOUS
10
80.8982499999999902
20
-137.612448999999998
11
80.9012129999999985
21
-137.6147919999999942
0
LINE
8
Edge.Cuts
6
CONTINUOUS
10
80.9012129999999985
20
-137.6147919999999942
11
80.9041879999999907
21
-137.6171190000000024
0
LINE
8
Edge.Cuts
6
CONTINUOUS
10
80.9041879999999907
20
-137.6171190000000024
11
80.9071749999999952
21
-137.6194299999999942
0
LINE
8
Edge.Cuts
6
CONTINUOUS
10
80.9071749999999952
20
-137.6194299999999942
11
80.9101739999999978
21
-137.6217240000000004
0
LINE
8
Edge.Cuts
6
CONTINUOUS
10
80.9101739999999978
20
-137.6217240000000004
11
80.9131849999999986
21
-137.6240029999999877
0
LINE
8
Edge.Cuts
6
CONTINUOUS
10
80.9131849999999986
20
-137.6240029999999877
11
80.916207
21
-137.6262649999999894
0
LINE
8
Edge.Cuts
6
CONTINUOUS
10
80.916207
20
-137.6262649999999894
11
80.919241999999997
21
-137.6285110000000032
0
LINE
8
Edge.Cuts
6
CONTINUOUS
10
80.919241999999997
20
-137.6285110000000032
11
80.9222869999999972
21
-137.6307410000000004
0
LINE
8
Edge.Cuts
6
CONTINUOUS
10
80.9222869999999972
20
-137.6307410000000004
11
80.9253439999999955
21
-137.6329539999999838
0
LINE
8
Edge.Cuts
6
CONTINUOUS
10
80.9253439999999955
20
-137.6329539999999838
11
80.9284119999999945
21
-137.6351499999999817
0
LINE
8
Edge.Cuts
6
CONTINUOUS
10
80.9284119999999945
20
-137.6351499999999817
11
80.9314919999999915
21
-137.637330999999989
0
LINE
8
Edge.Cuts
6
CONTINUOUS
10
80.9314919999999915
20
-137.637330999999989
11
80.9345819999999918
21
-137.6394939999999849
0
LINE
8
Edge.Cuts
6
CONTINUOUS
10
80.9345819999999918
20
-137.6394939999999849
11
80.9376839999999902
21
-137.6416409999999928
0
LINE
8
Edge.Cuts
6
CONTINUOUS
10
80.9376839999999902
20
-137.6416409999999928
11
80.9407959999999917
21
-137.6437699999999893
0
LINE
8
Edge.Cuts
6
CONTINUOUS
10
80.9407959999999917
20
-137.6437699999999893
11
80.9439199999999914
21
-137.6458839999999952
0
LINE
8
Edge.Cuts
6
CONTINUOUS
10
80.9439199999999914
20
-137.6458839999999952
11
80.9470529999999968
21
-137.6479799999999898
0
LINE
8
Edge.Cuts
6
CONTINUOUS
10
80.9470529999999968
20
-137.6479799999999898
11
80.9501980000000003
21
-137.6500589999999988
0
LINE
8
Edge.Cuts
6
CONTINUOUS
10
80.9501980000000003
20
-137.6500589999999988
11
80.9533529999999928
21
-137.652120999999994
0
LINE
8
Edge.Cuts
6
CONTINUOUS
10
80.9533529999999928
20
-137.652120999999994
11
80.9565190000000001
21
-137.6541660000000036
0
LINE
8
Edge.Cuts
6
CONTINUOUS
10
80.9565190000000001
20
-137.6541660000000036
11
80.9596939999999989
21
-137.6561939999999993
0
LINE
8
Edge.Cuts
6
CONTINUOUS
10
80.9596939999999989
20
-137.6561939999999993
11
80.9628809999999959
21
-137.6582049999999811
0
LINE
8
Edge.Cuts
6
CONTINUOUS
10
80.9628809999999959
20
-137.6582049999999811
11
80.966076000000001
21
-137.6601979999999799
0
LINE
8
Edge.Cuts
6
CONTINUOUS
10
80.966076000000001
20
-137.6601979999999799
11
80.9692829999999901
21
-137.6621739999999932
0
LINE
8
Edge.Cuts
6
CONTINUOUS
10
80.9692829999999901
20
-137.6621739999999932
11
80.9724989999999991
21
-137.6641319999999951
0
LINE
8
Edge.Cuts
6
CONTINUOUS
10
80.9724989999999991
20
-137.6641319999999951
11
80.9757249999999971
21
-137.6660739999999805
0
LINE
8
Edge.Cuts
6
CONTINUOUS
10
80.9757249999999971
20
-137.6660739999999805
11
80.9789600000000007
21
-137.6679969999999855
0
LINE
8
Edge.Cuts
6
CONTINUOUS
10
80.9789600000000007
20
-137.6679969999999855
11
80.9822059999999908
21
-137.6699040000000025
0
LINE
8
Edge.Cuts
6
CONTINUOUS
10
80.9822059999999908
20
-137.6699040000000025
11
80.9854610000000008
21
-137.6717919999999822
0
LINE
8
Edge.Cuts
6
CONTINUOUS
10
80.9854610000000008
20
-137.6717919999999822
11
80.9887250000000023
21
-137.6736630000000048
0
LINE
8
Edge.Cuts
6
CONTINUOUS
10
80.9887250000000023
20
-137.6736630000000048
11
80.9919979999999953
21
-137.6755159999999876
0
LINE
8
Edge.Cuts
6
CONTINUOUS
10
80.9919979999999953
20
-137.6755159999999876
11
80.9952820000000031
21
-137.6773509999999874
0
LINE
8
Edge.Cuts
6
CONTINUOUS
10
80.9952820000000031
20
-137.6773509999999874
11
80.9985729999999933
21
-137.6791690000000017
0
LINE
8
Edge.Cuts
6
CONTINUOUS
10
80.9985729999999933
20
-137.6791690000000017
11
81.0018749999999983
21
-137.6809690000000046
0
LINE
8
Edge.Cuts
6
CONTINUOUS
10
81.0018749999999983
20
-137.6809690000000046
11
81.0051839999999999
21
-137.6827499999999986
0
LINE
8
Edge.Cuts
6
CONTINUOUS
10
81.0051839999999999
20
-137.6827499999999986
11
81.0085040000000021
21
-137.6845140000000072
0
LINE
8
Edge.Cuts
6
CONTINUOUS
10
81.0085040000000021
20
-137.6845140000000072
11
81.0118300000000033
21
-137.6862590000000068
0
LINE
8
Edge.Cuts
6
CONTINUOUS
10
81.0118300000000033
20
-137.6862590000000068
11
81.015166999999991
21
-137.6879869999999926
0
LINE
8
Edge.Cuts
6
CONTINUOUS
10
81.015166999999991
20
-137.6879869999999926
11
81.0185109999999895
21
-137.6896959999999979
0
LINE
8
Edge.Cuts
6
CONTINUOUS
10
81.0185109999999895
20
-137.6896959999999979
11
81.0218649999999911
21
-137.6913879999999892
0
LINE
8
Edge.Cuts
6
CONTINUOUS
10
81.0218649999999911
20
-137.6913879999999892
11
81.0252259999999893
21
-137.6930610000000001
0
LINE
8
Edge.Cuts
6
CONTINUOUS
10
81.0252259999999893
20
-137.6930610000000001
11
81.0285969999999907
21
-137.6947159999999997
0
LINE
8
Edge.Cuts
6
CONTINUOUS
10
81.0285969999999907
20
-137.6947159999999997
11
81.0319739999999911
21
-137.6963529999999878
0
LINE
8
Edge.Cuts
6
CONTINUOUS
10
81.0319739999999911
20
-137.6963529999999878
11
81.0353609999999946
21
-137.6979709999999955
0
LINE
8
Edge.Cuts
6
CONTINUOUS
10
81.0353609999999946
20
-137.6979709999999955
11
81.0387539999999973
21
-137.6995709999999917
0
LINE
8
Edge.Cuts
6
CONTINUOUS
10
81.0387539999999973
20
-137.6995709999999917
11
81.0421570000000031
21
-137.701153000000005
0
LINE
8
Edge.Cuts
6
CONTINUOUS
10
81.0421570000000031
20
-137.701153000000005
11
81.0455659999999938
21
-137.7027149999999835
0
LINE
8
Edge.Cuts
6
CONTINUOUS
10
81.0455659999999938
20
-137.7027149999999835
11
81.0489839999999901
21
-137.704260000000005
0
LINE
8
Edge.Cuts
6
CONTINUOUS
10
81.0489839999999901
20
-137.704260000000005
11
81.0524079999999998
21
-137.7057859999999891
0
LINE
8
Edge.Cuts
6
CONTINUOUS
10
81.0524079999999998
20
-137.7057859999999891
11
81.0558419999999984
21
-137.7072939999999903
0
LINE
8
Edge.Cuts
6
CONTINUOUS
10
81.0558419999999984
20
-137.7072939999999903
11
81.0592809999999986
21
-137.7087819999999851
0
LINE
8
Edge.Cuts
6
CONTINUOUS
10
81.0592809999999986
20
-137.7087819999999851
11
81.0627289999999903
21
-137.7102529999999945
0
LINE
8
Edge.Cuts
6
CONTINUOUS
10
81.0627289999999903
20
-137.7102529999999945
11
81.0661829999999952
21
-137.7117039999999974
0
LINE
8
Edge.Cuts
6
CONTINUOUS
10
81.0661829999999952
20
-137.7117039999999974
11
81.0696449999999942
21
-137.713136999999989
0
LINE
8
Edge.Cuts
6
CONTINUOUS
10
81.0696449999999942
20
-137.713136999999989
11
81.0731129999999922
21
-137.7145510000000002
0
LINE
8
Edge.Cuts
6
CONTINUOUS
10
81.0731129999999922
20
-137.7145510000000002
11
81.0765899999999959
21
-137.7159469999999999
0
LINE
8
Edge.Cuts
6
CONTINUOUS
10
81.0765899999999959
20
-137.7159469999999999
11
81.0800720000000013
21
-137.7173229999999933
0
LINE
8
Edge.Cuts
6
CONTINUOUS
10
81.0800720000000013
20
-137.7173229999999933
11
81.0835620000000006
21
-137.7186810000000037
0
LINE
8
Edge.Cuts
6
CONTINUOUS
10
81.0835620000000006
20
-137.7186810000000037
11
81.0870570000000015
21
-137.7200190000000077
0
LINE
8
Edge.Cuts
6
CONTINUOUS
10
81.0870570000000015
20
-137.7200190000000077
11
81.0905609999999939
21
-137.7213399999999979
0
LINE
8
Edge.Cuts
6
CONTINUOUS
10
81.0905609999999939
20
-137.7213399999999979
11
81.0940689999999904
21
-137.7226399999999842
0
LINE
8
Edge.Cuts
6
CONTINUOUS
10
81.0940689999999904
20
-137.7226399999999842
11
81.0975859999999926
21
-137.723922999999985
0
LINE
8
Edge.Cuts
6
CONTINUOUS
10
81.0975859999999926
20
-137.723922999999985
11
81.1011069999999989
21
-137.725184999999982
0
LINE
8
Edge.Cuts
6
CONTINUOUS
10
81.1011069999999989
20
-137.725184999999982
11
81.1046359999999993
21
-137.726428999999996
0
LINE
8
Edge.Cuts
6
CONTINUOUS
10
81.1046359999999993
20
-137.726428999999996
11
81.1081700000000012
21
-137.7276540000000011
0
LINE
8
Edge.Cuts
6
CONTINUOUS
10
81.1081700000000012
20
-137.7276540000000011
11
81.1117109999999997
21
-137.7288599999999974
0
LINE
8
Edge.Cuts
6
CONTINUOUS
10
81.1117109999999997
20
-137.7288599999999974
11
81.1152569999999997
21
-137.7300459999999873
0
LINE
8
Edge.Cuts
6
CONTINUOUS
10
81.1152569999999997
20
-137.7300459999999873
11
81.1188109999999938
21
-137.7312139999999943
0
LINE
8
Edge.Cuts
6
CONTINUOUS
10
81.1188109999999938
20
-137.7312139999999943
11
81.1223679999999945
21
-137.7323619999999949
0
LINE
8
Edge.Cuts
6
CONTINUOUS
10
81.1223679999999945
20
-137.7323619999999949
11
81.1259330000000034
21
-137.733491999999984
0
LINE
8
Edge.Cuts
6
CONTINUOUS
10
81.1259330000000034
20
-137.733491999999984
11
81.1295020000000022
21
-137.7346019999999953
0
LINE
8
Edge.Cuts
6
CONTINUOUS
10
81.1295020000000022
20
-137.7346019999999953
11
81.1330779999999976
21
-137.7356929999999977
0
LINE
8
Edge.Cuts
6
CONTINUOUS
10
81.1330779999999976
20
-137.7356929999999977
11
81.1366579999999971
21
-137.7367639999999938
0
LINE
8
Edge.Cuts
6
CONTINUOUS
10
81.1366579999999971
20
-137.7367639999999938
11
81.1402449999999931
21
-137.7378170000000068
0
LINE
8
Edge.Cuts
6
CONTINUOUS
10
81.1402449999999931
20
-137.7378170000000068
11
81.1438359999999932
21
-137.7388489999999877
0
LINE
8
Edge.Cuts
6
CONTINUOUS
10
81.1438359999999932
20
-137.7388489999999877
11
81.1474339999999899
21
-137.7398629999999855
0
LINE
8
Edge.Cuts
6
CONTINUOUS
10
81.1474339999999899
20
-137.7398629999999855
11
81.1510349999999931
21
-137.7408570000000054
0
LINE
8
Edge.Cuts
6
CONTINUOUS
10
81.1510349999999931
20
-137.7408570000000054
11
81.154642999999993
21
-137.7418319999999881
0
LINE
8
Edge.Cuts
6
CONTINUOUS
10
81.154642999999993
20
-137.7418319999999881
11
81.1582539999999995
21
-137.7427869999999928
0
LINE
8
Edge.Cuts
6
CONTINUOUS
10
81.1582539999999995
20
-137.7427869999999928
11
81.1618729999999999
21
-137.7437239999999861
0
LINE
8
Edge.Cuts
6
CONTINUOUS
10
81.1618729999999999
20
-137.7437239999999861
11
81.1654939999999954
21
-137.744640000000004
0
LINE
8
Edge.Cuts
6
CONTINUOUS
10
81.1654939999999954
20
-137.744640000000004
11
81.1691220000000015
21
-137.745537999999982
0
LINE
8
Edge.Cuts
6
CONTINUOUS
10
81.1691220000000015
20
-137.745537999999982
11
81.1727520000000027
21
-137.7464149999999847
0
LINE
8
Edge.Cuts
6
CONTINUOUS
10
81.1727520000000027
20
-137.7464149999999847
11
81.1763899999999978
21
-137.7472740000000044
0
LINE
8
Edge.Cuts
6
CONTINUOUS
10
81.1763899999999978
20
-137.7472740000000044
11
81.1800289999999904
21
-137.7481119999999919
0
LINE
8
Edge.Cuts
6
CONTINUOUS
10
81.1800289999999904
20
-137.7481119999999919
11
81.1836759999999913
21
-137.7489319999999964
0
LINE
8
Edge.Cuts
6
CONTINUOUS
10
81.1836759999999913
20
-137.7489319999999964
11
81.1873239999999896
21
-137.749730999999997
0
LINE
8
Edge.Cuts
6
CONTINUOUS
10
81.1873239999999896
20
-137.749730999999997
11
81.1909789999999987
21
-137.7505119999999863
0
LINE
8
Edge.Cuts
6
CONTINUOUS
10
81.1909789999999987
20
-137.7505119999999863
11
81.1946370000000002
21
-137.7512720000000002
0
LINE
8
Edge.Cuts
6
CONTINUOUS
10
81.1946370000000002
20
-137.7512720000000002
11
81.1983000000000033
21
-137.7520140000000026
0
LINE
8
Edge.Cuts
6
CONTINUOUS
10
81.1983000000000033
20
-137.7520140000000026
11
81.2019659999999988
21
-137.7527350000000013
0
LINE
8
Edge.Cuts
6
CONTINUOUS
10
81.2019659999999988
20
-137.7527350000000013
11
81.2056379999999933
21
-137.753436999999991
0
LINE
8
Edge.Cuts
6
CONTINUOUS
10
81.2056379999999933
20
-137.753436999999991
11
81.2093109999999996
21
-137.7541190000000029
0
LINE
8
Edge.Cuts
6
CONTINUOUS
10
81.2093109999999996
20
-137.7541190000000029
11
81.2129910000000024
21
-137.7547820000000058
0
LINE
8
Edge.Cuts
6
CONTINUOUS
10
81.2129910000000024
20
-137.7547820000000058
11
81.2166720000000026
21
-137.755424000000005
0
LINE
8
Edge.Cuts
6
CONTINUOUS
10
81.2166720000000026
20
-137.755424000000005
11
81.2203599999999994
21
-137.7560479999999927
0
LINE
8
Edge.Cuts
6
CONTINUOUS
10
81.2203599999999994
20
-137.7560479999999927
11
81.2240489999999937
21
-137.7566510000000051
0
LINE
8
Edge.Cuts
6
CONTINUOUS
10
81.2240489999999937
20
-137.7566510000000051
11
81.2277440000000013
21
-137.7572349999999801
0
LINE
8
Edge.Cuts
6
CONTINUOUS
10
81.2277440000000013
20
-137.7572349999999801
11
81.2314389999999946
21
-137.7577990000000057
0
LINE
8
Edge.Cuts
6
CONTINUOUS
10
81.2314389999999946
20
-137.7577990000000057
11
81.2351419999999962
21
-137.7583439999999939
0
LINE
8
Edge.Cuts
6
CONTINUOUS
10
81.2351419999999962
20
-137.7583439999999939
11
81.2388440000000003
21
-137.7588680000000068
0
LINE
8
Edge.Cuts
6
CONTINUOUS
10
81.2388440000000003
20
-137.7588680000000068
11
81.2425530000000009
21
-137.7593729999999823
0
LINE
8
Edge.Cuts
6
CONTINUOUS
10
81.2425530000000009
20
-137.7593729999999823
11
81.246262999999999
21
-137.7598579999999799
0
LINE
8
Edge.Cuts
6
CONTINUOUS
10
81.246262999999999
20
-137.7598579999999799
11
81.2499779999999987
21
-137.7603239999999971
0
LINE
8
Edge.Cuts
6
CONTINUOUS
10
81.2499779999999987
20
-137.7603239999999971
11
81.2536939999999959
21
-137.760768999999982
0
LINE
8
Edge.Cuts
6
CONTINUOUS
10
81.2536939999999959
20
-137.760768999999982
11
81.2574159999999921
21
-137.7611949999999865
0
LINE
8
Edge.Cuts
6
CONTINUOUS
10
81.2574159999999921
20
-137.7611949999999865
11
81.2611380000000025
21
-137.7616009999999847
0
LINE
8
Edge.Cuts
6
CONTINUOUS
10
81.2611380000000025
20
-137.7616009999999847
11
81.2648659999999978
21
-137.7619880000000023
0
LINE
8
Edge.Cuts
6
CONTINUOUS
10
81.2648659999999978
20
-137.7619880000000023
11
81.2685949999999906
21
-137.7623539999999878
0
LINE
8
Edge.Cuts
6
CONTINUOUS
10
81.2685949999999906
20
-137.7623539999999878
11
81.2723280000000017
21
-137.7626999999999953
0
LINE
8
Edge.Cuts
6
CONTINUOUS
10
81.2723280000000017
20
-137.7626999999999953
11
81.276061999999996
21
-137.7630269999999939
0
LINE
8
Edge.Cuts
6
CONTINUOUS
10
81.276061999999996
20
-137.7630269999999939
11
81.2798019999999894
21
-137.7633339999999862
0
LINE
8
Edge.Cuts
6
CONTINUOUS
10
81.2798019999999894
20
-137.7633339999999862
11
81.2835409999999996
21
-137.7636210000000005
0
LINE
8
Edge.Cuts
6
CONTINUOUS
10
81.2835409999999996
20
-137.7636210000000005
11
81.2872859999999946
21
-137.7638879999999801
0
LINE
8
Edge.Cuts
6
CONTINUOUS
10
81.2872859999999946
20
-137.7638879999999801
11
81.2910299999999921
21
-137.7641349999999818
0
LINE
8
Edge.Cuts
6
CONTINUOUS
10
81.2910299999999921
20
-137.7641349999999818
11
81.2947800000000029
21
-137.7643620000000055
0
LINE
8
Edge.Cuts
6
CONTINUOUS
10
81.2947800000000029
20
-137.7643620000000055
11
81.2985299999999995
21
-137.7645689999999945
0
LINE
8
Edge.Cuts
6
CONTINUOUS
10
81.2985299999999995
20
-137.7645689999999945
11
81.3022840000000002
21
-137.764757000000003
0
LINE
8
Edge.Cuts
6
CONTINUOUS
10
81.3022840000000002
20
-137.764757000000003
11
81.3060389999999984
21
-137.7649240000000077
0
LINE
8
Edge.Cuts
6
CONTINUOUS
10
81.3060389999999984
20
-137.7649240000000077
11
81.3097980000000007
21
-137.7650720000000035
0
LINE
8
Edge.Cuts
6
CONTINUOUS
10
81.3097980000000007
20
-137.7650720000000035
11
81.313557000000003
21
-137.7651989999999955
0
LINE
8
Edge.Cuts
6
CONTINUOUS
10
81.313557000000003
20
-137.7651989999999955
11
81.3173209999999926
21
-137.7653070000000071
0
LINE
8
Edge.Cuts
6
CONTINUOUS
10
81.3173209999999926
20
-137.7653070000000071
11
81.3210849999999965
21
-137.7653939999999864
0
LINE
8
Edge.Cuts
6
CONTINUOUS
10
81.3210849999999965
20
-137.7653939999999864
11
81.3248529999999903
21
-137.7654619999999852
0
LINE
8
Edge.Cuts
6
CONTINUOUS
10
81.3248529999999903
20
-137.7654619999999852
11
81.3286200000000008
21
-137.7655100000000061
0
LINE
8
Edge.Cuts
6
CONTINUOUS
10
81.3286200000000008
20
-137.7655100000000061
11
81.3323929999999962
21
-137.7655369999999948
0
LINE
8
Edge.Cuts
6
CONTINUOUS
10
81.3323929999999962
20
-137.7655369999999948
11
81.3357060000000018
21
-137.765545000000003
0
LINE
8
Edge.Cuts
6
CONTINUOUS
10
80.6657919999999962
20
-138.7527879999999811
11
80.6657919999999962
21
-142.8075379999999939
0
LINE
8
Edge.Cuts
6
CONTINUOUS
10
80.6657919999999962
20
-142.8075379999999939
11
80.6216749999999962
21
-142.8483149999999853
0
LINE
8
Edge.Cuts
6
CONTINUOUS
10
80.6216749999999962
20
-142.8483149999999853
11
80.5773279999999943
21
-142.8894139999999879
0
LINE
8
Edge.Cuts
6
CONTINUOUS
10
80.5773279999999943
20
-142.8894139999999879
11
80.5327509999999904
21
-142.9308359999999993
0
LINE
8
Edge.Cuts
6
CONTINUOUS
10
80.5327509999999904
20
-142.9308359999999993
11
80.4879430000000013
21
-142.972580999999991
0
LINE
8
Edge.Cuts
6
CONTINUOUS
10
80.4879430000000013
20
-142.972580999999991
11
80.4429019999999895
21
-143.0146509999999864
0
LINE
8
Edge.Cuts
6
CONTINUOUS
10
80.4429019999999895
20
-143.0146509999999864
11
80.3976299999999924
21
-143.057046999999983
0
LINE
8
Edge.Cuts
6
CONTINUOUS
10
80.3976299999999924
20
-143.057046999999983
11
80.3521250000000009
21
-143.0997700000000066
0
LINE
8
Edge.Cuts
6
CONTINUOUS
10
80.3521250000000009
20
-143.0997700000000066
11
80.3063870000000009
21
-143.1428219999999953
0
LINE
8
Edge.Cuts
6
CONTINUOUS
10
80.3063870000000009
20
-143.1428219999999953
11
80.2604149999999947
21
-143.1862030000000061
0
LINE
8
Edge.Cuts
6
CONTINUOUS
10
80.2604149999999947
20
-143.1862030000000061
11
80.2142089999999968
21
-143.2299150000000054
0
LINE
8
Edge.Cuts
6
CONTINUOUS
10
80.2142089999999968
20
-143.2299150000000054
11
80.1677689999999927
21
-143.2739579999999933
0
LINE
8
Edge.Cuts
6
CONTINUOUS
10
80.1677689999999927
20
-143.2739579999999933
11
80.1210930000000019
21
-143.3183349999999905
0
LINE
8
Edge.Cuts
6
CONTINUOUS
10
80.1210930000000019
20
-143.3183349999999905
11
80.0741819999999933
21
-143.3630449999999996
0
LINE
8
Edge.Cuts
6
CONTINUOUS
10
80.0741819999999933
20
-143.3630449999999996
11
80.0270359999999954
21
-143.4080909999999847
0
LINE
8
Edge.Cuts
6
CONTINUOUS
10
80.0270359999999954
20
-143.4080909999999847
11
79.9796520000000015
21
-143.4534730000000025
0
LINE
8
Edge.Cuts
6
CONTINUOUS
10
79.9796520000000015
20
-143.4534730000000025
11
79.9320319999999924
21
-143.4991919999999936
0
LINE
8
Edge.Cuts
6
CONTINUOUS
10
79.9320319999999924
20
-143.4991919999999936
11
79.884174999999999
21
-143.5452499999999816
0
LINE
8
Edge.Cuts
6
CONTINUOUS
10
79.884174999999999
20
-143.5452499999999816
11
79.8360799999999955
21
-143.5916469999999947
0
LINE
8
Edge.Cuts
6
CONTINUOUS
10
79.8360799999999955
20
-143.5916469999999947
11
79.787746999999996
21
-143.6383840000000021
0
LINE
8
Edge.Cuts
6
CONTINUOUS
10
79.787746999999996
20
-143.6383840000000021
11
79.7391760000000005
21
-143.6854629999999986
0
LINE
8
Edge.Cuts
6
CONTINUOUS
10
79.7391760000000005
20
-143.6854629999999986
11
79.6903659999999974
21
-143.7328839999999843
0
LINE
8
Edge.Cuts
6
CONTINUOUS
10
79.6903659999999974
20
-143.7328839999999843
11
79.6413170000000008
21
-143.7806489999999826
0
LINE
8
Edge.Cuts
6
CONTINUOUS
10
79.6413170000000008
20
-143.7806489999999826
11
79.5920279999999991
21
-143.8287579999999934
0
LINE
8
Edge.Cuts
6
CONTINUOUS
10
79.5920279999999991
20
-143.8287579999999934
11
79.5424999999999898
21
-143.8772129999999834
0
LINE
8
Edge.Cuts
6
CONTINUOUS
10
79.5424999999999898
20
-143.8772129999999834
11
79.492730999999992
21
-143.9260139999999808
0
LINE
8
Edge.Cuts
6
CONTINUOUS
10
79.492730999999992
20
-143.9260139999999808
11
79.4427230000000009
21
-143.9751629999999807
0
LINE
8
Edge.Cuts
6
CONTINUOUS
10
79.4427230000000009
20
-143.9751629999999807
11
79.3924729999999954
21
-144.024659999999983
0
LINE
8
Edge.Cuts
6
CONTINUOUS
10
79.3924729999999954
20
-144.024659999999983
11
79.341982999999999
21
-144.0745069999999828
0
LINE
8
Edge.Cuts
6
CONTINUOUS
10
79.341982999999999
20
-144.0745069999999828
11
79.2912510000000026
21
-144.1247029999999825
0
LINE
8
Edge.Cuts
6
CONTINUOUS
10
79.2912510000000026
20
-144.1247029999999825
11
79.2402779999999893
21
-144.1752510000000029
0
LINE
8
Edge.Cuts
6
CONTINUOUS
10
79.2402779999999893
20
-144.1752510000000029
11
79.1890619999999927
21
-144.2261509999999873
0
LINE
8
Edge.Cuts
6
CONTINUOUS
10
79.1890619999999927
20
-144.2261509999999873
11
79.1376049999999935
21
-144.27740399999999
0
LINE
8
Edge.Cuts
6
CONTINUOUS
10
79.1376049999999935
20
-144.27740399999999
11
79.0859059999999943
21
-144.3290099999999825
0
LINE
8
Edge.Cuts
6
CONTINUOUS
10
79.0859059999999943
20
-144.3290099999999825
11
79.0339639999999974
21
-144.3809709999999882
0
LINE
8
Edge.Cuts
6
CONTINUOUS
10
79.0339639999999974
20
-144.3809709999999882
11
78.9817800000000005
21
-144.4332880000000046
0
LINE
8
Edge.Cuts
6
CONTINUOUS
10
78.9817800000000005
20
-144.4332880000000046
11
78.9293529999999919
21
-144.4859610000000032
0
LINE
8
Edge.Cuts
6
CONTINUOUS
10
78.9293529999999919
20
-144.4859610000000032
11
78.8766820000000024
21
-144.5389909999999816
0
LINE
8
Edge.Cuts
6
CONTINUOUS
10
78.8766820000000024
20
-144.5389909999999816
11
78.8237689999999986
21
-144.592378999999994
0
LINE
8
Edge.Cuts
6
CONTINUOUS
10
78.8237689999999986
20
-144.592378999999994
11
78.7706119999999999
21
-144.6461259999999811
0
LINE
8
Edge.Cuts
6
CONTINUOUS
10
78.7706119999999999
20
-144.6461259999999811
11
78.7172109999999918
21
-144.7002329999999972
0
LINE
8
Edge.Cuts
6
CONTINUOUS
10
78.7172109999999918
20
-144.7002329999999972
11
78.6635670000000005
21
-144.754698999999988
0
LINE
8
Edge.Cuts
6
CONTINUOUS
10
78.6635670000000005
20
-144.754698999999988
11
78.6096789999999999
21
-144.8095270000000028
0
LINE
8
Edge.Cuts
6
CONTINUOUS
10
78.6096789999999999
20
-144.8095270000000028
11
78.5555480000000017
21
-144.8647169999999846
0
LINE
8
Edge.Cuts
6
CONTINUOUS
10
78.5555480000000017
20
-144.8647169999999846
11
78.5011719999999968
21
-144.9202689999999905
0
LINE
8
Edge.Cuts
6
CONTINUOUS
10
78.5011719999999968
20
-144.9202689999999905
11
78.446551999999997
21
-144.9761839999999893
0
LINE
8
Edge.Cuts
6
CONTINUOUS
10
78.446551999999997
20
-144.9761839999999893
11
78.391688000000002
21
-145.032463000000007
0
LINE
8
Edge.Cuts
6
CONTINUOUS
10
78.391688000000002
20
-145.032463000000007
11
78.3365799999999979
21
-145.0891069999999843
0
LINE
8
Edge.Cuts
6
CONTINUOUS
10
78.3365799999999979
20
-145.0891069999999843
11
78.2812270000000012
21
-145.1461160000000064
0
LINE
8
Edge.Cuts
6
CONTINUOUS
10
78.2812270000000012
20
-145.1461160000000064
11
78.2256299999999953
21
-145.2034909999999854
0
LINE
8
Edge.Cuts
6
CONTINUOUS
10
78.2256299999999953
20
-145.2034909999999854
11
78.1697889999999944
21
-145.2612330000000043
0
LINE
8
Edge.Cuts
6
CONTINUOUS
10
78.1697889999999944
20
-145.2612330000000043
11
78.113703000000001
21
-145.3193430000000035
0
LINE
8
Edge.Cuts
6
CONTINUOUS
10
78.113703000000001
20
-145.3193430000000035
11
78.0573720000000009
21
-145.3778199999999856
0
LINE
8
Edge.Cuts
6
CONTINUOUS
10
78.0573720000000009
20
-145.3778199999999856
11
78.000795999999994
21
-145.4366669999999999
0
LINE
8
Edge.Cuts
6
CONTINUOUS
10
78.000795999999994
20
-145.4366669999999999
11
77.9861300000000028
21
-145.4519400000000076
0
LINE
8
Edge.Cuts
6
CONTINUOUS
10
81.3357060000000018
20
-137.765545000000003
11
88.8458090000000027
21
-137.765545000000003
0
LINE
8
Edge.Cuts
6
CONTINUOUS
10
81.3709649999999982
20
-53.1446699999999979
11
81.3627510000000029
21
-53.1447099999999963
0
LINE
8
Edge.Cuts
6
CONTINUOUS
10
81.3627510000000029
20
-53.1447099999999963
11
81.3545560000000023
21
-53.1448299999999989
0
LINE
8
Edge.Cuts
6
CONTINUOUS
10
81.3545560000000023
20
-53.1448299999999989
11
81.3463809999999938
21
-53.145029000000001
0
LINE
8
Edge.Cuts
6
CONTINUOUS
10
81.3463809999999938
20
-53.145029000000001
11
81.3382270000000034
21
-53.1453069999999954
0
LINE
8
Edge.Cuts
6
CONTINUOUS
10
81.3382270000000034
20
-53.1453069999999954
11
81.3300929999999909
21
-53.145665000000001
0
LINE
8
Edge.Cuts
6
CONTINUOUS
10
81.3300929999999909
20
-53.145665000000001
11
81.3219809999999939
21
-53.1461019999999991
0
LINE
8
Edge.Cuts
6
CONTINUOUS
10
81.3219809999999939
20
-53.1461019999999991
11
81.3138900000000007
21
-53.1466169999999991
0
LINE
8
Edge.Cuts
6
CONTINUOUS
10
81.3138900000000007
20
-53.1466169999999991
11
81.3058209999999946
21
-53.1472119999999961
0
LINE
8
Edge.Cuts
6
CONTINUOUS
10
81.3058209999999946
20
-53.1472119999999961
11
81.2977750000000015
21
-53.1478839999999977
0
LINE
8
Edge.Cuts
6
CONTINUOUS
10
81.2977750000000015
20
-53.1478839999999977
11
81.2897509999999954
21
-53.1486349999999987
0
LINE
8
Edge.Cuts
6
CONTINUOUS
10
81.2897509999999954
20
-53.1486349999999987
11
81.2817500000000024
21
-53.1494639999999947
0
LINE
8
Edge.Cuts
6
CONTINUOUS
10
81.2817500000000024
20
-53.1494639999999947
11
81.2737729999999914
21
-53.1503699999999952
0
LINE
8
Edge.Cuts
6
CONTINUOUS
10
81.2737729999999914
20
-53.1503699999999952
11
81.2658199999999908
21
-53.1513549999999952
0
LINE
8
Edge.Cuts
6
CONTINUOUS
10
81.2658199999999908
20
-53.1513549999999952
11
81.2578919999999982
21
-53.1524169999999998
0
LINE
8
Edge.Cuts
6
CONTINUOUS
10
81.2578919999999982
20
-53.1524169999999998
11
81.2499880000000019
21
-53.1535549999999972
0
LINE
8
Edge.Cuts
6
CONTINUOUS
10
81.2499880000000019
20
-53.1535549999999972
11
81.2421099999999967
21
-53.1547709999999967
0
LINE
8
Edge.Cuts
6
CONTINUOUS
10
81.2421099999999967
20
-53.1547709999999967
11
81.2342569999999995
21
-53.1560640000000006
0
LINE
8
Edge.Cuts
6
CONTINUOUS
10
81.2342569999999995
20
-53.1560640000000006
11
81.2264309999999909
21
-53.157433999999995
0
LINE
8
Edge.Cuts
6
CONTINUOUS
10
81.2264309999999909
20
-53.157433999999995
11
81.2186319999999995
21
-53.1588789999999989
0
LINE
8
Edge.Cuts
6
CONTINUOUS
10
81.2186319999999995
20
-53.1588789999999989
11
81.2108589999999992
21
-53.1604010000000002
0
LINE
8
Edge.Cuts
6
CONTINUOUS
10
81.2108589999999992
20
-53.1604010000000002
11
81.2031149999999968
21
-53.1619989999999945
0
LINE
8
Edge.Cuts
6
CONTINUOUS
10
81.2031149999999968
20
-53.1619989999999945
11
81.1953979999999973
21
-53.1636729999999957
0
LINE
8
Edge.Cuts
6
CONTINUOUS
10
81.1953979999999973
20
-53.1636729999999957
11
81.1877099999999956
21
-53.1654219999999995
0
LINE
8
Edge.Cuts
6
CONTINUOUS
10
81.1877099999999956
20
-53.1654219999999995
11
81.1800520000000034
21
-53.1672469999999961
0
LINE
8
Edge.Cuts
6
CONTINUOUS
10
81.1800520000000034
20
-53.1672469999999961
11
81.1724229999999949
21
-53.1691459999999978
0
LINE
8
Edge.Cuts
6
CONTINUOUS
10
81.1724229999999949
20
-53.1691459999999978
11
81.1648239999999959
21
-53.1711209999999994
0
LINE
8
Edge.Cuts
6
CONTINUOUS
10
81.1648239999999959
20
-53.1711209999999994
11
81.1572549999999922
21
-53.1731699999999989
0
LINE
8
Edge.Cuts
6
CONTINUOUS
10
81.1572549999999922
20
-53.1731699999999989
11
81.1497179999999929
21
-53.1752929999999964
0
LINE
8
Edge.Cuts
6
CONTINUOUS
10
81.1497179999999929
20
-53.1752929999999964
11
81.1422120000000007
21
-53.1774899999999988
0
LINE
8
Edge.Cuts
6
CONTINUOUS
10
81.1422120000000007
20
-53.1774899999999988
11
81.1347389999999962
21
-53.1797609999999992
0
LINE
8
Edge.Cuts
6
CONTINUOUS
10
81.1347389999999962
20
-53.1797609999999992
11
81.1272979999999961
21
-53.1821059999999974
0
LINE
8
Edge.Cuts
6
CONTINUOUS
10
81.1272979999999961
20
-53.1821059999999974
11
81.1198909999999955
21
-53.1845239999999961
0
LINE
8
Edge.Cuts
6
CONTINUOUS
10
81.1198909999999955
20
-53.1845239999999961
11
81.1125169999999969
21
-53.1870149999999953
0
LINE
8
Edge.Cuts
6
CONTINUOUS
10
81.1125169999999969
20
-53.1870149999999953
11
81.1051779999999951
21
-53.1895779999999974
0
LINE
8
Edge.Cuts
6
CONTINUOUS
10
81.1051779999999951
20
-53.1895779999999974
11
81.0978729999999928
21
-53.1922149999999974
0
LINE
8
Edge.Cuts
6
CONTINUOUS
10
81.0978729999999928
20
-53.1922149999999974
11
81.090603999999999
21
-53.1949229999999957
0
LINE
8
Edge.Cuts
6
CONTINUOUS
10
81.090603999999999
20
-53.1949229999999957
11
81.0833709999999996
21
-53.1977029999999971
0
LINE
8
Edge.Cuts
6
CONTINUOUS
10
81.0833709999999996
20
-53.1977029999999971
11
81.0761749999999921
21
-53.2005549999999943
0
LINE
8
Edge.Cuts
6
CONTINUOUS
10
81.0761749999999921
20
-53.2005549999999943
11
81.0690149999999932
21
-53.2034769999999995
0
LINE
8
Edge.Cuts
6
CONTINUOUS
10
81.0690149999999932
20
-53.2034769999999995
11
81.0618939999999952
21
-53.2064710000000005
0
LINE
8
Edge.Cuts
6
CONTINUOUS
10
81.0618939999999952
20
-53.2064710000000005
11
81.0548100000000034
21
-53.2095359999999999
0
LINE
8
Edge.Cuts
6
CONTINUOUS
10
81.0548100000000034
20
-53.2095359999999999
11
81.0477659999999958
21
-53.2126699999999957
0
LINE
8
Edge.Cuts
6
CONTINUOUS
10
81.0477659999999958
20
-53.2126699999999957
11
81.0407599999999917
21
-53.2158749999999969
0
LINE
8
Edge.Cuts
6
CONTINUOUS
10
81.0407599999999917
20
-53.2158749999999969
11
81.0337949999999978
21
-53.2191489999999945
0
LINE
8
Edge.Cuts
6
CONTINUOUS
10
81.0337949999999978
20
-53.2191489999999945
11
81.0268709999999999
21
-53.2224919999999955
0
LINE
8
Edge.Cuts
6
CONTINUOUS
10
81.0268709999999999
20
-53.2224919999999955
11
81.0199870000000004
21
-53.2259049999999974
0
LINE
8
Edge.Cuts
6
CONTINUOUS
10
81.0199870000000004
20
-53.2259049999999974
11
81.0131449999999944
21
-53.2293850000000006
0
LINE
8
Edge.Cuts
6
CONTINUOUS
10
81.0131449999999944
20
-53.2293850000000006
11
81.0063459999999935
21
-53.2329340000000002
0
LINE
8
Edge.Cuts
6
CONTINUOUS
10
81.0063459999999935
20
-53.2329340000000002
11
80.9995899999999978
21
-53.2365509999999986
0
LINE
8
Edge.Cuts
6
CONTINUOUS
10
80.9995899999999978
20
-53.2365509999999986
11
80.9928769999999929
21
-53.2402340000000009
0
LINE
8
Edge.Cuts
6
CONTINUOUS
10
80.9928769999999929
20
-53.2402340000000009
11
80.9862079999999906
21
-53.243984999999995
0
LINE
8
Edge.Cuts
6
CONTINUOUS
10
80.9862079999999906
20
-53.243984999999995
11
80.9795840000000027
21
-53.2478029999999976
0
LINE
8
Edge.Cuts
6
CONTINUOUS
10
80.9795840000000027
20
-53.2478029999999976
11
80.973005999999998
21
-53.2516859999999994
0
LINE
8
Edge.Cuts
6
CONTINUOUS
10
80.973005999999998
20
-53.2516859999999994
11
80.9664729999999935
21
-53.2556349999999981
0
LINE
8
Edge.Cuts
6
CONTINUOUS
10
80.9664729999999935
20
-53.2556349999999981
11
80.9599869999999981
21
-53.259648999999996
0
LINE
8
Edge.Cuts
6
CONTINUOUS
10
80.9599869999999981
20
-53.259648999999996
11
80.9535479999999978
21
-53.2637289999999979
0
LINE
8
Edge.Cuts
6
CONTINUOUS
10
80.9535479999999978
20
-53.2637289999999979
11
80.94715699999999
21
-53.267871999999997
0
LINE
8
Edge.Cuts
6
CONTINUOUS
10
80.94715699999999
20
-53.267871999999997
11
80.9408140000000031
21
-53.272078999999998
0
LINE
8
Edge.Cuts
6
CONTINUOUS
10
80.9408140000000031
20
-53.272078999999998
11
80.934519999999992
21
-53.2763500000000008
0
LINE
8
Edge.Cuts
6
CONTINUOUS
10
80.934519999999992
20
-53.2763500000000008
11
80.9282759999999968
21
-53.2806840000000008
0
LINE
8
Edge.Cuts
6
CONTINUOUS
10
80.9282759999999968
20
-53.2806840000000008
11
80.9220820000000032
21
-53.2850800000000007
0
LINE
8
Edge.Cuts
6
CONTINUOUS
10
80.9220820000000032
20
-53.2850800000000007
11
80.9159389999999945
21
-53.2895389999999978
0
LINE
8
Edge.Cuts
6
CONTINUOUS
10
80.9159389999999945
20
-53.2895389999999978
11
80.9098469999999992
21
-53.2940579999999997
0
LINE
8
Edge.Cuts
6
CONTINUOUS
10
80.9098469999999992
20
-53.2940579999999997
11
80.9038070000000005
21
-53.2986389999999943
0
LINE
8
Edge.Cuts
6
CONTINUOUS
10
80.9038070000000005
20
-53.2986389999999943
11
80.8978199999999958
21
-53.3032800000000009
0
LINE
8
Edge.Cuts
6
CONTINUOUS
10
80.8978199999999958
20
-53.3032800000000009
11
80.8918859999999995
21
-53.3079809999999981
0
LINE
8
Edge.Cuts
6
CONTINUOUS
10
80.8918859999999995
20
-53.3079809999999981
11
80.8860059999999947
21
-53.3127420000000001
0
LINE
8
Edge.Cuts
6
CONTINUOUS
10
80.8860059999999947
20
-53.3127420000000001
11
80.8801799999999957
21
-53.3175609999999978
0
LINE
8
Edge.Cuts
6
CONTINUOUS
10
80.8801799999999957
20
-53.3175609999999978
11
80.874409
21
-53.3224389999999957
0
LINE
8
Edge.Cuts
6
CONTINUOUS
10
80.874409
20
-53.3224389999999957
11
80.8715440000000001
21
-53.3248999999999995
0
LINE
8
Edge.Cuts
6
CONTINUOUS
10
80.8715440000000001
20
-53.3248999999999995
11
80.8686929999999933
21
-53.3273739999999989
0
LINE
8
Edge.Cuts
6
CONTINUOUS
10
80.8686929999999933
20
-53.3273739999999989
11
80.8658559999999937
21
-53.3298640000000006
0
LINE
8
Edge.Cuts
6
CONTINUOUS
10
80.8658559999999937
20
-53.3298640000000006
11
80.863033999999999
21
-53.3323669999999979
0
LINE
8
Edge.Cuts
6
CONTINUOUS
10
80.863033999999999
20
-53.3323669999999979
11
80.8602249999999998
21
-53.3348849999999999
0
LINE
8
Edge.Cuts
6
CONTINUOUS
10
80.8602249999999998
20
-53.3348849999999999
11
80.8574309999999912
21
-53.3374159999999975
0
LINE
8
Edge.Cuts
6
CONTINUOUS
10
80.8574309999999912
20
-53.3374159999999975
11
80.8546509999999898
21
-53.3399619999999999
0
LINE
8
Edge.Cuts
6
CONTINUOUS
10
80.8546509999999898
20
-53.3399619999999999
11
80.8518859999999933
21
-53.3425219999999953
0
LINE
8
Edge.Cuts
6
CONTINUOUS
10
80.8518859999999933
20
-53.3425219999999953
11
80.8491339999999923
21
-53.3450950000000006
0
LINE
8
Edge.Cuts
6
CONTINUOUS
10
80.8491339999999923
20
-53.3450950000000006
11
80.8463979999999935
21
-53.3476829999999964
0
LINE
8
Edge.Cuts
6
CONTINUOUS
10
80.8463979999999935
20
-53.3476829999999964
11
80.8436760000000021
21
-53.3502839999999949
0
LINE
8
Edge.Cuts
6
CONTINUOUS
10
80.8436760000000021
20
-53.3502839999999949
11
80.8409679999999895
21
-53.3528990000000007
0
LINE
8
Edge.Cuts
6
CONTINUOUS
10
80.8409679999999895
20
-53.3528990000000007
11
80.8382759999999934
21
-53.355526999999995
0
LINE
8
Edge.Cuts
6
CONTINUOUS
10
80.8382759999999934
20
-53.355526999999995
11
80.8355979999999903
21
-53.3581689999999966
0
LINE
8
Edge.Cuts
6
CONTINUOUS
10
80.8355979999999903
20
-53.3581689999999966
11
80.832934999999992
21
-53.3608240000000009
0
LINE
8
Edge.Cuts
6
CONTINUOUS
10
80.832934999999992
20
-53.3608240000000009
11
80.8302869999999984
21
-53.3634929999999983
0
LINE
8
Edge.Cuts
6
CONTINUOUS
10
80.8302869999999984
20
-53.3634929999999983
11
80.8276539999999954
21
-53.3661740000000009
0
LINE
8
Edge.Cuts
6
CONTINUOUS
10
80.8276539999999954
20
-53.3661740000000009
11
80.8250359999999972
21
-53.368869999999994
0
LINE
8
Edge.Cuts
6
CONTINUOUS
10
80.8250359999999972
20
-53.368869999999994
11
80.8224329999999895
21
-53.3715779999999995
0
LINE
8
Edge.Cuts
6
CONTINUOUS
10
80.8224329999999895
20
-53.3715779999999995
11
80.8198450000000008
21
-53.3742990000000006
0
LINE
8
Edge.Cuts
6
CONTINUOUS
10
80.8198450000000008
20
-53.3742990000000006
11
80.8172730000000001
21
-53.3770329999999973
0
LINE
8
Edge.Cuts
6
CONTINUOUS
10
80.8172730000000001
20
-53.3770329999999973
11
80.81471599999999
21
-53.3797799999999967
0
LINE
8
Edge.Cuts
6
CONTINUOUS
10
80.81471599999999
20
-53.3797799999999967
11
80.8121739999999988
21
-53.3825399999999988
0
LINE
8
Edge.Cuts
6
CONTINUOUS
10
80.8121739999999988
20
-53.3825399999999988
11
80.8096479999999957
21
-53.3853129999999965
0
LINE
8
Edge.Cuts
6
CONTINUOUS
10
80.8096479999999957
20
-53.3853129999999965
11
80.8071369999999973
21
-53.3880979999999994
0
LINE
8
Edge.Cuts
6
CONTINUOUS
10
80.8071369999999973
20
-53.3880979999999994
11
80.8046420000000012
21
-53.3908959999999979
0
LINE
8
Edge.Cuts
6
CONTINUOUS
10
80.8046420000000012
20
-53.3908959999999979
11
80.8021629999999931
21
-53.3937059999999946
0
LINE
8
Edge.Cuts
6
CONTINUOUS
10
80.8021629999999931
20
-53.3937059999999946
11
80.7996989999999897
21
-53.396529000000001
0
LINE
8
Edge.Cuts
6
CONTINUOUS
10
80.7996989999999897
20
-53.396529000000001
11
80.7972510000000028
21
-53.3993639999999985
0
LINE
8
Edge.Cuts
6
CONTINUOUS
10
80.7972510000000028
20
-53.3993639999999985
11
80.7948189999999897
21
-53.4022119999999987
0
LINE
8
Edge.Cuts
6
CONTINUOUS
10
80.7948189999999897
20
-53.4022119999999987
11
80.7924019999999956
21
-53.4050709999999995
0
LINE
8
Edge.Cuts
6
CONTINUOUS
10
80.7924019999999956
20
-53.4050709999999995
11
80.7900020000000012
21
-53.4079429999999959
0
LINE
8
Edge.Cuts
6
CONTINUOUS
10
80.7900020000000012
20
-53.4079429999999959
11
80.7876179999999948
21
-53.4108269999999976
0
LINE
8
Edge.Cuts
6
CONTINUOUS
10
80.7876179999999948
20
-53.4108269999999976
11
80.7852499999999907
21
-53.4137229999999974
0
LINE
8
Edge.Cuts
6
CONTINUOUS
10
80.7852499999999907
20
-53.4137229999999974
11
80.782898000000003
21
-53.4166299999999978
0
LINE
8
Edge.Cuts
6
CONTINUOUS
10
80.782898000000003
20
-53.4166299999999978
11
80.7805620000000033
21
-53.4195489999999964
0
LINE
8
Edge.Cuts
6
CONTINUOUS
10
80.7805620000000033
20
-53.4195489999999964
11
80.7782419999999917
21
-53.4224800000000002
0
LINE
8
Edge.Cuts
6
CONTINUOUS
10
80.7782419999999917
20
-53.4224800000000002
11
80.7759389999999939
21
-53.425422999999995
0
LINE
8
Edge.Cuts
6
CONTINUOUS
10
80.7759389999999939
20
-53.425422999999995
11
80.7736519999999985
21
-53.4283769999999976
0
LINE
8
Edge.Cuts
6
CONTINUOUS
10
80.7736519999999985
20
-53.4283769999999976
11
80.7713820000000027
21
-53.4313429999999983
0
LINE
8
Edge.Cuts
6
CONTINUOUS
10
80.7713820000000027
20
-53.4313429999999983
11
80.7691279999999949
21
-53.434318999999995
0
LINE
8
Edge.Cuts
6
CONTINUOUS
10
80.7691279999999949
20
-53.434318999999995
11
80.7668899999999894
21
-53.4373079999999945
0
LINE
8
Edge.Cuts
6
CONTINUOUS
10
80.7668899999999894
20
-53.4373079999999945
11
80.7646699999999953
21
-53.4403069999999971
0
LINE
8
Edge.Cuts
6
CONTINUOUS
10
80.7646699999999953
20
-53.4403069999999971
11
80.7624649999999917
21
-53.4433179999999979
0
LINE
8
Edge.Cuts
6
CONTINUOUS
10
80.7624649999999917
20
-53.4433179999999979
11
80.7602779999999996
21
-53.4463389999999947
0
LINE
8
Edge.Cuts
6
CONTINUOUS
10
80.7602779999999996
20
-53.4463389999999947
11
80.7581069999999954
21
-53.4493719999999968
0
LINE
8
Edge.Cuts
6
CONTINUOUS
10
80.7581069999999954
20
-53.4493719999999968
11
80.7559540000000027
21
-53.4524149999999949
0
LINE
8
Edge.Cuts
6
CONTINUOUS
10
80.7559540000000027
20
-53.4524149999999949
11
80.7538160000000005
21
-53.4554699999999983
0
LINE
8
Edge.Cuts
6
CONTINUOUS
10
80.7538160000000005
20
-53.4554699999999983
11
80.751696999999993
21
-53.4585340000000002
0
LINE
8
Edge.Cuts
6
CONTINUOUS
10
80.751696999999993
20
-53.4585340000000002
11
80.7495929999999902
21
-53.4616100000000003
0
LINE
8
Edge.Cuts
6
CONTINUOUS
10
80.7495929999999902
20
-53.4616100000000003
11
80.7475069999999988
21
-53.4646959999999964
0
LINE
8
Edge.Cuts
6
CONTINUOUS
10
80.7475069999999988
20
-53.4646959999999964
11
80.7454379999999929
21
-53.4677930000000003
0
LINE
8
Edge.Cuts
6
CONTINUOUS
10
80.7454379999999929
20
-53.4677930000000003
11
80.7433869999999985
21
-53.4708989999999957
0
LINE
8
Edge.Cuts
6
CONTINUOUS
10
80.7433869999999985
20
-53.4708989999999957
11
80.741351999999992
21
-53.4740169999999964
0
LINE
8
Edge.Cuts
6
CONTINUOUS
10
80.741351999999992
20
-53.4740169999999964
11
80.739334999999997
21
-53.4771439999999956
0
LINE
8
Edge.Cuts
6
CONTINUOUS
10
80.739334999999997
20
-53.4771439999999956
11
80.7373339999999899
21
-53.4802819999999954
0
LINE
8
Edge.Cuts
6
CONTINUOUS
10
80.7373339999999899
20
-53.4802819999999954
11
80.7353519999999918
21
-53.483429000000001
0
LINE
8
Edge.Cuts
6
CONTINUOUS
10
80.7353519999999918
20
-53.483429000000001
11
80.7333859999999959
21
-53.4865870000000001
0
LINE
8
Edge.Cuts
6
CONTINUOUS
10
80.7333859999999959
20
-53.4865870000000001
11
80.7314379999999971
21
-53.4897530000000003
0
LINE
8
Edge.Cuts
6
CONTINUOUS
10
80.7314379999999971
20
-53.4897530000000003
11
80.7295069999999981
21
-53.4929309999999987
0
LINE
8
Edge.Cuts
6
CONTINUOUS
10
80.7295069999999981
20
-53.4929309999999987
11
80.7275949999999938
21
-53.4961169999999981
0
LINE
8
Edge.Cuts
6
CONTINUOUS
10
80.7275949999999938
20
-53.4961169999999981
11
80.7256989999999917
21
-53.4993139999999983
0
LINE
8
Edge.Cuts
6
CONTINUOUS
10
80.7256989999999917
20
-53.4993139999999983
11
80.7238210000000009
21
-53.502519999999997
0
LINE
8
Edge.Cuts
6
CONTINUOUS
10
80.7238210000000009
20
-53.502519999999997
11
80.7219609999999932
21
-53.5057359999999989
0
LINE
8
Edge.Cuts
6
CONTINUOUS
10
80.7219609999999932
20
-53.5057359999999989
11
80.7201189999999968
21
-53.5089599999999947
0
LINE
8
Edge.Cuts
6
CONTINUOUS
10
80.7201189999999968
20
-53.5089599999999947
11
80.7182940000000002
21
-53.5121949999999984
0
LINE
8
Edge.Cuts
6
CONTINUOUS
10
80.7182940000000002
20
-53.5121949999999984
11
80.7164870000000008
21
-53.5154379999999961
0
LINE
8
Edge.Cuts
6
CONTINUOUS
10
80.7164870000000008
20
-53.5154379999999961
11
80.7146979999999985
21
-53.5186909999999969
0
LINE
8
Edge.Cuts
6
CONTINUOUS
10
80.7146979999999985
20
-53.5186909999999969
11
80.7129269999999934
21
-53.5219509999999943
0
LINE
8
Edge.Cuts
6
CONTINUOUS
10
80.7129269999999934
20
-53.5219509999999943
11
80.7111730000000023
21
-53.5252219999999994
0
LINE
8
Edge.Cuts
6
CONTINUOUS
10
80.7111730000000023
20
-53.5252219999999994
11
80.7094379999999916
21
-53.5285009999999986
0
LINE
8
Edge.Cuts
6
CONTINUOUS
10
80.7094379999999916
20
-53.5285009999999986
11
80.7077199999999948
21
-53.5317900000000009
0
LINE
8
Edge.Cuts
6
CONTINUOUS
10
80.7077199999999948
20
-53.5317900000000009
11
80.7060209999999927
21
-53.5350859999999997
0
LINE
8
Edge.Cuts
6
CONTINUOUS
10
80.7060209999999927
20
-53.5350859999999997
11
80.704340000000002
21
-53.5383919999999947
0
LINE
8
Edge.Cuts
6
CONTINUOUS
10
80.704340000000002
20
-53.5383919999999947
11
80.7026769999999942
21
-53.5417050000000003
0
LINE
8
Edge.Cuts
6
CONTINUOUS
10
80.7026769999999942
20
-53.5417050000000003
11
80.7010310000000004
21
-53.545027999999995
0
LINE
8
Edge.Cuts
6
CONTINUOUS
10
80.7010310000000004
20
-53.545027999999995
11
80.6994049999999987
21
-53.5483589999999978
0
LINE
8
Edge.Cuts
6
CONTINUOUS
10
80.6994049999999987
20
-53.5483589999999978
11
80.6977959999999968
21
-53.5516979999999947
0
LINE
8
Edge.Cuts
6
CONTINUOUS
10
80.6977959999999968
20
-53.5516979999999947
11
80.6962059999999894
21
-53.5550449999999998
0
LINE
8
Edge.Cuts
6
CONTINUOUS
10
80.6962059999999894
20
-53.5550449999999998
11
80.6946329999999961
21
-53.5584009999999964
0
LINE
8
Edge.Cuts
6
CONTINUOUS
10
80.6946329999999961
20
-53.5584009999999964
11
80.6930799999999948
21
-53.5617639999999966
0
LINE
8
Edge.Cuts
6
CONTINUOUS
10
80.6930799999999948
20
-53.5617639999999966
11
80.6915439999999933
21
-53.5651359999999954
0
LINE
8
Edge.Cuts
6
CONTINUOUS
10
80.6915439999999933
20
-53.5651359999999954
11
80.6900270000000006
21
-53.5685140000000004
0
LINE
8
Edge.Cuts
6
CONTINUOUS
10
80.6900270000000006
20
-53.5685140000000004
11
80.6885279999999909
21
-53.5719019999999944
0
LINE
8
Edge.Cuts
6
CONTINUOUS
10
80.6885279999999909
20
-53.5719019999999944
11
80.6870490000000018
21
-53.5752959999999945
0
LINE
8
Edge.Cuts
6
CONTINUOUS
10
80.6870490000000018
20
-53.5752959999999945
11
80.6855869999999982
21
-53.5786999999999978
0
LINE
8
Edge.Cuts
6
CONTINUOUS
10
80.6855869999999982
20
-53.5786999999999978
11
80.6841440000000034
21
-53.5821089999999955
0
LINE
8
Edge.Cuts
6
CONTINUOUS
10
80.6841440000000034
20
-53.5821089999999955
11
80.6827189999999916
21
-53.585526999999999
0
LINE
8
Edge.Cuts
6
CONTINUOUS
10
80.6827189999999916
20
-53.585526999999999
11
80.6813140000000004
21
-53.588951999999999
0
LINE
8
Edge.Cuts
6
CONTINUOUS
10
80.6813140000000004
20
-53.588951999999999
11
80.6799259999999947
21
-53.5923850000000002
0
LINE
8
Edge.Cuts
6
CONTINUOUS
10
80.6799259999999947
20
-53.5923850000000002
11
80.6785579999999953
21
-53.5958229999999958
0
LINE
8
Edge.Cuts
6
CONTINUOUS
10
80.6785579999999953
20
-53.5958229999999958
11
80.6772069999999957
21
-53.5992709999999946
0
LINE
8
Edge.Cuts
6
CONTINUOUS
10
80.6772069999999957
20
-53.5992709999999946
11
80.6758760000000024
21
-53.6027239999999949
0
LINE
8
Edge.Cuts
6
CONTINUOUS
10
80.6758760000000024
20
-53.6027239999999949
11
80.6745639999999895
21
-53.6061849999999964
0
LINE
8
Edge.Cuts
6
CONTINUOUS
10
80.6745639999999895
20
-53.6061849999999964
11
80.6732700000000023
21
-53.609651999999997
0
LINE
8
Edge.Cuts
6
CONTINUOUS
10
80.6732700000000023
20
-53.609651999999997
11
80.6719949999999955
21
-53.6131279999999961
0
LINE
8
Edge.Cuts
6
CONTINUOUS
10
80.6719949999999955
20
-53.6131279999999961
11
80.6707389999999975
21
-53.6166079999999994
0
LINE
8
Edge.Cuts
6
CONTINUOUS
10
80.6707389999999975
20
-53.6166079999999994
11
80.6695019999999943
21
-53.6200969999999941
0
LINE
8
Edge.Cuts
6
CONTINUOUS
10
80.6695019999999943
20
-53.6200969999999941
11
80.6682839999999999
21
-53.6235909999999976
0
LINE
8
Edge.Cuts
6
CONTINUOUS
10
80.6682839999999999
20
-53.6235909999999976
11
80.6670840000000027
21
-53.627092999999995
0
LINE
8
Edge.Cuts
6
CONTINUOUS
10
80.6670840000000027
20
-53.627092999999995
11
80.6659039999999976
21
-53.6305999999999941
0
LINE
8
Edge.Cuts
6
CONTINUOUS
10
80.6659039999999976
20
-53.6305999999999941
11
80.6647419999999897
21
-53.6341149999999942
0
LINE
8
Edge.Cuts
6
CONTINUOUS
10
80.6647419999999897
20
-53.6341149999999942
11
80.6636000000000024
21
-53.637634999999996
0
LINE
8
Edge.Cuts
6
CONTINUOUS
10
80.6636000000000024
20
-53.637634999999996
11
80.6624759999999981
21
-53.6411629999999988
0
LINE
8
Edge.Cuts
6
CONTINUOUS
10
80.6624759999999981
20
-53.6411629999999988
11
80.6613720000000001
21
-53.6446949999999987
0
LINE
8
Edge.Cuts
6
CONTINUOUS
10
80.6613720000000001
20
-53.6446949999999987
11
80.6602859999999993
21
-53.6482339999999951
0
LINE
8
Edge.Cuts
6
CONTINUOUS
10
80.6602859999999993
20
-53.6482339999999951
11
80.6592199999999906
21
-53.6517789999999977
0
LINE
8
Edge.Cuts
6
CONTINUOUS
10
80.6592199999999906
20
-53.6517789999999977
11
80.6581729999999908
21
-53.6553309999999968
0
LINE
8
Edge.Cuts
6
CONTINUOUS
10
80.6581729999999908
20
-53.6553309999999968
11
80.6571449999999999
21
-53.658887
0
LINE
8
Edge.Cuts
6
CONTINUOUS
10
80.6571449999999999
20
-53.658887
11
80.6561359999999894
21
-53.6624499999999998
0
LINE
8
Edge.Cuts
6
CONTINUOUS
10
80.6561359999999894
20
-53.6624499999999998
11
80.6551469999999995
21
-53.6660180000000011
0
LINE
8
Edge.Cuts
6
CONTINUOUS
10
80.6551469999999995
20
-53.6660180000000011
11
80.6541759999999925
21
-53.669592999999999
0
LINE
8
Edge.Cuts
6
CONTINUOUS
10
80.6541759999999925
20
-53.669592999999999
11
80.653224999999992
21
-53.673172000000001
0
LINE
8
Edge.Cuts
6
CONTINUOUS
10
80.653224999999992
20
-53.673172000000001
11
80.6522930000000002
21
-53.6767579999999995
0
LINE
8
Edge.Cuts
6
CONTINUOUS
10
80.6522930000000002
20
-53.6767579999999995
11
80.6513800000000032
21
-53.6803469999999976
0
LINE
8
Edge.Cuts
6
CONTINUOUS
10
80.6513800000000032
20
-53.6803469999999976
11
80.6504869999999983
21
-53.6839439999999968
0
LINE
8
Edge.Cuts
6
CONTINUOUS
10
80.6504869999999983
20
-53.6839439999999968
11
80.6496130000000022
21
-53.6875450000000001
0
LINE
8
Edge.Cuts
6
CONTINUOUS
10
80.6496130000000022
20
-53.6875450000000001
11
80.6487580000000008
21
-53.6911519999999953
0
LINE
8
Edge.Cuts
6
CONTINUOUS
10
80.6487580000000008
20
-53.6911519999999953
11
80.6479219999999941
21
-53.6947629999999947
0
LINE
8
Edge.Cuts
6
CONTINUOUS
10
80.6479219999999941
20
-53.6947629999999947
11
80.6471059999999937
21
-53.6983809999999977
0
LINE
8
Edge.Cuts
6
CONTINUOUS
10
80.6471059999999937
20
-53.6983809999999977
11
80.6463099999999997
21
-53.7020020000000002
0
LINE
8
Edge.Cuts
6
CONTINUOUS
10
80.6463099999999997
20
-53.7020020000000002
11
80.6455320000000029
21
-53.7056299999999993
0
LINE
8
Edge.Cuts
6
CONTINUOUS
10
80.6455320000000029
20
-53.7056299999999993
11
80.6447739999999982
21
-53.7092609999999979
0
LINE
8
Edge.Cuts
6
CONTINUOUS
10
80.6447739999999982
20
-53.7092609999999979
11
80.6440359999999998
21
-53.7128979999999956
0
LINE
8
Edge.Cuts
6
CONTINUOUS
10
80.6440359999999998
20
-53.7128979999999956
11
80.6433169999999961
21
-53.7165389999999974
0
LINE
8
Edge.Cuts
6
CONTINUOUS
10
80.6433169999999961
20
-53.7165389999999974
11
80.6426170000000013
21
-53.7201859999999982
0
LINE
8
Edge.Cuts
6
CONTINUOUS
10
80.6426170000000013
20
-53.7201859999999982
11
80.6419379999999961
21
-53.7238350000000011
0
LINE
8
Edge.Cuts
6
CONTINUOUS
10
80.6419379999999961
20
-53.7238350000000011
11
80.6412770000000023
21
-53.727491999999998
0
LINE
8
Edge.Cuts
6
CONTINUOUS
10
80.6412770000000023
20
-53.727491999999998
11
80.6406360000000006
21
-53.7311499999999995
0
LINE
8
Edge.Cuts
6
CONTINUOUS
10
80.6406360000000006
20
-53.7311499999999995
11
80.6400149999999911
21
-53.734815999999995
0
LINE
8
Edge.Cuts
6
CONTINUOUS
10
80.6400149999999911
20
-53.734815999999995
11
80.6394129999999905
21
-53.7384829999999951
0
LINE
8
Edge.Cuts
6
CONTINUOUS
10
80.6394129999999905
20
-53.7384829999999951
11
80.6388309999999962
21
-53.7421569999999988
0
LINE
8
Edge.Cuts
6
CONTINUOUS
10
80.6388309999999962
20
-53.7421569999999988
11
80.6382679999999965
21
-53.7458329999999975
0
LINE
8
Edge.Cuts
6
CONTINUOUS
10
80.6382679999999965
20
-53.7458329999999975
11
80.6377250000000032
21
-53.7495159999999998
0
LINE
8
Edge.Cuts
6
CONTINUOUS
10
80.6377250000000032
20
-53.7495159999999998
11
80.637202000000002
21
-53.7531999999999996
0
LINE
8
Edge.Cuts
6
CONTINUOUS
10
80.637202000000002
20
-53.7531999999999996
11
80.6366979999999955
21
-53.7568899999999985
0
LINE
8
Edge.Cuts
6
CONTINUOUS
10
80.6366979999999955
20
-53.7568899999999985
11
80.6362139999999954
21
-53.7605829999999969
0
LINE
8
Edge.Cuts
6
CONTINUOUS
10
80.6362139999999954
20
-53.7605829999999969
11
80.6357500000000016
21
-53.7642809999999969
0
LINE
8
Edge.Cuts
6
CONTINUOUS
10
80.6357500000000016
20
-53.7642809999999969
11
80.6353050000000025
21
-53.7679819999999964
0
LINE
8
Edge.Cuts
6
CONTINUOUS
10
80.6353050000000025
20
-53.7679819999999964
11
80.6348799999999954
21
-53.7716879999999975
0
LINE
8
Edge.Cuts
6
CONTINUOUS
10
80.6348799999999954
20
-53.7716879999999975
11
80.6344749999999948
21
-53.7753960000000006
0
LINE
8
Edge.Cuts
6
CONTINUOUS
10
80.6344749999999948
20
-53.7753960000000006
11
80.634089000000003
21
-53.7791089999999983
0
LINE
8
Edge.Cuts
6
CONTINUOUS
10
80.634089000000003
20
-53.7791089999999983
11
80.6337230000000034
21
-53.782823999999998
0
LINE
8
Edge.Cuts
6
CONTINUOUS
10
80.6337230000000034
20
-53.782823999999998
11
80.6333769999999959
21
-53.7865449999999967
0
LINE
8
Edge.Cuts
6
CONTINUOUS
10
80.6333769999999959
20
-53.7865449999999967
11
80.6330509999999947
21
-53.7902670000000001
0
LINE
8
Edge.Cuts
6
CONTINUOUS
10
80.6330509999999947
20
-53.7902670000000001
11
80.6327449999999999
21
-53.7939949999999953
0
LINE
8
Edge.Cuts
6
CONTINUOUS
10
80.6327449999999999
20
-53.7939949999999953
11
80.6324579999999997
21
-53.7977239999999952
0
LINE
8
Edge.Cuts
6
CONTINUOUS
10
80.6324579999999997
20
-53.7977239999999952
11
80.6321909999999917
21
-53.8014589999999941
0
LINE
8
Edge.Cuts
6
CONTINUOUS
10
80.6321909999999917
20
-53.8014589999999941
11
80.6319450000000018
21
-53.8051949999999977
0
LINE
8
Edge.Cuts
6
CONTINUOUS
10
80.6319450000000018
20
-53.8051949999999977
11
80.6317169999999948
21
-53.8089359999999957
0
LINE
8
Edge.Cuts
6
CONTINUOUS
10
80.6317169999999948
20
-53.8089359999999957
11
80.6315099999999916
21
-53.8126779999999982
0
LINE
8
Edge.Cuts
6
CONTINUOUS
10
80.6315099999999916
20
-53.8126779999999982
11
80.6313229999999947
21
-53.8164249999999953
0
LINE
8
Edge.Cuts
6
CONTINUOUS
10
80.6313229999999947
20
-53.8164249999999953
11
80.6311559999999901
21
-53.8201729999999969
0
LINE
8
Edge.Cuts
6
CONTINUOUS
10
80.6311559999999901
20
-53.8201729999999969
11
80.6310079999999942
21
-53.8239269999999976
0
LINE
8
Edge.Cuts
6
CONTINUOUS
10
80.6310079999999942
20
-53.8239269999999976
11
80.6308799999999906
21
-53.8276809999999983
0
LINE
8
Edge.Cuts
6
CONTINUOUS
10
80.6308799999999906
20
-53.8276809999999983
11
80.6307729999999907
21
-53.8314400000000006
0
LINE
8
Edge.Cuts
6
CONTINUOUS
10
80.6307729999999907
20
-53.8314400000000006
11
80.6306849999999997
21
-53.8352000000000004
0
LINE
8
Edge.Cuts
6
CONTINUOUS
10
80.6306849999999997
20
-53.8352000000000004
11
80.6306170000000009
21
-53.8389649999999946
0
LINE
8
Edge.Cuts
6
CONTINUOUS
10
80.6306170000000009
20
-53.8389649999999946
11
80.6305699999999916
21
-53.8427310000000006
0
LINE
8
Edge.Cuts
6
CONTINUOUS
10
80.6305699999999916
20
-53.8427310000000006
11
80.6305419999999913
21
-53.8465009999999964
0
LINE
8
Edge.Cuts
6
CONTINUOUS
10
80.6305419999999913
20
-53.8465009999999964
11
80.6305339999999973
21
-53.8498449999999949
0
LINE
8
Edge.Cuts
6
CONTINUOUS
10
82.2876899999999978
20
-53.1446699999999979
11
81.3709649999999982
21
-53.1446699999999979
0
LINE
8
Edge.Cuts
6
CONTINUOUS
10
84.9673530000000028
20
-167.1712969999999814
11
84.9701819999999941
21
-167.1741119999999796
0
LINE
8
Edge.Cuts
6
CONTINUOUS
10
84.9701819999999941
20
-167.1741119999999796
11
84.9730210000000028
21
-167.1769079999999974
0
LINE
8
Edge.Cuts
6
CONTINUOUS
10
84.9730210000000028
20
-167.1769079999999974
11
84.9758700000000005
21
-167.1796870000000013
0
LINE
8
Edge.Cuts
6
CONTINUOUS
10
84.9758700000000005
20
-167.1796870000000013
11
84.9787290000000013
21
-167.1824469999999963
0
LINE
8
Edge.Cuts
6
CONTINUOUS
10
84.9787290000000013
20
-167.1824469999999963
11
84.9815990000000028
21
-167.1851900000000057
0
LINE
8
Edge.Cuts
6
CONTINUOUS
10
84.9815990000000028
20
-167.1851900000000057
11
84.9844769999999983
21
-167.1879140000000064
0
LINE
8
Edge.Cuts
6
CONTINUOUS
10
84.9844769999999983
20
-167.1879140000000064
11
84.9873669999999919
21
-167.190620999999993
0
LINE
8
Edge.Cuts
6
CONTINUOUS
10
84.9873669999999919
20
-167.190620999999993
11
84.9902649999999937
21
-167.1933080000000018
0
LINE
8
Edge.Cuts
6
CONTINUOUS
10
84.9902649999999937
20
-167.1933080000000018
11
84.9931739999999962
21
-167.1959779999999967
0
LINE
8
Edge.Cuts
6
CONTINUOUS
10
84.9931739999999962
20
-167.1959779999999967
11
84.9960919999999902
21
-167.1986289999999826
0
LINE
8
Edge.Cuts
6
CONTINUOUS
10
84.9960919999999902
20
-167.1986289999999826
11
84.999020999999999
21
-167.2012629999999831
0
LINE
8
Edge.Cuts
6
CONTINUOUS
10
84.999020999999999
20
-167.2012629999999831
11
85.0019580000000019
21
-167.2038780000000031
0
LINE
8
Edge.Cuts
6
CONTINUOUS
10
85.0019580000000019
20
-167.2038780000000031
11
85.0049049999999937
21
-167.2064749999999833
0
LINE
8
Edge.Cuts
6
CONTINUOUS
10
85.0049049999999937
20
-167.2064749999999833
11
85.0078620000000029
21
-167.2090529999999831
0
LINE
8
Edge.Cuts
6
CONTINUOUS
10
85.0078620000000029
20
-167.2090529999999831
11
85.0108279999999894
21
-167.2116139999999973
0
LINE
8
Edge.Cuts
6
CONTINUOUS
10
85.0108279999999894
20
-167.2116139999999973
11
85.0138029999999958
21
-167.2141560000000027
0
LINE
8
Edge.Cuts
6
CONTINUOUS
10
85.0138029999999958
20
-167.2141560000000027
11
85.0167890000000028
21
-167.2166799999999967
0
LINE
8
Edge.Cuts
6
CONTINUOUS
10
85.0167890000000028
20
-167.2166799999999967
11
85.0197819999999922
21
-167.2191849999999818
0
LINE
8
Edge.Cuts
6
CONTINUOUS
10
85.0197819999999922
20
-167.2191849999999818
11
85.0227859999999964
21
-167.2216729999999814
0
LINE
8
Edge.Cuts
6
CONTINUOUS
10
85.0227859999999964
20
-167.2216729999999814
11
85.0257979999999947
21
-167.224141000000003
0
LINE
8
Edge.Cuts
6
CONTINUOUS
10
85.0257979999999947
20
-167.224141000000003
11
85.0288199999999961
21
-167.2265919999999824
0
LINE
8
Edge.Cuts
6
CONTINUOUS
10
85.0288199999999961
20
-167.2265919999999824
11
85.0318510000000032
21
-167.2290239999999812
0
LINE
8
Edge.Cuts
6
CONTINUOUS
10
85.0318510000000032
20
-167.2290239999999812
11
85.0348910000000018
21
-167.2314379999999971
0
LINE
8
Edge.Cuts
6
CONTINUOUS
10
85.0348910000000018
20
-167.2314379999999971
11
85.0379389999999944
21
-167.2338330000000042
0
LINE
8
Edge.Cuts
6
CONTINUOUS
10
85.0379389999999944
20
-167.2338330000000042
11
85.0409969999999902
21
-167.2362099999999998
0
LINE
8
Edge.Cuts
6
CONTINUOUS
10
85.0409969999999902
20
-167.2362099999999998
11
85.0440629999999942
21
-167.2385679999999866
0
LINE
8
Edge.Cuts
6
CONTINUOUS
10
85.0440629999999942
20
-167.2385679999999866
11
85.0471390000000014
21
-167.2409089999999878
0
LINE
8
Edge.Cuts
6
CONTINUOUS
10
85.0471390000000014
20
-167.2409089999999878
11
85.0502219999999909
21
-167.2432299999999827
0
LINE
8
Edge.Cuts
6
CONTINUOUS
10
85.0502219999999909
20
-167.2432299999999827
11
85.0533149999999978
21
-167.2455329999999947
0
LINE
8
Edge.Cuts
6
CONTINUOUS
10
85.0533149999999978
20
-167.2455329999999947
11
85.0564159999999987
21
-167.2478169999999977
0
LINE
8
Edge.Cuts
6
CONTINUOUS
10
85.0564159999999987
20
-167.2478169999999977
11
85.0595259999999911
21
-167.2500839999999869
0
LINE
8
Edge.Cuts
6
CONTINUOUS
10
85.0595259999999911
20
-167.2500839999999869
11
85.0626439999999917
21
-167.2523309999999981
0
LINE
8
Edge.Cuts
6
CONTINUOUS
10
85.0626439999999917
20
-167.2523309999999981
11
85.065770999999998
21
-167.2545599999999979
0
LINE
8
Edge.Cuts
6
CONTINUOUS
10
85.065770999999998
20
-167.2545599999999979
11
85.0689050000000009
21
-167.2567699999999888
0
LINE
8
Edge.Cuts
6
CONTINUOUS
10
85.0689050000000009
20
-167.2567699999999888
11
85.0720489999999927
21
-167.2589619999999968
0
LINE
8
Edge.Cuts
6
CONTINUOUS
10
85.0720489999999927
20
-167.2589619999999968
11
85.0751999999999953
21
-167.2611349999999959
0
LINE
8
Edge.Cuts
6
CONTINUOUS
10
85.0751999999999953
20
-167.2611349999999959
11
85.0783599999999893
21
-167.2632899999999836
0
LINE
8
Edge.Cuts
6
CONTINUOUS
10
85.0783599999999893
20
-167.2632899999999836
11
85.0815279999999916
21
-167.2654259999999908
0
LINE
8
Edge.Cuts
6
CONTINUOUS
10
85.0815279999999916
20
-167.2654259999999908
11
85.0847040000000021
21
-167.2675429999999892
0
LINE
8
Edge.Cuts
6
CONTINUOUS
10
85.0847040000000021
20
-167.2675429999999892
11
85.0878879999999924
21
-167.2696409999999787
0
LINE
8
Edge.Cuts
6
CONTINUOUS
10
85.0878879999999924
20
-167.2696409999999787
11
85.0910799999999909
21
-167.2717219999999827
0
LINE
8
Edge.Cuts
6
CONTINUOUS
10
85.0910799999999909
20
-167.2717219999999827
11
85.0942790000000002
21
-167.2737819999999829
0
LINE
8
Edge.Cuts
6
CONTINUOUS
10
85.0942790000000002
20
-167.2737819999999829
11
85.097487000000001
21
-167.2758249999999975
0
LINE
8
Edge.Cuts
6
CONTINUOUS
10
85.097487000000001
20
-167.2758249999999975
11
85.1007019999999983
21
-167.2778490000000033
0
LINE
8
Edge.Cuts
6
CONTINUOUS
10
85.1007019999999983
20
-167.2778490000000033
11
85.1039249999999896
21
-167.2798540000000003
0
LINE
8
Edge.Cuts
6
CONTINUOUS
10
85.1039249999999896
20
-167.2798540000000003
11
85.1071559999999891
21
-167.2818399999999883
0
LINE
8
Edge.Cuts
6
CONTINUOUS
10
85.1071559999999891
20
-167.2818399999999883
11
85.1103939999999994
21
-167.2838069999999959
0
LINE
8
Edge.Cuts
6
CONTINUOUS
10
85.1103939999999994
20
-167.2838069999999959
11
85.1136399999999895
21
-167.2857559999999921
0
LINE
8
Edge.Cuts
6
CONTINUOUS
10
85.1136399999999895
20
-167.2857559999999921
11
85.1168929999999904
21
-167.287684999999982
0
LINE
8
Edge.Cuts
6
CONTINUOUS
10
85.1168929999999904
20
-167.287684999999982
11
85.120153000000002
21
-167.2895959999999889
0
LINE
8
Edge.Cuts
6
CONTINUOUS
10
85.120153000000002
20
-167.2895959999999889
11
85.1234219999999908
21
-167.2914879999999869
0
LINE
8
Edge.Cuts
6
CONTINUOUS
10
85.1234219999999908
20
-167.2914879999999869
11
85.1266959999999955
21
-167.2933610000000044
0
LINE
8
Edge.Cuts
6
CONTINUOUS
10
85.1266959999999955
20
-167.2933610000000044
11
85.1299789999999916
21
-167.2952159999999822
0
LINE
8
Edge.Cuts
6
CONTINUOUS
10
85.1299789999999916
20
-167.2952159999999822
11
85.1332680000000011
21
-167.297050999999982
0
LINE
8
Edge.Cuts
6
CONTINUOUS
10
85.1332680000000011
20
-167.297050999999982
11
85.1398679999999928
21
-167.3006639999999834
0
LINE
8
Edge.Cuts
6
CONTINUOUS
10
85.1398679999999928
20
-167.3006639999999834
11
85.1464959999999991
21
-167.3042020000000036
0
LINE
8
Edge.Cuts
6
CONTINUOUS
10
85.1464959999999991
20
-167.3042020000000036
11
85.153150999999994
21
-167.3076639999999884
0
LINE
8
Edge.Cuts
6
CONTINUOUS
10
85.153150999999994
20
-167.3076639999999884
11
85.1598329999999919
21
-167.311048999999997
0
LINE
8
Edge.Cuts
6
CONTINUOUS
10
85.1598329999999919
20
-167.311048999999997
11
85.1665409999999952
21
-167.3143589999999961
0
LINE
8
Edge.Cuts
6
CONTINUOUS
10
85.1665409999999952
20
-167.3143589999999961
11
85.1732739999999922
21
-167.3175919999999905
0
LINE
8
Edge.Cuts
6
CONTINUOUS
10
85.1732739999999922
20
-167.3175919999999905
11
85.1800329999999946
21
-167.3207479999999805
0
LINE
8
Edge.Cuts
6
CONTINUOUS
10
85.1800329999999946
20
-167.3207479999999805
11
85.1868159999999932
21
-167.3238269999999943
0
LINE
8
Edge.Cuts
6
CONTINUOUS
10
85.1868159999999932
20
-167.3238269999999943
11
85.1936230000000023
21
-167.3268300000000011
0
LINE
8
Edge.Cuts
6
CONTINUOUS
10
85.1936230000000023
20
-167.3268300000000011
11
85.200452999999996
21
-167.3297550000000058
0
LINE
8
Edge.Cuts
6
CONTINUOUS
10
85.200452999999996
20
-167.3297550000000058
11
85.2073070000000001
21
-167.3326040000000035
0
LINE
8
Edge.Cuts
6
CONTINUOUS
10
85.2073070000000001
20
-167.3326040000000035
11
85.2141819999999939
21
-167.3353749999999991
0
LINE
8
Edge.Cuts
6
CONTINUOUS
10
85.2141819999999939
20
-167.3353749999999991
11
85.2210800000000006
21
-167.3380689999999902
0
LINE
8
Edge.Cuts
6
CONTINUOUS
10
85.2210800000000006
20
-167.3380689999999902
11
85.2279979999999995
21
-167.3406849999999793
0
LINE
8
Edge.Cuts
6
CONTINUOUS
10
85.2279979999999995
20
-167.3406849999999793
11
85.2349379999999996
21
-167.3432239999999922
0
LINE
8
Edge.Cuts
6
CONTINUOUS
10
85.2349379999999996
20
-167.3432239999999922
11
85.2418969999999945
21
-167.3456850000000031
0
LINE
8
Edge.Cuts
6
CONTINUOUS
10
85.2418969999999945
20
-167.3456850000000031
11
85.2488749999999982
21
-167.3480669999999861
0
LINE
8
Edge.Cuts
6
CONTINUOUS
10
85.2488749999999982
20
-167.3480669999999861
11
85.255872999999994
21
-167.350371999999993
0
LINE
8
Edge.Cuts
6
CONTINUOUS
10
85.255872999999994
20
-167.350371999999993
11
85.2628879999999896
21
-167.3525989999999979
0
LINE
8
Edge.Cuts
6
CONTINUOUS
10
85.2628879999999896
20
-167.3525989999999979
11
85.269921999999994
21
-167.3547480000000007
0
LINE
8
Edge.Cuts
6
CONTINUOUS
10
85.269921999999994
20
-167.3547480000000007
11
85.2769720000000007
21
-167.3568180000000041
0
LINE
8
Edge.Cuts
6
CONTINUOUS
10
85.2769720000000007
20
-167.3568180000000041
11
85.2840389999999928
21
-167.3588089999999795
0
LINE
8
Edge.Cuts
6
CONTINUOUS
10
85.2840389999999928
20
-167.3588089999999795
11
85.2911220000000014
21
-167.3607219999999813
0
LINE
8
Edge.Cuts
6
CONTINUOUS
10
85.2911220000000014
20
-167.3607219999999813
11
85.2982190000000031
21
-167.3625569999999811
0
LINE
8
Edge.Cuts
6
CONTINUOUS
10
85.2982190000000031
20
-167.3625569999999811
11
85.3053319999999928
21
-167.364311999999984
0
LINE
8
Edge.Cuts
6
CONTINUOUS
10
85.3053319999999928
20
-167.364311999999984
11
85.3124579999999924
21
-167.3659889999999848
0
LINE
8
Edge.Cuts
6
CONTINUOUS
10
85.3124579999999924
20
-167.3659889999999848
11
85.3195979999999992
21
-167.3675859999999886
0
LINE
8
Edge.Cuts
6
CONTINUOUS
10
85.3195979999999992
20
-167.3675859999999886
11
85.3267510000000016
21
-167.3691049999999905
0
LINE
8
Edge.Cuts
6
CONTINUOUS
10
85.3267510000000016
20
-167.3691049999999905
11
85.3339149999999904
21
-167.3705439999999953
0
LINE
8
Edge.Cuts
6
CONTINUOUS
10
85.3339149999999904
20
-167.3705439999999953
11
85.3410909999999916
21
-167.3719040000000007
0
LINE
8
Edge.Cuts
6
CONTINUOUS
10
85.3410909999999916
20
-167.3719040000000007
11
85.3482779999999934
21
-167.3731850000000065
0
LINE
8
Edge.Cuts
6
CONTINUOUS
10
85.3482779999999934
20
-167.3731850000000065
11
85.3554759999999959
21
-167.3743869999999845
0
LINE
8
Edge.Cuts
6
CONTINUOUS
10
85.3554759999999959
20
-167.3743869999999845
11
85.3626819999999924
21
-167.3755089999999939
0
LINE
8
Edge.Cuts
6
CONTINUOUS
10
85.3626819999999924
20
-167.3755089999999939
11
85.3698979999999921
21
-167.3765510000000063
0
LINE
8
Edge.Cuts
6
CONTINUOUS
10
85.3698979999999921
20
-167.3765510000000063
11
85.377122
21
-167.3775139999999908
0
LINE
8
Edge.Cuts
6
CONTINUOUS
10
85.377122
20
-167.3775139999999908
11
85.3843529999999902
21
-167.3783969999999783
0
LINE
8
Edge.Cuts
6
CONTINUOUS
10
85.3843529999999902
20
-167.3783969999999783
11
85.3915920000000028
21
-167.3791999999999973
0
LINE
8
Edge.Cuts
6
CONTINUOUS
10
85.3915920000000028
20
-167.3791999999999973
11
85.3988370000000003
21
-167.3799239999999884
0
LINE
8
Edge.Cuts
6
CONTINUOUS
10
85.3988370000000003
20
-167.3799239999999884
11
85.4060869999999994
21
-167.3805679999999825
0
LINE
8
Edge.Cuts
6
CONTINUOUS
10
85.4060869999999994
20
-167.3805679999999825
11
85.4133429999999976
21
-167.3811319999999796
0
LINE
8
Edge.Cuts
6
CONTINUOUS
10
85.4133429999999976
20
-167.3811319999999796
11
85.4206029999999998
21
-167.3816159999999797
0
LINE
8
Edge.Cuts
6
CONTINUOUS
10
85.4206029999999998
20
-167.3816159999999797
11
85.427866999999992
21
-167.3820199999999829
0
LINE
8
Edge.Cuts
6
CONTINUOUS
10
85.427866999999992
20
-167.3820199999999829
11
85.4351329999999933
21
-167.3823439999999891
0
LINE
8
Edge.Cuts
6
CONTINUOUS
10
85.4351329999999933
20
-167.3823439999999891
11
85.4424020000000013
21
-167.3825889999999958
0
LINE
8
Edge.Cuts
6
CONTINUOUS
10
85.4424020000000013
20
-167.3825889999999958
11
85.44967299999999
21
-167.3827529999999797
0
LINE
8
Edge.Cuts
6
CONTINUOUS
10
85.44967299999999
20
-167.3827529999999797
11
85.4569449999999904
21
-167.382836999999995
0
LINE
8
Edge.Cuts
6
CONTINUOUS
10
85.4569449999999904
20
-167.382836999999995
11
85.4642180000000025
21
-167.3828419999999824
0
LINE
8
Edge.Cuts
6
CONTINUOUS
10
85.4642180000000025
20
-167.3828419999999824
11
85.4678540000000027
21
-167.3828139999999962
0
LINE
8
Edge.Cuts
6
CONTINUOUS
10
85.4678540000000027
20
-167.3828139999999962
11
85.4714900000000029
21
-167.3827660000000037
0
LINE
8
Edge.Cuts
6
CONTINUOUS
10
85.4714900000000029
20
-167.3827660000000037
11
85.4751249999999914
21
-167.3826980000000049
0
LINE
8
Edge.Cuts
6
CONTINUOUS
10
85.4751249999999914
20
-167.3826980000000049
11
85.4787609999999916
21
-167.3826099999999997
0
LINE
8
Edge.Cuts
6
CONTINUOUS
10
85.4787609999999916
20
-167.3826099999999997
11
85.4823959999999943
21
-167.3825019999999881
0
LINE
8
Edge.Cuts
6
CONTINUOUS
10
85.4823959999999943
20
-167.3825019999999881
11
85.486030999999997
21
-167.3823749999999961
0
LINE
8
Edge.Cuts
6
CONTINUOUS
10
85.486030999999997
20
-167.3823749999999961
11
85.4896650000000022
21
-167.3822270000000003
0
LINE
8
Edge.Cuts
6
CONTINUOUS
10
85.4896650000000022
20
-167.3822270000000003
11
85.4932979999999958
21
-167.3820589999999982
0
LINE
8
Edge.Cuts
6
CONTINUOUS
10
85.4932979999999958
20
-167.3820589999999982
11
85.4969309999999894
21
-167.3818709999999896
0
LINE
8
Edge.Cuts
6
CONTINUOUS
10
85.4969309999999894
20
-167.3818709999999896
11
85.5005629999999996
21
-167.3816630000000032
0
LINE
8
Edge.Cuts
6
CONTINUOUS
10
85.5005629999999996
20
-167.3816630000000032
11
85.5041930000000008
21
-167.3814359999999795
0
LINE
8
Edge.Cuts
6
CONTINUOUS
10
85.5041930000000008
20
-167.3814359999999795
11
85.5078239999999994
21
-167.3811879999999803
0
LINE
8
Edge.Cuts
6
CONTINUOUS
10
85.5078239999999994
20
-167.3811879999999803
11
85.5114519999999914
21
-167.3809200000000033
0
LINE
8
Edge.Cuts
6
CONTINUOUS
10
85.5114519999999914
20
-167.3809200000000033
11
85.5150799999999975
21
-167.3806319999999914
0
LINE
8
Edge.Cuts
6
CONTINUOUS
10
85.5150799999999975
20
-167.3806319999999914
11
85.518706999999992
21
-167.3803249999999991
0
LINE
8
Edge.Cuts
6
CONTINUOUS
10
85.518706999999992
20
-167.3803249999999991
11
85.5223319999999916
21
-167.379997000000003
0
LINE
8
Edge.Cuts
6
CONTINUOUS
10
85.5223319999999916
20
-167.379997000000003
11
85.5259559999999937
21
-167.3796490000000006
0
LINE
8
Edge.Cuts
6
CONTINUOUS
10
85.5259559999999937
20
-167.3796490000000006
11
85.5295789999999982
21
-167.3792819999999892
0
LINE
8
Edge.Cuts
6
CONTINUOUS
10
85.5295789999999982
20
-167.3792819999999892
11
85.5331999999999937
21
-167.3788940000000025
0
LINE
8
Edge.Cuts
6
CONTINUOUS
10
85.5331999999999937
20
-167.3788940000000025
11
85.5368189999999942
21
-167.3784869999999785
0
LINE
8
Edge.Cuts
6
CONTINUOUS
10
85.5368189999999942
20
-167.3784869999999785
11
85.5404369999999972
21
-167.3780589999999791
0
LINE
8
Edge.Cuts
6
CONTINUOUS
10
85.5404369999999972
20
-167.3780589999999791
11
85.544052999999991
21
-167.3776119999999992
0
LINE
8
Edge.Cuts
6
CONTINUOUS
10
85.544052999999991
20
-167.3776119999999992
11
85.5476669999999899
21
-167.3771449999999845
0
LINE
8
Edge.Cuts
6
CONTINUOUS
10
85.5476669999999899
20
-167.3771449999999845
11
85.5512789999999939
21
-167.3766579999999919
0
LINE
8
Edge.Cuts
6
CONTINUOUS
10
85.5512789999999939
20
-167.3766579999999919
11
85.5548890000000029
21
-167.376150999999993
0
LINE
8
Edge.Cuts
6
CONTINUOUS
10
85.5548890000000029
20
-167.376150999999993
11
85.5584970000000027
21
-167.3756239999999877
0
LINE
8
Edge.Cuts
6
CONTINUOUS
10
85.5584970000000027
20
-167.3756239999999877
11
85.5621019999999959
21
-167.3750770000000045
0
LINE
8
Edge.Cuts
6
CONTINUOUS
10
85.5621019999999959
20
-167.3750770000000045
11
85.5657059999999916
21
-167.3745099999999866
0
LINE
8
Edge.Cuts
6
CONTINUOUS
10
85.5657059999999916
20
-167.3745099999999866
11
85.5693069999999949
21
-167.3739229999999907
0
LINE
8
Edge.Cuts
6
CONTINUOUS
10
85.5693069999999949
20
-167.3739229999999907
11
85.572905999999989
21
-167.3733169999999859
0
LINE
8
Edge.Cuts
6
CONTINUOUS
10
85.572905999999989
20
-167.3733169999999859
11
85.5765019999999907
21
-167.3726900000000057
0
LINE
8
Edge.Cuts
6
CONTINUOUS
10
85.5765019999999907
20
-167.3726900000000057
11
85.580095
21
-167.3720439999999883
0
LINE
8
Edge.Cuts
6
CONTINUOUS
10
85.580095
20
-167.3720439999999883
11
85.5836860000000001
21
-167.3713779999999929
0
LINE
8
Edge.Cuts
6
CONTINUOUS
10
85.5836860000000001
20
-167.3713779999999929
11
85.5872749999999911
21
-167.3706919999999911
0
LINE
8
Edge.Cuts
6
CONTINUOUS
10
85.5872749999999911
20
-167.3706919999999911
11
85.5908599999999922
21
-167.3699859999999831
0
LINE
8
Edge.Cuts
6
CONTINUOUS
10
85.5908599999999922
20
-167.3699859999999831
11
85.5944420000000008
21
-167.3692609999999945
0
LINE
8
Edge.Cuts
6
CONTINUOUS
10
85.5944420000000008
20
-167.3692609999999945
11
85.5980210000000028
21
-167.3685150000000021
0
LINE
8
Edge.Cuts
6
CONTINUOUS
10
85.5980210000000028
20
-167.3685150000000021
11
85.6015979999999956
21
-167.3677500000000009
0
LINE
8
Edge.Cuts
6
CONTINUOUS
10
85.6015979999999956
20
-167.3677500000000009
11
85.6051709999999986
21
-167.3669649999999933
0
LINE
8
Edge.Cuts
6
CONTINUOUS
10
85.6051709999999986
20
-167.3669649999999933
11
85.6087409999999949
21
-167.3661599999999794
0
LINE
8
Edge.Cuts
6
CONTINUOUS
10
85.6087409999999949
20
-167.3661599999999794
11
85.6123079999999987
21
-167.365335999999985
0
LINE
8
Edge.Cuts
6
CONTINUOUS
10
85.6123079999999987
20
-167.365335999999985
11
85.6158709999999985
21
-167.3644909999999868
0
LINE
8
Edge.Cuts
6
CONTINUOUS
10
85.6158709999999985
20
-167.3644909999999868
11
85.6194309999999916
21
-167.3636269999999797
0
LINE
8
Edge.Cuts
6
CONTINUOUS
10
85.6194309999999916
20
-167.3636269999999797
11
85.6229869999999949
21
-167.3627439999999922
0
LINE
8
Edge.Cuts
6
CONTINUOUS
10
85.6229869999999949
20
-167.3627439999999922
11
85.6265399999999914
21
-167.3618400000000008
0
LINE
8
Edge.Cuts
6
CONTINUOUS
10
85.6265399999999914
20
-167.3618400000000008
11
85.6300889999999981
21
-167.3609170000000006
0
LINE
8
Edge.Cuts
6
CONTINUOUS
10
85.6300889999999981
20
-167.3609170000000006
11
85.6336340000000007
21
-167.359973999999994
0
LINE
8
Edge.Cuts
6
CONTINUOUS
10
85.6336340000000007
20
-167.359973999999994
11
85.6371759999999966
21
-167.3590109999999811
0
LINE
8
Edge.Cuts
6
CONTINUOUS
10
85.6371759999999966
20
-167.3590109999999811
11
85.640712999999991
21
-167.3580289999999877
0
LINE
8
Edge.Cuts
6
CONTINUOUS
10
85.640712999999991
20
-167.3580289999999877
11
85.6442469999999929
21
-167.357026999999988
0
LINE
8
Edge.Cuts
6
CONTINUOUS
10
85.6442469999999929
20
-167.357026999999988
11
85.6477759999999932
21
-167.3560059999999794
0
LINE
8
Edge.Cuts
6
CONTINUOUS
10
85.6477759999999932
20
-167.3560059999999794
11
85.6513009999999895
21
-167.3549649999999929
0
LINE
8
Edge.Cuts
6
CONTINUOUS
10
85.6513009999999895
20
-167.3549649999999929
11
85.6548219999999958
21
-167.353904
0
LINE
8
Edge.Cuts
6
CONTINUOUS
10
85.6548219999999958
20
-167.353904
11
85.658338999999998
21
-167.3528230000000008
0
LINE
8
Edge.Cuts
6
CONTINUOUS
10
85.658338999999998
20
-167.3528230000000008
11
85.6618509999999986
21
-167.3517229999999927
0
LINE
8
Edge.Cuts
6
CONTINUOUS
10
85.6618509999999986
20
-167.3517229999999927
11
85.6653589999999951
21
-167.3506040000000041
0
LINE
8
Edge.Cuts
6
CONTINUOUS
10
85.6653589999999951
20
-167.3506040000000041
11
85.6688619999999901
21
-167.3494649999999808
0
LINE
8
Edge.Cuts
6
CONTINUOUS
10
85.6688619999999901
20
-167.3494649999999808
11
85.6723609999999951
21
-167.3483059999999796
0
LINE
8
Edge.Cuts
6
CONTINUOUS
10
85.6723609999999951
20
-167.3483059999999796
11
85.6758549999999985
21
-167.3471279999999979
0
LINE
8
Edge.Cuts
6
CONTINUOUS
10
85.6758549999999985
20
-167.3471279999999979
11
85.6793449999999979
21
-167.3459299999999814
0
LINE
8
Edge.Cuts
6
CONTINUOUS
10
85.6793449999999979
20
-167.3459299999999814
11
85.6828289999999981
21
-167.3447129999999845
0
LINE
8
Edge.Cuts
6
CONTINUOUS
10
85.6828289999999981
20
-167.3447129999999845
11
85.6863089999999943
21
-167.3434759999999812
0
LINE
8
Edge.Cuts
6
CONTINUOUS
10
85.6863089999999943
20
-167.3434759999999812
11
85.6897829999999914
21
-167.3422199999999975
0
LINE
8
Edge.Cuts
6
CONTINUOUS
10
85.6897829999999914
20
-167.3422199999999975
11
85.6932529999999986
21
-167.340943999999979
0
LINE
8
Edge.Cuts
6
CONTINUOUS
10
85.6932529999999986
20
-167.340943999999979
11
85.6967169999999925
21
-167.3396489999999801
0
LINE
8
Edge.Cuts
6
CONTINUOUS
10
85.6967169999999925
20
-167.3396489999999801
11
85.700175999999999
21
-167.3383350000000007
0
LINE
8
Edge.Cuts
6
CONTINUOUS
10
85.700175999999999
20
-167.3383350000000007
11
85.7036299999999898
21
-167.3370009999999866
0
LINE
8
Edge.Cuts
6
CONTINUOUS
10
85.7036299999999898
20
-167.3370009999999866
11
85.7070789999999931
21
-167.3356469999999945
0
LINE
8
Edge.Cuts
6
CONTINUOUS
10
85.7070789999999931
20
-167.3356469999999945
11
85.7105219999999974
21
-167.334274999999991
0
LINE
8
Edge.Cuts
6
CONTINUOUS
10
85.7105219999999974
20
-167.334274999999991
11
85.7139600000000002
21
-167.3328829999999812
0
LINE
8
Edge.Cuts
6
CONTINUOUS
10
85.7139600000000002
20
-167.3328829999999812
11
85.7173919999999896
21
-167.3314719999999909
0
LINE
8
Edge.Cuts
6
CONTINUOUS
10
85.7173919999999896
20
-167.3314719999999909
11
85.7208189999999917
21
-167.3300409999999943
0
LINE
8
Edge.Cuts
6
CONTINUOUS
10
85.7208189999999917
20
-167.3300409999999943
11
85.7242389999999972
21
-167.3285909999999888
0
LINE
8
Edge.Cuts
6
CONTINUOUS
10
85.7242389999999972
20
-167.3285909999999888
11
85.7276549999999986
21
-167.3271210000000053
0
LINE
8
Edge.Cuts
6
CONTINUOUS
10
85.7276549999999986
20
-167.3271210000000053
11
85.7310639999999893
21
-167.3256329999999821
0
LINE
8
Edge.Cuts
6
CONTINUOUS
10
85.7310639999999893
20
-167.3256329999999821
11
85.7344669999999951
21
-167.3241249999999809
0
LINE
8
Edge.Cuts
6
CONTINUOUS
10
85.7344669999999951
20
-167.3241249999999809
11
85.7378640000000019
21
-167.3225979999999993
0
LINE
8
Edge.Cuts
6
CONTINUOUS
10
85.7378640000000019
20
-167.3225979999999993
11
85.7412559999999928
21
-167.3210509999999829
0
LINE
8
Edge.Cuts
6
CONTINUOUS
10
85.7412559999999928
20
-167.3210509999999829
11
85.7446410000000014
21
-167.3194859999999835
0
LINE
8
Edge.Cuts
6
CONTINUOUS
10
85.7446410000000014
20
-167.3194859999999835
11
85.7480199999999968
21
-167.3179010000000062
0
LINE
8
Edge.Cuts
6
CONTINUOUS
10
85.7480199999999968
20
-167.3179010000000062
11
85.7513929999999931
21
-167.3162969999999916
0
LINE
8
Edge.Cuts
6
CONTINUOUS
10
85.7513929999999931
20
-167.3162969999999916
11
85.7547599999999903
21
-167.3146739999999966
0
LINE
8
Edge.Cuts
6
CONTINUOUS
10
85.7547599999999903
20
-167.3146739999999966
11
85.7581189999999935
21
-167.3130319999999926
0
LINE
8
Edge.Cuts
6
CONTINUOUS
10
85.7581189999999935
20
-167.3130319999999926
11
85.7614729999999952
21
-167.3113699999999824
0
LINE
8
Edge.Cuts
6
CONTINUOUS
10
85.7614729999999952
20
-167.3113699999999824
11
85.7648200000000003
21
-167.3096899999999891
0
LINE
8
Edge.Cuts
6
CONTINUOUS
10
85.7648200000000003
20
-167.3096899999999891
11
85.7681609999999921
21
-167.3079899999999895
0
LINE
8
Edge.Cuts
6
CONTINUOUS
10
85.7681609999999921
20
-167.3079899999999895
11
85.7714950000000016
21
-167.3062719999999786
0
LINE
8
Edge.Cuts
6
CONTINUOUS
10
85.7714950000000016
20
-167.3062719999999786
11
85.7748220000000003
21
-167.3045339999999896
0
LINE
8
Edge.Cuts
6
CONTINUOUS
10
85.7748220000000003
20
-167.3045339999999896
11
85.7781420000000026
21
-167.3027779999999893
0
LINE
8
Edge.Cuts
6
CONTINUOUS
10
85.7781420000000026
20
-167.3027779999999893
11
85.7814559999999915
21
-167.3010019999999827
0
LINE
8
Edge.Cuts
6
CONTINUOUS
10
85.7814559999999915
20
-167.3010019999999827
11
85.7847620000000006
21
-167.2992069999999956
0
LINE
8
Edge.Cuts
6
CONTINUOUS
10
85.7847620000000006
20
-167.2992069999999956
11
85.7880619999999965
21
-167.2973929999999996
0
LINE
8
Edge.Cuts
6
CONTINUOUS
10
85.7880619999999965
20
-167.2973929999999996
11
85.7913539999999983
21
-167.2955609999999922
0
LINE
8
Edge.Cuts
6
CONTINUOUS
10
85.7913539999999983
20
-167.2955609999999922
11
85.7946400000000011
21
-167.2937089999999785
0
LINE
8
Edge.Cuts
6
CONTINUOUS
10
85.7946400000000011
20
-167.2937089999999785
11
85.7979179999999957
21
-167.2918379999999843
0
LINE
8
Edge.Cuts
6
CONTINUOUS
10
85.7979179999999957
20
-167.2918379999999843
11
85.8011889999999937
21
-167.2899489999999787
0
LINE
8
Edge.Cuts
6
CONTINUOUS
10
85.8011889999999937
20
-167.2899489999999787
11
85.8044529999999952
21
-167.2880409999999927
0
LINE
8
Edge.Cuts
6
CONTINUOUS
10
85.8044529999999952
20
-167.2880409999999927
11
85.8077100000000002
21
-167.2861130000000003
0
LINE
8
Edge.Cuts
6
CONTINUOUS
10
85.8077100000000002
20
-167.2861130000000003
11
85.8109579999999994
21
-167.2841669999999965
0
LINE
8
Edge.Cuts
6
CONTINUOUS
10
85.8109579999999994
20
-167.2841669999999965
11
85.8141999999999996
21
-167.2822019999999839
0
LINE
8
Edge.Cuts
6
CONTINUOUS
10
85.8141999999999996
20
-167.2822019999999839
11
85.8174329999999941
21
-167.2802179999999908
0
LINE
8
Edge.Cuts
6
CONTINUOUS
10
85.8174329999999941
20
-167.2802179999999908
11
85.8206599999999895
21
-167.2782159999999863
0
LINE
8
Edge.Cuts
6
CONTINUOUS
10
85.8206599999999895
20
-167.2782159999999863
11
85.8238779999999934
21
-167.2761940000000038
0
LINE
8
Edge.Cuts
6
CONTINUOUS
10
85.8238779999999934
20
-167.2761940000000038
11
85.8270890000000009
21
-167.2741539999999816
0
LINE
8
Edge.Cuts
6
CONTINUOUS
10
85.8270890000000009
20
-167.2741539999999816
11
85.830292
21
-167.2720949999999789
0
LINE
8
Edge.Cuts
6
CONTINUOUS
10
85.830292
20
-167.2720949999999789
11
85.833486999999991
21
-167.2700169999999957
0
LINE
8
Edge.Cuts
6
CONTINUOUS
10
85.833486999999991
20
-167.2700169999999957
11
85.8366740000000021
21
-167.2679210000000012
0
LINE
8
Edge.Cuts
6
CONTINUOUS
10
85.8366740000000021
20
-167.2679210000000012
11
85.8398529999999909
21
-167.2658059999999978
0
LINE
8
Edge.Cuts
6
CONTINUOUS
10
85.8398529999999909
20
-167.2658059999999978
11
85.8430239999999998
21
-167.2636729999999829
0
LINE
8
Edge.Cuts
6
CONTINUOUS
10
85.8430239999999998
20
-167.2636729999999829
11
85.8461870000000005
21
-167.2615199999999902
0
LINE
8
Edge.Cuts
6
CONTINUOUS
10
85.8461870000000005
20
-167.2615199999999902
11
85.8493419999999929
21
-167.2593489999999861
0
LINE
8
Edge.Cuts
6
CONTINUOUS
10
85.8493419999999929
20
-167.2593489999999861
11
85.8524889999999914
21
-167.2571590000000015
0
LINE
8
Edge.Cuts
6
CONTINUOUS
10
85.8524889999999914
20
-167.2571590000000015
11
85.8556260000000009
21
-167.2549510000000055
0
LINE
8
Edge.Cuts
6
CONTINUOUS
10
85.8556260000000009
20
-167.2549510000000055
11
85.8587569999999971
21
-167.2527240000000006
0
LINE
8
Edge.Cuts
6
CONTINUOUS
10
85.8587569999999971
20
-167.2527240000000006
11
85.8618779999999902
21
-167.2504789999999844
0
LINE
8
Edge.Cuts
6
CONTINUOUS
10
85.8618779999999902
20
-167.2504789999999844
11
85.8649909999999892
21
-167.2482139999999902
0
LINE
8
Edge.Cuts
6
CONTINUOUS
10
85.8649909999999892
20
-167.2482139999999902
11
85.8680949999999967
21
-167.2459319999999821
0
LINE
8
Edge.Cuts
6
CONTINUOUS
10
85.8680949999999967
20
-167.2459319999999821
11
85.8711909999999961
21
-167.243629999999996
0
LINE
8
Edge.Cuts
6
CONTINUOUS
10
85.8711909999999961
20
-167.243629999999996
11
85.8742779999999897
21
-167.2413109999999961
0
LINE
8
Edge.Cuts
6
CONTINUOUS
10
85.8742779999999897
20
-167.2413109999999961
11
85.8773569999999893
21
-167.2389729999999872
0
LINE
8
Edge.Cuts
6
CONTINUOUS
10
85.8773569999999893
20
-167.2389729999999872
11
85.8804259999999999
21
-167.2366159999999979
0
LINE
8
Edge.Cuts
6
CONTINUOUS
10
85.8804259999999999
20
-167.2366159999999979
11
85.8834870000000024
21
-167.2342409999999973
0
LINE
8
Edge.Cuts
6
CONTINUOUS
10
85.8834870000000024
20
-167.2342409999999973
11
85.8865389999999991
21
-167.2318479999999852
0
LINE
8
Edge.Cuts
6
CONTINUOUS
10
85.8865389999999991
20
-167.2318479999999852
11
85.8895819999999901
21
-167.2294349999999952
0
LINE
8
Edge.Cuts
6
CONTINUOUS
10
85.8895819999999901
20
-167.2294349999999952
11
85.8926159999999896
21
-167.2270049999999912
0
LINE
8
Edge.Cuts
6
CONTINUOUS
10
85.8926159999999896
20
-167.2270049999999912
11
85.8956409999999977
21
-167.2245559999999784
0
LINE
8
Edge.Cuts
6
CONTINUOUS
10
85.8956409999999977
20
-167.2245559999999784
11
85.898657
21
-167.2220889999999827
0
LINE
8
Edge.Cuts
6
CONTINUOUS
10
85.898657
20
-167.2220889999999827
11
85.9016639999999967
21
-167.2196040000000039
0
LINE
8
Edge.Cuts
6
CONTINUOUS
10
85.9016639999999967
20
-167.2196040000000039
11
85.9046609999999902
21
-167.2170999999999879
0
LINE
8
Edge.Cuts
6
CONTINUOUS
10
85.9046609999999902
20
-167.2170999999999879
11
85.9076489999999922
21
-167.2145769999999914
0
LINE
8
Edge.Cuts
6
CONTINUOUS
10
85.9076489999999922
20
-167.2145769999999914
11
85.9106280000000027
21
-167.2120369999999809
0
LINE
8
Edge.Cuts
6
CONTINUOUS
10
85.9106280000000027
20
-167.2120369999999809
11
85.9135969999999958
21
-167.2094779999999901
0
LINE
8
Edge.Cuts
6
CONTINUOUS
10
85.9135969999999958
20
-167.2094779999999901
11
85.9165569999999974
21
-167.2069009999999878
0
LINE
8
Edge.Cuts
6
CONTINUOUS
10
85.9165569999999974
20
-167.2069009999999878
11
85.9195079999999933
21
-167.2043060000000025
0
LINE
8
Edge.Cuts
6
CONTINUOUS
10
85.9195079999999933
20
-167.2043060000000025
11
85.9224480000000028
21
-167.20169199999998
0
LINE
8
Edge.Cuts
6
CONTINUOUS
10
85.9224480000000028
20
-167.20169199999998
11
85.9253799999999899
21
-167.1990600000000029
0
LINE
8
Edge.Cuts
6
CONTINUOUS
10
85.9253799999999899
20
-167.1990600000000029
11
85.9283009999999905
21
-167.196409999999986
0
LINE
8
Edge.Cuts
6
CONTINUOUS
10
85.9283009999999905
20
-167.196409999999986
11
85.9312129999999996
21
-167.1937419999999861
0
LINE
8
Edge.Cuts
6
CONTINUOUS
10
85.9312129999999996
20
-167.1937419999999861
11
85.9341149999999914
21
-167.1910560000000032
0
LINE
8
Edge.Cuts
6
CONTINUOUS
10
85.9341149999999914
20
-167.1910560000000032
11
85.9370079999999916
21
-167.1883499999999856
0
LINE
8
Edge.Cuts
6
CONTINUOUS
10
85.9370079999999916
20
-167.1883499999999856
11
85.9398889999999938
21
-167.1856279999999799
0
LINE
8
Edge.Cuts
6
CONTINUOUS
10
85.9398889999999938
20
-167.1856279999999799
11
85.9427620000000019
21
-167.1828869999999938
0
LINE
8
Edge.Cuts
6
CONTINUOUS
10
85.9427620000000019
20
-167.1828869999999938
11
85.9456239999999951
21
-167.1801279999999963
0
LINE
8
Edge.Cuts
6
CONTINUOUS
10
85.9456239999999951
20
-167.1801279999999963
11
85.9484769999999969
21
-167.1773499999999899
0
LINE
8
Edge.Cuts
6
CONTINUOUS
10
85.9484769999999969
20
-167.1773499999999899
11
85.951318999999998
21
-167.174554999999998
0
LINE
8
Edge.Cuts
6
CONTINUOUS
10
85.951318999999998
20
-167.174554999999998
11
85.954150999999996
21
-167.1717409999999973
0
LINE
8
Edge.Cuts
6
CONTINUOUS
10
85.954150999999996
20
-167.1717409999999973
11
85.9545959999999951
21
-167.1712969999999814
0
LINE
8
Edge.Cuts
6
CONTINUOUS
10
85.9545959999999951
20
-167.1712969999999814
11
92.7947839999999928
21
-160.2958500000000015
0
LINE
8
Edge.Cuts
6
CONTINUOUS
10
88.3169279999999901
20
-138.7527879999999811
11
80.6657919999999962
21
-138.7527879999999811
0
LINE
8
Edge.Cuts
6
CONTINUOUS
10
88.8458090000000027
20
-137.765545000000003
11
89.7625349999999997
21
-139.3169269999999926
0
LINE
8
Edge.Cuts
6
CONTINUOUS
10
88.916325999999998
20
-139.8105489999999804
11
88.3169279999999901
21
-138.7527879999999811
0
LINE
8
Edge.Cuts
6
CONTINUOUS
10
89.5862429999999961
20
-139.9868409999999983
11
89.5832269999999937
21
-139.988552999999996
0
LINE
8
Edge.Cuts
6
CONTINUOUS
10
89.5832269999999937
20
-139.988552999999996
11
89.5802079999999989
21
-139.9902439999999899
0
LINE
8
Edge.Cuts
6
CONTINUOUS
10
89.5802079999999989
20
-139.9902439999999899
11
89.5771850000000001
21
-139.99191399999998
0
LINE
8
Edge.Cuts
6
CONTINUOUS
10
89.5771850000000001
20
-139.99191399999998
11
89.5741579999999971
21
-139.9935629999999946
0
LINE
8
Edge.Cuts
6
CONTINUOUS
10
89.5741579999999971
20
-139.9935629999999946
11
89.5711280000000016
21
-139.9951910000000055
0
LINE
8
Edge.Cuts
6
CONTINUOUS
10
89.5711280000000016
20
-139.9951910000000055
11
89.5680940000000021
21
-139.9967989999999816
0
LINE
8
Edge.Cuts
6
CONTINUOUS
10
89.5680940000000021
20
-139.9967989999999816
11
89.5650559999999984
21
-139.9983859999999822
0
LINE
8
Edge.Cuts
6
CONTINUOUS
10
89.5650559999999984
20
-139.9983859999999822
11
89.5620159999999998
21
-139.9999520000000075
0
LINE
8
Edge.Cuts
6
CONTINUOUS
10
89.5620159999999998
20
-139.9999520000000075
11
89.5589719999999971
21
-140.001497999999998
0
LINE
8
Edge.Cuts
6
CONTINUOUS
10
89.5589719999999971
20
-140.001497999999998
11
89.555925000000002
21
-140.0030219999999872
0
LINE
8
Edge.Cuts
6
CONTINUOUS
10
89.555925000000002
20
-140.0030219999999872
11
89.5528740000000028
21
-140.0045259999999985
0
LINE
8
Edge.Cuts
6
CONTINUOUS
10
89.5528740000000028
20
-140.0045259999999985
11
89.5498209999999943
21
-140.0060090000000059
0
LINE
8
Edge.Cuts
6
CONTINUOUS
10
89.5498209999999943
20
-140.0060090000000059
11
89.546763999999996
21
-140.007472000000007
0
LINE
8
Edge.Cuts
6
CONTINUOUS
10
89.546763999999996
20
-140.007472000000007
11
89.5437050000000028
21
-140.0089130000000068
0
LINE
8
Edge.Cuts
6
CONTINUOUS
10
89.5437050000000028
20
-140.0089130000000068
11
89.5406419999999912
21
-140.0103340000000003
0
LINE
8
Edge.Cuts
6
CONTINUOUS
10
89.5406419999999912
20
-140.0103340000000003
11
89.5375769999999989
21
-140.0117339999999899
0
LINE
8
Edge.Cuts
6
CONTINUOUS
10
89.5375769999999989
20
-140.0117339999999899
11
89.5345089999999999
21
-140.0131140000000016
0
LINE
8
Edge.Cuts
6
CONTINUOUS
10
89.5345089999999999
20
-140.0131140000000016
11
89.5314389999999918
21
-140.0144729999999811
0
LINE
8
Edge.Cuts
6
CONTINUOUS
10
89.5314389999999918
20
-140.0144729999999811
11
89.5283659999999912
21
-140.0158109999999851
0
LINE
8
Edge.Cuts
6
CONTINUOUS
10
89.5283659999999912
20
-140.0158109999999851
11
89.5252899999999983
21
-140.0171279999999854
0
LINE
8
Edge.Cuts
6
CONTINUOUS
10
89.5252899999999983
20
-140.0171279999999854
11
89.5222119999999961
21
-140.0184250000000077
0
LINE
8
Edge.Cuts
6
CONTINUOUS
10
89.5222119999999961
20
-140.0184250000000077
11
89.519131999999999
21
-140.0197000000000003
0
LINE
8
Edge.Cuts
6
CONTINUOUS
10
89.519131999999999
20
-140.0197000000000003
11
89.5160499999999928
21
-140.020955999999984
0
LINE
8
Edge.Cuts
6
CONTINUOUS
10
89.5160499999999928
20
-140.020955999999984
11
89.5129649999999941
21
-140.0221899999999948
0
LINE
8
Edge.Cuts
6
CONTINUOUS
10
89.5129649999999941
20
-140.0221899999999948
11
89.5098780000000005
21
-140.0234039999999993
0
LINE
8
Edge.Cuts
6
CONTINUOUS
10
89.5098780000000005
20
-140.0234039999999993
11
89.5067899999999952
21
-140.024597
0
LINE
8
Edge.Cuts
6
CONTINUOUS
10
89.5067899999999952
20
-140.024597
11
89.5036989999999975
21
-140.0257699999999943
0
LINE
8
Edge.Cuts
6
CONTINUOUS
10
89.5036989999999975
20
-140.0257699999999943
11
89.5006059999999906
21
-140.0269219999999848
0
LINE
8
Edge.Cuts
6
CONTINUOUS
10
89.5006059999999906
20
-140.0269219999999848
11
89.4975120000000004
21
-140.0280529999999999
0
LINE
8
Edge.Cuts
6
CONTINUOUS
10
89.4975120000000004
20
-140.0280529999999999
11
89.4944160000000011
21
-140.0291629999999827
0
LINE
8
Edge.Cuts
6
CONTINUOUS
10
89.4944160000000011
20
-140.0291629999999827
11
89.4913179999999926
21
-140.0302529999999877
0
LINE
8
Edge.Cuts
6
CONTINUOUS
10
89.4913179999999926
20
-140.0302529999999877
11
89.4882190000000008
21
-140.0313219999999887
0
LINE
8
Edge.Cuts
6
CONTINUOUS
10
89.4882190000000008
20
-140.0313219999999887
11
89.4851179999999999
21
-140.0323709999999835
0
LINE
8
Edge.Cuts
6
CONTINUOUS
10
89.4851179999999999
20
-140.0323709999999835
11
89.4820160000000016
21
-140.0333990000000028
0
LINE
8
Edge.Cuts
6
CONTINUOUS
10
89.4820160000000016
20
-140.0333990000000028
11
89.478911999999994
21
-140.0344059999999899
0
LINE
8
Edge.Cuts
6
CONTINUOUS
10
89.478911999999994
20
-140.0344059999999899
11
89.4758080000000007
21
-140.0353929999999991
0
LINE
8
Edge.Cuts
6
CONTINUOUS
10
89.4758080000000007
20
-140.0353929999999991
11
89.4727019999999982
21
-140.0363590000000045
0
LINE
8
Edge.Cuts
6
CONTINUOUS
10
89.4727019999999982
20
-140.0363590000000045
11
89.4695949999999982
21
-140.0373050000000035
0
LINE
8
Edge.Cuts
6
CONTINUOUS
10
89.4695949999999982
20
-140.0373050000000035
11
89.4664870000000008
21
-140.0382299999999987
0
LINE
8
Edge.Cuts
6
CONTINUOUS
10
89.4664870000000008
20
-140.0382299999999987
11
89.4633779999999916
21
-140.0391349999999875
0
LINE
8
Edge.Cuts
6
CONTINUOUS
10
89.4633779999999916
20
-140.0391349999999875
11
89.4602679999999992
21
-140.0400180000000034
0
LINE
8
Edge.Cuts
6
CONTINUOUS
10
89.4602679999999992
20
-140.0400180000000034
11
89.4571579999999926
21
-140.0408819999999821
0
LINE
8
Edge.Cuts
6
CONTINUOUS
10
89.4571579999999926
20
-140.0408819999999821
11
89.4540470000000028
21
-140.0417249999999854
0
LINE
8
Edge.Cuts
6
CONTINUOUS
10
89.4540470000000028
20
-140.0417249999999854
11
89.4509350000000012
21
-140.0425469999999848
0
LINE
8
Edge.Cuts
6
CONTINUOUS
10
89.4509350000000012
20
-140.0425469999999848
11
89.4478229999999996
21
-140.0433490000000063
0
LINE
8
Edge.Cuts
6
CONTINUOUS
10
89.4478229999999996
20
-140.0433490000000063
11
89.4447100000000006
21
-140.0441299999999956
0
LINE
8
Edge.Cuts
6
CONTINUOUS
10
89.4447100000000006
20
-140.0441299999999956
11
89.4415970000000016
21
-140.0448910000000069
0
LINE
8
Edge.Cuts
6
CONTINUOUS
10
89.4415970000000016
20
-140.0448910000000069
11
89.4384829999999909
21
-140.045630999999986
0
LINE
8
Edge.Cuts
6
CONTINUOUS
10
89.4384829999999909
20
-140.045630999999986
11
89.4353689999999943
21
-140.0463499999999897
0
LINE
8
Edge.Cuts
6
CONTINUOUS
10
89.4353689999999943
20
-140.0463499999999897
11
89.4322559999999953
21
-140.0470499999999845
0
LINE
8
Edge.Cuts
6
CONTINUOUS
10
89.4322559999999953
20
-140.0470499999999845
11
89.4291419999999988
21
-140.0477280000000064
0
LINE
8
Edge.Cuts
6
CONTINUOUS
10
89.4291419999999988
20
-140.0477280000000064
11
89.4260280000000023
21
-140.0483869999999911
0
LINE
8
Edge.Cuts
6
CONTINUOUS
10
89.4260280000000023
20
-140.0483869999999911
11
89.4229139999999916
21
-140.0490250000000003
0
LINE
8
Edge.Cuts
6
CONTINUOUS
10
89.4229139999999916
20
-140.0490250000000003
11
89.4198009999999925
21
-140.0496420000000057
0
LINE
8
Edge.Cuts
6
CONTINUOUS
10
89.4198009999999925
20
-140.0496420000000057
11
89.416686999999996
21
-140.0502390000000048
0
LINE
8
Edge.Cuts
6
CONTINUOUS
10
89.416686999999996
20
-140.0502390000000048
11
89.413573999999997
21
-140.0508159999999975
0
LINE
8
Edge.Cuts
6
CONTINUOUS
10
89.413573999999997
20
-140.0508159999999975
11
89.4104619999999954
21
-140.0513719999999864
0
LINE
8
Edge.Cuts
6
CONTINUOUS
10
89.4104619999999954
20
-140.0513719999999864
11
89.4073499999999939
21
-140.0519069999999999
0
LINE
8
Edge.Cuts
6
CONTINUOUS
10
89.4073499999999939
20
-140.0519069999999999
11
89.4042379999999923
21
-140.0524230000000045
0
LINE
8
Edge.Cuts
6
CONTINUOUS
10
89.4042379999999923
20
-140.0524230000000045
11
89.4011279999999999
21
-140.0529180000000053
0
LINE
8
Edge.Cuts
6
CONTINUOUS
10
89.4011279999999999
20
-140.0529180000000053
11
89.3980179999999933
21
-140.0533929999999998
0
LINE
8
Edge.Cuts
6
CONTINUOUS
10
89.3980179999999933
20
-140.0533929999999998
11
89.3949089999999984
21
-140.0538469999999904
0
LINE
8
Edge.Cuts
6
CONTINUOUS
10
89.3949089999999984
20
-140.0538469999999904
11
89.3917999999999893
21
-140.0542810000000031
0
LINE
8
Edge.Cuts
6
CONTINUOUS
10
89.3917999999999893
20
-140.0542810000000031
11
89.3886929999999893
21
-140.0546949999999811
0
LINE
8
Edge.Cuts
6
CONTINUOUS
10
89.3886929999999893
20
-140.0546949999999811
11
89.385587000000001
21
-140.0550879999999836
0
LINE
8
Edge.Cuts
6
CONTINUOUS
10
89.385587000000001
20
-140.0550879999999836
11
89.382481999999996
21
-140.0554609999999798
0
LINE
8
Edge.Cuts
6
CONTINUOUS
10
89.382481999999996
20
-140.0554609999999798
11
89.3793780000000027
21
-140.055813999999998
0
LINE
8
Edge.Cuts
6
CONTINUOUS
10
89.3793780000000027
20
-140.055813999999998
11
89.3762749999999926
21
-140.056145999999984
0
LINE
8
Edge.Cuts
6
CONTINUOUS
10
89.3762749999999926
20
-140.056145999999984
11
89.3731739999999917
21
-140.0564589999999896
0
LINE
8
Edge.Cuts
6
CONTINUOUS
10
89.3731739999999917
20
-140.0564589999999896
11
89.3700740000000025
21
-140.0567509999999913
0
LINE
8
Edge.Cuts
6
CONTINUOUS
10
89.3700740000000025
20
-140.0567509999999913
11
89.366975999999994
21
-140.0570219999999892
0
LINE
8
Edge.Cuts
6
CONTINUOUS
10
89.366975999999994
20
-140.0570219999999892
11
89.3638799999999947
21
-140.0572740000000067
0
LINE
8
Edge.Cuts
6
CONTINUOUS
10
89.3638799999999947
20
-140.0572740000000067
11
89.3607849999999928
21
-140.0575049999999919
0
LINE
8
Edge.Cuts
6
CONTINUOUS
10
89.3607849999999928
20
-140.0575049999999919
11
89.3576920000000001
21
-140.0577169999999967
0
LINE
8
Edge.Cuts
6
CONTINUOUS
10
89.3576920000000001
20
-140.0577169999999967
11
89.3546010000000024
21
-140.0579079999999976
0
LINE
8
Edge.Cuts
6
CONTINUOUS
10
89.3546010000000024
20
-140.0579079999999976
11
89.3515119999999996
21
-140.0580789999999922
0
LINE
8
Edge.Cuts
6
CONTINUOUS
10
89.3515119999999996
20
-140.0580789999999922
11
89.3484249999999918
21
-140.058228999999983
0
LINE
8
Edge.Cuts
6
CONTINUOUS
10
89.3484249999999918
20
-140.058228999999983
11
89.3453399999999931
21
-140.0583599999999933
0
LINE
8
Edge.Cuts
6
CONTINUOUS
10
89.3453399999999931
20
-140.0583599999999933
11
89.3422569999999894
21
-140.0584709999999973
0
LINE
8
Edge.Cuts
6
CONTINUOUS
10
89.3422569999999894
20
-140.0584709999999973
11
89.3391759999999948
21
-140.0585609999999974
0
LINE
8
Edge.Cuts
6
CONTINUOUS
10
89.3391759999999948
20
-140.0585609999999974
11
89.3360979999999927
21
-140.0586309999999912
0
LINE
8
Edge.Cuts
6
CONTINUOUS
10
89.3360979999999927
20
-140.0586309999999912
11
89.3330219999999997
21
-140.0586820000000046
0
LINE
8
Edge.Cuts
6
CONTINUOUS
10
89.3330219999999997
20
-140.0586820000000046
11
89.3299489999999992
21
-140.0587119999999857
0
LINE
8
Edge.Cuts
6
CONTINUOUS
10
89.3299489999999992
20
-140.0587119999999857
11
89.3268779999999936
21
-140.0587219999999888
0
LINE
8
Edge.Cuts
6
CONTINUOUS
10
89.3268779999999936
20
-140.0587219999999888
11
89.3238099999999946
21
-140.0587129999999831
0
LINE
8
Edge.Cuts
6
CONTINUOUS
10
89.3238099999999946
20
-140.0587129999999831
11
89.3207450000000023
21
-140.058683000000002
0
LINE
8
Edge.Cuts
6
CONTINUOUS
10
89.3207450000000023
20
-140.058683000000002
11
89.3176830000000024
21
-140.0586329999999862
0
LINE
8
Edge.Cuts
6
CONTINUOUS
10
89.3176830000000024
20
-140.0586329999999862
11
89.3146229999999974
21
-140.0585639999999898
0
LINE
8
Edge.Cuts
6
CONTINUOUS
10
89.3146229999999974
20
-140.0585639999999898
11
89.3115669999999966
21
-140.0584739999999897
0
LINE
8
Edge.Cuts
6
CONTINUOUS
10
89.3115669999999966
20
-140.0584739999999897
11
89.3085140000000024
21
-140.0583649999999807
0
LINE
8
Edge.Cuts
6
CONTINUOUS
10
89.3085140000000024
20
-140.0583649999999807
11
89.3054629999999889
21
-140.0582349999999963
0
LINE
8
Edge.Cuts
6
CONTINUOUS
10
89.3054629999999889
20
-140.0582349999999963
11
89.3024159999999938
21
-140.058086000000003
0
LINE
8
Edge.Cuts
6
CONTINUOUS
10
89.3024159999999938
20
-140.058086000000003
11
89.2993730000000028
21
-140.0579170000000033
0
LINE
8
Edge.Cuts
6
CONTINUOUS
10
89.2993730000000028
20
-140.0579170000000033
11
89.2963319999999925
21
-140.0577279999999973
0
LINE
8
Edge.Cuts
6
CONTINUOUS
10
89.2963319999999925
20
-140.0577279999999973
11
89.293295999999998
21
-140.057518999999985
0
LINE
8
Edge.Cuts
6
CONTINUOUS
10
89.293295999999998
20
-140.057518999999985
11
89.2902619999999985
21
-140.0572909999999922
0
LINE
8
Edge.Cuts
6
CONTINUOUS
10
89.2902619999999985
20
-140.0572909999999922
11
89.2872330000000005
21
-140.0570429999999931
0
LINE
8
Edge.Cuts
6
CONTINUOUS
10
89.2872330000000005
20
-140.0570429999999931
11
89.284206999999995
21
-140.0567739999999901
0
LINE
8
Edge.Cuts
6
CONTINUOUS
10
89.284206999999995
20
-140.0567739999999901
11
89.2811849999999936
21
-140.0564870000000042
0
LINE
8
Edge.Cuts
6
CONTINUOUS
10
89.2811849999999936
20
-140.0564870000000042
11
89.2781669999999963
21
-140.056178999999986
0
LINE
8
Edge.Cuts
6
CONTINUOUS
10
89.2781669999999963
20
-140.056178999999986
11
89.2751519999999914
21
-140.0558519999999874
0
LINE
8
Edge.Cuts
6
CONTINUOUS
10
89.2751519999999914
20
-140.0558519999999874
11
89.2721420000000023
21
-140.0555049999999824
0
LINE
8
Edge.Cuts
6
CONTINUOUS
10
89.2721420000000023
20
-140.0555049999999824
11
89.2691359999999889
21
-140.0551379999999995
0
LINE
8
Edge.Cuts
6
CONTINUOUS
10
89.2691359999999889
20
-140.0551379999999995
11
89.2661339999999939
21
-140.0547520000000077
0
LINE
8
Edge.Cuts
6
CONTINUOUS
10
89.2661339999999939
20
-140.0547520000000077
11
89.2631360000000029
21
-140.0543459999999811
0
LINE
8
Edge.Cuts
6
CONTINUOUS
10
89.2631360000000029
20
-140.0543459999999811
11
89.2601429999999993
21
-140.0539210000000026
0
LINE
8
Edge.Cuts
6
CONTINUOUS
10
89.2601429999999993
20
-140.0539210000000026
11
89.2571539999999999
21
-140.0534759999999892
0
LINE
8
Edge.Cuts
6
CONTINUOUS
10
89.2571539999999999
20
-140.0534759999999892
11
89.2541689999999903
21
-140.0530109999999979
0
LINE
8
Edge.Cuts
6
CONTINUOUS
10
89.2541689999999903
20
-140.0530109999999979
11
89.251189999999994
21
-140.0525269999999978
0
LINE
8
Edge.Cuts
6
CONTINUOUS
10
89.251189999999994
20
-140.0525269999999978
11
89.2482139999999902
21
-140.0520239999999887
0
LINE
8
Edge.Cuts
6
CONTINUOUS
10
89.2482139999999902
20
-140.0520239999999887
11
89.2452439999999996
21
-140.0515010000000018
0
LINE
8
Edge.Cuts
6
CONTINUOUS
10
89.2452439999999996
20
-140.0515010000000018
11
89.2422779999999989
21
-140.0509579999999801
0
LINE
8
Edge.Cuts
6
CONTINUOUS
10
89.2422779999999989
20
-140.0509579999999801
11
89.2393179999999973
21
-140.0503960000000063
0
LINE
8
Edge.Cuts
6
CONTINUOUS
10
89.2393179999999973
20
-140.0503960000000063
11
89.2363619999999997
21
-140.0498149999999953
0
LINE
8
Edge.Cuts
6
CONTINUOUS
10
89.2363619999999997
20
-140.0498149999999953
11
89.2334109999999896
21
-140.0492140000000063
0
LINE
8
Edge.Cuts
6
CONTINUOUS
10
89.2334109999999896
20
-140.0492140000000063
11
89.2304649999999953
21
-140.04859399999998
0
LINE
8
Edge.Cuts
6
CONTINUOUS
10
89.2304649999999953
20
-140.04859399999998
11
89.227525
21
-140.0479550000000017
0
LINE
8
Edge.Cuts
6
CONTINUOUS
10
89.227525
20
-140.0479550000000017
11
89.2245889999999946
21
-140.0472959999999887
0
LINE
8
Edge.Cuts
6
CONTINUOUS
10
89.2245889999999946
20
-140.0472959999999887
11
89.22166
21
-140.0466179999999952
0
LINE
8
Edge.Cuts
6
CONTINUOUS
10
89.22166
20
-140.0466179999999952
11
89.2187349999999952
21
-140.0459199999999953
0
LINE
8
Edge.Cuts
6
CONTINUOUS
10
89.2187349999999952
20
-140.0459199999999953
11
89.2158159999999896
21
-140.045203999999984
0
LINE
8
Edge.Cuts
6
CONTINUOUS
10
89.2158159999999896
20
-140.045203999999984
11
89.2129029999999972
21
-140.0444679999999948
0
LINE
8
Edge.Cuts
6
CONTINUOUS
10
89.2129029999999972
20
-140.0444679999999948
11
89.2099949999999922
21
-140.0437129999999968
0
LINE
8
Edge.Cuts
6
CONTINUOUS
10
89.2099949999999922
20
-140.0437129999999968
11
89.2070930000000004
21
-140.0429379999999924
0
LINE
8
Edge.Cuts
6
CONTINUOUS
10
89.2070930000000004
20
-140.0429379999999924
11
89.2041969999999935
21
-140.042145000000005
0
LINE
8
Edge.Cuts
6
CONTINUOUS
10
89.2041969999999935
20
-140.042145000000005
11
89.2013060000000024
21
-140.0413319999999828
0
LINE
8
Edge.Cuts
6
CONTINUOUS
10
89.2013060000000024
20
-140.0413319999999828
11
89.1984219999999937
21
-140.0405010000000061
0
LINE
8
Edge.Cuts
6
CONTINUOUS
10
89.1984219999999937
20
-140.0405010000000061
11
89.1955430000000007
21
-140.0396499999999946
0
LINE
8
Edge.Cuts
6
CONTINUOUS
10
89.1955430000000007
20
-140.0396499999999946
11
89.19267099999999
21
-140.0387800000000027
0
LINE
8
Edge.Cuts
6
CONTINUOUS
10
89.19267099999999
20
-140.0387800000000027
11
89.1898049999999927
21
-140.0378910000000019
0
LINE
8
Edge.Cuts
6
CONTINUOUS
10
89.1898049999999927
20
-140.0378910000000019
11
89.1869449999999944
21
-140.0369839999999897
0
LINE
8
Edge.Cuts
6
CONTINUOUS
10
89.1869449999999944
20
-140.0369839999999897
11
89.1840919999999926
21
-140.0360569999999996
0
LINE
8
Edge.Cuts
6
CONTINUOUS
10
89.1840919999999926
20
-140.0360569999999996
11
89.1812449999999899
21
-140.0351110000000006
0
LINE
8
Edge.Cuts
6
CONTINUOUS
10
89.1812449999999899
20
-140.0351110000000006
11
89.1784040000000005
21
-140.0341459999999927
0
LINE
8
Edge.Cuts
6
CONTINUOUS
10
89.1784040000000005
20
-140.0341459999999927
11
89.1755699999999933
21
-140.0331630000000018
0
LINE
8
Edge.Cuts
6
CONTINUOUS
10
89.1755699999999933
20
-140.0331630000000018
11
89.1727419999999995
21
-140.0321600000000046
0
LINE
8
Edge.Cuts
6
CONTINUOUS
10
89.1727419999999995
20
-140.0321600000000046
11
89.1699210000000022
21
-140.031138999999996
0
LINE
8
Edge.Cuts
6
CONTINUOUS
10
89.1699210000000022
20
-140.031138999999996
11
89.1671070000000014
21
-140.0300979999999811
0
LINE
8
Edge.Cuts
6
CONTINUOUS
10
89.1671070000000014
20
-140.0300979999999811
11
89.1642989999999998
21
-140.0290399999999806
0
LINE
8
Edge.Cuts
6
CONTINUOUS
10
89.1642989999999998
20
-140.0290399999999806
11
89.1614989999999921
21
-140.0279620000000023
0
LINE
8
Edge.Cuts
6
CONTINUOUS
10
89.1614989999999921
20
-140.0279620000000023
11
89.1587059999999951
21
-140.0268649999999866
0
LINE
8
Edge.Cuts
6
CONTINUOUS
10
89.1587059999999951
20
-140.0268649999999866
11
89.1559189999999973
21
-140.0257499999999879
0
LINE
8
Edge.Cuts
6
CONTINUOUS
10
89.1559189999999973
20
-140.0257499999999879
11
89.1531399999999934
21
-140.0246159999999804
0
LINE
8
Edge.Cuts
6
CONTINUOUS
10
89.1531399999999934
20
-140.0246159999999804
11
89.1503670000000028
21
-140.0234629999999925
0
LINE
8
Edge.Cuts
6
CONTINUOUS
10
89.1503670000000028
20
-140.0234629999999925
11
89.1476029999999895
21
-140.0222919999999931
0
LINE
8
Edge.Cuts
6
CONTINUOUS
10
89.1476029999999895
20
-140.0222919999999931
11
89.1448449999999895
21
-140.0211019999999849
0
LINE
8
Edge.Cuts
6
CONTINUOUS
10
89.1448449999999895
20
-140.0211019999999849
11
89.1420949999999976
21
-140.0198929999999962
0
LINE
8
Edge.Cuts
6
CONTINUOUS
10
89.1420949999999976
20
-140.0198929999999962
11
89.1393520000000024
21
-140.0186659999999961
0
LINE
8
Edge.Cuts
6
CONTINUOUS
10
89.1393520000000024
20
-140.0186659999999961
11
89.1366170000000011
21
-140.0174199999999871
0
LINE
8
Edge.Cuts
6
CONTINUOUS
10
89.1366170000000011
20
-140.0174199999999871
11
89.1338889999999964
21
-140.0161559999999952
0
LINE
8
Edge.Cuts
6
CONTINUOUS
10
89.1338889999999964
20
-140.0161559999999952
11
89.1311689999999999
21
-140.0148739999999918
0
LINE
8
Edge.Cuts
6
CONTINUOUS
10
89.1311689999999999
20
-140.0148739999999918
11
89.1284569999999974
21
-140.0135719999999822
0
LINE
8
Edge.Cuts
6
CONTINUOUS
10
89.1284569999999974
20
-140.0135719999999822
11
89.1257529999999889
21
-140.012252999999987
0
LINE
8
Edge.Cuts
6
CONTINUOUS
10
89.1257529999999889
20
-140.012252999999987
11
89.1230559999999912
21
-140.0109139999999854
0
LINE
8
Edge.Cuts
6
CONTINUOUS
10
89.1230559999999912
20
-140.0109139999999854
11
89.1203670000000017
21
-140.0095579999999984
0
LINE
8
Edge.Cuts
6
CONTINUOUS
10
89.1203670000000017
20
-140.0095579999999984
11
89.1176869999999894
21
-140.0081830000000025
0
LINE
8
Edge.Cuts
6
CONTINUOUS
10
89.1176869999999894
20
-140.0081830000000025
11
89.1150140000000022
21
-140.0067899999999952
0
LINE
8
Edge.Cuts
6
CONTINUOUS
10
89.1150140000000022
20
-140.0067899999999952
11
89.1123499999999922
21
-140.0053780000000074
0
LINE
8
Edge.Cuts
6
CONTINUOUS
10
89.1123499999999922
20
-140.0053780000000074
11
89.1096939999999904
21
-140.0039490000000058
0
LINE
8
Edge.Cuts
6
CONTINUOUS
10
89.1096939999999904
20
-140.0039490000000058
11
89.1070459999999969
21
-140.0025009999999952
0
LINE
8
Edge.Cuts
6
CONTINUOUS
10
89.1070459999999969
20
-140.0025009999999952
11
89.1044059999999973
21
-140.0010340000000042
0
LINE
8
Edge.Cuts
6
CONTINUOUS
10
89.1044059999999973
20
-140.0010340000000042
11
89.1017749999999893
21
-139.9995499999999993
0
LINE
8
Edge.Cuts
6
CONTINUOUS
10
89.1017749999999893
20
-139.9995499999999993
11
89.0991530000000012
21
-139.9980469999999855
0
LINE
8
Edge.Cuts
6
CONTINUOUS
10
89.0991530000000012
20
-139.9980469999999855
11
89.0965379999999953
21
-139.9965259999999887
0
LINE
8
Edge.Cuts
6
CONTINUOUS
10
89.0965379999999953
20
-139.9965259999999887
11
89.0939329999999927
21
-139.9949869999999805
0
LINE
8
Edge.Cuts
6
CONTINUOUS
10
89.0939329999999927
20
-139.9949869999999805
11
89.0913359999999983
21
-139.9934299999999894
0
LINE
8
Edge.Cuts
6
CONTINUOUS
10
89.0913359999999983
20
-139.9934299999999894
11
89.0887479999999954
21
-139.9918549999999868
0
LINE
8
Edge.Cuts
6
CONTINUOUS
10
89.0887479999999954
20
-139.9918549999999868
11
89.0861689999999982
21
-139.9902610000000038
0
LINE
8
Edge.Cuts
6
CONTINUOUS
10
89.0861689999999982
20
-139.9902610000000038
11
89.0835989999999924
21
-139.9886500000000069
0
LINE
8
Edge.Cuts
6
CONTINUOUS
10
89.0835989999999924
20
-139.9886500000000069
11
89.0810369999999949
21
-139.9870209999999986
0
LINE
8
Edge.Cuts
6
CONTINUOUS
10
89.0810369999999949
20
-139.9870209999999986
11
89.0784850000000006
21
-139.9853729999999814
0
LINE
8
Edge.Cuts
6
CONTINUOUS
10
89.0784850000000006
20
-139.9853729999999814
11
89.0759419999999977
21
-139.9837080000000071
0
LINE
8
Edge.Cuts
6
CONTINUOUS
10
89.0759419999999977
20
-139.9837080000000071
11
89.0734080000000006
21
-139.982024999999993
0
LINE
8
Edge.Cuts
6
CONTINUOUS
10
89.0734080000000006
20
-139.982024999999993
11
89.0708829999999949
21
-139.980323999999996
0
LINE
8
Edge.Cuts
6
CONTINUOUS
10
89.0708829999999949
20
-139.980323999999996
11
89.068366999999995
21
-139.9786049999999875
0
LINE
8
Edge.Cuts
6
CONTINUOUS
10
89.068366999999995
20
-139.9786049999999875
11
89.0658609999999982
21
-139.9768679999999961
0
LINE
8
Edge.Cuts
6
CONTINUOUS
10
89.0658609999999982
20
-139.9768679999999961
11
89.0633639999999929
21
-139.9751129999999932
0
LINE
8
Edge.Cuts
6
CONTINUOUS
10
89.0633639999999929
20
-139.9751129999999932
11
89.0608759999999933
21
-139.9733400000000074
0
LINE
8
Edge.Cuts
6
CONTINUOUS
10
89.0608759999999933
20
-139.9733400000000074
11
89.0583989999999943
21
-139.9715500000000077
0
LINE
8
Edge.Cuts
6
CONTINUOUS
10
89.0583989999999943
20
-139.9715500000000077
11
89.0559299999999894
21
-139.9697419999999966
0
LINE
8
Edge.Cuts
6
CONTINUOUS
10
89.0559299999999894
20
-139.9697419999999966
11
89.0534719999999993
21
-139.9679160000000024
0
LINE
8
Edge.Cuts
6
CONTINUOUS
10
89.0534719999999993
20
-139.9679160000000024
11
89.051021999999989
21
-139.9660719999999969
0
LINE
8
Edge.Cuts
6
CONTINUOUS
10
89.051021999999989
20
-139.9660719999999969
11
89.0485829999999936
21
-139.9642110000000059
0
LINE
8
Edge.Cuts
6
CONTINUOUS
10
89.0485829999999936
20
-139.9642110000000059
11
89.0461540000000014
21
-139.9623320000000035
0
LINE
8
Edge.Cuts
6
CONTINUOUS
10
89.0461540000000014
20
-139.9623320000000035
11
89.0437349999999981
21
-139.9604359999999872
0
LINE
8
Edge.Cuts
6
CONTINUOUS
10
89.0437349999999981
20
-139.9604359999999872
11
89.0413250000000005
21
-139.9585209999999904
0
LINE
8
Edge.Cuts
6
CONTINUOUS
10
89.0413250000000005
20
-139.9585209999999904
11
89.0389259999999894
21
-139.9565900000000056
0
LINE
8
Edge.Cuts
6
CONTINUOUS
10
89.0389259999999894
20
-139.9565900000000056
11
89.0365359999999981
21
-139.9546399999999835
0
LINE
8
Edge.Cuts
6
CONTINUOUS
10
89.0365359999999981
20
-139.9546399999999835
11
89.0341569999999933
21
-139.9526730000000043
0
LINE
8
Edge.Cuts
6
CONTINUOUS
10
89.0341569999999933
20
-139.9526730000000043
11
89.0317879999999917
21
-139.9506889999999828
0
LINE
8
Edge.Cuts
6
CONTINUOUS
10
89.0317879999999917
20
-139.9506889999999828
11
89.0294299999999907
21
-139.9486870000000067
0
LINE
8
Edge.Cuts
6
CONTINUOUS
10
89.0294299999999907
20
-139.9486870000000067
11
89.0270809999999955
21
-139.9466669999999908
0
LINE
8
Edge.Cuts
6
CONTINUOUS
10
89.0270809999999955
20
-139.9466669999999908
11
89.0247430000000008
21
-139.9446309999999869
0
LINE
8
Edge.Cuts
6
CONTINUOUS
10
89.0247430000000008
20
-139.9446309999999869
11
89.0224159999999927
21
-139.9425760000000025
0
LINE
8
Edge.Cuts
6
CONTINUOUS
10
89.0224159999999927
20
-139.9425760000000025
11
89.0200990000000019
21
-139.9405050000000017
0
LINE
8
Edge.Cuts
6
CONTINUOUS
10
89.0200990000000019
20
-139.9405050000000017
11
89.017792
21
-139.938414999999992
0
LINE
8
Edge.Cuts
6
CONTINUOUS
10
89.017792
20
-139.938414999999992
11
89.0154969999999963
21
-139.9363089999999943
0
LINE
8
Edge.Cuts
6
CONTINUOUS
10
89.0154969999999963
20
-139.9363089999999943
11
89.0132109999999983
21
-139.9341849999999852
0
LINE
8
Edge.Cuts
6
CONTINUOUS
10
89.0132109999999983
20
-139.9341849999999852
11
89.0109369999999984
21
-139.9320439999999905
0
LINE
8
Edge.Cuts
6
CONTINUOUS
10
89.0109369999999984
20
-139.9320439999999905
11
89.0086739999999992
21
-139.9298849999999845
0
LINE
8
Edge.Cuts
6
CONTINUOUS
10
89.0086739999999992
20
-139.9298849999999845
11
89.0064209999999889
21
-139.9277099999999905
0
LINE
8
Edge.Cuts
6
CONTINUOUS
10
89.0064209999999889
20
-139.9277099999999905
11
89.004179999999991
21
-139.925516999999985
0
LINE
8
Edge.Cuts
6
CONTINUOUS
10
89.004179999999991
20
-139.925516999999985
11
89.0019489999999962
21
-139.9233069999999941
0
LINE
8
Edge.Cuts
6
CONTINUOUS
10
89.0019489999999962
20
-139.9233069999999941
11
88.9997299999999996
21
-139.9210789999999918
0
LINE
8
Edge.Cuts
6
CONTINUOUS
10
88.9997299999999996
20
-139.9210789999999918
11
88.9975209999999919
21
-139.9188340000000039
0
LINE
8
Edge.Cuts
6
CONTINUOUS
10
88.9975209999999919
20
-139.9188340000000039
11
88.9953239999999965
21
-139.9165720000000022
0
LINE
8
Edge.Cuts
6
CONTINUOUS
10
88.9953239999999965
20
-139.9165720000000022
11
88.9931380000000019
21
-139.914293999999984
0
LINE
8
Edge.Cuts
6
CONTINUOUS
10
88.9931380000000019
20
-139.914293999999984
11
88.9909639999999911
21
-139.9119969999999853
0
LINE
8
Edge.Cuts
6
CONTINUOUS
10
88.9909639999999911
20
-139.9119969999999853
11
88.9888009999999952
21
-139.9096839999999986
0
LINE
8
Edge.Cuts
6
CONTINUOUS
10
88.9888009999999952
20
-139.9096839999999986
11
88.9866489999999999
21
-139.907353999999998
0
LINE
8
Edge.Cuts
6
CONTINUOUS
10
88.9866489999999999
20
-139.907353999999998
11
88.9845079999999911
21
-139.9050069999999835
0
LINE
8
Edge.Cuts
6
CONTINUOUS
10
88.9845079999999911
20
-139.9050069999999835
11
88.982379999999992
21
-139.902641999999986
0
LINE
8
Edge.Cuts
6
CONTINUOUS
10
88.982379999999992
20
-139.902641999999986
11
88.9802629999999937
21
-139.9002610000000004
0
LINE
8
Edge.Cuts
6
CONTINUOUS
10
88.9802629999999937
20
-139.9002610000000004
11
88.9781569999999959
21
-139.8978620000000035
0
LINE
8
Edge.Cuts
6
CONTINUOUS
10
88.9781569999999959
20
-139.8978620000000035
11
88.9760629999999964
21
-139.8954469999999901
0
LINE
8
Edge.Cuts
6
CONTINUOUS
10
88.9760629999999964
20
-139.8954469999999901
11
88.9739809999999949
21
-139.8930139999999938
0
LINE
8
Edge.Cuts
6
CONTINUOUS
10
88.9739809999999949
20
-139.8930139999999938
11
88.9719109999999915
21
-139.890564999999981
0
LINE
8
Edge.Cuts
6
CONTINUOUS
10
88.9719109999999915
20
-139.890564999999981
11
88.9698530000000005
21
-139.8880989999999827
0
LINE
8
Edge.Cuts
6
CONTINUOUS
10
88.9698530000000005
20
-139.8880989999999827
11
88.9678069999999934
21
-139.8856159999999988
0
LINE
8
Edge.Cuts
6
CONTINUOUS
10
88.9678069999999934
20
-139.8856159999999988
11
88.9657720000000012
21
-139.8831150000000036
0
LINE
8
Edge.Cuts
6
CONTINUOUS
10
88.9657720000000012
20
-139.8831150000000036
11
88.9637499999999903
21
-139.8805989999999895
0
LINE
8
Edge.Cuts
6
CONTINUOUS
10
88.9637499999999903
20
-139.8805989999999895
11
88.9617399999999918
21
-139.8780649999999923
0
LINE
8
Edge.Cuts
6
CONTINUOUS
10
88.9617399999999918
20
-139.8780649999999923
11
88.9597429999999889
21
-139.8755139999999813
0
LINE
8
Edge.Cuts
6
CONTINUOUS
10
88.9597429999999889
20
-139.8755139999999813
11
88.9577570000000009
21
-139.8729459999999847
0
LINE
8
Edge.Cuts
6
CONTINUOUS
10
88.9577570000000009
20
-139.8729459999999847
11
88.9557839999999942
21
-139.8703620000000001
0
LINE
8
Edge.Cuts
6
CONTINUOUS
10
88.9557839999999942
20
-139.8703620000000001
11
88.9538229999999999
21
-139.8677610000000016
0
LINE
8
Edge.Cuts
6
CONTINUOUS
10
88.9538229999999999
20
-139.8677610000000016
11
88.9518750000000011
21
-139.8651429999999891
0
LINE
8
Edge.Cuts
6
CONTINUOUS
10
88.9518750000000011
20
-139.8651429999999891
11
88.9499390000000005
21
-139.8625089999999886
0
LINE
8
Edge.Cuts
6
CONTINUOUS
10
88.9499390000000005
20
-139.8625089999999886
11
88.9480159999999955
21
-139.8598580000000027
0
LINE
8
Edge.Cuts
6
CONTINUOUS
10
88.9480159999999955
20
-139.8598580000000027
11
88.9461050000000029
21
-139.8571890000000053
0
LINE
8
Edge.Cuts
6
CONTINUOUS
10
88.9461050000000029
20
-139.8571890000000053
11
88.9442069999999916
21
-139.854504999999989
0
LINE
8
Edge.Cuts
6
CONTINUOUS
10
88.9442069999999916
20
-139.854504999999989
11
88.9423209999999926
21
-139.8518029999999897
0
LINE
8
Edge.Cuts
6
CONTINUOUS
10
88.9423209999999926
20
-139.8518029999999897
11
88.940449000000001
21
-139.8490850000000023
0
LINE
8
Edge.Cuts
6
CONTINUOUS
10
88.940449000000001
20
-139.8490850000000023
11
88.9385889999999932
21
-139.8463509999999985
0
LINE
8
Edge.Cuts
6
CONTINUOUS
10
88.9385889999999932
20
-139.8463509999999985
11
88.9367429999999928
21
-139.8435989999999833
0
LINE
8
Edge.Cuts
6
CONTINUOUS
10
88.9367429999999928
20
-139.8435989999999833
11
88.9349089999999904
21
-139.8408309999999801
0
LINE
8
Edge.Cuts
6
CONTINUOUS
10
88.9349089999999904
20
-139.8408309999999801
11
88.9330879999999979
21
-139.8380469999999889
0
LINE
8
Edge.Cuts
6
CONTINUOUS
10
88.9330879999999979
20
-139.8380469999999889
11
88.931280000000001
21
-139.8352459999999837
0
LINE
8
Edge.Cuts
6
CONTINUOUS
10
88.931280000000001
20
-139.8352459999999837
11
88.9294859999999971
21
-139.8324279999999931
0
LINE
8
Edge.Cuts
6
CONTINUOUS
10
88.9294859999999971
20
-139.8324279999999931
11
88.9277039999999914
21
-139.829593999999986
0
LINE
8
Edge.Cuts
6
CONTINUOUS
10
88.9277039999999914
20
-139.829593999999986
11
88.925935999999993
21
-139.8267429999999933
0
LINE
8
Edge.Cuts
6
CONTINUOUS
10
88.925935999999993
20
-139.8267429999999933
11
88.9241820000000018
21
-139.8238759999999843
0
LINE
8
Edge.Cuts
6
CONTINUOUS
10
88.9241820000000018
20
-139.8238759999999843
11
88.9224399999999946
21
-139.8209919999999897
0
LINE
8
Edge.Cuts
6
CONTINUOUS
10
88.9224399999999946
20
-139.8209919999999897
11
88.9207119999999946
21
-139.8180920000000071
0
LINE
8
Edge.Cuts
6
CONTINUOUS
10
88.9207119999999946
20
-139.8180920000000071
11
88.918998000000002
21
-139.8151749999999822
0
LINE
8
Edge.Cuts
6
CONTINUOUS
10
88.918998000000002
20
-139.8151749999999822
11
88.9172969999999907
21
-139.8122419999999977
0
LINE
8
Edge.Cuts
6
CONTINUOUS
10
88.9172969999999907
20
-139.8122419999999977
11
88.916325999999998
21
-139.8105489999999804
0
LINE
8
Edge.Cuts
6
CONTINUOUS
10
89.7625349999999997
20
-139.3169269999999926
11
89.7642469999999975
21
-139.319942999999995
0
LINE
8
Edge.Cuts
6
CONTINUOUS
10
89.7642469999999975
20
-139.319942999999995
11
89.7659379999999913
21
-139.3229619999999898
0
LINE
8
Edge.Cuts
6
CONTINUOUS
10
89.7659379999999913
20
-139.3229619999999898
11
89.7676079999999956
21
-139.3259850000000029
0
LINE
8
Edge.Cuts
6
CONTINUOUS
10
89.7676079999999956
20
-139.3259850000000029
11
89.7692569999999961
21
-139.3290120000000059
0
LINE
8
Edge.Cuts
6
CONTINUOUS
10
89.7692569999999961
20
-139.3290120000000059
11
89.7708849999999927
21
-139.3320420000000013
0
LINE
8
Edge.Cuts
6
CONTINUOUS
10
89.7708849999999927
20
-139.3320420000000013
11
89.7724929999999972
21
-139.3350759999999866
0
LINE
8
Edge.Cuts
6
CONTINUOUS
10
89.7724929999999972
20
-139.3350759999999866
11
89.7740799999999979
21
-139.3381139999999903
0
LINE
8
Edge.Cuts
6
CONTINUOUS
10
89.7740799999999979
20
-139.3381139999999903
11
89.7756459999999947
21
-139.3411539999999889
0
LINE
8
Edge.Cuts
6
CONTINUOUS
10
89.7756459999999947
20
-139.3411539999999889
11
89.7771919999999994
21
-139.3441980000000058
0
LINE
8
Edge.Cuts
6
CONTINUOUS
10
89.7771919999999994
20
-139.3441980000000058
11
89.7787160000000029
21
-139.3472449999999867
0
LINE
8
Edge.Cuts
6
CONTINUOUS
10
89.7787160000000029
20
-139.3472449999999867
11
89.7802199999999999
21
-139.350295999999986
0
LINE
8
Edge.Cuts
6
CONTINUOUS
10
89.7802199999999999
20
-139.350295999999986
11
89.7817029999999932
21
-139.3533489999999802
0
LINE
8
Edge.Cuts
6
CONTINUOUS
10
89.7817029999999932
20
-139.3533489999999802
11
89.7831659999999943
21
-139.3564059999999927
0
LINE
8
Edge.Cuts
6
CONTINUOUS
10
89.7831659999999943
20
-139.3564059999999927
11
89.7846069999999941
21
-139.3594650000000001
0
LINE
8
Edge.Cuts
6
CONTINUOUS
10
89.7846069999999941
20
-139.3594650000000001
11
89.7860280000000017
21
-139.3625279999999975
0
LINE
8
Edge.Cuts
6
CONTINUOUS
10
89.7860280000000017
20
-139.3625279999999975
11
89.7874279999999914
21
-139.3655929999999898
0
LINE
8
Edge.Cuts
6
CONTINUOUS
10
89.7874279999999914
20
-139.3655929999999898
11
89.7888079999999889
21
-139.368661000000003
0
LINE
8
Edge.Cuts
6
CONTINUOUS
10
89.7888079999999889
20
-139.368661000000003
11
89.7901669999999967
21
-139.3717309999999827
0
LINE
8
Edge.Cuts
6
CONTINUOUS
10
89.7901669999999967
20
-139.3717309999999827
11
89.7915050000000008
21
-139.3748039999999833
0
LINE
8
Edge.Cuts
6
CONTINUOUS
10
89.7915050000000008
20
-139.3748039999999833
11
89.792822000000001
21
-139.3778800000000047
0
LINE
8
Edge.Cuts
6
CONTINUOUS
10
89.792822000000001
20
-139.3778800000000047
11
89.7941189999999949
21
-139.3809579999999926
0
LINE
8
Edge.Cuts
6
CONTINUOUS
10
89.7941189999999949
20
-139.3809579999999926
11
89.7953940000000017
21
-139.3840380000000039
0
LINE
8
Edge.Cuts
6
CONTINUOUS
10
89.7953940000000017
20
-139.3840380000000039
11
89.7966499999999996
21
-139.3871199999999817
0
LINE
8
Edge.Cuts
6
CONTINUOUS
10
89.7966499999999996
20
-139.3871199999999817
11
89.7978839999999963
21
-139.3902049999999804
0
LINE
8
Edge.Cuts
6
CONTINUOUS
10
89.7978839999999963
20
-139.3902049999999804
11
89.7990980000000008
21
-139.3932920000000024
0
LINE
8
Edge.Cuts
6
CONTINUOUS
10
89.7990980000000008
20
-139.3932920000000024
11
89.8002910000000014
21
-139.396380999999991
0
LINE
8
Edge.Cuts
6
CONTINUOUS
10
89.8002910000000014
20
-139.396380999999991
11
89.8014639999999957
21
-139.3994710000000055
0
LINE
8
Edge.Cuts
6
CONTINUOUS
10
89.8014639999999957
20
-139.3994710000000055
11
89.8026160000000004
21
-139.4025639999999839
0
LINE
8
Edge.Cuts
6
CONTINUOUS
10
89.8026160000000004
20
-139.4025639999999839
11
89.8037470000000013
21
-139.4056579999999883
0
LINE
8
Edge.Cuts
6
CONTINUOUS
10
89.8037470000000013
20
-139.4056579999999883
11
89.8048569999999984
21
-139.4087539999999876
0
LINE
8
Edge.Cuts
6
CONTINUOUS
10
89.8048569999999984
20
-139.4087539999999876
11
89.8059469999999891
21
-139.4118519999999819
0
LINE
8
Edge.Cuts
6
CONTINUOUS
10
89.8059469999999891
20
-139.4118519999999819
11
89.8070159999999902
21
-139.4149510000000021
0
LINE
8
Edge.Cuts
6
CONTINUOUS
10
89.8070159999999902
20
-139.4149510000000021
11
89.8080649999999991
21
-139.4180519999999888
0
LINE
8
Edge.Cuts
6
CONTINUOUS
10
89.8080649999999991
20
-139.4180519999999888
11
89.8090929999999901
21
-139.4211540000000014
0
LINE
8
Edge.Cuts
6
CONTINUOUS
10
89.8090929999999901
20
-139.4211540000000014
11
89.8100999999999914
21
-139.4242579999999805
0
LINE
8
Edge.Cuts
6
CONTINUOUS
10
89.8100999999999914
20
-139.4242579999999805
11
89.8110870000000006
21
-139.427361999999988
0
LINE
8
Edge.Cuts
6
CONTINUOUS
10
89.8110870000000006
20
-139.427361999999988
11
89.8120529999999917
21
-139.4304679999999905
0
LINE
8
Edge.Cuts
6
CONTINUOUS
10
89.8120529999999917
20
-139.4304679999999905
11
89.8129989999999907
21
-139.4335749999999905
0
LINE
8
Edge.Cuts
6
CONTINUOUS
10
89.8129989999999907
20
-139.4335749999999905
11
89.8139240000000001
21
-139.4366829999999879
0
LINE
8
Edge.Cuts
6
CONTINUOUS
10
89.8139240000000001
20
-139.4366829999999879
11
89.8148289999999889
21
-139.4397919999999829
0
LINE
8
Edge.Cuts
6
CONTINUOUS
10
89.8148289999999889
20
-139.4397919999999829
11
89.8157119999999907
21
-139.4429020000000037
0
LINE
8
Edge.Cuts
6
CONTINUOUS
10
89.8157119999999907
20
-139.4429020000000037
11
89.8165759999999977
21
-139.4460119999999961
0
LINE
8
Edge.Cuts
6
CONTINUOUS
10
89.8165759999999977
20
-139.4460119999999961
11
89.817419000000001
21
-139.449122999999986
0
LINE
8
Edge.Cuts
6
CONTINUOUS
10
89.817419000000001
20
-139.449122999999986
11
89.8182410000000004
21
-139.4522350000000017
0
LINE
8
Edge.Cuts
6
CONTINUOUS
10
89.8182410000000004
20
-139.4522350000000017
11
89.8190429999999935
21
-139.4553479999999865
0
LINE
8
Edge.Cuts
6
CONTINUOUS
10
89.8190429999999935
20
-139.4553479999999865
11
89.819823999999997
21
-139.4584600000000023
0
LINE
8
Edge.Cuts
6
CONTINUOUS
10
89.819823999999997
20
-139.4584600000000023
11
89.8205849999999941
21
-139.4615729999999871
0
LINE
8
Edge.Cuts
6
CONTINUOUS
10
89.8205849999999941
20
-139.4615729999999871
11
89.8213250000000016
21
-139.4646869999999979
0
LINE
8
Edge.Cuts
6
CONTINUOUS
10
89.8213250000000016
20
-139.4646869999999979
11
89.8220439999999911
21
-139.4678009999999801
0
LINE
8
Edge.Cuts
6
CONTINUOUS
10
89.8220439999999911
20
-139.4678009999999801
11
89.8227440000000001
21
-139.4709139999999934
0
LINE
8
Edge.Cuts
6
CONTINUOUS
10
89.8227440000000001
20
-139.4709139999999934
11
89.8234219999999937
21
-139.4740280000000041
0
LINE
8
Edge.Cuts
6
CONTINUOUS
10
89.8234219999999937
20
-139.4740280000000041
11
89.8240809999999925
21
-139.4771419999999864
0
LINE
8
Edge.Cuts
6
CONTINUOUS
10
89.8240809999999925
20
-139.4771419999999864
11
89.8247190000000018
21
-139.4802559999999971
0
LINE
8
Edge.Cuts
6
CONTINUOUS
10
89.8247190000000018
20
-139.4802559999999971
11
89.825335999999993
21
-139.483368999999982
0
LINE
8
Edge.Cuts
6
CONTINUOUS
10
89.825335999999993
20
-139.483368999999982
11
89.825932999999992
21
-139.4864829999999927
0
LINE
8
Edge.Cuts
6
CONTINUOUS
10
89.825932999999992
20
-139.4864829999999927
11
89.826509999999999
21
-139.4895960000000059
0
LINE
8
Edge.Cuts
6
CONTINUOUS
10
89.826509999999999
20
-139.4895960000000059
11
89.8270660000000021
21
-139.4927079999999933
0
LINE
8
Edge.Cuts
6
CONTINUOUS
10
89.8270660000000021
20
-139.4927079999999933
11
89.8276010000000014
21
-139.4958199999999806
0
LINE
8
Edge.Cuts
6
CONTINUOUS
10
89.8276010000000014
20
-139.4958199999999806
11
89.8281169999999918
21
-139.4989319999999964
0
LINE
8
Edge.Cuts
6
CONTINUOUS
10
89.8281169999999918
20
-139.4989319999999964
11
89.8286119999999926
21
-139.5020419999999888
0
LINE
8
Edge.Cuts
6
CONTINUOUS
10
89.8286119999999926
20
-139.5020419999999888
11
89.8290870000000012
21
-139.5051519999999812
0
LINE
8
Edge.Cuts
6
CONTINUOUS
10
89.8290870000000012
20
-139.5051519999999812
11
89.8295409999999919
21
-139.5082610000000045
0
LINE
8
Edge.Cuts
6
CONTINUOUS
10
89.8295409999999919
20
-139.5082610000000045
11
89.8299749999999904
21
-139.5113699999999994
0
LINE
8
Edge.Cuts
6
CONTINUOUS
10
89.8299749999999904
20
-139.5113699999999994
11
89.8303889999999967
21
-139.5144769999999994
0
LINE
8
Edge.Cuts
6
CONTINUOUS
10
89.8303889999999967
20
-139.5144769999999994
11
89.8307819999999992
21
-139.5175830000000019
0
LINE
8
Edge.Cuts
6
CONTINUOUS
10
89.8307819999999992
20
-139.5175830000000019
11
89.8311549999999954
21
-139.5206880000000069
0
LINE
8
Edge.Cuts
6
CONTINUOUS
10
89.8311549999999954
20
-139.5206880000000069
11
89.8315079999999995
21
-139.523791999999986
0
LINE
8
Edge.Cuts
6
CONTINUOUS
10
89.8315079999999995
20
-139.523791999999986
11
89.8318399999999997
21
-139.5268949999999961
0
LINE
8
Edge.Cuts
6
CONTINUOUS
10
89.8318399999999997
20
-139.5268949999999961
11
89.832152999999991
21
-139.5299959999999828
0
LINE
8
Edge.Cuts
6
CONTINUOUS
10
89.832152999999991
20
-139.5299959999999828
11
89.8324449999999928
21
-139.5330960000000005
0
LINE
8
Edge.Cuts
6
CONTINUOUS
10
89.8324449999999928
20
-139.5330960000000005
11
89.8327159999999907
21
-139.5361939999999947
0
LINE
8
Edge.Cuts
6
CONTINUOUS
10
89.8327159999999907
20
-139.5361939999999947
11
89.8329679999999939
21
-139.5392899999999941
0
LINE
8
Edge.Cuts
6
CONTINUOUS
10
89.8329679999999939
20
-139.5392899999999941
11
89.8331989999999934
21
-139.5423849999999959
0
LINE
8
Edge.Cuts
6
CONTINUOUS
10
89.8331989999999934
20
-139.5423849999999959
11
89.8334109999999981
21
-139.5454780000000028
0
LINE
8
Edge.Cuts
6
CONTINUOUS
10
89.8334109999999981
20
-139.5454780000000028
11
89.8336019999999991
21
-139.5485689999999863
0
LINE
8
Edge.Cuts
6
CONTINUOUS
10
89.8336019999999991
20
-139.5485689999999863
11
89.8337729999999937
21
-139.5516580000000033
0
LINE
8
Edge.Cuts
6
CONTINUOUS
10
89.8337729999999937
20
-139.5516580000000033
11
89.8339229999999986
21
-139.5547449999999969
0
LINE
8
Edge.Cuts
6
CONTINUOUS
10
89.8339229999999986
20
-139.5547449999999969
11
89.8340539999999947
21
-139.5578299999999956
0
LINE
8
Edge.Cuts
6
CONTINUOUS
10
89.8340539999999947
20
-139.5578299999999956
11
89.8341649999999987
21
-139.5609129999999993
0
LINE
8
Edge.Cuts
6
CONTINUOUS
10
89.8341649999999987
20
-139.5609129999999993
11
89.8342549999999989
21
-139.5639939999999797
0
LINE
8
Edge.Cuts
6
CONTINUOUS
10
89.8342549999999989
20
-139.5639939999999797
11
89.8343249999999927
21
-139.567071999999996
0
LINE
8
Edge.Cuts
6
CONTINUOUS
10
89.8343249999999927
20
-139.567071999999996
11
89.8343759999999918
21
-139.570147999999989
0
LINE
8
Edge.Cuts
6
CONTINUOUS
10
89.8343759999999918
20
-139.570147999999989
11
89.8344060000000013
21
-139.5732209999999895
0
LINE
8
Edge.Cuts
6
CONTINUOUS
10
89.8344060000000013
20
-139.5732209999999895
11
89.8344159999999903
21
-139.5762919999999951
0
LINE
8
Edge.Cuts
6
CONTINUOUS
10
89.8344159999999903
20
-139.5762919999999951
11
89.8344069999999988
21
-139.5793589999999824
0
LINE
8
Edge.Cuts
6
CONTINUOUS
10
89.8344069999999988
20
-139.5793589999999824
11
89.8343769999999893
21
-139.5824250000000006
0
LINE
8
Edge.Cuts
6
CONTINUOUS
10
89.8343769999999893
20
-139.5824250000000006
11
89.8343270000000018
21
-139.5854870000000005
0
LINE
8
Edge.Cuts
6
CONTINUOUS
10
89.8343270000000018
20
-139.5854870000000005
11
89.8342579999999913
21
-139.5885470000000055
0
LINE
8
Edge.Cuts
6
CONTINUOUS
10
89.8342579999999913
20
-139.5885470000000055
11
89.8341679999999911
21
-139.5916029999999921
0
LINE
8
Edge.Cuts
6
CONTINUOUS
10
89.8341679999999911
20
-139.5916029999999921
11
89.8340589999999963
21
-139.5946559999999863
0
LINE
8
Edge.Cuts
6
CONTINUOUS
10
89.8340589999999963
20
-139.5946559999999863
11
89.8339289999999977
21
-139.5977069999999856
0
LINE
8
Edge.Cuts
6
CONTINUOUS
10
89.8339289999999977
20
-139.5977069999999856
11
89.8337799999999902
21
-139.6007539999999949
0
LINE
8
Edge.Cuts
6
CONTINUOUS
10
89.8337799999999902
20
-139.6007539999999949
11
89.8336109999999906
21
-139.6037969999999859
0
LINE
8
Edge.Cuts
6
CONTINUOUS
10
89.8336109999999906
20
-139.6037969999999859
11
89.8334219999999988
21
-139.606837999999982
0
LINE
8
Edge.Cuts
6
CONTINUOUS
10
89.8334219999999988
20
-139.606837999999982
11
89.8332130000000006
21
-139.6098739999999907
0
LINE
8
Edge.Cuts
6
CONTINUOUS
10
89.8332130000000006
20
-139.6098739999999907
11
89.8329849999999936
21
-139.6129080000000044
0
LINE
8
Edge.Cuts
6
CONTINUOUS
10
89.8329849999999936
20
-139.6129080000000044
11
89.8327369999999945
21
-139.6159370000000024
0
LINE
8
Edge.Cuts
6
CONTINUOUS
10
89.8327369999999945
20
-139.6159370000000024
11
89.8324679999999915
21
-139.6189629999999795
0
LINE
8
Edge.Cuts
6
CONTINUOUS
10
89.8324679999999915
20
-139.6189629999999795
11
89.8321809999999914
21
-139.6219849999999951
0
LINE
8
Edge.Cuts
6
CONTINUOUS
10
89.8321809999999914
20
-139.6219849999999951
11
89.8318730000000016
21
-139.6250029999999924
0
LINE
8
Edge.Cuts
6
CONTINUOUS
10
89.8318730000000016
20
-139.6250029999999924
11
89.831546000000003
21
-139.6280169999999998
0
LINE
8
Edge.Cuts
6
CONTINUOUS
10
89.831546000000003
20
-139.6280169999999998
11
89.831198999999998
21
-139.6310279999999864
0
LINE
8
Edge.Cuts
6
CONTINUOUS
10
89.831198999999998
20
-139.6310279999999864
11
89.8308320000000009
21
-139.6340339999999856
0
LINE
8
Edge.Cuts
6
CONTINUOUS
10
89.8308320000000009
20
-139.6340339999999856
11
89.8304459999999949
21
-139.6370359999999948
0
LINE
8
Edge.Cuts
6
CONTINUOUS
10
89.8304459999999949
20
-139.6370359999999948
11
89.8300399999999968
21
-139.6400329999999883
0
LINE
8
Edge.Cuts
6
CONTINUOUS
10
89.8300399999999968
20
-139.6400329999999883
11
89.8296149999999898
21
-139.6430269999999894
0
LINE
8
Edge.Cuts
6
CONTINUOUS
10
89.8296149999999898
20
-139.6430269999999894
11
89.8291699999999906
21
-139.646016000000003
0
LINE
8
Edge.Cuts
6
CONTINUOUS
10
89.8291699999999906
20
-139.646016000000003
11
89.8287049999999994
21
-139.6490000000000009
0
LINE
8
Edge.Cuts
6
CONTINUOUS
10
89.8287049999999994
20
-139.6490000000000009
11
89.8282209999999992
21
-139.6519799999999805
0
LINE
8
Edge.Cuts
6
CONTINUOUS
10
89.8282209999999992
20
-139.6519799999999805
11
89.8277179999999902
21
-139.6549550000000011
0
LINE
8
Edge.Cuts
6
CONTINUOUS
10
89.8277179999999902
20
-139.6549550000000011
11
89.827194999999989
21
-139.6579260000000033
0
LINE
8
Edge.Cuts
6
CONTINUOUS
10
89.827194999999989
20
-139.6579260000000033
11
89.8266519999999957
21
-139.6608919999999898
0
LINE
8
Edge.Cuts
6
CONTINUOUS
10
89.8266519999999957
20
-139.6608919999999898
11
89.8260899999999936
21
-139.6638519999999914
0
LINE
8
Edge.Cuts
6
CONTINUOUS
10
89.8260899999999936
20
-139.6638519999999914
11
89.8255089999999967
21
-139.6668080000000032
0
LINE
8
Edge.Cuts
6
CONTINUOUS
10
89.8255089999999967
20
-139.6668080000000032
11
89.8249079999999935
21
-139.6697589999999991
0
LINE
8
Edge.Cuts
6
CONTINUOUS
10
89.8249079999999935
20
-139.6697589999999991
11
89.8242879999999957
21
-139.6727050000000077
0
LINE
8
Edge.Cuts
6
CONTINUOUS
10
89.8242879999999957
20
-139.6727050000000077
11
89.823648999999989
21
-139.6756450000000029
0
LINE
8
Edge.Cuts
6
CONTINUOUS
10
89.823648999999989
20
-139.6756450000000029
11
89.8229899999999901
21
-139.6785799999999824
0
LINE
8
Edge.Cuts
6
CONTINUOUS
10
89.8229899999999901
20
-139.6785799999999824
11
89.8223119999999966
21
-139.6815100000000029
0
LINE
8
Edge.Cuts
6
CONTINUOUS
10
89.8223119999999966
20
-139.6815100000000029
11
89.8216139999999967
21
-139.6844350000000077
0
LINE
8
Edge.Cuts
6
CONTINUOUS
10
89.8216139999999967
20
-139.6844350000000077
11
89.8208979999999997
21
-139.6873530000000017
0
LINE
8
Edge.Cuts
6
CONTINUOUS
10
89.8208979999999997
20
-139.6873530000000017
11
89.8201619999999963
21
-139.6902670000000057
0
LINE
8
Edge.Cuts
6
CONTINUOUS
10
89.8201619999999963
20
-139.6902670000000057
11
89.8194069999999982
21
-139.6931739999999991
0
LINE
8
Edge.Cuts
6
CONTINUOUS
10
89.8194069999999982
20
-139.6931739999999991
11
89.8186319999999938
21
-139.6960770000000025
0
LINE
8
Edge.Cuts
6
CONTINUOUS
10
89.8186319999999938
20
-139.6960770000000025
11
89.8178389999999922
21
-139.6989729999999952
0
LINE
8
Edge.Cuts
6
CONTINUOUS
10
89.8178389999999922
20
-139.6989729999999952
11
89.8170259999999985
21
-139.701863000000003
0
LINE
8
Edge.Cuts
6
CONTINUOUS
10
89.8170259999999985
20
-139.701863000000003
11
89.8161949999999933
21
-139.7047469999999976
0
LINE
8
Edge.Cuts
6
CONTINUOUS
10
89.8161949999999933
20
-139.7047469999999976
11
89.8153439999999961
21
-139.7076260000000048
0
LINE
8
Edge.Cuts
6
CONTINUOUS
10
89.8153439999999961
20
-139.7076260000000048
11
89.8144739999999899
21
-139.7104980000000012
0
LINE
8
Edge.Cuts
6
CONTINUOUS
10
89.8144739999999899
20
-139.7104980000000012
11
89.8135849999999891
21
-139.7133649999999818
0
LINE
8
Edge.Cuts
6
CONTINUOUS
10
89.8135849999999891
20
-139.7133649999999818
11
89.8126779999999911
21
-139.7162239999999827
0
LINE
8
Edge.Cuts
6
CONTINUOUS
10
89.8126779999999911
20
-139.7162239999999827
11
89.811751000000001
21
-139.7190779999999961
0
LINE
8
Edge.Cuts
6
CONTINUOUS
10
89.811751000000001
20
-139.7190779999999961
11
89.810805000000002
21
-139.7219249999999988
0
LINE
8
Edge.Cuts
6
CONTINUOUS
10
89.810805000000002
20
-139.7219249999999988
11
89.8098399999999941
21
-139.7247659999999883
0
LINE
8
Edge.Cuts
6
CONTINUOUS
10
89.8098399999999941
20
-139.7247659999999883
11
89.8088569999999891
21
-139.7275999999999954
0
LINE
8
Edge.Cuts
6
CONTINUOUS
10
89.8088569999999891
20
-139.7275999999999954
11
89.8078539999999919
21
-139.7304279999999892
0
LINE
8
Edge.Cuts
6
CONTINUOUS
10
89.8078539999999919
20
-139.7304279999999892
11
89.8068329999999975
21
-139.7332480000000032
0
LINE
8
Edge.Cuts
6
CONTINUOUS
10
89.8068329999999975
20
-139.7332480000000032
11
89.8057919999999967
21
-139.7360630000000015
0
LINE
8
Edge.Cuts
6
CONTINUOUS
10
89.8057919999999967
20
-139.7360630000000015
11
89.8047339999999963
21
-139.7388699999999915
0
LINE
8
Edge.Cuts
6
CONTINUOUS
10
89.8047339999999963
20
-139.7388699999999915
11
89.8036559999999895
21
-139.7416709999999966
0
LINE
8
Edge.Cuts
6
CONTINUOUS
10
89.8036559999999895
20
-139.7416709999999966
11
89.8025590000000022
21
-139.7444639999999936
0
LINE
8
Edge.Cuts
6
CONTINUOUS
10
89.8025590000000022
20
-139.7444639999999936
11
89.8014439999999894
21
-139.7472510000000057
0
LINE
8
Edge.Cuts
6
CONTINUOUS
10
89.8014439999999894
20
-139.7472510000000057
11
89.8003099999999961
21
-139.7500299999999811
0
LINE
8
Edge.Cuts
6
CONTINUOUS
10
89.8003099999999961
20
-139.7500299999999811
11
89.7991569999999939
21
-139.7528020000000026
0
LINE
8
Edge.Cuts
6
CONTINUOUS
10
89.7991569999999939
20
-139.7528020000000026
11
89.7979859999999945
21
-139.755566999999985
0
LINE
8
Edge.Cuts
6
CONTINUOUS
10
89.7979859999999945
20
-139.755566999999985
11
89.7967960000000005
21
-139.758324999999985
0
LINE
8
Edge.Cuts
6
CONTINUOUS
10
89.7967960000000005
20
-139.758324999999985
11
89.7955869999999976
21
-139.7610750000000053
0
LINE
8
Edge.Cuts
6
CONTINUOUS
10
89.7955869999999976
20
-139.7610750000000053
11
89.7943599999999975
21
-139.7638179999999863
0
LINE
8
Edge.Cuts
6
CONTINUOUS
10
89.7943599999999975
20
-139.7638179999999863
11
89.7931150000000002
21
-139.7665519999999901
0
LINE
8
Edge.Cuts
6
CONTINUOUS
10
89.7931150000000002
20
-139.7665519999999901
11
89.7918499999999966
21
-139.7692799999999806
0
LINE
8
Edge.Cuts
6
CONTINUOUS
10
89.7918499999999966
20
-139.7692799999999806
11
89.7905679999999933
21
-139.7719999999999914
0
LINE
8
Edge.Cuts
6
CONTINUOUS
10
89.7905679999999933
20
-139.7719999999999914
11
89.7892659999999978
21
-139.7747129999999913
0
LINE
8
Edge.Cuts
6
CONTINUOUS
10
89.7892659999999978
20
-139.7747129999999913
11
89.7879470000000026
21
-139.7774169999999856
0
LINE
8
Edge.Cuts
6
CONTINUOUS
10
89.7879470000000026
20
-139.7774169999999856
11
89.7866089999999986
21
-139.7801130000000001
0
LINE
8
Edge.Cuts
6
CONTINUOUS
10
89.7866089999999986
20
-139.7801130000000001
11
89.7852519999999998
21
-139.7828020000000038
0
LINE
8
Edge.Cuts
6
CONTINUOUS
10
89.7852519999999998
20
-139.7828020000000038
11
89.7838769999999897
21
-139.7854829999999993
0
LINE
8
Edge.Cuts
6
CONTINUOUS
10
89.7838769999999897
20
-139.7854829999999993
11
89.7824839999999966
21
-139.7881549999999891
0
LINE
8
Edge.Cuts
6
CONTINUOUS
10
89.7824839999999966
20
-139.7881549999999891
11
89.7810719999999947
21
-139.7908189999999991
0
LINE
8
Edge.Cuts
6
CONTINUOUS
10
89.7810719999999947
20
-139.7908189999999991
11
89.779642999999993
21
-139.7934750000000008
0
LINE
8
Edge.Cuts
6
CONTINUOUS
10
89.779642999999993
20
-139.7934750000000008
11
89.7781949999999966
21
-139.7961229999999944
0
LINE
8
Edge.Cuts
6
CONTINUOUS
10
89.7781949999999966
20
-139.7961229999999944
11
89.7767279999999914
21
-139.7987629999999797
0
LINE
8
Edge.Cuts
6
CONTINUOUS
10
89.7767279999999914
20
-139.7987629999999797
11
89.7752440000000007
21
-139.8013939999999877
0
LINE
8
Edge.Cuts
6
CONTINUOUS
10
89.7752440000000007
20
-139.8013939999999877
11
89.7737410000000011
21
-139.8040159999999901
0
LINE
8
Edge.Cuts
6
CONTINUOUS
10
89.7737410000000011
20
-139.8040159999999901
11
89.7722199999999901
21
-139.8066309999999817
0
LINE
8
Edge.Cuts
6
CONTINUOUS
10
89.7722199999999901
20
-139.8066309999999817
11
89.7706809999999962
21
-139.8092359999999985
0
LINE
8
Edge.Cuts
6
CONTINUOUS
10
89.7706809999999962
20
-139.8092359999999985
11
89.7691239999999908
21
-139.8118330000000071
0
LINE
8
Edge.Cuts
6
CONTINUOUS
10
89.7691239999999908
20
-139.8118330000000071
11
89.7675490000000025
21
-139.8144199999999842
0
LINE
8
Edge.Cuts
6
CONTINUOUS
10
89.7675490000000025
20
-139.8144199999999842
11
89.7659549999999911
21
-139.8170000000000073
0
LINE
8
Edge.Cuts
6
CONTINUOUS
10
89.7659549999999911
20
-139.8170000000000073
11
89.7643439999999941
21
-139.8195699999999988
0
LINE
8
Edge.Cuts
6
CONTINUOUS
10
89.7643439999999941
20
-139.8195699999999988
11
89.762715
21
-139.8221309999999846
0
LINE
8
Edge.Cuts
6
CONTINUOUS
10
89.762715
20
-139.8221309999999846
11
89.7610679999999945
21
-139.8246839999999906
0
LINE
8
Edge.Cuts
6
CONTINUOUS
10
89.7610679999999945
20
-139.8246839999999906
11
89.7594019999999944
21
-139.8272269999999935
0
LINE
8
Edge.Cuts
6
CONTINUOUS
10
89.7594019999999944
20
-139.8272269999999935
11
89.7577189999999945
21
-139.8297609999999906
0
LINE
8
Edge.Cuts
6
CONTINUOUS
10
89.7577189999999945
20
-139.8297609999999906
11
89.7560179999999974
21
-139.8322859999999821
0
LINE
8
Edge.Cuts
6
CONTINUOUS
10
89.7560179999999974
20
-139.8322859999999821
11
89.754298999999989
21
-139.8348009999999988
0
LINE
8
Edge.Cuts
6
CONTINUOUS
10
89.754298999999989
20
-139.8348009999999988
11
89.7525619999999975
21
-139.8373080000000073
0
LINE
8
Edge.Cuts
6
CONTINUOUS
10
89.7525619999999975
20
-139.8373080000000073
11
89.7508069999999947
21
-139.8398049999999841
0
LINE
8
Edge.Cuts
6
CONTINUOUS
10
89.7508069999999947
20
-139.8398049999999841
11
89.7490339999999946
21
-139.8422919999999863
0
LINE
8
Edge.Cuts
6
CONTINUOUS
10
89.7490339999999946
20
-139.8422919999999863
11
89.7472439999999949
21
-139.8447699999999827
0
LINE
8
Edge.Cuts
6
CONTINUOUS
10
89.7472439999999949
20
-139.8447699999999827
11
89.745435999999998
21
-139.8472390000000019
0
LINE
8
Edge.Cuts
6
CONTINUOUS
10
89.745435999999998
20
-139.8472390000000019
11
89.7436099999999897
21
-139.8496969999999919
0
LINE
8
Edge.Cuts
6
CONTINUOUS
10
89.7436099999999897
20
-139.8496969999999919
11
89.7417669999999958
21
-139.8521460000000047
0
LINE
8
Edge.Cuts
6
CONTINUOUS
10
89.7417669999999958
20
-139.8521460000000047
11
89.7399049999999932
21
-139.8545849999999859
0
LINE
8
Edge.Cuts
6
CONTINUOUS
10
89.7399049999999932
20
-139.8545849999999859
11
89.7380259999999907
21
-139.8570149999999899
0
LINE
8
Edge.Cuts
6
CONTINUOUS
10
89.7380259999999907
20
-139.8570149999999899
11
89.7361300000000028
21
-139.8594339999999931
0
LINE
8
Edge.Cuts
6
CONTINUOUS
10
89.7361300000000028
20
-139.8594339999999931
11
89.7342159999999893
21
-139.8618429999999933
0
LINE
8
Edge.Cuts
6
CONTINUOUS
10
89.7342159999999893
20
-139.8618429999999933
11
89.7322839999999928
21
-139.8642429999999877
0
LINE
8
Edge.Cuts
6
CONTINUOUS
10
89.7322839999999928
20
-139.8642429999999877
11
89.7303339999999992
21
-139.8666319999999814
0
LINE
8
Edge.Cuts
6
CONTINUOUS
10
89.7303339999999992
20
-139.8666319999999814
11
89.728367999999989
21
-139.8690110000000004
0
LINE
8
Edge.Cuts
6
CONTINUOUS
10
89.728367999999989
20
-139.8690110000000004
11
89.7263829999999984
21
-139.8713799999999878
0
LINE
8
Edge.Cuts
6
CONTINUOUS
10
89.7263829999999984
20
-139.8713799999999878
11
89.7243809999999939
21
-139.8737390000000005
0
LINE
8
Edge.Cuts
6
CONTINUOUS
10
89.7243809999999939
20
-139.8737390000000005
11
89.7223619999999897
21
-139.8760869999999841
0
LINE
8
Edge.Cuts
6
CONTINUOUS
10
89.7223619999999897
20
-139.8760869999999841
11
89.7203250000000025
21
-139.8784249999999929
0
LINE
8
Edge.Cuts
6
CONTINUOUS
10
89.7203250000000025
20
-139.8784249999999929
11
89.7182710000000014
21
-139.8807529999999986
0
LINE
8
Edge.Cuts
6
CONTINUOUS
10
89.7182710000000014
20
-139.8807529999999986
11
89.7161989999999889
21
-139.8830690000000061
0
LINE
8
Edge.Cuts
6
CONTINUOUS
10
89.7161989999999889
20
-139.8830690000000061
11
89.7141099999999909
21
-139.8853759999999795
0
LINE
8
Edge.Cuts
6
CONTINUOUS
10
89.7141099999999909
20
-139.8853759999999795
11
89.7120029999999957
21
-139.8876709999999832
0
LINE
8
Edge.Cuts
6
CONTINUOUS
10
89.7120029999999957
20
-139.8876709999999832
11
89.7098790000000008
21
-139.8899569999999812
0
LINE
8
Edge.Cuts
6
CONTINUOUS
10
89.7098790000000008
20
-139.8899569999999812
11
89.707737999999992
21
-139.8922309999999811
0
LINE
8
Edge.Cuts
6
CONTINUOUS
10
89.707737999999992
20
-139.8922309999999811
11
89.7055799999999977
21
-139.8944939999999804
0
LINE
8
Edge.Cuts
6
CONTINUOUS
10
89.7055799999999977
20
-139.8944939999999804
11
89.7034039999999919
21
-139.8967470000000048
0
LINE
8
Edge.Cuts
6
CONTINUOUS
10
89.7034039999999919
20
-139.8967470000000048
11
89.7012110000000007
21
-139.8989880000000028
0
LINE
8
Edge.Cuts
6
CONTINUOUS
10
89.7012110000000007
20
-139.8989880000000028
11
89.6990009999999955
21
-139.9012189999999975
0
LINE
8
Edge.Cuts
6
CONTINUOUS
10
89.6990009999999955
20
-139.9012189999999975
11
89.6967729999999932
21
-139.9034379999999942
0
LINE
8
Edge.Cuts
6
CONTINUOUS
10
89.6967729999999932
20
-139.9034379999999942
11
89.6945290000000028
21
-139.9056459999999902
0
LINE
8
Edge.Cuts
6
CONTINUOUS
10
89.6945290000000028
20
-139.9056459999999902
11
89.6922670000000011
21
-139.907843999999983
0
LINE
8
Edge.Cuts
6
CONTINUOUS
10
89.6922670000000011
20
-139.907843999999983
11
89.6899879999999996
21
-139.9100289999999802
0
LINE
8
Edge.Cuts
6
CONTINUOUS
10
89.6899879999999996
20
-139.9100289999999802
11
89.6876919999999984
21
-139.9122040000000027
0
LINE
8
Edge.Cuts
6
CONTINUOUS
10
89.6876919999999984
20
-139.9122040000000027
11
89.6853789999999975
21
-139.9143669999999986
0
LINE
8
Edge.Cuts
6
CONTINUOUS
10
89.6853789999999975
20
-139.9143669999999986
11
89.6830479999999994
21
-139.9165189999999939
0
LINE
8
Edge.Cuts
6
CONTINUOUS
10
89.6830479999999994
20
-139.9165189999999939
11
89.6807009999999991
21
-139.918658999999991
0
LINE
8
Edge.Cuts
6
CONTINUOUS
10
89.6807009999999991
20
-139.918658999999991
11
89.6783369999999991
21
-139.9207879999999875
0
LINE
8
Edge.Cuts
6
CONTINUOUS
10
89.6783369999999991
20
-139.9207879999999875
11
89.6759550000000019
21
-139.9229049999999859
0
LINE
8
Edge.Cuts
6
CONTINUOUS
10
89.6759550000000019
20
-139.9229049999999859
11
89.6735570000000024
21
-139.9250109999999836
0
LINE
8
Edge.Cuts
6
CONTINUOUS
10
89.6735570000000024
20
-139.9250109999999836
11
89.671141999999989
21
-139.9271039999999857
0
LINE
8
Edge.Cuts
6
CONTINUOUS
10
89.671141999999989
20
-139.9271039999999857
11
89.6687089999999927
21
-139.9291859999999872
0
LINE
8
Edge.Cuts
6
CONTINUOUS
10
89.6687089999999927
20
-139.9291859999999872
11
89.6662599999999941
21
-139.9312559999999905
0
LINE
8
Edge.Cuts
6
CONTINUOUS
10
89.6662599999999941
20
-139.9312559999999905
11
89.6637929999999983
21
-139.9333149999999932
0
LINE
8
Edge.Cuts
6
CONTINUOUS
10
89.6637929999999983
20
-139.9333149999999932
11
89.6613100000000003
21
-139.9353610000000003
0
LINE
8
Edge.Cuts
6
CONTINUOUS
10
89.6613100000000003
20
-139.9353610000000003
11
89.6588100000000026
21
-139.9373949999999809
0
LINE
8
Edge.Cuts
6
CONTINUOUS
10
89.6588100000000026
20
-139.9373949999999809
11
89.6562929999999909
21
-139.9394169999999917
0
LINE
8
Edge.Cuts
6
CONTINUOUS
10
89.6562929999999909
20
-139.9394169999999917
11
89.6537589999999938
21
-139.9414270000000045
0
LINE
8
Edge.Cuts
6
CONTINUOUS
10
89.6537589999999938
20
-139.9414270000000045
11
89.6512089999999944
21
-139.9434249999999906
0
LINE
8
Edge.Cuts
6
CONTINUOUS
10
89.6512089999999944
20
-139.9434249999999906
11
89.6486409999999978
21
-139.9454099999999812
0
LINE
8
Edge.Cuts
6
CONTINUOUS
10
89.6486409999999978
20
-139.9454099999999812
11
89.646056999999999
21
-139.9473830000000021
0
LINE
8
Edge.Cuts
6
CONTINUOUS
10
89.646056999999999
20
-139.9473830000000021
11
89.6434560000000005
21
-139.9493439999999964
0
LINE
8
Edge.Cuts
6
CONTINUOUS
10
89.6434560000000005
20
-139.9493439999999964
11
89.6408380000000022
21
-139.9512919999999951
0
LINE
8
Edge.Cuts
6
CONTINUOUS
10
89.6408380000000022
20
-139.9512919999999951
11
89.6382029999999901
21
-139.9532279999999957
0
LINE
8
Edge.Cuts
6
CONTINUOUS
10
89.6382029999999901
20
-139.9532279999999957
11
89.6355519999999899
21
-139.9551510000000007
0
LINE
8
Edge.Cuts
6
CONTINUOUS
10
89.6355519999999899
20
-139.9551510000000007
11
89.63288399999999
21
-139.9570620000000076
0
LINE
8
Edge.Cuts
6
CONTINUOUS
10
89.63288399999999
20
-139.9570620000000076
11
89.6302000000000021
21
-139.9589599999999905
0
LINE
8
Edge.Cuts
6
CONTINUOUS
10
89.6302000000000021
20
-139.9589599999999905
11
89.6274980000000028
21
-139.9608460000000036
0
LINE
8
Edge.Cuts
6
CONTINUOUS
10
89.6274980000000028
20
-139.9608460000000036
11
89.6247800000000012
21
-139.9627179999999953
0
LINE
8
Edge.Cuts
6
CONTINUOUS
10
89.6247800000000012
20
-139.9627179999999953
11
89.622045
21
-139.9645779999999888
0
LINE
8
Edge.Cuts
6
CONTINUOUS
10
89.622045
20
-139.9645779999999888
11
89.6192939999999965
21
-139.9664239999999893
0
LINE
8
Edge.Cuts
6
CONTINUOUS
10
89.6192939999999965
20
-139.9664239999999893
11
89.6165259999999932
21
-139.9682579999999916
0
LINE
8
Edge.Cuts
6
CONTINUOUS
10
89.6165259999999932
20
-139.9682579999999916
11
89.613742000000002
21
-139.9700789999999984
0
LINE
8
Edge.Cuts
6
CONTINUOUS
10
89.613742000000002
20
-139.9700789999999984
11
89.6109399999999994
21
-139.9718859999999836
0
LINE
8
Edge.Cuts
6
CONTINUOUS
10
89.6109399999999994
20
-139.9718859999999836
11
89.608122999999992
21
-139.9736809999999991
0
LINE
8
Edge.Cuts
6
CONTINUOUS
10
89.608122999999992
20
-139.9736809999999991
11
89.6052889999999991
21
-139.9754619999999932
0
LINE
8
Edge.Cuts
6
CONTINUOUS
10
89.6052889999999991
20
-139.9754619999999932
11
89.6024379999999923
21
-139.9772299999999916
0
LINE
8
Edge.Cuts
6
CONTINUOUS
10
89.6024379999999923
20
-139.9772299999999916
11
89.5995709999999974
21
-139.9789849999999944
0
LINE
8
Edge.Cuts
6
CONTINUOUS
10
89.5995709999999974
20
-139.9789849999999944
11
89.5966870000000029
21
-139.9807260000000042
0
LINE
8
Edge.Cuts
6
CONTINUOUS
10
89.5966870000000029
20
-139.9807260000000042
11
89.5937859999999944
21
-139.9824539999999899
0
LINE
8
Edge.Cuts
6
CONTINUOUS
10
89.5937859999999944
20
-139.9824539999999899
11
89.5908699999999953
21
-139.9841689999999801
0
LINE
8
Edge.Cuts
6
CONTINUOUS
10
89.5908699999999953
20
-139.9841689999999801
11
89.5879369999999966
21
-139.9858689999999797
0
LINE
8
Edge.Cuts
6
CONTINUOUS
10
89.5879369999999966
20
-139.9858689999999797
11
89.5862429999999961
21
-139.9868409999999983
0
LINE
8
Edge.Cuts
6
CONTINUOUS
10
90.8908129999999943
20
-143.3364190000000065
11
90.8891009999999966
21
-143.3334030000000041
0
LINE
8
Edge.Cuts
6
CONTINUOUS
10
90.8891009999999966
20
-143.3334030000000041
11
90.8874110000000002
21
-143.3303839999999809
0
LINE
8
Edge.Cuts
6
CONTINUOUS
10
90.8874110000000002
20
-143.3303839999999809
11
90.8857399999999984
21
-143.3273609999999962
0
LINE
8
Edge.Cuts
6
CONTINUOUS
10
90.8857399999999984
20
-143.3273609999999962
11
90.884090999999998
21
-143.3243339999999932
0
LINE
8
Edge.Cuts
6
CONTINUOUS
10
90.884090999999998
20
-143.3243339999999932
11
90.8824630000000013
21
-143.3213030000000003
0
LINE
8
Edge.Cuts
6
CONTINUOUS
10
90.8824630000000013
20
-143.3213030000000003
11
90.8808549999999968
21
-143.3182699999999841
0
LINE
8
Edge.Cuts
6
CONTINUOUS
10
90.8808549999999968
20
-143.3182699999999841
11
90.8792679999999962
21
-143.3152319999999804
0
LINE
8
Edge.Cuts
6
CONTINUOUS
10
90.8792679999999962
20
-143.3152319999999804
11
90.8777019999999993
21
-143.3121919999999818
0
LINE
8
Edge.Cuts
6
CONTINUOUS
10
90.8777019999999993
20
-143.3121919999999818
11
90.8761559999999946
21
-143.3091469999999958
0
LINE
8
Edge.Cuts
6
CONTINUOUS
10
90.8761559999999946
20
-143.3091469999999958
11
90.8746319999999912
21
-143.3060999999999865
0
LINE
8
Edge.Cuts
6
CONTINUOUS
10
90.8746319999999912
20
-143.3060999999999865
11
90.8731279999999941
21
-143.3030489999999872
0
LINE
8
Edge.Cuts
6
CONTINUOUS
10
90.8731279999999941
20
-143.3030489999999872
11
90.8716450000000009
21
-143.299995999999993
0
LINE
8
Edge.Cuts
6
CONTINUOUS
10
90.8716450000000009
20
-143.299995999999993
11
90.8701819999999998
21
-143.2969389999999805
0
LINE
8
Edge.Cuts
6
CONTINUOUS
10
90.8701819999999998
20
-143.2969389999999805
11
90.868741
21
-143.2938800000000015
0
LINE
8
Edge.Cuts
6
CONTINUOUS
10
90.868741
20
-143.2938800000000015
11
90.8673199999999923
21
-143.2908170000000041
0
LINE
8
Edge.Cuts
6
CONTINUOUS
10
90.8673199999999923
20
-143.2908170000000041
11
90.8659200000000027
21
-143.2877519999999834
0
LINE
8
Edge.Cuts
6
CONTINUOUS
10
90.8659200000000027
20
-143.2877519999999834
11
90.864539999999991
21
-143.2846839999999986
0
LINE
8
Edge.Cuts
6
CONTINUOUS
10
90.864539999999991
20
-143.2846839999999986
11
90.8631819999999948
21
-143.2816139999999905
0
LINE
8
Edge.Cuts
6
CONTINUOUS
10
90.8631819999999948
20
-143.2816139999999905
11
90.8618439999999907
21
-143.2785409999999899
0
LINE
8
Edge.Cuts
6
CONTINUOUS
10
90.8618439999999907
20
-143.2785409999999899
11
90.860525999999993
21
-143.275464999999997
0
LINE
8
Edge.Cuts
6
CONTINUOUS
10
90.860525999999993
20
-143.275464999999997
11
90.8592299999999966
21
-143.2723869999999806
0
LINE
8
Edge.Cuts
6
CONTINUOUS
10
90.8592299999999966
20
-143.2723869999999806
11
90.8579539999999923
21
-143.2693069999999977
0
LINE
8
Edge.Cuts
6
CONTINUOUS
10
90.8579539999999923
20
-143.2693069999999977
11
90.8566989999999919
21
-143.2662249999999915
0
LINE
8
Edge.Cuts
6
CONTINUOUS
10
90.8566989999999919
20
-143.2662249999999915
11
90.8554639999999978
21
-143.2631399999999928
0
LINE
8
Edge.Cuts
6
CONTINUOUS
10
90.8554639999999978
20
-143.2631399999999928
11
90.8542499999999933
21
-143.2600529999999992
0
LINE
8
Edge.Cuts
6
CONTINUOUS
10
90.8542499999999933
20
-143.2600529999999992
11
90.8530569999999926
21
-143.2569639999999822
0
LINE
8
Edge.Cuts
6
CONTINUOUS
10
90.8530569999999926
20
-143.2569639999999822
11
90.8518849999999958
21
-143.2538739999999962
0
LINE
8
Edge.Cuts
6
CONTINUOUS
10
90.8518849999999958
20
-143.2538739999999962
11
90.8507329999999911
21
-143.2507809999999893
0
LINE
8
Edge.Cuts
6
CONTINUOUS
10
90.8507329999999911
20
-143.2507809999999893
11
90.8496019999999902
21
-143.2476869999999849
0
LINE
8
Edge.Cuts
6
CONTINUOUS
10
90.8496019999999902
20
-143.2476869999999849
11
90.8484909999999957
21
-143.2445909999999856
0
LINE
8
Edge.Cuts
6
CONTINUOUS
10
90.8484909999999957
20
-143.2445909999999856
11
90.8474009999999907
21
-143.2414929999999913
0
LINE
8
Edge.Cuts
6
CONTINUOUS
10
90.8474009999999907
20
-143.2414929999999913
11
90.8463319999999896
21
-143.2383930000000021
0
LINE
8
Edge.Cuts
6
CONTINUOUS
10
90.8463319999999896
20
-143.2383930000000021
11
90.8452839999999924
21
-143.2352929999999844
0
LINE
8
Edge.Cuts
6
CONTINUOUS
10
90.8452839999999924
20
-143.2352929999999844
11
90.8442560000000014
21
-143.2321910000000003
0
LINE
8
Edge.Cuts
6
CONTINUOUS
10
90.8442560000000014
20
-143.2321910000000003
11
90.8432480000000027
21
-143.2290869999999927
0
LINE
8
Edge.Cuts
6
CONTINUOUS
10
90.8432480000000027
20
-143.2290869999999927
11
90.8422609999999935
21
-143.2259819999999877
0
LINE
8
Edge.Cuts
6
CONTINUOUS
10
90.8422609999999935
20
-143.2259819999999877
11
90.8412950000000023
21
-143.2228759999999852
0
LINE
8
Edge.Cuts
6
CONTINUOUS
10
90.8412950000000023
20
-143.2228759999999852
11
90.8403500000000008
21
-143.2197689999999852
0
LINE
8
Edge.Cuts
6
CONTINUOUS
10
90.8403500000000008
20
-143.2197689999999852
11
90.8394249999999914
21
-143.2166609999999878
0
LINE
8
Edge.Cuts
6
CONTINUOUS
10
90.8394249999999914
20
-143.2166609999999878
11
90.8385200000000026
21
-143.2135529999999903
0
LINE
8
Edge.Cuts
6
CONTINUOUS
10
90.8385200000000026
20
-143.2135529999999903
11
90.8376359999999892
21
-143.2104429999999979
0
LINE
8
Edge.Cuts
6
CONTINUOUS
10
90.8376359999999892
20
-143.2104429999999979
11
90.8367729999999938
21
-143.2073319999999796
0
LINE
8
Edge.Cuts
6
CONTINUOUS
10
90.8367729999999938
20
-143.2073319999999796
11
90.8359299999999905
21
-143.2042209999999898
0
LINE
8
Edge.Cuts
6
CONTINUOUS
10
90.8359299999999905
20
-143.2042209999999898
11
90.8351079999999911
21
-143.2011090000000024
0
LINE
8
Edge.Cuts
6
CONTINUOUS
10
90.8351079999999911
20
-143.2011090000000024
11
90.834305999999998
21
-143.1979969999999867
0
LINE
8
Edge.Cuts
6
CONTINUOUS
10
90.834305999999998
20
-143.1979969999999867
11
90.8335249999999945
21
-143.1948840000000018
0
LINE
8
Edge.Cuts
6
CONTINUOUS
10
90.8335249999999945
20
-143.1948840000000018
11
90.8327639999999974
21
-143.1917709999999886
0
LINE
8
Edge.Cuts
6
CONTINUOUS
10
90.8327639999999974
20
-143.1917709999999886
11
90.8320239999999899
21
-143.1886570000000063
0
LINE
8
Edge.Cuts
6
CONTINUOUS
10
90.8320239999999899
20
-143.1886570000000063
11
90.8313050000000004
21
-143.185543999999993
0
LINE
8
Edge.Cuts
6
CONTINUOUS
10
90.8313050000000004
20
-143.185543999999993
11
90.8306049999999914
21
-143.1824299999999823
0
LINE
8
Edge.Cuts
6
CONTINUOUS
10
90.8306049999999914
20
-143.1824299999999823
11
90.8299269999999979
21
-143.179316
0
LINE
8
Edge.Cuts
6
CONTINUOUS
10
90.8299269999999979
20
-143.179316
11
90.829267999999999
21
-143.1762019999999893
0
LINE
8
Edge.Cuts
6
CONTINUOUS
10
90.829267999999999
20
-143.1762019999999893
11
90.8286299999999898
21
-143.173088000000007
0
LINE
8
Edge.Cuts
6
CONTINUOUS
10
90.8286299999999898
20
-143.173088000000007
11
90.8280129999999986
21
-143.1699749999999938
0
LINE
8
Edge.Cuts
6
CONTINUOUS
10
90.8280129999999986
20
-143.1699749999999938
11
90.8274159999999995
21
-143.1668609999999831
0
LINE
8
Edge.Cuts
6
CONTINUOUS
10
90.8274159999999995
20
-143.1668609999999831
11
90.82683999999999
21
-143.1637479999999982
0
LINE
8
Edge.Cuts
6
CONTINUOUS
10
90.82683999999999
20
-143.1637479999999982
11
90.8262829999999894
21
-143.1606359999999825
0
LINE
8
Edge.Cuts
6
CONTINUOUS
10
90.8262829999999894
20
-143.1606359999999825
11
90.8257479999999902
21
-143.1575239999999951
0
LINE
8
Edge.Cuts
6
CONTINUOUS
10
90.8257479999999902
20
-143.1575239999999951
11
90.8252319999999997
21
-143.1544119999999793
0
LINE
8
Edge.Cuts
6
CONTINUOUS
10
90.8252319999999997
20
-143.1544119999999793
11
90.8247369999999989
21
-143.1513019999999869
0
LINE
8
Edge.Cuts
6
CONTINUOUS
10
90.8247369999999989
20
-143.1513019999999869
11
90.824263000000002
21
-143.1481909999999971
0
LINE
8
Edge.Cuts
6
CONTINUOUS
10
90.824263000000002
20
-143.1481909999999971
11
90.8238079999999997
21
-143.1450820000000022
0
LINE
8
Edge.Cuts
6
CONTINUOUS
10
90.8238079999999997
20
-143.1450820000000022
11
90.8233740000000012
21
-143.1419740000000047
0
LINE
8
Edge.Cuts
6
CONTINUOUS
10
90.8233740000000012
20
-143.1419740000000047
11
90.8229609999999923
21
-143.1388670000000047
0
LINE
8
Edge.Cuts
6
CONTINUOUS
10
90.8229609999999923
20
-143.1388670000000047
11
90.8225669999999923
21
-143.1357600000000048
0
LINE
8
Edge.Cuts
6
CONTINUOUS
10
90.8225669999999923
20
-143.1357600000000048
11
90.8221939999999961
21
-143.1326549999999997
0
LINE
8
Edge.Cuts
6
CONTINUOUS
10
90.8221939999999961
20
-143.1326549999999997
11
90.8218419999999895
21
-143.1295509999999922
0
LINE
8
Edge.Cuts
6
CONTINUOUS
10
90.8218419999999895
20
-143.1295509999999922
11
90.8215089999999918
21
-143.1264489999999796
0
LINE
8
Edge.Cuts
6
CONTINUOUS
10
90.8215089999999918
20
-143.1264489999999796
11
90.821196999999998
21
-143.1233479999999929
0
LINE
8
Edge.Cuts
6
CONTINUOUS
10
90.821196999999998
20
-143.1233479999999929
11
90.8209049999999962
21
-143.1202480000000037
0
LINE
8
Edge.Cuts
6
CONTINUOUS
10
90.8209049999999962
20
-143.1202480000000037
11
90.8206330000000008
21
-143.117149999999981
0
LINE
8
Edge.Cuts
6
CONTINUOUS
10
90.8206330000000008
20
-143.117149999999981
11
90.8203809999999976
21
-143.1140529999999842
0
LINE
8
Edge.Cuts
6
CONTINUOUS
10
90.8203809999999976
20
-143.1140529999999842
11
90.8201499999999982
21
-143.1109589999999798
0
LINE
8
Edge.Cuts
6
CONTINUOUS
10
90.8201499999999982
20
-143.1109589999999798
11
90.8199389999999909
21
-143.1078660000000013
0
LINE
8
Edge.Cuts
6
CONTINUOUS
10
90.8199389999999909
20
-143.1078660000000013
11
90.8197479999999899
21
-143.1047739999999919
0
LINE
8
Edge.Cuts
6
CONTINUOUS
10
90.8197479999999899
20
-143.1047739999999919
11
90.8195769999999953
21
-143.1016850000000034
0
LINE
8
Edge.Cuts
6
CONTINUOUS
10
90.8195769999999953
20
-143.1016850000000034
11
90.8194259999999929
21
-143.0985979999999813
0
LINE
8
Edge.Cuts
6
CONTINUOUS
10
90.8194259999999929
20
-143.0985979999999813
11
90.8192949999999968
21
-143.0955129999999826
0
LINE
8
Edge.Cuts
6
CONTINUOUS
10
90.8192949999999968
20
-143.0955129999999826
11
90.8191849999999903
21
-143.0924300000000073
0
LINE
8
Edge.Cuts
6
CONTINUOUS
10
90.8191849999999903
20
-143.0924300000000073
11
90.8190949999999901
21
-143.089349999999996
0
LINE
8
Edge.Cuts
6
CONTINUOUS
10
90.8190949999999901
20
-143.089349999999996
11
90.8190239999999989
21
-143.0862709999999822
0
LINE
8
Edge.Cuts
6
CONTINUOUS
10
90.8190239999999989
20
-143.0862709999999822
11
90.8189739999999972
21
-143.0831959999999867
0
LINE
8
Edge.Cuts
6
CONTINUOUS
10
90.8189739999999972
20
-143.0831959999999867
11
90.8189440000000019
21
-143.0801219999999887
0
LINE
8
Edge.Cuts
6
CONTINUOUS
10
90.8189440000000019
20
-143.0801219999999887
11
90.8189330000000012
21
-143.0770519999999806
0
LINE
8
Edge.Cuts
6
CONTINUOUS
10
90.8189330000000012
20
-143.0770519999999806
11
90.8189429999999902
21
-143.0739839999999958
0
LINE
8
Edge.Cuts
6
CONTINUOUS
10
90.8189429999999902
20
-143.0739839999999958
11
90.8189729999999997
21
-143.0709190000000035
0
LINE
8
Edge.Cuts
6
CONTINUOUS
10
90.8189729999999997
20
-143.0709190000000035
11
90.8190219999999897
21
-143.0678560000000061
0
LINE
8
Edge.Cuts
6
CONTINUOUS
10
90.8190219999999897
20
-143.0678560000000061
11
90.8190919999999977
21
-143.0647969999999987
0
LINE
8
Edge.Cuts
6
CONTINUOUS
10
90.8190919999999977
20
-143.0647969999999987
11
90.8191819999999979
21
-143.0617399999999861
0
LINE
8
Edge.Cuts
6
CONTINUOUS
10
90.8191819999999979
20
-143.0617399999999861
11
90.8192909999999927
21
-143.0586869999999919
0
LINE
8
Edge.Cuts
6
CONTINUOUS
10
90.8192909999999927
20
-143.0586869999999919
11
90.8194199999999938
21
-143.0556369999999902
0
LINE
8
Edge.Cuts
6
CONTINUOUS
10
90.8194199999999938
20
-143.0556369999999902
11
90.8195699999999988
21
-143.0525899999999808
0
LINE
8
Edge.Cuts
6
CONTINUOUS
10
90.8195699999999988
20
-143.0525899999999808
11
90.8197389999999984
21
-143.0495459999999923
0
LINE
8
Edge.Cuts
6
CONTINUOUS
10
90.8197389999999984
20
-143.0495459999999923
11
90.8199279999999902
21
-143.0465059999999937
0
LINE
8
Edge.Cuts
6
CONTINUOUS
10
90.8199279999999902
20
-143.0465059999999937
11
90.8201370000000026
21
-143.0434689999999875
0
LINE
8
Edge.Cuts
6
CONTINUOUS
10
90.8201370000000026
20
-143.0434689999999875
11
90.8203649999999953
21
-143.0404359999999997
0
LINE
8
Edge.Cuts
6
CONTINUOUS
10
90.8203649999999953
20
-143.0404359999999997
11
90.8206129999999945
21
-143.0374060000000043
0
LINE
8
Edge.Cuts
6
CONTINUOUS
10
90.8206129999999945
20
-143.0374060000000043
11
90.8208819999999974
21
-143.0343799999999987
0
LINE
8
Edge.Cuts
6
CONTINUOUS
10
90.8208819999999974
20
-143.0343799999999987
11
90.8211689999999976
21
-143.0313579999999831
0
LINE
8
Edge.Cuts
6
CONTINUOUS
10
90.8211689999999976
20
-143.0313579999999831
11
90.8214770000000016
21
-143.0283399999999858
0
LINE
8
Edge.Cuts
6
CONTINUOUS
10
90.8214770000000016
20
-143.0283399999999858
11
90.8218040000000002
21
-143.0253260000000068
0
LINE
8
Edge.Cuts
6
CONTINUOUS
10
90.8218040000000002
20
-143.0253260000000068
11
90.822150999999991
21
-143.0223149999999919
0
LINE
8
Edge.Cuts
6
CONTINUOUS
10
90.822150999999991
20
-143.0223149999999919
11
90.8225180000000023
21
-143.0193089999999927
0
LINE
8
Edge.Cuts
6
CONTINUOUS
10
90.8225180000000023
20
-143.0193089999999927
11
90.8229039999999941
21
-143.0163069999999834
0
LINE
8
Edge.Cuts
6
CONTINUOUS
10
90.8229039999999941
20
-143.0163069999999834
11
90.8233099999999922
21
-143.0133099999999899
0
LINE
8
Edge.Cuts
6
CONTINUOUS
10
90.8233099999999922
20
-143.0133099999999899
11
90.8237349999999992
21
-143.0103159999999889
0
LINE
8
Edge.Cuts
6
CONTINUOUS
10
90.8237349999999992
20
-143.0103159999999889
11
90.8241799999999984
21
-143.0073270000000036
0
LINE
8
Edge.Cuts
6
CONTINUOUS
10
90.8241799999999984
20
-143.0073270000000036
11
90.8246449999999896
21
-143.0043430000000058
0
LINE
8
Edge.Cuts
6
CONTINUOUS
10
90.8246449999999896
20
-143.0043430000000058
11
90.8251289999999898
21
-143.0013629999999978
0
LINE
8
Edge.Cuts
6
CONTINUOUS
10
90.8251289999999898
20
-143.0013629999999978
11
90.8256319999999988
21
-142.9983880000000056
0
LINE
8
Edge.Cuts
6
CONTINUOUS
10
90.8256319999999988
20
-142.9983880000000056
11
90.826155
21
-142.9954170000000033
0
LINE
8
Edge.Cuts
6
CONTINUOUS
10
90.826155
20
-142.9954170000000033
11
90.8266979999999933
21
-142.9924509999999884
0
LINE
8
Edge.Cuts
6
CONTINUOUS
10
90.8266979999999933
20
-142.9924509999999884
11
90.8272599999999954
21
-142.9894909999999868
0
LINE
8
Edge.Cuts
6
CONTINUOUS
10
90.8272599999999954
20
-142.9894909999999868
11
90.8278409999999923
21
-142.9865350000000035
0
LINE
8
Edge.Cuts
6
CONTINUOUS
10
90.8278409999999923
20
-142.9865350000000035
11
90.8284419999999955
21
-142.9835840000000076
0
LINE
8
Edge.Cuts
6
CONTINUOUS
10
90.8284419999999955
20
-142.9835840000000076
11
90.8290619999999933
21
-142.980637999999999
0
LINE
8
Edge.Cuts
6
CONTINUOUS
10
90.8290619999999933
20
-142.980637999999999
11
90.8297019999999975
21
-142.9776980000000037
0
LINE
8
Edge.Cuts
6
CONTINUOUS
10
90.8297019999999975
20
-142.9776980000000037
11
90.8303609999999964
21
-142.9747629999999958
0
LINE
8
Edge.Cuts
6
CONTINUOUS
10
90.8303609999999964
20
-142.9747629999999958
11
90.8310389999999899
21
-142.9718330000000037
0
LINE
8
Edge.Cuts
6
CONTINUOUS
10
90.8310389999999899
20
-142.9718330000000037
11
90.8317359999999923
21
-142.968907999999999
0
LINE
8
Edge.Cuts
6
CONTINUOUS
10
90.8317359999999923
20
-142.968907999999999
11
90.832453000000001
21
-142.965990000000005
0
LINE
8
Edge.Cuts
6
CONTINUOUS
10
90.832453000000001
20
-142.965990000000005
11
90.8331889999999902
21
-142.9630760000000009
0
LINE
8
Edge.Cuts
6
CONTINUOUS
10
90.8331889999999902
20
-142.9630760000000009
11
90.8339440000000025
21
-142.9601679999999817
0
LINE
8
Edge.Cuts
6
CONTINUOUS
10
90.8339440000000025
20
-142.9601679999999817
11
90.8347179999999952
21
-142.9572660000000042
0
LINE
8
Edge.Cuts
6
CONTINUOUS
10
90.8347179999999952
20
-142.9572660000000042
11
90.8355119999999943
21
-142.9543699999999831
0
LINE
8
Edge.Cuts
6
CONTINUOUS
10
90.8355119999999943
20
-142.9543699999999831
11
90.8363239999999905
21
-142.9514800000000037
0
LINE
8
Edge.Cuts
6
CONTINUOUS
10
90.8363239999999905
20
-142.9514800000000037
11
90.8371559999999931
21
-142.9485949999999832
0
LINE
8
Edge.Cuts
6
CONTINUOUS
10
90.8371559999999931
20
-142.9485949999999832
11
90.8380069999999904
21
-142.9457170000000019
0
LINE
8
Edge.Cuts
6
CONTINUOUS
10
90.8380069999999904
20
-142.9457170000000019
11
90.8388759999999991
21
-142.9428450000000055
0
LINE
8
Edge.Cuts
6
CONTINUOUS
10
90.8388759999999991
20
-142.9428450000000055
11
90.8397649999999999
21
-142.9399779999999964
0
LINE
8
Edge.Cuts
6
CONTINUOUS
10
90.8397649999999999
20
-142.9399779999999964
11
90.8406729999999953
21
-142.9371189999999956
0
LINE
8
Edge.Cuts
6
CONTINUOUS
10
90.8406729999999953
20
-142.9371189999999956
11
90.8415999999999997
21
-142.9342649999999821
0
LINE
8
Edge.Cuts
6
CONTINUOUS
10
90.8415999999999997
20
-142.9342649999999821
11
90.8425459999999987
21
-142.9314179999999794
0
LINE
8
Edge.Cuts
6
CONTINUOUS
10
90.8425459999999987
20
-142.9314179999999794
11
90.8435109999999924
21
-142.92857699999999
0
LINE
8
Edge.Cuts
6
CONTINUOUS
10
90.8435109999999924
20
-142.92857699999999
11
90.8444939999999974
21
-142.9257429999999829
0
LINE
8
Edge.Cuts
6
CONTINUOUS
10
90.8444939999999974
20
-142.9257429999999829
11
90.8454969999999946
21
-142.922914999999989
0
LINE
8
Edge.Cuts
6
CONTINUOUS
10
90.8454969999999946
20
-142.922914999999989
11
90.846517999999989
21
-142.920094000000006
0
LINE
8
Edge.Cuts
6
CONTINUOUS
10
90.846517999999989
20
-142.920094000000006
11
90.8475579999999923
21
-142.9172800000000052
0
LINE
8
Edge.Cuts
6
CONTINUOUS
10
90.8475579999999923
20
-142.9172800000000052
11
90.8486169999999902
21
-142.9144729999999868
0
LINE
8
Edge.Cuts
6
CONTINUOUS
10
90.8486169999999902
20
-142.9144729999999868
11
90.849694999999997
21
-142.9116719999999816
0
LINE
8
Edge.Cuts
6
CONTINUOUS
10
90.849694999999997
20
-142.9116719999999816
11
90.8507919999999984
21
-142.9088789999999847
0
LINE
8
Edge.Cuts
6
CONTINUOUS
10
90.8507919999999984
20
-142.9088789999999847
11
90.8519069999999971
21
-142.906092000000001
0
LINE
8
Edge.Cuts
6
CONTINUOUS
10
90.8519069999999971
20
-142.906092000000001
11
90.8530409999999904
21
-142.9033129999999971
0
LINE
8
Edge.Cuts
6
CONTINUOUS
10
90.8530409999999904
20
-142.9033129999999971
11
90.8541939999999926
21
-142.900541000000004
0
LINE
8
Edge.Cuts
6
CONTINUOUS
10
90.8541939999999926
20
-142.900541000000004
11
90.8553649999999919
21
-142.8977759999999932
0
LINE
8
Edge.Cuts
6
CONTINUOUS
10
90.8553649999999919
20
-142.8977759999999932
11
90.8565550000000002
21
-142.8950179999999932
0
LINE
8
Edge.Cuts
6
CONTINUOUS
10
90.8565550000000002
20
-142.8950179999999932
11
90.8577639999999889
21
-142.8922680000000014
0
LINE
8
Edge.Cuts
6
CONTINUOUS
10
90.8577639999999889
20
-142.8922680000000014
11
90.858990999999989
21
-142.8895249999999919
0
LINE
8
Edge.Cuts
6
CONTINUOUS
10
90.858990999999989
20
-142.8895249999999919
11
90.8602369999999979
21
-142.8867899999999906
0
LINE
8
Edge.Cuts
6
CONTINUOUS
10
90.8602369999999979
20
-142.8867899999999906
11
90.8615009999999899
21
-142.8840620000000001
0
LINE
8
Edge.Cuts
6
CONTINUOUS
10
90.8615009999999899
20
-142.8840620000000001
11
90.8627829999999932
21
-142.8813429999999869
0
LINE
8
Edge.Cuts
6
CONTINUOUS
10
90.8627829999999932
20
-142.8813429999999869
11
90.8640850000000029
21
-142.8786299999999869
0
LINE
8
Edge.Cuts
6
CONTINUOUS
10
90.8640850000000029
20
-142.8786299999999869
11
90.8654039999999981
21
-142.8759259999999927
0
LINE
8
Edge.Cuts
6
CONTINUOUS
10
90.8654039999999981
20
-142.8759259999999927
11
90.8667429999999996
21
-142.8732289999999807
0
LINE
8
Edge.Cuts
6
CONTINUOUS
10
90.8667429999999996
20
-142.8732289999999807
11
90.8680990000000008
21
-142.8705410000000029
0
LINE
8
Edge.Cuts
6
CONTINUOUS
10
90.8680990000000008
20
-142.8705410000000029
11
90.8694739999999967
21
-142.8678600000000074
0
LINE
8
Edge.Cuts
6
CONTINUOUS
10
90.8694739999999967
20
-142.8678600000000074
11
90.8708669999999898
21
-142.8651879999999892
0
LINE
8
Edge.Cuts
6
CONTINUOUS
10
90.8708669999999898
20
-142.8651879999999892
11
90.8722789999999918
21
-142.8625229999999817
0
LINE
8
Edge.Cuts
6
CONTINUOUS
10
90.8722789999999918
20
-142.8625229999999817
11
90.8737079999999935
21
-142.85986699999998
0
LINE
8
Edge.Cuts
6
CONTINUOUS
10
90.8737079999999935
20
-142.85986699999998
11
90.8751570000000015
21
-142.8572189999999864
0
LINE
8
Edge.Cuts
6
CONTINUOUS
10
90.8751570000000015
20
-142.8572189999999864
11
90.876622999999995
21
-142.8545799999999986
0
LINE
8
Edge.Cuts
6
CONTINUOUS
10
90.876622999999995
20
-142.8545799999999986
11
90.8781079999999974
21
-142.8519489999999905
0
LINE
8
Edge.Cuts
6
CONTINUOUS
10
90.8781079999999974
20
-142.8519489999999905
11
90.8796099999999996
21
-142.8493259999999907
0
LINE
8
Edge.Cuts
6
CONTINUOUS
10
90.8796099999999996
20
-142.8493259999999907
11
90.8811309999999963
21
-142.8467119999999966
0
LINE
8
Edge.Cuts
6
CONTINUOUS
10
90.8811309999999963
20
-142.8467119999999966
11
90.8826699999999903
21
-142.8441069999999797
0
LINE
8
Edge.Cuts
6
CONTINUOUS
10
90.8826699999999903
20
-142.8441069999999797
11
90.8842269999999957
21
-142.8415099999999995
0
LINE
8
Edge.Cuts
6
CONTINUOUS
10
90.8842269999999957
20
-142.8415099999999995
11
90.8858019999999982
21
-142.8389219999999966
0
LINE
8
Edge.Cuts
6
CONTINUOUS
10
90.8858019999999982
20
-142.8389219999999966
11
90.8873959999999954
21
-142.8363429999999994
0
LINE
8
Edge.Cuts
6
CONTINUOUS
10
90.8873959999999954
20
-142.8363429999999994
11
90.8890069999999923
21
-142.8337729999999794
0
LINE
8
Edge.Cuts
6
CONTINUOUS
10
90.8890069999999923
20
-142.8337729999999794
11
90.8906369999999981
21
-142.8312109999999961
0
LINE
8
Edge.Cuts
6
CONTINUOUS
10
90.8906369999999981
20
-142.8312109999999961
11
90.8922839999999894
21
-142.8286589999999876
0
LINE
8
Edge.Cuts
6
CONTINUOUS
10
90.8922839999999894
20
-142.8286589999999876
11
90.8939489999999921
21
-142.8261159999999848
0
LINE
8
Edge.Cuts
6
CONTINUOUS
10
90.8939489999999921
20
-142.8261159999999848
11
90.895631999999992
21
-142.8235819999999876
0
LINE
8
Edge.Cuts
6
CONTINUOUS
10
90.895631999999992
20
-142.8235819999999876
11
90.8973340000000007
21
-142.8210569999999962
0
LINE
8
Edge.Cuts
6
CONTINUOUS
10
90.8973340000000007
20
-142.8210569999999962
11
90.899052999999995
21
-142.818540999999982
0
LINE
8
Edge.Cuts
6
CONTINUOUS
10
90.899052999999995
20
-142.818540999999982
11
90.9007900000000006
21
-142.8160349999999994
0
LINE
8
Edge.Cuts
6
CONTINUOUS
10
90.9007900000000006
20
-142.8160349999999994
11
90.9025439999999918
21
-142.8135379999999941
0
LINE
8
Edge.Cuts
6
CONTINUOUS
10
90.9025439999999918
20
-142.8135379999999941
11
90.9043169999999918
21
-142.8110499999999945
0
LINE
8
Edge.Cuts
6
CONTINUOUS
10
90.9043169999999918
20
-142.8110499999999945
11
90.9061069999999916
21
-142.8085729999999955
0
LINE
8
Edge.Cuts
6
CONTINUOUS
10
90.9061069999999916
20
-142.8085729999999955
11
90.9079160000000002
21
-142.8061040000000048
0
LINE
8
Edge.Cuts
6
CONTINUOUS
10
90.9079160000000002
20
-142.8061040000000048
11
90.9097409999999968
21
-142.8036459999999863
0
LINE
8
Edge.Cuts
6
CONTINUOUS
10
90.9097409999999968
20
-142.8036459999999863
11
90.9115850000000023
21
-142.8011960000000045
0
LINE
8
Edge.Cuts
6
CONTINUOUS
10
90.9115850000000023
20
-142.8011960000000045
11
90.9134459999999933
21
-142.7987569999999948
0
LINE
8
Edge.Cuts
6
CONTINUOUS
10
90.9134459999999933
20
-142.7987569999999948
11
90.9153249999999957
21
-142.7963279999999884
0
LINE
8
Edge.Cuts
6
CONTINUOUS
10
90.9153249999999957
20
-142.7963279999999884
11
90.9172219999999953
21
-142.7939089999999851
0
LINE
8
Edge.Cuts
6
CONTINUOUS
10
90.9172219999999953
20
-142.7939089999999851
11
90.9191359999999946
21
-142.7914989999999875
0
LINE
8
Edge.Cuts
6
CONTINUOUS
10
90.9191359999999946
20
-142.7914989999999875
11
90.9210679999999911
21
-142.7890999999999906
0
LINE
8
Edge.Cuts
6
CONTINUOUS
10
90.9210679999999911
20
-142.7890999999999906
11
90.9230170000000015
21
-142.7867099999999994
0
LINE
8
Edge.Cuts
6
CONTINUOUS
10
90.9230170000000015
20
-142.7867099999999994
11
90.9249839999999949
21
-142.7843309999999803
0
LINE
8
Edge.Cuts
6
CONTINUOUS
10
90.9249839999999949
20
-142.7843309999999803
11
90.9269689999999997
21
-142.7819619999999929
0
LINE
8
Edge.Cuts
6
CONTINUOUS
10
90.9269689999999997
20
-142.7819619999999929
11
90.92897099999999
21
-142.7796040000000062
0
LINE
8
Edge.Cuts
6
CONTINUOUS
10
90.92897099999999
20
-142.7796040000000062
11
90.9309899999999942
21
-142.7772549999999967
0
LINE
8
Edge.Cuts
6
CONTINUOUS
10
90.9309899999999942
20
-142.7772549999999967
11
90.9330269999999956
21
-142.7749169999999879
0
LINE
8
Edge.Cuts
6
CONTINUOUS
10
90.9330269999999956
20
-142.7749169999999879
11
90.9350809999999967
21
-142.7725899999999797
0
LINE
8
Edge.Cuts
6
CONTINUOUS
10
90.9350809999999967
20
-142.7725899999999797
11
90.937152999999995
21
-142.7702730000000031
0
LINE
8
Edge.Cuts
6
CONTINUOUS
10
90.937152999999995
20
-142.7702730000000031
11
90.939241999999993
21
-142.7679660000000013
0
LINE
8
Edge.Cuts
6
CONTINUOUS
10
90.939241999999993
20
-142.7679660000000013
11
90.9413490000000024
21
-142.7656709999999975
0
LINE
8
Edge.Cuts
6
CONTINUOUS
10
90.9413490000000024
20
-142.7656709999999975
11
90.9434729999999973
21
-142.763385999999997
0
LINE
8
Edge.Cuts
6
CONTINUOUS
10
90.9434729999999973
20
-142.763385999999997
11
90.945613999999992
21
-142.7611119999999971
0
LINE
8
Edge.Cuts
6
CONTINUOUS
10
90.945613999999992
20
-142.7611119999999971
11
90.9477720000000005
21
-142.7588480000000004
0
LINE
8
Edge.Cuts
6
CONTINUOUS
10
90.9477720000000005
20
-142.7588480000000004
11
90.949947999999992
21
-142.7565960000000018
0
LINE
8
Edge.Cuts
6
CONTINUOUS
10
90.949947999999992
20
-142.7565960000000018
11
90.9521409999999975
21
-142.7543540000000064
0
LINE
8
Edge.Cuts
6
CONTINUOUS
10
90.9521409999999975
20
-142.7543540000000064
11
90.9543510000000026
21
-142.7521239999999807
0
LINE
8
Edge.Cuts
6
CONTINUOUS
10
90.9543510000000026
20
-142.7521239999999807
11
90.9565789999999907
21
-142.7499039999999866
0
LINE
8
Edge.Cuts
6
CONTINUOUS
10
90.9565789999999907
20
-142.7499039999999866
11
90.9588229999999953
21
-142.7476959999999906
0
LINE
8
Edge.Cuts
6
CONTINUOUS
10
90.9588229999999953
20
-142.7476959999999906
11
90.9610849999999971
21
-142.7454989999999952
0
LINE
8
Edge.Cuts
6
CONTINUOUS
10
90.9610849999999971
20
-142.7454989999999952
11
90.9633639999999986
21
-142.7433130000000006
0
LINE
8
Edge.Cuts
6
CONTINUOUS
10
90.9633639999999986
20
-142.7433130000000006
11
90.9656599999999997
21
-142.7411380000000065
0
LINE
8
Edge.Cuts
6
CONTINUOUS
10
90.9656599999999997
20
-142.7411380000000065
11
90.9679730000000006
21
-142.7389749999999822
0
LINE
8
Edge.Cuts
6
CONTINUOUS
10
90.9679730000000006
20
-142.7389749999999822
11
90.9703039999999987
21
-142.7368229999999869
0
LINE
8
Edge.Cuts
6
CONTINUOUS
10
90.9703039999999987
20
-142.7368229999999869
11
90.972650999999999
21
-142.7346829999999898
0
LINE
8
Edge.Cuts
6
CONTINUOUS
10
90.972650999999999
20
-142.7346829999999898
11
90.9750159999999966
21
-142.7325539999999933
0
LINE
8
Edge.Cuts
6
CONTINUOUS
10
90.9750159999999966
20
-142.7325539999999933
11
90.9773969999999963
21
-142.7304369999999949
0
LINE
8
Edge.Cuts
6
CONTINUOUS
10
90.9773969999999963
20
-142.7304369999999949
11
90.9797959999999932
21
-142.7283309999999972
0
LINE
8
Edge.Cuts
6
CONTINUOUS
10
90.9797959999999932
20
-142.7283309999999972
11
90.9822109999999924
21
-142.7262379999999951
0
LINE
8
Edge.Cuts
6
CONTINUOUS
10
90.9822109999999924
20
-142.7262379999999951
11
90.984644000000003
21
-142.7241559999999936
0
LINE
8
Edge.Cuts
6
CONTINUOUS
10
90.984644000000003
20
-142.7241559999999936
11
90.9870930000000016
21
-142.7220859999999902
0
LINE
8
Edge.Cuts
6
CONTINUOUS
10
90.9870930000000016
20
-142.7220859999999902
11
90.9895589999999999
21
-142.720027999999985
0
LINE
8
Edge.Cuts
6
CONTINUOUS
10
90.9895589999999999
20
-142.720027999999985
11
90.9920419999999979
21
-142.7179809999999804
0
LINE
8
Edge.Cuts
6
CONTINUOUS
10
90.9920419999999979
20
-142.7179809999999804
11
90.9945429999999931
21
-142.7159469999999999
0
LINE
8
Edge.Cuts
6
CONTINUOUS
10
90.9945429999999931
20
-142.7159469999999999
11
90.997058999999993
21
-142.713924999999989
0
LINE
8
Edge.Cuts
6
CONTINUOUS
10
90.997058999999993
20
-142.713924999999989
11
90.9995940000000019
21
-142.7119150000000047
0
LINE
8
Edge.Cuts
6
CONTINUOUS
10
90.9995940000000019
20
-142.7119150000000047
11
91.0021440000000013
21
-142.7099169999999901
0
LINE
8
Edge.Cuts
6
CONTINUOUS
10
91.0021440000000013
20
-142.7099169999999901
11
91.0047119999999978
21
-142.7079319999999996
0
LINE
8
Edge.Cuts
6
CONTINUOUS
10
91.0047119999999978
20
-142.7079319999999996
11
91.0072959999999966
21
-142.7059590000000071
0
LINE
8
Edge.Cuts
6
CONTINUOUS
10
91.0072959999999966
20
-142.7059590000000071
11
91.0098969999999952
21
-142.7039979999999844
0
LINE
8
Edge.Cuts
6
CONTINUOUS
10
91.0098969999999952
20
-142.7039979999999844
11
91.0125149999999934
21
-142.7020499999999856
0
LINE
8
Edge.Cuts
6
CONTINUOUS
10
91.0125149999999934
20
-142.7020499999999856
11
91.0151499999999913
21
-142.700113999999985
0
LINE
8
Edge.Cuts
6
CONTINUOUS
10
91.0151499999999913
20
-142.700113999999985
11
91.0178009999999915
21
-142.6981899999999825
0
LINE
8
Edge.Cuts
6
CONTINUOUS
10
91.0178009999999915
20
-142.6981899999999825
11
91.0204689999999914
21
-142.6962800000000016
0
LINE
8
Edge.Cuts
6
CONTINUOUS
10
91.0204689999999914
20
-142.6962800000000016
11
91.0231529999999935
21
-142.6943819999999903
0
LINE
8
Edge.Cuts
6
CONTINUOUS
10
91.0231529999999935
20
-142.6943819999999903
11
91.0258549999999929
21
-142.6924960000000056
0
LINE
8
Edge.Cuts
6
CONTINUOUS
10
91.0258549999999929
20
-142.6924960000000056
11
91.0285729999999944
21
-142.6906239999999855
0
LINE
8
Edge.Cuts
6
CONTINUOUS
10
91.0285729999999944
20
-142.6906239999999855
11
91.0313079999999957
21
-142.6887639999999919
0
LINE
8
Edge.Cuts
6
CONTINUOUS
10
91.0313079999999957
20
-142.6887639999999919
11
91.0340589999999992
21
-142.686916999999994
0
LINE
8
Edge.Cuts
6
CONTINUOUS
10
91.0340589999999992
20
-142.686916999999994
11
91.0368270000000024
21
-142.6850839999999891
0
LINE
8
Edge.Cuts
6
CONTINUOUS
10
91.0368270000000024
20
-142.6850839999999891
11
91.0396119999999911
21
-142.6832629999999824
0
LINE
8
Edge.Cuts
6
CONTINUOUS
10
91.0396119999999911
20
-142.6832629999999824
11
91.0424129999999963
21
-142.6814549999999997
0
LINE
8
Edge.Cuts
6
CONTINUOUS
10
91.0424129999999963
20
-142.6814549999999997
11
91.0452299999999894
21
-142.6796609999999816
0
LINE
8
Edge.Cuts
6
CONTINUOUS
10
91.0452299999999894
20
-142.6796609999999816
11
91.048064999999994
21
-142.6778789999999901
0
LINE
8
Edge.Cuts
6
CONTINUOUS
10
91.048064999999994
20
-142.6778789999999901
11
91.0509149999999892
21
-142.6761109999999917
0
LINE
8
Edge.Cuts
6
CONTINUOUS
10
91.0509149999999892
20
-142.6761109999999917
11
91.0537829999999957
21
-142.6743569999999863
0
LINE
8
Edge.Cuts
6
CONTINUOUS
10
91.0537829999999957
20
-142.6743569999999863
11
91.0566669999999903
21
-142.6726150000000075
0
LINE
8
Edge.Cuts
6
CONTINUOUS
10
91.0566669999999903
20
-142.6726150000000075
11
91.0595670000000013
21
-142.6708869999999933
0
LINE
8
Edge.Cuts
6
CONTINUOUS
10
91.0595670000000013
20
-142.6708869999999933
11
91.0624839999999978
21
-142.6691730000000007
0
LINE
8
Edge.Cuts
6
CONTINUOUS
10
91.0624839999999978
20
-142.6691730000000007
11
91.0654169999999965
21
-142.6674720000000036
0
LINE
8
Edge.Cuts
6
CONTINUOUS
10
91.0654169999999965
20
-142.6674720000000036
11
91.0671079999999904
21
-142.6665019999999799
0
LINE
8
Edge.Cuts
6
CONTINUOUS
10
91.0671079999999904
20
-142.6665019999999799
11
91.0701239999999927
21
-142.6647899999999822
0
LINE
8
Edge.Cuts
6
CONTINUOUS
10
91.0701239999999927
20
-142.6647899999999822
11
91.0731430000000017
21
-142.6630989999999883
0
LINE
8
Edge.Cuts
6
CONTINUOUS
10
91.0731430000000017
20
-142.6630989999999883
11
91.0761660000000006
21
-142.6614289999999983
0
LINE
8
Edge.Cuts
6
CONTINUOUS
10
91.0761660000000006
20
-142.6614289999999983
11
91.0791929999999894
21
-142.6597799999999836
0
LINE
8
Edge.Cuts
6
CONTINUOUS
10
91.0791929999999894
20
-142.6597799999999836
11
91.082222999999999
21
-142.6581520000000012
0
LINE
8
Edge.Cuts
6
CONTINUOUS
10
91.082222999999999
20
-142.6581520000000012
11
91.0852569999999986
21
-142.6565439999999967
0
LINE
8
Edge.Cuts
6
CONTINUOUS
10
91.0852569999999986
20
-142.6565439999999967
11
91.0882950000000022
21
-142.654956999999996
0
LINE
8
Edge.Cuts
6
CONTINUOUS
10
91.0882950000000022
20
-142.654956999999996
11
91.0913350000000008
21
-142.6533909999999992
0
LINE
8
Edge.Cuts
6
CONTINUOUS
10
91.0913350000000008
20
-142.6533909999999992
11
91.094380000000001
21
-142.6518449999999802
0
LINE
8
Edge.Cuts
6
CONTINUOUS
10
91.094380000000001
20
-142.6518449999999802
11
91.0974269999999962
21
-142.650320999999991
0
LINE
8
Edge.Cuts
6
CONTINUOUS
10
91.0974269999999962
20
-142.650320999999991
11
91.1004769999999979
21
-142.6488169999999798
0
LINE
8
Edge.Cuts
6
CONTINUOUS
10
91.1004769999999979
20
-142.6488169999999798
11
91.1035309999999896
21
-142.6473340000000007
0
LINE
8
Edge.Cuts
6
CONTINUOUS
10
91.1035309999999896
20
-142.6473340000000007
11
91.1065880000000021
21
-142.6458709999999996
0
LINE
8
Edge.Cuts
6
CONTINUOUS
10
91.1065880000000021
20
-142.6458709999999996
11
91.1096469999999954
21
-142.6444299999999998
0
LINE
8
Edge.Cuts
6
CONTINUOUS
10
91.1096469999999954
20
-142.6444299999999998
11
91.1127089999999953
21
-142.6430090000000064
0
LINE
8
Edge.Cuts
6
CONTINUOUS
10
91.1127089999999953
20
-142.6430090000000064
11
91.1157740000000018
21
-142.6416089999999883
0
LINE
8
Edge.Cuts
6
CONTINUOUS
10
91.1157740000000018
20
-142.6416089999999883
11
91.1188420000000008
21
-142.640229000000005
0
LINE
8
Edge.Cuts
6
CONTINUOUS
10
91.1188420000000008
20
-142.640229000000005
11
91.1219129999999922
21
-142.6388709999999946
0
LINE
8
Edge.Cuts
6
CONTINUOUS
10
91.1219129999999922
20
-142.6388709999999946
11
91.1249859999999927
21
-142.6375319999999931
0
LINE
8
Edge.Cuts
6
CONTINUOUS
10
91.1249859999999927
20
-142.6375319999999931
11
91.1280610000000024
21
-142.6362149999999929
0
LINE
8
Edge.Cuts
6
CONTINUOUS
10
91.1280610000000024
20
-142.6362149999999929
11
91.1311389999999903
21
-142.6349189999999965
0
LINE
8
Edge.Cuts
6
CONTINUOUS
10
91.1311389999999903
20
-142.6349189999999965
11
91.1342199999999991
21
-142.6336430000000064
0
LINE
8
Edge.Cuts
6
CONTINUOUS
10
91.1342199999999991
20
-142.6336430000000064
11
91.1373019999999912
21
-142.6323869999999943
0
LINE
8
Edge.Cuts
6
CONTINUOUS
10
91.1373019999999912
20
-142.6323869999999943
11
91.1403869999999898
21
-142.6311529999999834
0
LINE
8
Edge.Cuts
6
CONTINUOUS
10
91.1403869999999898
20
-142.6311529999999834
11
91.1434739999999977
21
-142.6299390000000074
0
LINE
8
Edge.Cuts
6
CONTINUOUS
10
91.1434739999999977
20
-142.6299390000000074
11
91.146562000000003
21
-142.6287460000000067
0
LINE
8
Edge.Cuts
6
CONTINUOUS
10
91.146562000000003
20
-142.6287460000000067
11
91.1496530000000007
21
-142.6275729999999839
0
LINE
8
Edge.Cuts
6
CONTINUOUS
10
91.1496530000000007
20
-142.6275729999999839
11
91.1527459999999934
21
-142.6264219999999909
0
LINE
8
Edge.Cuts
6
CONTINUOUS
10
91.1527459999999934
20
-142.6264219999999909
11
91.1558399999999978
21
-142.6252900000000068
0
LINE
8
Edge.Cuts
6
CONTINUOUS
10
91.1558399999999978
20
-142.6252900000000068
11
91.1589359999999971
21
-142.6241799999999955
0
LINE
8
Edge.Cuts
6
CONTINUOUS
10
91.1589359999999971
20
-142.6241799999999955
11
91.1620339999999914
21
-142.6230899999999906
0
LINE
8
Edge.Cuts
6
CONTINUOUS
10
91.1620339999999914
20
-142.6230899999999906
11
91.1651329999999973
21
-142.6220209999999895
0
LINE
8
Edge.Cuts
6
CONTINUOUS
10
91.1651329999999973
20
-142.6220209999999895
11
91.1682339999999982
21
-142.6209719999999948
0
LINE
8
Edge.Cuts
6
CONTINUOUS
10
91.1682339999999982
20
-142.6209719999999948
11
91.1713359999999966
21
-142.6199440000000038
0
LINE
8
Edge.Cuts
6
CONTINUOUS
10
91.1713359999999966
20
-142.6199440000000038
11
91.1744399999999899
21
-142.6189369999999883
0
LINE
8
Edge.Cuts
6
CONTINUOUS
10
91.1744399999999899
20
-142.6189369999999883
11
91.1775439999999975
21
-142.6179500000000075
0
LINE
8
Edge.Cuts
6
CONTINUOUS
10
91.1775439999999975
20
-142.6179500000000075
11
91.18065
21
-142.6169840000000022
0
LINE
8
Edge.Cuts
6
CONTINUOUS
10
91.18065
20
-142.6169840000000022
11
91.1837569999999999
21
-142.6160380000000032
0
LINE
8
Edge.Cuts
6
CONTINUOUS
10
91.1837569999999999
20
-142.6160380000000032
11
91.1868649999999974
21
-142.6151129999999796
0
LINE
8
Edge.Cuts
6
CONTINUOUS
10
91.1868649999999974
20
-142.6151129999999796
11
91.1899739999999923
21
-142.6142089999999882
0
LINE
8
Edge.Cuts
6
CONTINUOUS
10
91.1899739999999923
20
-142.6142089999999882
11
91.1930839999999989
21
-142.6133250000000032
0
LINE
8
Edge.Cuts
6
CONTINUOUS
10
91.1930839999999989
20
-142.6133250000000032
11
91.1961939999999913
21
-142.6124619999999936
0
LINE
8
Edge.Cuts
6
CONTINUOUS
10
91.1961939999999913
20
-142.6124619999999936
11
91.1993049999999954
21
-142.6116189999999904
0
LINE
8
Edge.Cuts
6
CONTINUOUS
10
91.1993049999999954
20
-142.6116189999999904
11
91.202416999999997
21
-142.6107969999999909
0
LINE
8
Edge.Cuts
6
CONTINUOUS
10
91.202416999999997
20
-142.6107969999999909
11
91.205529999999996
21
-142.6099949999999978
0
LINE
8
Edge.Cuts
6
CONTINUOUS
10
91.205529999999996
20
-142.6099949999999978
11
91.2086419999999976
21
-142.6092139999999802
0
LINE
8
Edge.Cuts
6
CONTINUOUS
10
91.2086419999999976
20
-142.6092139999999802
11
91.2117559999999941
21
-142.6084529999999972
0
LINE
8
Edge.Cuts
6
CONTINUOUS
10
91.2117559999999941
20
-142.6084529999999972
11
91.2148689999999931
21
-142.6077129999999897
0
LINE
8
Edge.Cuts
6
CONTINUOUS
10
91.2148689999999931
20
-142.6077129999999897
11
91.2179829999999896
21
-142.6069929999999886
0
LINE
8
Edge.Cuts
6
CONTINUOUS
10
91.2179829999999896
20
-142.6069929999999886
11
91.2210960000000028
21
-142.6062939999999912
0
LINE
8
Edge.Cuts
6
CONTINUOUS
10
91.2210960000000028
20
-142.6062939999999912
11
91.2242099999999994
21
-142.6056150000000002
0
LINE
8
Edge.Cuts
6
CONTINUOUS
10
91.2242099999999994
20
-142.6056150000000002
11
91.2273239999999959
21
-142.6049569999999846
0
LINE
8
Edge.Cuts
6
CONTINUOUS
10
91.2273239999999959
20
-142.6049569999999846
11
91.2304379999999924
21
-142.6043190000000038
0
LINE
8
Edge.Cuts
6
CONTINUOUS
10
91.2304379999999924
20
-142.6043190000000038
11
91.2335509999999914
21
-142.6037019999999984
0
LINE
8
Edge.Cuts
6
CONTINUOUS
10
91.2335509999999914
20
-142.6037019999999984
11
91.2366650000000021
21
-142.6031049999999993
0
LINE
8
Edge.Cuts
6
CONTINUOUS
10
91.2366650000000021
20
-142.6031049999999993
11
91.2397780000000012
21
-142.6025280000000066
0
LINE
8
Edge.Cuts
6
CONTINUOUS
10
91.2397780000000012
20
-142.6025280000000066
11
91.2428900000000027
21
-142.6019719999999893
0
LINE
8
Edge.Cuts
6
CONTINUOUS
10
91.2428900000000027
20
-142.6019719999999893
11
91.2460019999999901
21
-142.6014360000000067
0
LINE
8
Edge.Cuts
6
CONTINUOUS
10
91.2460019999999901
20
-142.6014360000000067
11
91.2491139999999916
21
-142.6009209999999996
0
LINE
8
Edge.Cuts
6
CONTINUOUS
10
91.2491139999999916
20
-142.6009209999999996
11
91.2522239999999982
21
-142.6004259999999988
0
LINE
8
Edge.Cuts
6
CONTINUOUS
10
91.2522239999999982
20
-142.6004259999999988
11
91.2553339999999906
21
-142.5999510000000043
0
LINE
8
Edge.Cuts
6
CONTINUOUS
10
91.2553339999999906
20
-142.5999510000000043
11
91.2584439999999972
21
-142.5994969999999853
0
LINE
8
Edge.Cuts
6
CONTINUOUS
10
91.2584439999999972
20
-142.5994969999999853
11
91.2615519999999947
21
-142.599063000000001
0
LINE
8
Edge.Cuts
6
CONTINUOUS
10
91.2615519999999947
20
-142.599063000000001
11
91.2646589999999946
21
-142.5986489999999947
0
LINE
8
Edge.Cuts
6
CONTINUOUS
10
91.2646589999999946
20
-142.5986489999999947
11
91.2677649999999971
21
-142.5982559999999921
0
LINE
8
Edge.Cuts
6
CONTINUOUS
10
91.2677649999999971
20
-142.5982559999999921
11
91.2708709999999996
21
-142.5978829999999959
0
LINE
8
Edge.Cuts
6
CONTINUOUS
10
91.2708709999999996
20
-142.5978829999999959
11
91.2739739999999955
21
-142.5975300000000061
0
LINE
8
Edge.Cuts
6
CONTINUOUS
10
91.2739739999999955
20
-142.5975300000000061
11
91.2770769999999914
21
-142.5971969999999942
0
LINE
8
Edge.Cuts
6
CONTINUOUS
10
91.2770769999999914
20
-142.5971969999999942
11
91.2801779999999923
21
-142.5968849999999861
0
LINE
8
Edge.Cuts
6
CONTINUOUS
10
91.2801779999999923
20
-142.5968849999999861
11
91.2832779999999957
21
-142.5965929999999844
0
LINE
8
Edge.Cuts
6
CONTINUOUS
10
91.2832779999999957
20
-142.5965929999999844
11
91.28637599999999
21
-142.596320999999989
0
LINE
8
Edge.Cuts
6
CONTINUOUS
10
91.28637599999999
20
-142.596320999999989
11
91.2894719999999893
21
-142.5960699999999974
0
LINE
8
Edge.Cuts
6
CONTINUOUS
10
91.2894719999999893
20
-142.5960699999999974
11
91.2925669999999911
21
-142.5958379999999863
0
LINE
8
Edge.Cuts
6
CONTINUOUS
10
91.2925669999999911
20
-142.5958379999999863
11
91.295659999999998
21
-142.5956270000000075
0
LINE
8
Edge.Cuts
6
CONTINUOUS
10
91.295659999999998
20
-142.5956270000000075
11
91.2987509999999958
21
-142.5954360000000065
0
LINE
8
Edge.Cuts
6
CONTINUOUS
10
91.2987509999999958
20
-142.5954360000000065
11
91.3018399999999986
21
-142.5952649999999835
0
LINE
8
Edge.Cuts
6
CONTINUOUS
10
91.3018399999999986
20
-142.5952649999999835
11
91.3049279999999897
21
-142.5951139999999953
0
LINE
8
Edge.Cuts
6
CONTINUOUS
10
91.3049279999999897
20
-142.5951139999999953
11
91.3080130000000025
21
-142.5949839999999824
0
LINE
8
Edge.Cuts
6
CONTINUOUS
10
91.3080130000000025
20
-142.5949839999999824
11
91.3110949999999946
21
-142.5948730000000069
0
LINE
8
Edge.Cuts
6
CONTINUOUS
10
91.3110949999999946
20
-142.5948730000000069
11
91.3141759999999891
21
-142.5947830000000067
0
LINE
8
Edge.Cuts
6
CONTINUOUS
10
91.3141759999999891
20
-142.5947830000000067
11
91.3172539999999913
21
-142.594711999999987
0
LINE
8
Edge.Cuts
6
CONTINUOUS
10
91.3172539999999913
20
-142.594711999999987
11
91.3203299999999984
21
-142.5946619999999996
0
LINE
8
Edge.Cuts
6
CONTINUOUS
10
91.3203299999999984
20
-142.5946619999999996
11
91.323402999999999
21
-142.5946319999999901
0
LINE
8
Edge.Cuts
6
CONTINUOUS
10
91.323402999999999
20
-142.5946319999999901
11
91.3264739999999904
21
-142.5946219999999869
0
LINE
8
Edge.Cuts
6
CONTINUOUS
10
91.3264739999999904
20
-142.5946219999999869
11
91.3295419999999893
21
-142.5946309999999926
0
LINE
8
Edge.Cuts
6
CONTINUOUS
10
91.3295419999999893
20
-142.5946309999999926
11
91.3326069999999959
21
-142.5946610000000021
0
LINE
8
Edge.Cuts
6
CONTINUOUS
10
91.3326069999999959
20
-142.5946610000000021
11
91.3356689999999958
21
-142.5947109999999896
0
LINE
8
Edge.Cuts
6
CONTINUOUS
10
91.3356689999999958
20
-142.5947109999999896
11
91.3387290000000007
21
-142.5947799999999859
0
LINE
8
Edge.Cuts
6
CONTINUOUS
10
91.3387290000000007
20
-142.5947799999999859
11
91.3417850000000016
21
-142.594869999999986
0
LINE
8
Edge.Cuts
6
CONTINUOUS
10
91.3417850000000016
20
-142.594869999999986
11
91.3448389999999932
21
-142.594978999999995
0
LINE
8
Edge.Cuts
6
CONTINUOUS
10
91.3448389999999932
20
-142.594978999999995
11
91.347888999999995
21
-142.5951089999999795
0
LINE
8
Edge.Cuts
6
CONTINUOUS
10
91.347888999999995
20
-142.5951089999999795
11
91.3509359999999901
21
-142.5952580000000012
0
LINE
8
Edge.Cuts
6
CONTINUOUS
10
91.3509359999999901
20
-142.5952580000000012
11
91.3539789999999954
21
-142.5954270000000008
0
LINE
8
Edge.Cuts
6
CONTINUOUS
10
91.3539789999999954
20
-142.5954270000000008
11
91.3570199999999915
21
-142.5956160000000068
0
LINE
8
Edge.Cuts
6
CONTINUOUS
10
91.3570199999999915
20
-142.5956160000000068
11
91.3600560000000002
21
-142.5958249999999907
0
LINE
8
Edge.Cuts
6
CONTINUOUS
10
91.3600560000000002
20
-142.5958249999999907
11
91.3630899999999997
21
-142.5960529999999835
0
LINE
8
Edge.Cuts
6
CONTINUOUS
10
91.3630899999999997
20
-142.5960529999999835
11
91.3661189999999976
21
-142.5963019999999801
0
LINE
8
Edge.Cuts
6
CONTINUOUS
10
91.3661189999999976
20
-142.5963019999999801
11
91.369144999999989
21
-142.5965699999999856
0
LINE
8
Edge.Cuts
6
CONTINUOUS
10
91.369144999999989
20
-142.5965699999999856
11
91.3721669999999904
21
-142.5968579999999974
0
LINE
8
Edge.Cuts
6
CONTINUOUS
10
91.3721669999999904
20
-142.5968579999999974
11
91.3751850000000019
21
-142.5971649999999897
0
LINE
8
Edge.Cuts
6
CONTINUOUS
10
91.3751850000000019
20
-142.5971649999999897
11
91.3781999999999925
21
-142.5974919999999884
0
LINE
8
Edge.Cuts
6
CONTINUOUS
10
91.3781999999999925
20
-142.5974919999999884
11
91.3812099999999958
21
-142.5978389999999933
0
LINE
8
Edge.Cuts
6
CONTINUOUS
10
91.3812099999999958
20
-142.5978389999999933
11
91.384215999999995
21
-142.5982060000000047
0
LINE
8
Edge.Cuts
6
CONTINUOUS
10
91.384215999999995
20
-142.5982060000000047
11
91.3872179999999901
21
-142.5985919999999965
0
LINE
8
Edge.Cuts
6
CONTINUOUS
10
91.3872179999999901
20
-142.5985919999999965
11
91.3902149999999978
21
-142.5989979999999946
0
LINE
8
Edge.Cuts
6
CONTINUOUS
10
91.3902149999999978
20
-142.5989979999999946
11
91.3932089999999988
21
-142.5994230000000016
0
LINE
8
Edge.Cuts
6
CONTINUOUS
10
91.3932089999999988
20
-142.5994230000000016
11
91.3961979999999983
21
-142.5998679999999865
0
LINE
8
Edge.Cuts
6
CONTINUOUS
10
91.3961979999999983
20
-142.5998679999999865
11
91.3991819999999962
21
-142.6003330000000062
0
LINE
8
Edge.Cuts
6
CONTINUOUS
10
91.3991819999999962
20
-142.6003330000000062
11
91.4021619999999899
21
-142.6008170000000064
0
LINE
8
Edge.Cuts
6
CONTINUOUS
10
91.4021619999999899
20
-142.6008170000000064
11
91.4051369999999963
21
-142.6013209999999845
0
LINE
8
Edge.Cuts
6
CONTINUOUS
10
91.4051369999999963
20
-142.6013209999999845
11
91.4081079999999986
21
-142.6018439999999998
0
LINE
8
Edge.Cuts
6
CONTINUOUS
10
91.4081079999999986
20
-142.6018439999999998
11
91.4110730000000018
21
-142.6023859999999956
0
LINE
8
Edge.Cuts
6
CONTINUOUS
10
91.4110730000000018
20
-142.6023859999999956
11
91.4140340000000009
21
-142.6029479999999978
0
LINE
8
Edge.Cuts
6
CONTINUOUS
10
91.4140340000000009
20
-142.6029479999999978
11
91.4169899999999984
21
-142.6035300000000063
0
LINE
8
Edge.Cuts
6
CONTINUOUS
10
91.4169899999999984
20
-142.6035300000000063
11
91.4199409999999943
21
-142.6041299999999978
0
LINE
8
Edge.Cuts
6
CONTINUOUS
10
91.4199409999999943
20
-142.6041299999999978
11
91.4228859999999912
21
-142.6047499999999957
0
LINE
8
Edge.Cuts
6
CONTINUOUS
10
91.4228859999999912
20
-142.6047499999999957
11
91.4258269999999982
21
-142.6053899999999999
0
LINE
8
Edge.Cuts
6
CONTINUOUS
10
91.4258269999999982
20
-142.6053899999999999
11
91.4287619999999919
21
-142.6060489999999845
0
LINE
8
Edge.Cuts
6
CONTINUOUS
10
91.4287619999999919
20
-142.6060489999999845
11
91.4316919999999982
21
-142.6067270000000065
0
LINE
8
Edge.Cuts
6
CONTINUOUS
10
91.4316919999999982
20
-142.6067270000000065
11
91.4346159999999912
21
-142.6074239999999804
0
LINE
8
Edge.Cuts
6
CONTINUOUS
10
91.4346159999999912
20
-142.6074239999999804
11
91.4375349999999969
21
-142.6081409999999892
0
LINE
8
Edge.Cuts
6
CONTINUOUS
10
91.4375349999999969
20
-142.6081409999999892
11
91.440449000000001
21
-142.6088770000000068
0
LINE
8
Edge.Cuts
6
CONTINUOUS
10
91.440449000000001
20
-142.6088770000000068
11
91.4433559999999943
21
-142.6096320000000048
0
LINE
8
Edge.Cuts
6
CONTINUOUS
10
91.4433559999999943
20
-142.6096320000000048
11
91.4462589999999977
21
-142.6104059999999834
0
LINE
8
Edge.Cuts
6
CONTINUOUS
10
91.4462589999999977
20
-142.6104059999999834
11
91.4491549999999904
21
-142.6111999999999966
0
LINE
8
Edge.Cuts
6
CONTINUOUS
10
91.4491549999999904
20
-142.6111999999999966
11
91.4520449999999983
21
-142.6120119999999929
0
LINE
8
Edge.Cuts
6
CONTINUOUS
10
91.4520449999999983
20
-142.6120119999999929
11
91.4549289999999928
21
-142.6128439999999955
0
LINE
8
Edge.Cuts
6
CONTINUOUS
10
91.4549289999999928
20
-142.6128439999999955
11
91.457808
21
-142.613695000000007
0
LINE
8
Edge.Cuts
6
CONTINUOUS
10
91.457808
20
-142.613695000000007
11
91.4606799999999964
21
-142.6145640000000014
0
LINE
8
Edge.Cuts
6
CONTINUOUS
10
91.4606799999999964
20
-142.6145640000000014
11
91.4635459999999938
21
-142.6154530000000022
0
LINE
8
Edge.Cuts
6
CONTINUOUS
10
91.4635459999999938
20
-142.6154530000000022
11
91.4664059999999921
21
-142.6163609999999835
0
LINE
8
Edge.Cuts
6
CONTINUOUS
10
91.4664059999999921
20
-142.6163609999999835
11
91.4692599999999914
21
-142.6172880000000021
0
LINE
8
Edge.Cuts
6
CONTINUOUS
10
91.4692599999999914
20
-142.6172880000000021
11
91.4721069999999941
21
-142.6182340000000011
0
LINE
8
Edge.Cuts
6
CONTINUOUS
10
91.4721069999999941
20
-142.6182340000000011
11
91.4749479999999977
21
-142.619197999999983
0
LINE
8
Edge.Cuts
6
CONTINUOUS
10
91.4749479999999977
20
-142.619197999999983
11
91.4777819999999906
21
-142.6201819999999998
0
LINE
8
Edge.Cuts
6
CONTINUOUS
10
91.4777819999999906
20
-142.6201819999999998
11
91.4806090000000012
21
-142.621184999999997
0
LINE
8
Edge.Cuts
6
CONTINUOUS
10
91.4806090000000012
20
-142.621184999999997
11
91.4834299999999985
21
-142.6222060000000056
0
LINE
8
Edge.Cuts
6
CONTINUOUS
10
91.4834299999999985
20
-142.6222060000000056
11
91.4862449999999967
21
-142.6232459999999946
0
LINE
8
Edge.Cuts
6
CONTINUOUS
10
91.4862449999999967
20
-142.6232459999999946
11
91.4890520000000009
21
-142.6243049999999926
0
LINE
8
Edge.Cuts
6
CONTINUOUS
10
91.4890520000000009
20
-142.6243049999999926
11
91.4918519999999944
21
-142.6253829999999994
0
LINE
8
Edge.Cuts
6
CONTINUOUS
10
91.4918519999999944
20
-142.6253829999999994
11
91.4946459999999888
21
-142.6264799999999866
0
LINE
8
Edge.Cuts
6
CONTINUOUS
10
91.4946459999999888
20
-142.6264799999999866
11
91.4974319999999892
21
-142.6275949999999852
0
LINE
8
Edge.Cuts
6
CONTINUOUS
10
91.4974319999999892
20
-142.6275949999999852
11
91.5002109999999931
21
-142.6287289999999928
0
LINE
8
Edge.Cuts
6
CONTINUOUS
10
91.5002109999999931
20
-142.6287289999999928
11
91.5029839999999979
21
-142.6298819999999807
0
LINE
8
Edge.Cuts
6
CONTINUOUS
10
91.5029839999999979
20
-142.6298819999999807
11
91.505747999999997
21
-142.6310529999999801
0
LINE
8
Edge.Cuts
6
CONTINUOUS
10
91.505747999999997
20
-142.6310529999999801
11
91.508505999999997
21
-142.6322429999999883
0
LINE
8
Edge.Cuts
6
CONTINUOUS
10
91.508505999999997
20
-142.6322429999999883
11
91.5112559999999888
21
-142.6334520000000055
0
LINE
8
Edge.Cuts
6
CONTINUOUS
10
91.5112559999999888
20
-142.6334520000000055
11
91.5139989999999983
21
-142.6346790000000055
0
LINE
8
Edge.Cuts
6
CONTINUOUS
10
91.5139989999999983
20
-142.6346790000000055
11
91.5167339999999996
21
-142.6359239999999886
0
LINE
8
Edge.Cuts
6
CONTINUOUS
10
91.5167339999999996
20
-142.6359239999999886
11
91.5194619999999901
21
-142.6371890000000064
0
LINE
8
Edge.Cuts
6
CONTINUOUS
10
91.5194619999999901
20
-142.6371890000000064
11
91.5221820000000008
21
-142.6384709999999814
0
LINE
8
Edge.Cuts
6
CONTINUOUS
10
91.5221820000000008
20
-142.6384709999999814
11
91.5248939999999891
21
-142.639772999999991
0
LINE
8
Edge.Cuts
6
CONTINUOUS
10
91.5248939999999891
20
-142.639772999999991
11
91.5275979999999976
21
-142.6410919999999862
0
LINE
8
Edge.Cuts
6
CONTINUOUS
10
91.5275979999999976
20
-142.6410919999999862
11
91.5302949999999953
21
-142.6424299999999903
0
LINE
8
Edge.Cuts
6
CONTINUOUS
10
91.5302949999999953
20
-142.6424299999999903
11
91.5329830000000015
21
-142.6437870000000032
0
LINE
8
Edge.Cuts
6
CONTINUOUS
10
91.5329830000000015
20
-142.6437870000000032
11
91.535663999999997
21
-142.6451619999999991
0
LINE
8
Edge.Cuts
6
CONTINUOUS
10
91.535663999999997
20
-142.6451619999999991
11
91.538336000000001
21
-142.6465550000000064
0
LINE
8
Edge.Cuts
6
CONTINUOUS
10
91.538336000000001
20
-142.6465550000000064
11
91.5410009999999943
21
-142.6479669999999942
0
LINE
8
Edge.Cuts
6
CONTINUOUS
10
91.5410009999999943
20
-142.6479669999999942
11
91.5436569999999961
21
-142.6493959999999959
0
LINE
8
Edge.Cuts
6
CONTINUOUS
10
91.5436569999999961
20
-142.6493959999999959
11
91.5463049999999896
21
-142.6508440000000064
0
LINE
8
Edge.Cuts
6
CONTINUOUS
10
91.5463049999999896
20
-142.6508440000000064
11
91.5489439999999917
21
-142.6523109999999974
0
LINE
8
Edge.Cuts
6
CONTINUOUS
10
91.5489439999999917
20
-142.6523109999999974
11
91.5515749999999997
21
-142.6537950000000023
0
LINE
8
Edge.Cuts
6
CONTINUOUS
10
91.5515749999999997
20
-142.6537950000000023
11
91.5541979999999995
21
-142.6552979999999877
0
LINE
8
Edge.Cuts
6
CONTINUOUS
10
91.5541979999999995
20
-142.6552979999999877
11
91.5568119999999936
21
-142.6568189999999845
0
LINE
8
Edge.Cuts
6
CONTINUOUS
10
91.5568119999999936
20
-142.6568189999999845
11
91.5594169999999963
21
-142.6583579999999927
0
LINE
8
Edge.Cuts
6
CONTINUOUS
10
91.5594169999999963
20
-142.6583579999999927
11
91.5620139999999907
21
-142.6599149999999838
0
LINE
8
Edge.Cuts
6
CONTINUOUS
10
91.5620139999999907
20
-142.6599149999999838
11
91.5646019999999936
21
-142.6614899999999864
0
LINE
8
Edge.Cuts
6
CONTINUOUS
10
91.5646019999999936
20
-142.6614899999999864
11
91.5671809999999908
21
-142.6630839999999978
0
LINE
8
Edge.Cuts
6
CONTINUOUS
10
91.5671809999999908
20
-142.6630839999999978
11
91.5697509999999966
21
-142.6646949999999947
0
LINE
8
Edge.Cuts
6
CONTINUOUS
10
91.5697509999999966
20
-142.6646949999999947
11
91.5723129999999941
21
-142.666324000000003
0
LINE
8
Edge.Cuts
6
CONTINUOUS
10
91.5723129999999941
20
-142.666324000000003
11
91.5748650000000026
21
-142.6679719999999918
0
LINE
8
Edge.Cuts
6
CONTINUOUS
10
91.5748650000000026
20
-142.6679719999999918
11
91.5774090000000029
21
-142.6696369999999945
0
LINE
8
Edge.Cuts
6
CONTINUOUS
10
91.5774090000000029
20
-142.6696369999999945
11
91.5799420000000026
21
-142.6713199999999802
0
LINE
8
Edge.Cuts
6
CONTINUOUS
10
91.5799420000000026
20
-142.6713199999999802
11
91.5824679999999915
21
-142.6730220000000031
0
LINE
8
Edge.Cuts
6
CONTINUOUS
10
91.5824679999999915
20
-142.6730220000000031
11
91.584982999999994
21
-142.6747399999999857
0
LINE
8
Edge.Cuts
6
CONTINUOUS
10
91.584982999999994
20
-142.6747399999999857
11
91.5874889999999908
21
-142.676478000000003
0
LINE
8
Edge.Cuts
6
CONTINUOUS
10
91.5874889999999908
20
-142.676478000000003
11
91.5899859999999961
21
-142.67823199999998
0
LINE
8
Edge.Cuts
6
CONTINUOUS
10
91.5899859999999961
20
-142.67823199999998
11
91.5924739999999957
21
-142.6800049999999942
0
LINE
8
Edge.Cuts
6
CONTINUOUS
10
91.5924739999999957
20
-142.6800049999999942
11
91.5949509999999947
21
-142.6817949999999939
0
LINE
8
Edge.Cuts
6
CONTINUOUS
10
91.5949509999999947
20
-142.6817949999999939
11
91.5974199999999996
21
-142.6836030000000051
0
LINE
8
Edge.Cuts
6
CONTINUOUS
10
91.5974199999999996
20
-142.6836030000000051
11
91.5998779999999897
21
-142.6854289999999992
0
LINE
8
Edge.Cuts
6
CONTINUOUS
10
91.5998779999999897
20
-142.6854289999999992
11
91.602328
21
-142.6872730000000047
0
LINE
8
Edge.Cuts
6
CONTINUOUS
10
91.602328
20
-142.6872730000000047
11
91.6047669999999954
21
-142.6891339999999957
0
LINE
8
Edge.Cuts
6
CONTINUOUS
10
91.6047669999999954
20
-142.6891339999999957
11
91.6071960000000018
21
-142.6910129999999981
0
LINE
8
Edge.Cuts
6
CONTINUOUS
10
91.6071960000000018
20
-142.6910129999999981
11
91.6096149999999909
21
-142.6929099999999835
0
LINE
8
Edge.Cuts
6
CONTINUOUS
10
91.6096149999999909
20
-142.6929099999999835
11
91.6120250000000027
21
-142.6948239999999828
0
LINE
8
Edge.Cuts
6
CONTINUOUS
10
91.6120250000000027
20
-142.6948239999999828
11
91.6144239999999996
21
-142.6967559999999935
0
LINE
8
Edge.Cuts
6
CONTINUOUS
10
91.6144239999999996
20
-142.6967559999999935
11
91.6168139999999909
21
-142.6987049999999897
0
LINE
8
Edge.Cuts
6
CONTINUOUS
10
91.6168139999999909
20
-142.6987049999999897
11
91.6191929999999957
21
-142.7006719999999973
0
LINE
8
Edge.Cuts
6
CONTINUOUS
10
91.6191929999999957
20
-142.7006719999999973
11
91.6215619999999973
21
-142.7026569999999879
0
LINE
8
Edge.Cuts
6
CONTINUOUS
10
91.6215619999999973
20
-142.7026569999999879
11
91.6239199999999983
21
-142.7046579999999949
0
LINE
8
Edge.Cuts
6
CONTINUOUS
10
91.6239199999999983
20
-142.7046579999999949
11
91.6262689999999935
21
-142.7066779999999824
0
LINE
8
Edge.Cuts
6
CONTINUOUS
10
91.6262689999999935
20
-142.7066779999999824
11
91.6286070000000024
21
-142.7087149999999838
0
LINE
8
Edge.Cuts
6
CONTINUOUS
10
91.6286070000000024
20
-142.7087149999999838
11
91.6309339999999963
21
-142.7107689999999991
0
LINE
8
Edge.Cuts
6
CONTINUOUS
10
91.6309339999999963
20
-142.7107689999999991
11
91.6332510000000013
21
-142.7128409999999974
0
LINE
8
Edge.Cuts
6
CONTINUOUS
10
91.6332510000000013
20
-142.7128409999999974
11
91.635557999999989
21
-142.7149299999999812
0
LINE
8
Edge.Cuts
6
CONTINUOUS
10
91.635557999999989
20
-142.7149299999999812
11
91.6378529999999927
21
-142.7170360000000073
0
LINE
8
Edge.Cuts
6
CONTINUOUS
10
91.6378529999999927
20
-142.7170360000000073
11
91.6401379999999932
21
-142.7191609999999855
0
LINE
8
Edge.Cuts
6
CONTINUOUS
10
91.6401379999999932
20
-142.7191609999999855
11
91.6424119999999931
21
-142.7213009999999827
0
LINE
8
Edge.Cuts
6
CONTINUOUS
10
91.6424119999999931
20
-142.7213009999999827
11
91.6446759999999898
21
-142.7234599999999887
0
LINE
8
Edge.Cuts
6
CONTINUOUS
10
91.6446759999999898
20
-142.7234599999999887
11
91.6469280000000026
21
-142.7256359999999802
0
LINE
8
Edge.Cuts
6
CONTINUOUS
10
91.6469280000000026
20
-142.7256359999999802
11
91.649169999999998
21
-142.7278289999999856
0
LINE
8
Edge.Cuts
6
CONTINUOUS
10
91.649169999999998
20
-142.7278289999999856
11
91.6513999999999953
21
-142.730039000000005
0
LINE
8
Edge.Cuts
6
CONTINUOUS
10
91.6513999999999953
20
-142.730039000000005
11
91.6536199999999894
21
-142.7322670000000073
0
LINE
8
Edge.Cuts
6
CONTINUOUS
10
91.6536199999999894
20
-142.7322670000000073
11
91.6558279999999996
21
-142.7345109999999977
0
LINE
8
Edge.Cuts
6
CONTINUOUS
10
91.6558279999999996
20
-142.7345109999999977
11
91.658024999999995
21
-142.7367729999999995
0
LINE
8
Edge.Cuts
6
CONTINUOUS
10
91.658024999999995
20
-142.7367729999999995
11
91.6602109999999897
21
-142.7390519999999867
0
LINE
8
Edge.Cuts
6
CONTINUOUS
10
91.6602109999999897
20
-142.7390519999999867
11
91.6623859999999979
21
-142.7413479999999879
0
LINE
8
Edge.Cuts
6
CONTINUOUS
10
91.6623859999999979
20
-142.7413479999999879
11
91.6645489999999938
21
-142.743661000000003
0
LINE
8
Edge.Cuts
6
CONTINUOUS
10
91.6645489999999938
20
-142.743661000000003
11
91.6667009999999891
21
-142.7459920000000011
0
LINE
8
Edge.Cuts
6
CONTINUOUS
10
91.6667009999999891
20
-142.7459920000000011
11
91.6688410000000005
21
-142.7483389999999872
0
LINE
8
Edge.Cuts
6
CONTINUOUS
10
91.6688410000000005
20
-142.7483389999999872
11
91.670969999999997
21
-142.7507039999999847
0
LINE
8
Edge.Cuts
6
CONTINUOUS
10
91.670969999999997
20
-142.7507039999999847
11
91.6730869999999953
21
-142.7530849999999987
0
LINE
8
Edge.Cuts
6
CONTINUOUS
10
91.6730869999999953
20
-142.7530849999999987
11
91.6751919999999956
21
-142.7554839999999956
0
LINE
8
Edge.Cuts
6
CONTINUOUS
10
91.6751919999999956
20
-142.7554839999999956
11
91.6772859999999952
21
-142.7578989999999806
0
LINE
8
Edge.Cuts
6
CONTINUOUS
10
91.6772859999999952
20
-142.7578989999999806
11
91.6793679999999966
21
-142.7603320000000053
0
LINE
8
Edge.Cuts
6
CONTINUOUS
10
91.6793679999999966
20
-142.7603320000000053
11
91.681438
21
-142.7627809999999897
0
LINE
8
Edge.Cuts
6
CONTINUOUS
10
91.681438
20
-142.7627809999999897
11
91.683495999999991
21
-142.765246999999988
0
LINE
8
Edge.Cuts
6
CONTINUOUS
10
91.683495999999991
20
-142.765246999999988
11
91.6855429999999956
21
-142.7677300000000002
0
LINE
8
Edge.Cuts
6
CONTINUOUS
10
91.6855429999999956
20
-142.7677300000000002
11
91.6875769999999903
21
-142.7702309999999954
0
LINE
8
Edge.Cuts
6
CONTINUOUS
10
91.6875769999999903
20
-142.7702309999999954
11
91.6895990000000012
21
-142.7727469999999812
0
LINE
8
Edge.Cuts
6
CONTINUOUS
10
91.6895990000000012
20
-142.7727469999999812
11
91.6916089999999997
21
-142.7752810000000068
0
LINE
8
Edge.Cuts
6
CONTINUOUS
10
91.6916089999999997
20
-142.7752810000000068
11
91.6936070000000001
21
-142.7778319999999894
0
LINE
8
Edge.Cuts
6
CONTINUOUS
10
91.6936070000000001
20
-142.7778319999999894
11
91.6955919999999907
21
-142.780399999999986
0
LINE
8
Edge.Cuts
6
CONTINUOUS
10
91.6955919999999907
20
-142.780399999999986
11
91.6975649999999973
21
-142.782983999999999
0
LINE
8
Edge.Cuts
6
CONTINUOUS
10
91.6975649999999973
20
-142.782983999999999
11
91.6995259999999917
21
-142.7855849999999975
0
LINE
8
Edge.Cuts
6
CONTINUOUS
10
91.6995259999999917
20
-142.7855849999999975
11
91.7014739999999904
21
-142.7882029999999816
0
LINE
8
Edge.Cuts
6
CONTINUOUS
10
91.7014739999999904
20
-142.7882029999999816
11
91.703409999999991
21
-142.790836999999982
0
LINE
8
Edge.Cuts
6
CONTINUOUS
10
91.703409999999991
20
-142.790836999999982
11
91.7053339999999935
21
-142.7934889999999939
0
LINE
8
Edge.Cuts
6
CONTINUOUS
10
91.7053339999999935
20
-142.7934889999999939
11
91.7072440000000029
21
-142.7961569999999938
0
LINE
8
Edge.Cuts
6
CONTINUOUS
10
91.7072440000000029
20
-142.7961569999999938
11
91.7091419999999999
21
-142.7988409999999817
0
LINE
8
Edge.Cuts
6
CONTINUOUS
10
91.7091419999999999
20
-142.7988409999999817
11
91.7110279999999989
21
-142.801542999999981
0
LINE
8
Edge.Cuts
6
CONTINUOUS
10
91.7110279999999989
20
-142.801542999999981
11
91.7128999999999905
21
-142.8042609999999968
0
LINE
8
Edge.Cuts
6
CONTINUOUS
10
91.7128999999999905
20
-142.8042609999999968
11
91.7147599999999983
21
-142.806995999999998
0
LINE
8
Edge.Cuts
6
CONTINUOUS
10
91.7147599999999983
20
-142.806995999999998
11
91.7166069999999962
21
-142.8097469999999873
0
LINE
8
Edge.Cuts
6
CONTINUOUS
10
91.7166069999999962
20
-142.8097469999999873
11
91.7184400000000011
21
-142.8125149999999906
0
LINE
8
Edge.Cuts
6
CONTINUOUS
10
91.7184400000000011
20
-142.8125149999999906
11
91.7202609999999936
21
-142.8153000000000077
0
LINE
8
Edge.Cuts
6
CONTINUOUS
10
91.7202609999999936
20
-142.8153000000000077
11
91.7220689999999905
21
-142.8181009999999844
0
LINE
8
Edge.Cuts
6
CONTINUOUS
10
91.7220689999999905
20
-142.8181009999999844
11
91.7238629999999944
21
-142.820918000000006
0
LINE
8
Edge.Cuts
6
CONTINUOUS
10
91.7238629999999944
20
-142.820918000000006
11
91.7256450000000001
21
-142.8237529999999822
0
LINE
8
Edge.Cuts
6
CONTINUOUS
10
91.7256450000000001
20
-142.8237529999999822
11
91.7274129999999985
21
-142.8266040000000032
0
LINE
8
Edge.Cuts
6
CONTINUOUS
10
91.7274129999999985
20
-142.8266040000000032
11
91.7291680000000014
21
-142.8294709999999839
0
LINE
8
Edge.Cuts
6
CONTINUOUS
10
91.7291680000000014
20
-142.8294709999999839
11
91.7309089999999969
21
-142.8323550000000068
0
LINE
8
Edge.Cuts
6
CONTINUOUS
10
91.7309089999999969
20
-142.8323550000000068
11
91.7326369999999969
21
-142.8352549999999894
0
LINE
8
Edge.Cuts
6
CONTINUOUS
10
91.7326369999999969
20
-142.8352549999999894
11
91.7343509999999895
21
-142.8381719999999859
0
LINE
8
Edge.Cuts
6
CONTINUOUS
10
91.7343509999999895
20
-142.8381719999999859
11
91.7360520000000008
21
-142.8411049999999989
0
LINE
8
Edge.Cuts
6
CONTINUOUS
10
91.7360520000000008
20
-142.8411049999999989
11
91.7370219999999961
21
-142.8427959999999928
0
LINE
8
Edge.Cuts
6
CONTINUOUS
10
91.7370219999999961
20
-142.8427959999999928
11
95.0513389999999987
21
-148.5547059999999817
0
LINE
8
Edge.Cuts
6
CONTINUOUS
10
92.0450000000000017
20
-53.1446699999999979
11
82.2876899999999978
21
-53.1446699999999979
0
LINE
8
Edge.Cuts
6
CONTINUOUS
10
92.0450000000000017
20
-60.6195139999999952
11
92.0450000000000017
21
-53.1446699999999979
0
LINE
8
Edge.Cuts
6
CONTINUOUS
10
92.7947839999999928
20
-160.2958500000000015
11
92.8235329999999976
21
-160.2671149999999898
0
LINE
8
Edge.Cuts
6
CONTINUOUS
10
92.8235329999999976
20
-160.2671149999999898
11
92.852296999999993
21
-160.2383939999999996
0
LINE
8
Edge.Cuts
6
CONTINUOUS
10
92.852296999999993
20
-160.2383939999999996
11
92.8810330000000022
21
-160.2097279999999841
0
LINE
8
Edge.Cuts
6
CONTINUOUS
10
92.8810330000000022
20
-160.2097279999999841
11
92.9097840000000019
21
-160.1810769999999877
0
LINE
8
Edge.Cuts
6
CONTINUOUS
10
92.9097840000000019
20
-160.1810769999999877
11
92.9385070000000013
21
-160.1524809999999945
0
LINE
8
Edge.Cuts
6
CONTINUOUS
10
92.9385070000000013
20
-160.1524809999999945
11
92.9672439999999938
21
-160.1238999999999919
0
LINE
8
Edge.Cuts
6
CONTINUOUS
10
92.9672439999999938
20
-160.1238999999999919
11
92.9959530000000001
21
-160.095372999999995
0
LINE
8
Edge.Cuts
6
CONTINUOUS
10
92.9959530000000001
20
-160.095372999999995
11
93.024676999999997
21
-160.0668619999999862
0
LINE
8
Edge.Cuts
6
CONTINUOUS
10
93.024676999999997
20
-160.0668619999999862
11
93.0533739999999909
21
-160.0384049999999831
0
LINE
8
Edge.Cuts
6
CONTINUOUS
10
93.0533739999999909
20
-160.0384049999999831
11
93.0820849999999922
21
-160.0099629999999991
0
LINE
8
Edge.Cuts
6
CONTINUOUS
10
93.0820849999999922
20
-160.0099629999999991
11
93.1107679999999931
21
-159.9815749999999923
0
LINE
8
Edge.Cuts
6
CONTINUOUS
10
93.1107679999999931
20
-159.9815749999999923
11
93.1394659999999988
21
-159.9532020000000045
0
LINE
8
Edge.Cuts
6
CONTINUOUS
10
93.1394659999999988
20
-159.9532020000000045
11
93.1681359999999898
21
-159.9248839999999916
0
LINE
8
Edge.Cuts
6
CONTINUOUS
10
93.1681359999999898
20
-159.9248839999999916
11
93.1968209999999999
21
-159.8965800000000002
0
LINE
8
Edge.Cuts
6
CONTINUOUS
10
93.1968209999999999
20
-159.8965800000000002
11
93.2254779999999954
21
-159.8683309999999835
0
LINE
8
Edge.Cuts
6
CONTINUOUS
10
93.2254779999999954
20
-159.8683309999999835
11
93.2541499999999957
21
-159.8400959999999884
0
LINE
8
Edge.Cuts
6
CONTINUOUS
10
93.2541499999999957
20
-159.8400959999999884
11
93.2827939999999955
21
-159.8119159999999965
0
LINE
8
Edge.Cuts
6
CONTINUOUS
10
93.2827939999999955
20
-159.8119159999999965
11
93.3114530000000002
21
-159.7837499999999977
0
LINE
8
Edge.Cuts
6
CONTINUOUS
10
93.3114530000000002
20
-159.7837499999999977
11
93.340085000000002
21
-159.7556390000000022
0
LINE
8
Edge.Cuts
6
CONTINUOUS
10
93.340085000000002
20
-159.7556390000000022
11
93.3687299999999993
21
-159.7275419999999997
0
LINE
8
Edge.Cuts
6
CONTINUOUS
10
93.3687299999999993
20
-159.7275419999999997
11
93.3973489999999913
21
-159.699499000000003
0
LINE
8
Edge.Cuts
6
CONTINUOUS
10
93.3973489999999913
20
-159.699499000000003
11
93.4259819999999905
21
-159.6714709999999968
0
LINE
8
Edge.Cuts
6
CONTINUOUS
10
93.4259819999999905
20
-159.6714709999999968
11
93.4545880000000011
21
-159.6434969999999964
0
LINE
8
Edge.Cuts
6
CONTINUOUS
10
93.4545880000000011
20
-159.6434969999999964
11
93.4832079999999905
21
-159.6155369999999891
0
LINE
8
Edge.Cuts
6
CONTINUOUS
10
93.4832079999999905
20
-159.6155369999999891
11
93.5118009999999913
21
-159.5876319999999851
0
LINE
8
Edge.Cuts
6
CONTINUOUS
10
93.5118009999999913
20
-159.5876319999999851
11
93.5404079999999993
21
-159.5597410000000025
0
LINE
8
Edge.Cuts
6
CONTINUOUS
10
93.5404079999999993
20
-159.5597410000000025
11
93.568989000000002
21
-159.5319029999999998
0
LINE
8
Edge.Cuts
6
CONTINUOUS
10
93.568989000000002
20
-159.5319029999999998
11
93.5975830000000002
21
-159.5040799999999876
0
LINE
8
Edge.Cuts
6
CONTINUOUS
10
93.5975830000000002
20
-159.5040799999999876
11
93.626150999999993
21
-159.4763109999999813
0
LINE
8
Edge.Cuts
6
CONTINUOUS
10
93.626150999999993
20
-159.4763109999999813
11
93.6547329999999931
21
-159.4485569999999939
0
LINE
8
Edge.Cuts
6
CONTINUOUS
10
93.6547329999999931
20
-159.4485569999999939
11
93.6832879999999903
21
-159.4208549999999889
0
LINE
8
Edge.Cuts
6
CONTINUOUS
10
93.6832879999999903
20
-159.4208549999999889
11
93.7118569999999949
21
-159.3931690000000003
0
LINE
8
Edge.Cuts
6
CONTINUOUS
10
93.7118569999999949
20
-159.3931690000000003
11
93.740399999999994
21
-159.3655359999999916
0
LINE
8
Edge.Cuts
6
CONTINUOUS
10
93.740399999999994
20
-159.3655359999999916
11
93.7689560000000029
21
-159.3379170000000045
0
LINE
8
Edge.Cuts
6
CONTINUOUS
10
93.7689560000000029
20
-159.3379170000000045
11
93.7974869999999896
21
-159.3103519999999946
0
LINE
8
Edge.Cuts
6
CONTINUOUS
10
93.7974869999999896
20
-159.3103519999999946
11
93.8260310000000004
21
-159.2828010000000063
0
LINE
8
Edge.Cuts
6
CONTINUOUS
10
93.8260310000000004
20
-159.2828010000000063
11
93.8545479999999941
21
-159.2553039999999953
0
LINE
8
Edge.Cuts
6
CONTINUOUS
10
93.8545479999999941
20
-159.2553039999999953
11
93.8830799999999925
21
-159.2278210000000058
0
LINE
8
Edge.Cuts
6
CONTINUOUS
10
93.8830799999999925
20
-159.2278210000000058
11
93.9115850000000023
21
-159.2003909999999962
0
LINE
8
Edge.Cuts
6
CONTINUOUS
10
93.9115850000000023
20
-159.2003909999999962
11
93.9401039999999909
21
-159.1729749999999797
0
LINE
8
Edge.Cuts
6
CONTINUOUS
10
93.9401039999999909
20
-159.1729749999999797
11
93.9685970000000026
21
-159.1456129999999973
0
LINE
8
Edge.Cuts
6
CONTINUOUS
10
93.9685970000000026
20
-159.1456129999999973
11
93.9971029999999956
21
-159.1182649999999796
0
LINE
8
Edge.Cuts
6
CONTINUOUS
10
93.9971029999999956
20
-159.1182649999999796
11
94.0255839999999949
21
-159.0909699999999987
0
LINE
8
Edge.Cuts
6
CONTINUOUS
10
94.0255839999999949
20
-159.0909699999999987
11
94.0540779999999899
21
-159.0636889999999823
0
LINE
8
Edge.Cuts
6
CONTINUOUS
10
94.0540779999999899
20
-159.0636889999999823
11
94.0825459999999936
21
-159.0364610000000027
0
LINE
8
Edge.Cuts
6
CONTINUOUS
10
94.0825459999999936
20
-159.0364610000000027
11
94.1110279999999904
21
-159.0092479999999853
0
LINE
8
Edge.Cuts
6
CONTINUOUS
10
94.1110279999999904
20
-159.0092479999999853
11
94.1394839999999959
21
-158.9820869999999786
0
LINE
8
Edge.Cuts
6
CONTINUOUS
10
94.1394839999999959
20
-158.9820869999999786
11
94.1679529999999971
21
-158.9549409999999909
0
LINE
8
Edge.Cuts
6
CONTINUOUS
10
94.1679529999999971
20
-158.9549409999999909
11
94.1963969999999904
21
-158.9278469999999857
0
LINE
8
Edge.Cuts
6
CONTINUOUS
10
94.1963969999999904
20
-158.9278469999999857
11
94.2248539999999934
21
-158.9007679999999993
0
LINE
8
Edge.Cuts
6
CONTINUOUS
10
94.2248539999999934
20
-158.9007679999999993
11
94.2532860000000028
21
-158.8737409999999954
0
LINE
8
Edge.Cuts
6
CONTINUOUS
10
94.2532860000000028
20
-158.8737409999999954
11
94.2817309999999935
21
-158.8467289999999821
0
LINE
8
Edge.Cuts
6
CONTINUOUS
10
94.2817309999999935
20
-158.8467289999999821
11
94.310149999999993
21
-158.8197679999999821
0
LINE
8
Edge.Cuts
6
CONTINUOUS
10
94.310149999999993
20
-158.8197679999999821
11
94.3385829999999999
21
-158.7928229999999985
0
LINE
8
Edge.Cuts
6
CONTINUOUS
10
94.3385829999999999
20
-158.7928229999999985
11
94.3669909999999987
21
-158.7659289999999999
0
LINE
8
Edge.Cuts
6
CONTINUOUS
10
94.3669909999999987
20
-158.7659289999999999
11
94.3954109999999957
21
-158.7390499999999918
0
LINE
8
Edge.Cuts
6
CONTINUOUS
10
94.3954109999999957
20
-158.7390499999999918
11
94.423805999999999
21
-158.7122229999999945
0
LINE
8
Edge.Cuts
6
CONTINUOUS
10
94.423805999999999
20
-158.7122229999999945
11
94.4522149999999954
21
-158.6854109999999878
0
LINE
8
Edge.Cuts
6
CONTINUOUS
10
94.4522149999999954
20
-158.6854109999999878
11
94.4805980000000005
21
-158.6586499999999944
0
LINE
8
Edge.Cuts
6
CONTINUOUS
10
94.4805980000000005
20
-158.6586499999999944
11
94.5089949999999988
21
-158.6319039999999916
0
LINE
8
Edge.Cuts
6
CONTINUOUS
10
94.5089949999999988
20
-158.6319039999999916
11
94.5373659999999916
21
-158.6052099999999996
0
LINE
8
Edge.Cuts
6
CONTINUOUS
10
94.5373659999999916
20
-158.6052099999999996
11
94.5657499999999942
21
-158.5785300000000007
0
LINE
8
Edge.Cuts
6
CONTINUOUS
10
94.5657499999999942
20
-158.5785300000000007
11
94.5941100000000006
21
-158.5519019999999841
0
LINE
8
Edge.Cuts
6
CONTINUOUS
10
94.5941100000000006
20
-158.5519019999999841
11
94.6224819999999909
21
-158.5252889999999866
0
LINE
8
Edge.Cuts
6
CONTINUOUS
10
94.6224819999999909
20
-158.5252889999999866
11
94.6508299999999991
21
-158.4987270000000024
0
LINE
8
Edge.Cuts
6
CONTINUOUS
10
94.6508299999999991
20
-158.4987270000000024
11
94.6791899999999913
21
-158.4721799999999803
0
LINE
8
Edge.Cuts
6
CONTINUOUS
10
94.6791899999999913
20
-158.4721799999999803
11
94.7075260000000014
21
-158.4456830000000025
0
LINE
8
Edge.Cuts
6
CONTINUOUS
10
94.7075260000000014
20
-158.4456830000000025
11
94.7358739999999955
21
-158.4192019999999843
0
LINE
8
Edge.Cuts
6
CONTINUOUS
10
94.7358739999999955
20
-158.4192019999999843
11
94.7641979999999933
21
-158.392770999999982
0
LINE
8
Edge.Cuts
6
CONTINUOUS
10
94.7641979999999933
20
-158.392770999999982
11
94.7925350000000009
21
-158.3663559999999961
0
LINE
8
Edge.Cuts
6
CONTINUOUS
10
94.7925350000000009
20
-158.3663559999999961
11
94.8208470000000005
21
-158.3399909999999977
0
LINE
8
Edge.Cuts
6
CONTINUOUS
10
94.8208470000000005
20
-158.3399909999999977
11
94.8491719999999958
21
-158.3136419999999873
0
LINE
8
Edge.Cuts
6
CONTINUOUS
10
94.8491719999999958
20
-158.3136419999999873
11
94.8774719999999974
21
-158.2873429999999928
0
LINE
8
Edge.Cuts
6
CONTINUOUS
10
94.8774719999999974
20
-158.2873429999999928
11
94.9057849999999945
21
-158.2610589999999888
0
LINE
8
Edge.Cuts
6
CONTINUOUS
10
94.9057849999999945
20
-158.2610589999999888
11
94.9340739999999954
21
-158.2348250000000007
0
LINE
8
Edge.Cuts
6
CONTINUOUS
10
94.9340739999999954
20
-158.2348250000000007
11
94.9623749999999944
21
-158.2086070000000007
0
LINE
8
Edge.Cuts
6
CONTINUOUS
10
94.9623749999999944
20
-158.2086070000000007
11
94.9906519999999972
21
-158.182438999999988
0
LINE
8
Edge.Cuts
6
CONTINUOUS
10
94.9906519999999972
20
-158.182438999999988
11
95.0189419999999956
21
-158.1562859999999944
0
LINE
8
Edge.Cuts
6
CONTINUOUS
10
95.0189419999999956
20
-158.1562859999999944
11
95.0472070000000002
21
-158.1301829999999882
0
LINE
8
Edge.Cuts
6
CONTINUOUS
10
95.0472070000000002
20
-158.1301829999999882
11
95.0754850000000005
21
-158.1040950000000009
0
LINE
8
Edge.Cuts
6
CONTINUOUS
10
95.0754850000000005
20
-158.1040950000000009
11
95.1037389999999903
21
-158.0780570000000012
0
LINE
8
Edge.Cuts
6
CONTINUOUS
10
95.1037389999999903
20
-158.0780570000000012
11
95.1320049999999924
21
-158.0520349999999894
0
LINE
8
Edge.Cuts
6
CONTINUOUS
10
95.1320049999999924
20
-158.0520349999999894
11
95.1602479999999957
21
-158.026061999999996
0
LINE
8
Edge.Cuts
6
CONTINUOUS
10
95.1602479999999957
20
-158.026061999999996
11
95.1885019999999997
21
-158.0001049999999907
0
LINE
8
Edge.Cuts
6
CONTINUOUS
10
95.1885019999999997
20
-158.0001049999999907
11
95.2167329999999907
21
-157.9741970000000038
0
LINE
8
Edge.Cuts
6
CONTINUOUS
10
95.2167329999999907
20
-157.9741970000000038
11
95.2449759999999941
21
-157.9483039999999789
0
LINE
8
Edge.Cuts
6
CONTINUOUS
10
95.2449759999999941
20
-157.9483039999999789
11
95.2731959999999987
21
-157.9224609999999984
0
LINE
8
Edge.Cuts
6
CONTINUOUS
10
95.2731959999999987
20
-157.9224609999999984
11
95.3014269999999897
21
-157.8966340000000059
0
LINE
8
Edge.Cuts
6
CONTINUOUS
10
95.3014269999999897
20
-157.8966340000000059
11
95.3296349999999961
21
-157.8708560000000034
0
LINE
8
Edge.Cuts
6
CONTINUOUS
10
95.3296349999999961
20
-157.8708560000000034
11
95.3578550000000007
21
-157.8450929999999914
0
LINE
8
Edge.Cuts
6
CONTINUOUS
10
95.3578550000000007
20
-157.8450929999999914
11
95.3860519999999923
21
-157.8193789999999979
0
LINE
8
Edge.Cuts
6
CONTINUOUS
10
95.3860519999999923
20
-157.8193789999999979
11
95.4142599999999987
21
-157.7936809999999923
0
LINE
8
Edge.Cuts
6
CONTINUOUS
10
95.4142599999999987
20
-157.7936809999999923
11
95.4424449999999922
21
-157.7680320000000052
0
LINE
8
Edge.Cuts
6
CONTINUOUS
10
95.4424449999999922
20
-157.7680320000000052
11
95.4706429999999955
21
-157.742399000000006
0
LINE
8
Edge.Cuts
6
CONTINUOUS
10
95.4706429999999955
20
-157.742399000000006
11
95.4988159999999908
21
-157.7168139999999994
0
LINE
8
Edge.Cuts
6
CONTINUOUS
10
95.4988159999999908
20
-157.7168139999999994
11
95.527001999999996
21
-157.6912449999999808
0
LINE
8
Edge.Cuts
6
CONTINUOUS
10
95.527001999999996
20
-157.6912449999999808
11
95.5551650000000024
21
-157.6657249999999806
0
LINE
8
Edge.Cuts
6
CONTINUOUS
10
95.5551650000000024
20
-157.6657249999999806
11
95.5833389999999952
21
-157.6402199999999993
0
LINE
8
Edge.Cuts
6
CONTINUOUS
10
95.5833389999999952
20
-157.6402199999999993
11
95.6114899999999892
21
-157.6147639999999797
0
LINE
8
Edge.Cuts
6
CONTINUOUS
10
95.6114899999999892
20
-157.6147639999999797
11
95.6396539999999931
21
-157.5893229999999789
0
LINE
8
Edge.Cuts
6
CONTINUOUS
10
95.6396539999999931
20
-157.5893229999999789
11
95.6677940000000007
21
-157.5639309999999966
0
LINE
8
Edge.Cuts
6
CONTINUOUS
10
95.6677940000000007
20
-157.5639309999999966
11
95.6959459999999922
21
-157.5385550000000023
0
LINE
8
Edge.Cuts
6
CONTINUOUS
10
95.6959459999999922
20
-157.5385550000000023
11
95.7240749999999991
21
-157.5132270000000005
0
LINE
8
Edge.Cuts
6
CONTINUOUS
10
95.7240749999999991
20
-157.5132270000000005
11
95.7522149999999925
21
-157.4879139999999893
0
LINE
8
Edge.Cuts
6
CONTINUOUS
10
95.7522149999999925
20
-157.4879139999999893
11
95.7803329999999988
21
-157.4626499999999965
0
LINE
8
Edge.Cuts
6
CONTINUOUS
10
95.7803329999999988
20
-157.4626499999999965
11
95.8084629999999891
21
-157.4374019999999916
0
LINE
8
Edge.Cuts
6
CONTINUOUS
10
95.8084629999999891
20
-157.4374019999999916
11
95.8365689999999972
21
-157.4122009999999818
0
LINE
8
Edge.Cuts
6
CONTINUOUS
10
95.8365689999999972
20
-157.4122009999999818
11
95.864688000000001
21
-157.387016999999986
0
LINE
8
Edge.Cuts
6
CONTINUOUS
10
95.864688000000001
20
-157.387016999999986
11
95.8927829999999943
21
-157.3618799999999851
0
LINE
8
Edge.Cuts
6
CONTINUOUS
10
95.8927829999999943
20
-157.3618799999999851
11
95.92089
21
-157.3367590000000007
0
LINE
8
Edge.Cuts
6
CONTINUOUS
10
95.92089
20
-157.3367590000000007
11
95.9489749999999901
21
-157.3116859999999804
0
LINE
8
Edge.Cuts
6
CONTINUOUS
10
95.9489749999999901
20
-157.3116859999999804
11
95.9770709999999951
21
-157.286627999999979
0
LINE
8
Edge.Cuts
6
CONTINUOUS
10
95.9770709999999951
20
-157.286627999999979
11
96.0051440000000014
21
-157.261618999999996
0
LINE
8
Edge.Cuts
6
CONTINUOUS
10
96.0051440000000014
20
-157.261618999999996
11
96.0332289999999915
21
-157.2366250000000036
0
LINE
8
Edge.Cuts
6
CONTINUOUS
10
96.0332289999999915
20
-157.2366250000000036
11
96.0612919999999946
21
-157.2116790000000037
0
LINE
8
Edge.Cuts
6
CONTINUOUS
10
96.0612919999999946
20
-157.2116790000000037
11
96.0893659999999983
21
-157.1867479999999944
0
LINE
8
Edge.Cuts
6
CONTINUOUS
10
96.0893659999999983
20
-157.1867479999999944
11
96.117416999999989
21
-157.1618650000000059
0
LINE
8
Edge.Cuts
6
CONTINUOUS
10
96.117416999999989
20
-157.1618650000000059
11
96.1454809999999895
21
-157.1369980000000055
0
LINE
8
Edge.Cuts
6
CONTINUOUS
10
96.1454809999999895
20
-157.1369980000000055
11
96.1735209999999938
21
-157.1121780000000001
0
LINE
8
Edge.Cuts
6
CONTINUOUS
10
96.1735209999999938
20
-157.1121780000000001
11
96.2015729999999962
21
-157.0873739999999827
0
LINE
8
Edge.Cuts
6
CONTINUOUS
10
96.2015729999999962
20
-157.0873739999999827
11
96.2296029999999973
21
-157.0626169999999888
0
LINE
8
Edge.Cuts
6
CONTINUOUS
10
96.2296029999999973
20
-157.0626169999999888
11
96.2576439999999991
21
-157.0378769999999804
0
LINE
8
Edge.Cuts
6
CONTINUOUS
10
96.2576439999999991
20
-157.0378769999999804
11
96.2856629999999996
21
-157.0131829999999979
0
LINE
8
Edge.Cuts
6
CONTINUOUS
10
96.2856629999999996
20
-157.0131829999999979
11
96.3136930000000007
21
-156.9885050000000035
0
LINE
8
Edge.Cuts
6
CONTINUOUS
10
96.3136930000000007
20
-156.9885050000000035
11
96.3417010000000005
21
-156.9638740000000041
0
LINE
8
Edge.Cuts
6
CONTINUOUS
10
96.3417010000000005
20
-156.9638740000000041
11
96.3697209999999984
21
-156.9392589999999927
0
LINE
8
Edge.Cuts
6
CONTINUOUS
10
96.3697209999999984
20
-156.9392589999999927
11
96.3977179999999976
21
-156.9146910000000048
0
LINE
8
Edge.Cuts
6
CONTINUOUS
10
96.3977179999999976
20
-156.9146910000000048
11
96.4257269999999949
21
-156.8901390000000049
0
LINE
8
Edge.Cuts
6
CONTINUOUS
10
96.4257269999999949
20
-156.8901390000000049
11
96.4537129999999934
21
-156.8656330000000025
0
LINE
8
Edge.Cuts
6
CONTINUOUS
10
96.4537129999999934
20
-156.8656330000000025
11
96.48171099999999
21
-156.8411439999999857
0
LINE
8
Edge.Cuts
6
CONTINUOUS
10
96.48171099999999
20
-156.8411439999999857
11
96.5096869999999996
21
-156.8167009999999948
0
LINE
8
Edge.Cuts
6
CONTINUOUS
10
96.5096869999999996
20
-156.8167009999999948
11
96.5376739999999955
21
-156.7922739999999919
0
LINE
8
Edge.Cuts
6
CONTINUOUS
10
96.5376739999999955
20
-156.7922739999999919
11
96.5656389999999902
21
-156.7678929999999866
0
LINE
8
Edge.Cuts
6
CONTINUOUS
10
96.5656389999999902
20
-156.7678929999999866
11
96.5936159999999973
21
-156.7435289999999952
0
LINE
8
Edge.Cuts
6
CONTINUOUS
10
96.5936159999999973
20
-156.7435289999999952
11
96.6215699999999913
21
-156.7192110000000014
0
LINE
8
Edge.Cuts
6
CONTINUOUS
10
96.6215699999999913
20
-156.7192110000000014
11
96.6495359999999977
21
-156.6949089999999956
0
LINE
8
Edge.Cuts
6
CONTINUOUS
10
96.6495359999999977
20
-156.6949089999999956
11
96.6774789999999911
21
-156.6706529999999873
0
LINE
8
Edge.Cuts
6
CONTINUOUS
10
96.6774789999999911
20
-156.6706529999999873
11
96.7054349999999943
21
-156.6464129999999955
0
LINE
8
Edge.Cuts
6
CONTINUOUS
10
96.7054349999999943
20
-156.6464129999999955
11
96.7333679999999987
21
-156.6222190000000012
0
LINE
8
Edge.Cuts
6
CONTINUOUS
10
96.7333679999999987
20
-156.6222190000000012
11
96.7613119999999896
21
-156.5980419999999924
0
LINE
8
Edge.Cuts
6
CONTINUOUS
10
96.7613119999999896
20
-156.5980419999999924
11
96.7892349999999908
21
-156.5739099999999837
0
LINE
8
Edge.Cuts
6
CONTINUOUS
10
96.7892349999999908
20
-156.5739099999999837
11
96.8171689999999927
21
-156.5497949999999889
0
LINE
8
Edge.Cuts
6
CONTINUOUS
10
96.8171689999999927
20
-156.5497949999999889
11
96.8450809999999933
21
-156.5257249999999942
0
LINE
8
Edge.Cuts
6
CONTINUOUS
10
96.8450809999999933
20
-156.5257249999999942
11
96.8730039999999946
21
-156.501671999999985
0
LINE
8
Edge.Cuts
6
CONTINUOUS
10
96.8730039999999946
20
-156.501671999999985
11
96.900905999999992
21
-156.4776640000000043
0
LINE
8
Edge.Cuts
6
CONTINUOUS
10
96.900905999999992
20
-156.4776640000000043
11
96.9288189999999901
21
-156.4536729999999807
0
LINE
8
Edge.Cuts
6
CONTINUOUS
10
96.9288189999999901
20
-156.4536729999999807
11
96.9567100000000011
21
-156.4297269999999855
0
LINE
8
Edge.Cuts
6
CONTINUOUS
10
96.9567100000000011
20
-156.4297269999999855
11
96.9846119999999985
21
-156.4057970000000068
0
LINE
8
Edge.Cuts
6
CONTINUOUS
10
96.9846119999999985
20
-156.4057970000000068
11
97.0124929999999921
21
-156.3819129999999973
0
LINE
8
Edge.Cuts
6
CONTINUOUS
10
97.0124929999999921
20
-156.3819129999999973
11
97.0403850000000006
21
-156.3580450000000042
0
LINE
8
Edge.Cuts
6
CONTINUOUS
10
97.0403850000000006
20
-156.3580450000000042
11
97.0682549999999935
21
-156.3342219999999827
0
LINE
8
Edge.Cuts
6
CONTINUOUS
10
97.0682549999999935
20
-156.3342219999999827
11
97.0961369999999988
21
-156.3104160000000036
0
LINE
8
Edge.Cuts
6
CONTINUOUS
10
97.0961369999999988
20
-156.3104160000000036
11
97.1239969999999886
21
-156.2866539999999986
0
LINE
8
Edge.Cuts
6
CONTINUOUS
10
97.1239969999999886
20
-156.2866539999999986
11
97.1518679999999932
21
-156.2629100000000051
0
LINE
8
Edge.Cuts
6
CONTINUOUS
10
97.1518679999999932
20
-156.2629100000000051
11
97.1797169999999966
21
-156.2392099999999857
0
LINE
8
Edge.Cuts
6
CONTINUOUS
10
97.1797169999999966
20
-156.2392099999999857
11
97.207577999999998
21
-156.2155259999999828
0
LINE
8
Edge.Cuts
6
CONTINUOUS
10
97.207577999999998
20
-156.2155259999999828
11
97.2354169999999982
21
-156.1918880000000058
0
LINE
8
Edge.Cuts
6
CONTINUOUS
10
97.2354169999999982
20
-156.1918880000000058
11
97.2632679999999965
21
-156.1682659999999885
0
LINE
8
Edge.Cuts
6
CONTINUOUS
10
97.2632679999999965
20
-156.1682659999999885
11
97.2910969999999935
21
-156.1446880000000021
0
LINE
8
Edge.Cuts
6
CONTINUOUS
10
97.2910969999999935
20
-156.1446880000000021
11
97.3189369999999911
21
-156.1211279999999988
0
LINE
8
Edge.Cuts
6
CONTINUOUS
10
97.3189369999999911
20
-156.1211279999999988
11
97.3467550000000017
21
-156.0976110000000006
0
LINE
8
Edge.Cuts
6
CONTINUOUS
10
97.3467550000000017
20
-156.0976110000000006
11
97.3745849999999962
21
-156.0741119999999853
0
LINE
8
Edge.Cuts
6
CONTINUOUS
10
97.3745849999999962
20
-156.0741119999999853
11
97.402394000000001
21
-156.0506570000000011
0
LINE
8
Edge.Cuts
6
CONTINUOUS
10
97.402394000000001
20
-156.0506570000000011
11
97.4302139999999923
21
-156.0272180000000048
0
LINE
8
Edge.Cuts
6
CONTINUOUS
10
97.4302139999999923
20
-156.0272180000000048
11
97.4580119999999965
21
-156.0038239999999803
0
LINE
8
Edge.Cuts
6
CONTINUOUS
10
97.4580119999999965
20
-156.0038239999999803
11
97.4858210000000014
21
-155.9804460000000006
0
LINE
8
Edge.Cuts
6
CONTINUOUS
10
97.4858210000000014
20
-155.9804460000000006
11
97.5136090000000024
21
-155.9571129999999926
0
LINE
8
Edge.Cuts
6
CONTINUOUS
10
97.5136090000000024
20
-155.9571129999999926
11
97.5414090000000016
21
-155.933796000000001
0
LINE
8
Edge.Cuts
6
CONTINUOUS
10
97.5414090000000016
20
-155.933796000000001
11
97.5691869999999994
21
-155.9105229999999835
0
LINE
8
Edge.Cuts
6
CONTINUOUS
10
97.5691869999999994
20
-155.9105229999999835
11
97.596975999999998
21
-155.88726699999998
0
LINE
8
Edge.Cuts
6
CONTINUOUS
10
97.596975999999998
20
-155.88726699999998
11
97.6247429999999952
21
-155.8640549999999791
0
LINE
8
Edge.Cuts
6
CONTINUOUS
10
97.6247429999999952
20
-155.8640549999999791
11
97.6525230000000022
21
-155.8408599999999922
0
LINE
8
Edge.Cuts
6
CONTINUOUS
10
97.6525230000000022
20
-155.8408599999999922
11
97.6802799999999962
21
-155.8177079999999819
0
LINE
8
Edge.Cuts
6
CONTINUOUS
10
97.6802799999999962
20
-155.8177079999999819
11
97.7080490000000026
21
-155.794573999999983
0
LINE
8
Edge.Cuts
6
CONTINUOUS
10
97.7080490000000026
20
-155.794573999999983
11
97.7357969999999909
21
-155.7714829999999893
0
LINE
8
Edge.Cuts
6
CONTINUOUS
10
97.7357969999999909
20
-155.7714829999999893
11
97.7635559999999941
21
-155.7484079999999835
0
LINE
8
Edge.Cuts
6
CONTINUOUS
10
97.7635559999999941
20
-155.7484079999999835
11
97.7912939999999935
21
-155.7253780000000063
0
LINE
8
Edge.Cuts
6
CONTINUOUS
10
97.7912939999999935
20
-155.7253780000000063
11
97.8190429999999935
21
-155.7023639999999887
0
LINE
8
Edge.Cuts
6
CONTINUOUS
10
97.8190429999999935
20
-155.7023639999999887
11
97.8467699999999923
21
-155.6793940000000021
0
LINE
8
Edge.Cuts
6
CONTINUOUS
10
97.8467699999999923
20
-155.6793940000000021
11
97.8745089999999891
21
-155.6564400000000035
0
LINE
8
Edge.Cuts
6
CONTINUOUS
10
97.8745089999999891
20
-155.6564400000000035
11
97.9022269999999963
21
-155.6335299999999791
0
LINE
8
Edge.Cuts
6
CONTINUOUS
10
97.9022269999999963
20
-155.6335299999999791
11
97.92995599999999
21
-155.6106359999999995
0
LINE
8
Edge.Cuts
6
CONTINUOUS
10
97.92995599999999
20
-155.6106359999999995
11
97.9778129999999976
21
-155.5711859999999831
0
LINE
8
Edge.Cuts
6
CONTINUOUS
10
94.2051299999999969
20
-149.048326000000003
11
90.8908129999999943
21
-143.3364190000000065
0
LINE
8
Edge.Cuts
6
CONTINUOUS
10
94.875046999999995
20
-149.2246199999999874
11
94.8720309999999927
21
-149.2263319999999851
0
LINE
8
Edge.Cuts
6
CONTINUOUS
10
94.8720309999999927
20
-149.2263319999999851
11
94.8690119999999979
21
-149.2280230000000074
0
LINE
8
Edge.Cuts
6
CONTINUOUS
10
94.8690119999999979
20
-149.2280230000000074
11
94.865988999999999
21
-149.2296929999999975
0
LINE
8
Edge.Cuts
6
CONTINUOUS
10
94.865988999999999
20
-149.2296929999999975
11
94.862961999999996
21
-149.2313419999999837
0
LINE
8
Edge.Cuts
6
CONTINUOUS
10
94.862961999999996
20
-149.2313419999999837
11
94.8599320000000006
21
-149.2329699999999946
0
LINE
8
Edge.Cuts
6
CONTINUOUS
10
94.8599320000000006
20
-149.2329699999999946
11
94.856898000000001
21
-149.2345779999999991
0
LINE
8
Edge.Cuts
6
CONTINUOUS
10
94.856898000000001
20
-149.2345779999999991
11
94.8538599999999974
21
-149.2361649999999997
0
LINE
8
Edge.Cuts
6
CONTINUOUS
10
94.8538599999999974
20
-149.2361649999999997
11
94.8508199999999988
21
-149.2377309999999966
0
LINE
8
Edge.Cuts
6
CONTINUOUS
10
94.8508199999999988
20
-149.2377309999999966
11
94.8477759999999961
21
-149.2392769999999871
0
LINE
8
Edge.Cuts
6
CONTINUOUS
10
94.8477759999999961
20
-149.2392769999999871
11
94.844729000000001
21
-149.2408010000000047
0
LINE
8
Edge.Cuts
6
CONTINUOUS
10
94.844729000000001
20
-149.2408010000000047
11
94.8416780000000017
21
-149.2423049999999876
0
LINE
8
Edge.Cuts
6
CONTINUOUS
10
94.8416780000000017
20
-149.2423049999999876
11
94.8386249999999933
21
-149.243787999999995
0
LINE
8
Edge.Cuts
6
CONTINUOUS
10
94.8386249999999933
20
-149.243787999999995
11
94.835567999999995
21
-149.2452509999999961
0
LINE
8
Edge.Cuts
6
CONTINUOUS
10
94.835567999999995
20
-149.2452509999999961
11
94.8325090000000017
21
-149.2466919999999959
0
LINE
8
Edge.Cuts
6
CONTINUOUS
10
94.8325090000000017
20
-149.2466919999999959
11
94.8294459999999901
21
-149.2481129999999894
0
LINE
8
Edge.Cuts
6
CONTINUOUS
10
94.8294459999999901
20
-149.2481129999999894
11
94.8263809999999978
21
-149.2495130000000074
0
LINE
8
Edge.Cuts
6
CONTINUOUS
10
94.8263809999999978
20
-149.2495130000000074
11
94.8233129999999989
21
-149.2508929999999907
0
LINE
8
Edge.Cuts
6
CONTINUOUS
10
94.8233129999999989
20
-149.2508929999999907
11
94.8202429999999907
21
-149.2522519999999986
0
LINE
8
Edge.Cuts
6
CONTINUOUS
10
94.8202429999999907
20
-149.2522519999999986
11
94.8171699999999902
21
-149.2535900000000026
0
LINE
8
Edge.Cuts
6
CONTINUOUS
10
94.8171699999999902
20
-149.2535900000000026
11
94.8140939999999972
21
-149.2549070000000029
0
LINE
8
Edge.Cuts
6
CONTINUOUS
10
94.8140939999999972
20
-149.2549070000000029
11
94.8110159999999951
21
-149.2562039999999968
0
LINE
8
Edge.Cuts
6
CONTINUOUS
10
94.8110159999999951
20
-149.2562039999999968
11
94.807935999999998
21
-149.2574789999999894
0
LINE
8
Edge.Cuts
6
CONTINUOUS
10
94.807935999999998
20
-149.2574789999999894
11
94.8048539999999917
21
-149.2587350000000015
0
LINE
8
Edge.Cuts
6
CONTINUOUS
10
94.8048539999999917
20
-149.2587350000000015
11
94.8017689999999931
21
-149.2599689999999839
0
LINE
8
Edge.Cuts
6
CONTINUOUS
10
94.8017689999999931
20
-149.2599689999999839
11
94.7986819999999994
21
-149.2611829999999884
0
LINE
8
Edge.Cuts
6
CONTINUOUS
10
94.7986819999999994
20
-149.2611829999999884
11
94.7955939999999941
21
-149.2623759999999891
0
LINE
8
Edge.Cuts
6
CONTINUOUS
10
94.7955939999999941
20
-149.2623759999999891
11
94.7925029999999964
21
-149.2635489999999834
0
LINE
8
Edge.Cuts
6
CONTINUOUS
10
94.7925029999999964
20
-149.2635489999999834
11
94.7894099999999895
21
-149.2647000000000048
0
LINE
8
Edge.Cuts
6
CONTINUOUS
10
94.7894099999999895
20
-149.2647000000000048
11
94.7863159999999993
21
-149.265831999999989
0
LINE
8
Edge.Cuts
6
CONTINUOUS
10
94.7863159999999993
20
-149.265831999999989
11
94.78322
21
-149.2669420000000002
0
LINE
8
Edge.Cuts
6
CONTINUOUS
10
94.78322
20
-149.2669420000000002
11
94.7801219999999915
21
-149.2680320000000052
0
LINE
8
Edge.Cuts
6
CONTINUOUS
10
94.7801219999999915
20
-149.2680320000000052
11
94.7770229999999998
21
-149.2691010000000063
0
LINE
8
Edge.Cuts
6
CONTINUOUS
10
94.7770229999999998
20
-149.2691010000000063
11
94.7739219999999989
21
-149.270150000000001
0
LINE
8
Edge.Cuts
6
CONTINUOUS
10
94.7739219999999989
20
-149.270150000000001
11
94.7708200000000005
21
-149.2711779999999919
0
LINE
8
Edge.Cuts
6
CONTINUOUS
10
94.7708200000000005
20
-149.2711779999999919
11
94.767715999999993
21
-149.2721850000000074
0
LINE
8
Edge.Cuts
6
CONTINUOUS
10
94.767715999999993
20
-149.2721850000000074
11
94.7646119999999996
21
-149.2731719999999882
0
LINE
8
Edge.Cuts
6
CONTINUOUS
10
94.7646119999999996
20
-149.2731719999999882
11
94.7615059999999971
21
-149.2741379999999936
0
LINE
8
Edge.Cuts
6
CONTINUOUS
10
94.7615059999999971
20
-149.2741379999999936
11
94.7583989999999972
21
-149.2750839999999926
0
LINE
8
Edge.Cuts
6
CONTINUOUS
10
94.7583989999999972
20
-149.2750839999999926
11
94.7552909999999997
21
-149.2760089999999877
0
LINE
8
Edge.Cuts
6
CONTINUOUS
10
94.7552909999999997
20
-149.2760089999999877
11
94.7521819999999906
21
-149.276914000000005
0
LINE
8
Edge.Cuts
6
CONTINUOUS
10
94.7521819999999906
20
-149.276914000000005
11
94.7490719999999982
21
-149.2777969999999925
0
LINE
8
Edge.Cuts
6
CONTINUOUS
10
94.7490719999999982
20
-149.2777969999999925
11
94.7459619999999916
21
-149.2786609999999996
0
LINE
8
Edge.Cuts
6
CONTINUOUS
10
94.7459619999999916
20
-149.2786609999999996
11
94.7428510000000017
21
-149.2795040000000029
0
LINE
8
Edge.Cuts
6
CONTINUOUS
10
94.7428510000000017
20
-149.2795040000000029
11
94.7397390000000001
21
-149.2803260000000023
0
LINE
8
Edge.Cuts
6
CONTINUOUS
10
94.7397390000000001
20
-149.2803260000000023
11
94.7366269999999986
21
-149.2811279999999954
0
LINE
8
Edge.Cuts
6
CONTINUOUS
10
94.7366269999999986
20
-149.2811279999999954
11
94.7335139999999996
21
-149.2819089999999846
0
LINE
8
Edge.Cuts
6
CONTINUOUS
10
94.7335139999999996
20
-149.2819089999999846
11
94.7304010000000005
21
-149.2826689999999985
0
LINE
8
Edge.Cuts
6
CONTINUOUS
10
94.7304010000000005
20
-149.2826689999999985
11
94.7272869999999898
21
-149.2834100000000035
0
LINE
8
Edge.Cuts
6
CONTINUOUS
10
94.7272869999999898
20
-149.2834100000000035
11
94.7241739999999908
21
-149.2841290000000072
0
LINE
8
Edge.Cuts
6
CONTINUOUS
10
94.7241739999999908
20
-149.2841290000000072
11
94.7210599999999943
21
-149.284829000000002
0
LINE
8
Edge.Cuts
6
CONTINUOUS
10
94.7210599999999943
20
-149.284829000000002
11
94.7179459999999978
21
-149.2855069999999955
0
LINE
8
Edge.Cuts
6
CONTINUOUS
10
94.7179459999999978
20
-149.2855069999999955
11
94.7148320000000012
21
-149.2861659999999802
0
LINE
8
Edge.Cuts
6
CONTINUOUS
10
94.7148320000000012
20
-149.2861659999999802
11
94.7117179999999905
21
-149.2868039999999894
0
LINE
8
Edge.Cuts
6
CONTINUOUS
10
94.7117179999999905
20
-149.2868039999999894
11
94.7086049999999915
21
-149.2874209999999948
0
LINE
8
Edge.Cuts
6
CONTINUOUS
10
94.7086049999999915
20
-149.2874209999999948
11
94.705490999999995
21
-149.2880179999999939
0
LINE
8
Edge.Cuts
6
CONTINUOUS
10
94.705490999999995
20
-149.2880179999999939
11
94.7023789999999934
21
-149.2885949999999866
0
LINE
8
Edge.Cuts
6
CONTINUOUS
10
94.7023789999999934
20
-149.2885949999999866
11
94.6992659999999944
21
-149.2891510000000039
0
LINE
8
Edge.Cuts
6
CONTINUOUS
10
94.6992659999999944
20
-149.2891510000000039
11
94.6961539999999928
21
-149.289685999999989
0
LINE
8
Edge.Cuts
6
CONTINUOUS
10
94.6961539999999928
20
-149.289685999999989
11
94.6930429999999888
21
-149.2902019999999936
0
LINE
8
Edge.Cuts
6
CONTINUOUS
10
94.6930429999999888
20
-149.2902019999999936
11
94.6899319999999989
21
-149.2906969999999944
0
LINE
8
Edge.Cuts
6
CONTINUOUS
10
94.6899319999999989
20
-149.2906969999999944
11
94.6868219999999923
21
-149.2911719999999889
0
LINE
8
Edge.Cuts
6
CONTINUOUS
10
94.6868219999999923
20
-149.2911719999999889
11
94.6837129999999974
21
-149.2916259999999795
0
LINE
8
Edge.Cuts
6
CONTINUOUS
10
94.6837129999999974
20
-149.2916259999999795
11
94.6806040000000024
21
-149.2920599999999922
0
LINE
8
Edge.Cuts
6
CONTINUOUS
10
94.6806040000000024
20
-149.2920599999999922
11
94.6774970000000025
21
-149.2924739999999986
0
LINE
8
Edge.Cuts
6
CONTINUOUS
10
94.6774970000000025
20
-149.2924739999999986
11
94.674391
21
-149.2928670000000011
0
LINE
8
Edge.Cuts
6
CONTINUOUS
10
94.674391
20
-149.2928670000000011
11
94.6712859999999949
21
-149.2932399999999973
0
LINE
8
Edge.Cuts
6
CONTINUOUS
10
94.6712859999999949
20
-149.2932399999999973
11
94.6681820000000016
21
-149.2935929999999871
0
LINE
8
Edge.Cuts
6
CONTINUOUS
10
94.6681820000000016
20
-149.2935929999999871
11
94.6650789999999915
21
-149.2939250000000015
0
LINE
8
Edge.Cuts
6
CONTINUOUS
10
94.6650789999999915
20
-149.2939250000000015
11
94.6619779999999906
21
-149.2942380000000071
0
LINE
8
Edge.Cuts
6
CONTINUOUS
10
94.6619779999999906
20
-149.2942380000000071
11
94.6588789999999989
21
-149.2945299999999804
0
LINE
8
Edge.Cuts
6
CONTINUOUS
10
94.6588789999999989
20
-149.2945299999999804
11
94.6557799999999929
21
-149.2948010000000068
0
LINE
8
Edge.Cuts
6
CONTINUOUS
10
94.6557799999999929
20
-149.2948010000000068
11
94.6526839999999936
21
-149.2950529999999958
0
LINE
8
Edge.Cuts
6
CONTINUOUS
10
94.6526839999999936
20
-149.2950529999999958
11
94.6495889999999918
21
-149.295283999999981
0
LINE
8
Edge.Cuts
6
CONTINUOUS
10
94.6495889999999918
20
-149.295283999999981
11
94.6464959999999991
21
-149.2954959999999858
0
LINE
8
Edge.Cuts
6
CONTINUOUS
10
94.6464959999999991
20
-149.2954959999999858
11
94.6434050000000013
21
-149.2956869999999867
0
LINE
8
Edge.Cuts
6
CONTINUOUS
10
94.6434050000000013
20
-149.2956869999999867
11
94.6403159999999986
21
-149.2958579999999813
0
LINE
8
Edge.Cuts
6
CONTINUOUS
10
94.6403159999999986
20
-149.2958579999999813
11
94.6372289999999907
21
-149.2960080000000005
0
LINE
8
Edge.Cuts
6
CONTINUOUS
10
94.6372289999999907
20
-149.2960080000000005
11
94.634143999999992
21
-149.2961389999999824
0
LINE
8
Edge.Cuts
6
CONTINUOUS
10
94.634143999999992
20
-149.2961389999999824
11
94.6310610000000025
21
-149.2962499999999864
0
LINE
8
Edge.Cuts
6
CONTINUOUS
10
94.6310610000000025
20
-149.2962499999999864
11
94.6279799999999938
21
-149.2963399999999865
0
LINE
8
Edge.Cuts
6
CONTINUOUS
10
94.6279799999999938
20
-149.2963399999999865
11
94.6249019999999916
21
-149.2964099999999803
0
LINE
8
Edge.Cuts
6
CONTINUOUS
10
94.6249019999999916
20
-149.2964099999999803
11
94.6218259999999987
21
-149.2964609999999936
0
LINE
8
Edge.Cuts
6
CONTINUOUS
10
94.6218259999999987
20
-149.2964609999999936
11
94.6187529999999981
21
-149.2964910000000032
0
LINE
8
Edge.Cuts
6
CONTINUOUS
10
94.6187529999999981
20
-149.2964910000000032
11
94.61568299999999
21
-149.2965010000000063
0
LINE
8
Edge.Cuts
6
CONTINUOUS
10
94.61568299999999
20
-149.2965010000000063
11
94.612614999999991
21
-149.2964920000000006
0
LINE
8
Edge.Cuts
6
CONTINUOUS
10
94.612614999999991
20
-149.2964920000000006
11
94.6095490000000012
21
-149.2964619999999911
0
LINE
8
Edge.Cuts
6
CONTINUOUS
10
94.6095490000000012
20
-149.2964619999999911
11
94.6064870000000013
21
-149.2964120000000037
0
LINE
8
Edge.Cuts
6
CONTINUOUS
10
94.6064870000000013
20
-149.2964120000000037
11
94.6034279999999939
21
-149.2963430000000074
0
LINE
8
Edge.Cuts
6
CONTINUOUS
10
94.6034279999999939
20
-149.2963430000000074
11
94.6003709999999955
21
-149.2962530000000072
0
LINE
8
Edge.Cuts
6
CONTINUOUS
10
94.6003709999999955
20
-149.2962530000000072
11
94.5973180000000013
21
-149.2961439999999982
0
LINE
8
Edge.Cuts
6
CONTINUOUS
10
94.5973180000000013
20
-149.2961439999999982
11
94.5942679999999996
21
-149.2960139999999853
0
LINE
8
Edge.Cuts
6
CONTINUOUS
10
94.5942679999999996
20
-149.2960139999999853
11
94.5912209999999902
21
-149.2958649999999921
0
LINE
8
Edge.Cuts
6
CONTINUOUS
10
94.5912209999999902
20
-149.2958649999999921
11
94.5881770000000017
21
-149.2956959999999924
0
LINE
8
Edge.Cuts
6
CONTINUOUS
10
94.5881770000000017
20
-149.2956959999999924
11
94.5851369999999889
21
-149.2955069999999864
0
LINE
8
Edge.Cuts
6
CONTINUOUS
10
94.5851369999999889
20
-149.2955069999999864
11
94.582099999999997
21
-149.2952980000000025
0
LINE
8
Edge.Cuts
6
CONTINUOUS
10
94.582099999999997
20
-149.2952980000000025
11
94.5790669999999949
21
-149.2950699999999813
0
LINE
8
Edge.Cuts
6
CONTINUOUS
10
94.5790669999999949
20
-149.2950699999999813
11
94.5760369999999995
21
-149.2948209999999847
0
LINE
8
Edge.Cuts
6
CONTINUOUS
10
94.5760369999999995
20
-149.2948209999999847
11
94.5730109999999939
21
-149.2945529999999792
0
LINE
8
Edge.Cuts
6
CONTINUOUS
10
94.5730109999999939
20
-149.2945529999999792
11
94.5699889999999925
21
-149.2942659999999933
0
LINE
8
Edge.Cuts
6
CONTINUOUS
10
94.5699889999999925
20
-149.2942659999999933
11
94.5669709999999952
21
-149.2939580000000035
0
LINE
8
Edge.Cuts
6
CONTINUOUS
10
94.5669709999999952
20
-149.2939580000000035
11
94.563957000000002
21
-149.2936310000000049
0
LINE
8
Edge.Cuts
6
CONTINUOUS
10
94.563957000000002
20
-149.2936310000000049
11
94.5609460000000013
21
-149.2932839999999999
0
LINE
8
Edge.Cuts
6
CONTINUOUS
10
94.5609460000000013
20
-149.2932839999999999
11
94.5579400000000021
21
-149.2929169999999885
0
LINE
8
Edge.Cuts
6
CONTINUOUS
10
94.5579400000000021
20
-149.2929169999999885
11
94.5549379999999928
21
-149.2925309999999968
0
LINE
8
Edge.Cuts
6
CONTINUOUS
10
94.5549379999999928
20
-149.2925309999999968
11
94.5519409999999993
21
-149.2921249999999986
0
LINE
8
Edge.Cuts
6
CONTINUOUS
10
94.5519409999999993
20
-149.2921249999999986
11
94.5489469999999983
21
-149.2916999999999916
0
LINE
8
Edge.Cuts
6
CONTINUOUS
10
94.5489469999999983
20
-149.2916999999999916
11
94.5459579999999988
21
-149.2912550000000067
0
LINE
8
Edge.Cuts
6
CONTINUOUS
10
94.5459579999999988
20
-149.2912550000000067
11
94.542974000000001
21
-149.290789999999987
0
LINE
8
Edge.Cuts
6
CONTINUOUS
10
94.542974000000001
20
-149.290789999999987
11
94.539993999999993
21
-149.2903059999999869
0
LINE
8
Edge.Cuts
6
CONTINUOUS
10
94.539993999999993
20
-149.2903059999999869
11
94.5370190000000008
21
-149.2898030000000063
0
LINE
8
Edge.Cuts
6
CONTINUOUS
10
94.5370190000000008
20
-149.2898030000000063
11
94.5340479999999985
21
-149.2892799999999909
0
LINE
8
Edge.Cuts
6
CONTINUOUS
10
94.5340479999999985
20
-149.2892799999999909
11
94.5310829999999953
21
-149.2887369999999976
0
LINE
8
Edge.Cuts
6
CONTINUOUS
10
94.5310829999999953
20
-149.2887369999999976
11
94.5281219999999962
21
-149.2881749999999954
0
LINE
8
Edge.Cuts
6
CONTINUOUS
10
94.5281219999999962
20
-149.2881749999999954
11
94.5251659999999987
21
-149.2875939999999844
0
LINE
8
Edge.Cuts
6
CONTINUOUS
10
94.5251659999999987
20
-149.2875939999999844
11
94.5222150000000028
21
-149.2869929999999954
0
LINE
8
Edge.Cuts
6
CONTINUOUS
10
94.5222150000000028
20
-149.2869929999999954
11
94.5192699999999917
21
-149.2863729999999975
0
LINE
8
Edge.Cuts
6
CONTINUOUS
10
94.5192699999999917
20
-149.2863729999999975
11
94.5163289999999989
21
-149.2857329999999934
0
LINE
8
Edge.Cuts
6
CONTINUOUS
10
94.5163289999999989
20
-149.2857329999999934
11
94.513393999999991
21
-149.2850750000000062
0
LINE
8
Edge.Cuts
6
CONTINUOUS
10
94.513393999999991
20
-149.2850750000000062
11
94.5104639999999989
21
-149.2843969999999842
0
LINE
8
Edge.Cuts
6
CONTINUOUS
10
94.5104639999999989
20
-149.2843969999999842
11
94.5075389999999942
21
-149.2836989999999844
0
LINE
8
Edge.Cuts
6
CONTINUOUS
10
94.5075389999999942
20
-149.2836989999999844
11
94.5046210000000002
21
-149.2829820000000041
0
LINE
8
Edge.Cuts
6
CONTINUOUS
10
94.5046210000000002
20
-149.2829820000000041
11
94.5017069999999961
21
-149.2822469999999839
0
LINE
8
Edge.Cuts
6
CONTINUOUS
10
94.5017069999999961
20
-149.2822469999999839
11
94.4988000000000028
21
-149.2814919999999859
0
LINE
8
Edge.Cuts
6
CONTINUOUS
10
94.4988000000000028
20
-149.2814919999999859
11
94.4958969999999994
21
-149.2807169999999815
0
LINE
8
Edge.Cuts
6
CONTINUOUS
10
94.4958969999999994
20
-149.2807169999999815
11
94.4930009999999925
21
-149.2799239999999941
0
LINE
8
Edge.Cuts
6
CONTINUOUS
10
94.4930009999999925
20
-149.2799239999999941
11
94.4901109999999989
21
-149.2791110000000003
0
LINE
8
Edge.Cuts
6
CONTINUOUS
10
94.4901109999999989
20
-149.2791110000000003
11
94.4872269999999901
21
-149.2782799999999952
0
LINE
8
Edge.Cuts
6
CONTINUOUS
10
94.4872269999999901
20
-149.2782799999999952
11
94.4843479999999971
21
-149.2774289999999837
0
LINE
8
Edge.Cuts
6
CONTINUOUS
10
94.4843479999999971
20
-149.2774289999999837
11
94.4814760000000007
21
-149.2765589999999918
0
LINE
8
Edge.Cuts
6
CONTINUOUS
10
94.4814760000000007
20
-149.2765589999999918
11
94.4786099999999891
21
-149.275669999999991
0
LINE
8
Edge.Cuts
6
CONTINUOUS
10
94.4786099999999891
20
-149.275669999999991
11
94.4757499999999908
21
-149.2747619999999813
0
LINE
8
Edge.Cuts
6
CONTINUOUS
10
94.4757499999999908
20
-149.2747619999999813
11
94.4728959999999915
21
-149.2738359999999886
0
LINE
8
Edge.Cuts
6
CONTINUOUS
10
94.4728959999999915
20
-149.2738359999999886
11
94.4700489999999888
21
-149.2728899999999896
0
LINE
8
Edge.Cuts
6
CONTINUOUS
10
94.4700489999999888
20
-149.2728899999999896
11
94.4672079999999994
21
-149.2719249999999818
0
LINE
8
Edge.Cuts
6
CONTINUOUS
10
94.4672079999999994
20
-149.2719249999999818
11
94.4643739999999923
21
-149.2709409999999934
0
LINE
8
Edge.Cuts
6
CONTINUOUS
10
94.4643739999999923
20
-149.2709409999999934
11
94.4615459999999985
21
-149.2699389999999937
0
LINE
8
Edge.Cuts
6
CONTINUOUS
10
94.4615459999999985
20
-149.2699389999999937
11
94.4587259999999986
21
-149.2689179999999851
0
LINE
8
Edge.Cuts
6
CONTINUOUS
10
94.4587259999999986
20
-149.2689179999999851
11
94.4559110000000004
21
-149.2678769999999986
0
LINE
8
Edge.Cuts
6
CONTINUOUS
10
94.4559110000000004
20
-149.2678769999999986
11
94.4531039999999962
21
-149.2668180000000007
0
LINE
8
Edge.Cuts
6
CONTINUOUS
10
94.4531039999999962
20
-149.2668180000000007
11
94.450302999999991
21
-149.2657399999999939
0
LINE
8
Edge.Cuts
6
CONTINUOUS
10
94.450302999999991
20
-149.2657399999999939
11
94.4475099999999941
21
-149.2646440000000041
0
LINE
8
Edge.Cuts
6
CONTINUOUS
10
94.4475099999999941
20
-149.2646440000000041
11
94.4447229999999962
21
-149.2635290000000055
0
LINE
8
Edge.Cuts
6
CONTINUOUS
10
94.4447229999999962
20
-149.2635290000000055
11
94.4419439999999923
21
-149.2623949999999979
0
LINE
8
Edge.Cuts
6
CONTINUOUS
10
94.4419439999999923
20
-149.2623949999999979
11
94.4391719999999992
21
-149.2612419999999815
0
LINE
8
Edge.Cuts
6
CONTINUOUS
10
94.4391719999999992
20
-149.2612419999999815
11
94.4364070000000027
21
-149.2600709999999822
0
LINE
8
Edge.Cuts
6
CONTINUOUS
10
94.4364070000000027
20
-149.2600709999999822
11
94.4336490000000026
21
-149.2588810000000024
0
LINE
8
Edge.Cuts
6
CONTINUOUS
10
94.4336490000000026
20
-149.2588810000000024
11
94.4308989999999966
21
-149.2576719999999852
0
LINE
8
Edge.Cuts
6
CONTINUOUS
10
94.4308989999999966
20
-149.2576719999999852
11
94.4281560000000013
21
-149.2564449999999852
0
LINE
8
Edge.Cuts
6
CONTINUOUS
10
94.4281560000000013
20
-149.2564449999999852
11
94.425421
21
-149.2551990000000046
0
LINE
8
Edge.Cuts
6
CONTINUOUS
10
94.425421
20
-149.2551990000000046
11
94.4226929999999953
21
-149.2539349999999843
0
LINE
8
Edge.Cuts
6
CONTINUOUS
10
94.4226929999999953
20
-149.2539349999999843
11
94.4199739999999963
21
-149.2526519999999834
0
LINE
8
Edge.Cuts
6
CONTINUOUS
10
94.4199739999999963
20
-149.2526519999999834
11
94.4172609999999963
21
-149.2513509999999997
0
LINE
8
Edge.Cuts
6
CONTINUOUS
10
94.4172609999999963
20
-149.2513509999999997
11
94.4145570000000021
21
-149.250031000000007
0
LINE
8
Edge.Cuts
6
CONTINUOUS
10
94.4145570000000021
20
-149.250031000000007
11
94.4118599999999901
21
-149.2486930000000029
0
LINE
8
Edge.Cuts
6
CONTINUOUS
10
94.4118599999999901
20
-149.2486930000000029
11
94.4091719999999981
21
-149.2473369999999875
0
LINE
8
Edge.Cuts
6
CONTINUOUS
10
94.4091719999999981
20
-149.2473369999999875
11
94.4064910000000026
21
-149.2459619999999916
0
LINE
8
Edge.Cuts
6
CONTINUOUS
10
94.4064910000000026
20
-149.2459619999999916
11
94.4038189999999986
21
-149.2445689999999843
0
LINE
8
Edge.Cuts
6
CONTINUOUS
10
94.4038189999999986
20
-149.2445689999999843
11
94.4011539999999911
21
-149.2431569999999965
0
LINE
8
Edge.Cuts
6
CONTINUOUS
10
94.4011539999999911
20
-149.2431569999999965
11
94.3984979999999894
21
-149.2417279999999948
0
LINE
8
Edge.Cuts
6
CONTINUOUS
10
94.3984979999999894
20
-149.2417279999999948
11
94.3958499999999958
21
-149.2402789999999868
0
LINE
8
Edge.Cuts
6
CONTINUOUS
10
94.3958499999999958
20
-149.2402789999999868
11
94.3932109999999938
21
-149.2388129999999933
0
LINE
8
Edge.Cuts
6
CONTINUOUS
10
94.3932109999999938
20
-149.2388129999999933
11
94.3905799999999999
21
-149.2373279999999909
0
LINE
8
Edge.Cuts
6
CONTINUOUS
10
94.3905799999999999
20
-149.2373279999999909
11
94.3879570000000001
21
-149.235826000000003
0
LINE
8
Edge.Cuts
6
CONTINUOUS
10
94.3879570000000001
20
-149.235826000000003
11
94.3853429999999918
21
-149.2343050000000062
0
LINE
8
Edge.Cuts
6
CONTINUOUS
10
94.3853429999999918
20
-149.2343050000000062
11
94.3827379999999891
21
-149.232765999999998
0
LINE
8
Edge.Cuts
6
CONTINUOUS
10
94.3827379999999891
20
-149.232765999999998
11
94.3801409999999947
21
-149.2312090000000069
0
LINE
8
Edge.Cuts
6
CONTINUOUS
10
94.3801409999999947
20
-149.2312090000000069
11
94.3775529999999918
21
-149.2296340000000043
0
LINE
8
Edge.Cuts
6
CONTINUOUS
10
94.3775529999999918
20
-149.2296340000000043
11
94.3749739999999946
21
-149.2280399999999929
0
LINE
8
Edge.Cuts
6
CONTINUOUS
10
94.3749739999999946
20
-149.2280399999999929
11
94.3724039999999889
21
-149.226428999999996
0
LINE
8
Edge.Cuts
6
CONTINUOUS
10
94.3724039999999889
20
-149.226428999999996
11
94.3698419999999913
21
-149.2247989999999902
0
LINE
8
Edge.Cuts
6
CONTINUOUS
10
94.3698419999999913
20
-149.2247989999999902
11
94.367289999999997
21
-149.2231519999999989
0
LINE
8
Edge.Cuts
6
CONTINUOUS
10
94.367289999999997
20
-149.2231519999999989
11
94.3647459999999967
21
-149.2214869999999962
0
LINE
8
Edge.Cuts
6
CONTINUOUS
10
94.3647459999999967
20
-149.2214869999999962
11
94.362212999999997
21
-149.2198039999999821
0
LINE
8
Edge.Cuts
6
CONTINUOUS
10
94.362212999999997
20
-149.2198039999999821
11
94.3596869999999939
21
-149.2181019999999876
0
LINE
8
Edge.Cuts
6
CONTINUOUS
10
94.3596869999999939
20
-149.2181019999999876
11
94.3571719999999914
21
-149.2163829999999791
0
LINE
8
Edge.Cuts
6
CONTINUOUS
10
94.3571719999999914
20
-149.2163829999999791
11
94.3546649999999971
21
-149.2146459999999877
0
LINE
8
Edge.Cuts
6
CONTINUOUS
10
94.3546649999999971
20
-149.2146459999999877
11
94.3521689999999893
21
-149.2128919999999823
0
LINE
8
Edge.Cuts
6
CONTINUOUS
10
94.3521689999999893
20
-149.2128919999999823
11
94.3496809999999897
21
-149.2111189999999965
0
LINE
8
Edge.Cuts
6
CONTINUOUS
10
94.3496809999999897
20
-149.2111189999999965
11
94.3472029999999933
21
-149.2093289999999968
0
LINE
8
Edge.Cuts
6
CONTINUOUS
10
94.3472029999999933
20
-149.2093289999999968
11
94.344735
21
-149.2075209999999856
0
LINE
8
Edge.Cuts
6
CONTINUOUS
10
94.344735
20
-149.2075209999999856
11
94.3422759999999982
21
-149.2056949999999915
0
LINE
8
Edge.Cuts
6
CONTINUOUS
10
94.3422759999999982
20
-149.2056949999999915
11
94.3398269999999997
21
-149.203850999999986
0
LINE
8
Edge.Cuts
6
CONTINUOUS
10
94.3398269999999997
20
-149.203850999999986
11
94.33738799999999
21
-149.201989999999995
0
LINE
8
Edge.Cuts
6
CONTINUOUS
10
94.33738799999999
20
-149.201989999999995
11
94.3349589999999978
21
-149.2001109999999926
0
LINE
8
Edge.Cuts
6
CONTINUOUS
10
94.3349589999999978
20
-149.2001109999999926
11
94.332538999999997
21
-149.1982150000000047
0
LINE
8
Edge.Cuts
6
CONTINUOUS
10
94.332538999999997
20
-149.1982150000000047
11
94.3301299999999969
21
-149.1962999999999795
0
LINE
8
Edge.Cuts
6
CONTINUOUS
10
94.3301299999999969
20
-149.1962999999999795
11
94.327731
21
-149.1943689999999947
0
LINE
8
Edge.Cuts
6
CONTINUOUS
10
94.327731
20
-149.1943689999999947
11
94.3253409999999946
21
-149.192419000000001
0
LINE
8
Edge.Cuts
6
CONTINUOUS
10
94.3253409999999946
20
-149.192419000000001
11
94.3229619999999898
21
-149.1904519999999934
0
LINE
8
Edge.Cuts
6
CONTINUOUS
10
94.3229619999999898
20
-149.1904519999999934
11
94.3205930000000023
21
-149.1884680000000003
0
LINE
8
Edge.Cuts
6
CONTINUOUS
10
94.3205930000000023
20
-149.1884680000000003
11
94.3182339999999897
21
-149.1864659999999958
0
LINE
8
Edge.Cuts
6
CONTINUOUS
10
94.3182339999999897
20
-149.1864659999999958
11
94.3158859999999919
21
-149.1844459999999799
0
LINE
8
Edge.Cuts
6
CONTINUOUS
10
94.3158859999999919
20
-149.1844459999999799
11
94.3135479999999973
21
-149.1824090000000069
0
LINE
8
Edge.Cuts
6
CONTINUOUS
10
94.3135479999999973
20
-149.1824090000000069
11
94.3112199999999916
21
-149.1803549999999916
0
LINE
8
Edge.Cuts
6
CONTINUOUS
10
94.3112199999999916
20
-149.1803549999999916
11
94.3089039999999983
21
-149.1782829999999933
0
LINE
8
Edge.Cuts
6
CONTINUOUS
10
94.3089039999999983
20
-149.1782829999999933
11
94.3065969999999965
21
-149.1761939999999811
0
LINE
8
Edge.Cuts
6
CONTINUOUS
10
94.3065969999999965
20
-149.1761939999999811
11
94.3043009999999953
21
-149.1740879999999834
0
LINE
8
Edge.Cuts
6
CONTINUOUS
10
94.3043009999999953
20
-149.1740879999999834
11
94.3020159999999947
21
-149.1719640000000027
0
LINE
8
Edge.Cuts
6
CONTINUOUS
10
94.3020159999999947
20
-149.1719640000000027
11
94.2997419999999948
21
-149.1698229999999796
0
LINE
8
Edge.Cuts
6
CONTINUOUS
10
94.2997419999999948
20
-149.1698229999999796
11
94.2974789999999956
21
-149.167664000000002
0
LINE
8
Edge.Cuts
6
CONTINUOUS
10
94.2974789999999956
20
-149.167664000000002
11
94.2952259999999995
21
-149.1654889999999796
0
LINE
8
Edge.Cuts
6
CONTINUOUS
10
94.2952259999999995
20
-149.1654889999999796
11
94.2929839999999899
21
-149.1632950000000051
0
LINE
8
Edge.Cuts
6
CONTINUOUS
10
94.2929839999999899
20
-149.1632950000000051
11
94.2907539999999926
21
-149.1610849999999857
0
LINE
8
Edge.Cuts
6
CONTINUOUS
10
94.2907539999999926
20
-149.1610849999999857
11
94.2885339999999985
21
-149.1588579999999808
0
LINE
8
Edge.Cuts
6
CONTINUOUS
10
94.2885339999999985
20
-149.1588579999999808
11
94.2863260000000025
21
-149.156612999999993
0
LINE
8
Edge.Cuts
6
CONTINUOUS
10
94.2863260000000025
20
-149.156612999999993
11
94.284128999999993
21
-149.1543509999999912
0
LINE
8
Edge.Cuts
6
CONTINUOUS
10
94.284128999999993
20
-149.1543509999999912
11
94.2819429999999983
21
-149.152072000000004
0
LINE
8
Edge.Cuts
6
CONTINUOUS
10
94.2819429999999983
20
-149.152072000000004
11
94.27976799999999
21
-149.1497760000000028
0
LINE
8
Edge.Cuts
6
CONTINUOUS
10
94.27976799999999
20
-149.1497760000000028
11
94.2776049999999941
21
-149.1474629999999877
0
LINE
8
Edge.Cuts
6
CONTINUOUS
10
94.2776049999999941
20
-149.1474629999999877
11
94.2754529999999988
21
-149.1451329999999871
0
LINE
8
Edge.Cuts
6
CONTINUOUS
10
94.2754529999999988
20
-149.1451329999999871
11
94.2733130000000017
21
-149.1427850000000035
0
LINE
8
Edge.Cuts
6
CONTINUOUS
10
94.2733130000000017
20
-149.1427850000000035
11
94.271183999999991
21
-149.1404210000000035
0
LINE
8
Edge.Cuts
6
CONTINUOUS
10
94.271183999999991
20
-149.1404210000000035
11
94.2690669999999926
21
-149.138038999999992
0
LINE
8
Edge.Cuts
6
CONTINUOUS
10
94.2690669999999926
20
-149.138038999999992
11
94.2669619999999924
21
-149.1356409999999926
0
LINE
8
Edge.Cuts
6
CONTINUOUS
10
94.2669619999999924
20
-149.1356409999999926
11
94.2648679999999928
21
-149.1332259999999792
0
LINE
8
Edge.Cuts
6
CONTINUOUS
10
94.2648679999999928
20
-149.1332259999999792
11
94.2627859999999913
21
-149.1307929999999828
0
LINE
8
Edge.Cuts
6
CONTINUOUS
10
94.2627859999999913
20
-149.1307929999999828
11
94.2607160000000022
21
-149.1283439999999985
0
LINE
8
Edge.Cuts
6
CONTINUOUS
10
94.2607160000000022
20
-149.1283439999999985
11
94.2586579999999969
21
-149.1258770000000027
0
LINE
8
Edge.Cuts
6
CONTINUOUS
10
94.2586579999999969
20
-149.1258770000000027
11
94.2566119999999898
21
-149.1233939999999905
0
LINE
8
Edge.Cuts
6
CONTINUOUS
10
94.2566119999999898
20
-149.1233939999999905
11
94.2545769999999976
21
-149.1208939999999927
0
LINE
8
Edge.Cuts
6
CONTINUOUS
10
94.2545769999999976
20
-149.1208939999999927
11
94.252555000000001
21
-149.1183769999999811
0
LINE
8
Edge.Cuts
6
CONTINUOUS
10
94.252555000000001
20
-149.1183769999999811
11
94.2505450000000025
21
-149.1158429999999839
0
LINE
8
Edge.Cuts
6
CONTINUOUS
10
94.2505450000000025
20
-149.1158429999999839
11
94.2485479999999995
21
-149.1132929999999988
0
LINE
8
Edge.Cuts
6
CONTINUOUS
10
94.2485479999999995
20
-149.1132929999999988
11
94.2465619999999973
21
-149.1107250000000022
0
LINE
8
Edge.Cuts
6
CONTINUOUS
10
94.2465619999999973
20
-149.1107250000000022
11
94.2445889999999906
21
-149.1081409999999892
0
LINE
8
Edge.Cuts
6
CONTINUOUS
10
94.2445889999999906
20
-149.1081409999999892
11
94.2426279999999963
21
-149.1055399999999906
0
LINE
8
Edge.Cuts
6
CONTINUOUS
10
94.2426279999999963
20
-149.1055399999999906
11
94.2406799999999976
21
-149.1029220000000066
0
LINE
8
Edge.Cuts
6
CONTINUOUS
10
94.2406799999999976
20
-149.1029220000000066
11
94.238743999999997
21
-149.1002869999999803
0
LINE
8
Edge.Cuts
6
CONTINUOUS
10
94.238743999999997
20
-149.1002869999999803
11
94.2368199999999945
21
-149.0976359999999943
0
LINE
8
Edge.Cuts
6
CONTINUOUS
10
94.2368199999999945
20
-149.0976359999999943
11
94.2349099999999993
21
-149.0949679999999944
0
LINE
8
Edge.Cuts
6
CONTINUOUS
10
94.2349099999999993
20
-149.0949679999999944
11
94.2330120000000022
21
-149.0922829999999806
0
LINE
8
Edge.Cuts
6
CONTINUOUS
10
94.2330120000000022
20
-149.0922829999999806
11
94.2311259999999891
21
-149.0895820000000072
0
LINE
8
Edge.Cuts
6
CONTINUOUS
10
94.2311259999999891
20
-149.0895820000000072
11
94.2292539999999974
21
-149.0868639999999914
0
LINE
8
Edge.Cuts
6
CONTINUOUS
10
94.2292539999999974
20
-149.0868639999999914
11
94.2273939999999897
21
-149.0841289999999901
0
LINE
8
Edge.Cuts
6
CONTINUOUS
10
94.2273939999999897
20
-149.0841289999999901
11
94.2255469999999917
21
-149.0813780000000008
0
LINE
8
Edge.Cuts
6
CONTINUOUS
10
94.2255469999999917
20
-149.0813780000000008
11
94.2237129999999894
21
-149.0786099999999976
0
LINE
8
Edge.Cuts
6
CONTINUOUS
10
94.2237129999999894
20
-149.0786099999999976
11
94.2218929999999943
21
-149.0758249999999805
0
LINE
8
Edge.Cuts
6
CONTINUOUS
10
94.2218929999999943
20
-149.0758249999999805
11
94.2200849999999974
21
-149.0730240000000038
0
LINE
8
Edge.Cuts
6
CONTINUOUS
10
94.2200849999999974
20
-149.0730240000000038
11
94.2182909999999936
21
-149.0702059999999847
0
LINE
8
Edge.Cuts
6
CONTINUOUS
10
94.2182909999999936
20
-149.0702059999999847
11
94.2165090000000021
21
-149.067372000000006
0
LINE
8
Edge.Cuts
6
CONTINUOUS
10
94.2165090000000021
20
-149.067372000000006
11
94.2147409999999894
21
-149.064520999999985
0
LINE
8
Edge.Cuts
6
CONTINUOUS
10
94.2147409999999894
20
-149.064520999999985
11
94.2129860000000008
21
-149.0616540000000043
0
LINE
8
Edge.Cuts
6
CONTINUOUS
10
94.2129860000000008
20
-149.0616540000000043
11
94.211244999999991
21
-149.0587699999999813
0
LINE
8
Edge.Cuts
6
CONTINUOUS
10
94.211244999999991
20
-149.0587699999999813
11
94.2095169999999911
21
-149.0558699999999988
0
LINE
8
Edge.Cuts
6
CONTINUOUS
10
94.2095169999999911
20
-149.0558699999999988
11
94.2078029999999984
21
-149.0529530000000022
0
LINE
8
Edge.Cuts
6
CONTINUOUS
10
94.2078029999999984
20
-149.0529530000000022
11
94.2061020000000013
21
-149.0500199999999893
0
LINE
8
Edge.Cuts
6
CONTINUOUS
10
94.2061020000000013
20
-149.0500199999999893
11
94.2051299999999969
21
-149.048326000000003
0
LINE
8
Edge.Cuts
6
CONTINUOUS
10
95.0513389999999987
20
-148.5547059999999817
11
95.0544919999999962
21
-148.5595079999999939
0
LINE
8
Edge.Cuts
6
CONTINUOUS
10
95.0544919999999962
20
-148.5595079999999939
11
95.0575800000000015
21
-148.5643550000000062
0
LINE
8
Edge.Cuts
6
CONTINUOUS
10
95.0575800000000015
20
-148.5643550000000062
11
95.0606009999999912
21
-148.5692469999999901
0
LINE
8
Edge.Cuts
6
CONTINUOUS
10
95.0606009999999912
20
-148.5692469999999901
11
95.0635569999999888
21
-148.5741840000000025
0
LINE
8
Edge.Cuts
6
CONTINUOUS
10
95.0635569999999888
20
-148.5741840000000025
11
95.0664459999999991
21
-148.5791659999999865
0
LINE
8
Edge.Cuts
6
CONTINUOUS
10
95.0664459999999991
20
-148.5791659999999865
11
95.0692679999999939
21
-148.5841910000000041
0
LINE
8
Edge.Cuts
6
CONTINUOUS
10
95.0692679999999939
20
-148.5841910000000041
11
95.0720219999999898
21
-148.5892599999999959
0
LINE
8
Edge.Cuts
6
CONTINUOUS
10
95.0720219999999898
20
-148.5892599999999959
11
95.0747099999999961
21
-148.5943719999999928
0
LINE
8
Edge.Cuts
6
CONTINUOUS
10
95.0747099999999961
20
-148.5943719999999928
11
95.0773289999999918
21
-148.5995259999999973
0
LINE
8
Edge.Cuts
6
CONTINUOUS
10
95.0773289999999918
20
-148.5995259999999973
11
95.0798799999999886
21
-148.6047219999999811
0
LINE
8
Edge.Cuts
6
CONTINUOUS
10
95.0798799999999886
20
-148.6047219999999811
11
95.0823619999999892
21
-148.6099590000000035
0
LINE
8
Edge.Cuts
6
CONTINUOUS
10
95.0823619999999892
20
-148.6099590000000035
11
95.0847759999999909
21
-148.6152380000000051
0
LINE
8
Edge.Cuts
6
CONTINUOUS
10
95.0847759999999909
20
-148.6152380000000051
11
95.0871199999999988
21
-148.6205559999999934
0
LINE
8
Edge.Cuts
6
CONTINUOUS
10
95.0871199999999988
20
-148.6205559999999934
11
95.0893939999999986
21
-148.6259139999999945
0
LINE
8
Edge.Cuts
6
CONTINUOUS
10
95.0893939999999986
20
-148.6259139999999945
11
95.091596999999993
21
-148.6313109999999824
0
LINE
8
Edge.Cuts
6
CONTINUOUS
10
95.091596999999993
20
-148.6313109999999824
11
95.0937299999999937
21
-148.636745999999988
0
LINE
8
Edge.Cuts
6
CONTINUOUS
10
95.0937299999999937
20
-148.636745999999988
11
95.0957930000000005
21
-148.642218999999983
0
LINE
8
Edge.Cuts
6
CONTINUOUS
10
95.0957930000000005
20
-148.642218999999983
11
95.0977829999999926
21
-148.6477289999999982
0
LINE
8
Edge.Cuts
6
CONTINUOUS
10
95.0977829999999926
20
-148.6477289999999982
11
95.0997019999999935
21
-148.6532760000000053
0
LINE
8
Edge.Cuts
6
CONTINUOUS
10
95.0997019999999935
20
-148.6532760000000053
11
95.101547999999994
21
-148.6588569999999834
0
LINE
8
Edge.Cuts
6
CONTINUOUS
10
95.101547999999994
20
-148.6588569999999834
11
95.1033219999999915
21
-148.6644739999999842
0
LINE
8
Edge.Cuts
6
CONTINUOUS
10
95.1033219999999915
20
-148.6644739999999842
11
95.1050230000000028
21
-148.6701249999999845
0
LINE
8
Edge.Cuts
6
CONTINUOUS
10
95.1050230000000028
20
-148.6701249999999845
11
95.1066500000000019
21
-148.6758079999999893
0
LINE
8
Edge.Cuts
6
CONTINUOUS
10
95.1066500000000019
20
-148.6758079999999893
11
95.1082040000000006
21
-148.681523999999996
0
LINE
8
Edge.Cuts
6
CONTINUOUS
10
95.1082040000000006
20
-148.681523999999996
11
95.1096829999999898
21
-148.6872720000000072
0
LINE
8
Edge.Cuts
6
CONTINUOUS
10
95.1096829999999898
20
-148.6872720000000072
11
95.1110879999999952
21
-148.6930499999999995
0
LINE
8
Edge.Cuts
6
CONTINUOUS
10
95.1110879999999952
20
-148.6930499999999995
11
95.1124169999999935
21
-148.6988580000000013
0
LINE
8
Edge.Cuts
6
CONTINUOUS
10
95.1124169999999935
20
-148.6988580000000013
11
95.1136709999999965
21
-148.7046939999999893
0
LINE
8
Edge.Cuts
6
CONTINUOUS
10
95.1136709999999965
20
-148.7046939999999893
11
95.1148499999999899
21
-148.7105589999999893
0
LINE
8
Edge.Cuts
6
CONTINUOUS
10
95.1148499999999899
20
-148.7105589999999893
11
95.1159519999999929
21
-148.7164499999999805
0
LINE
8
Edge.Cuts
6
CONTINUOUS
10
95.1159519999999929
20
-148.7164499999999805
11
95.1169779999999889
21
-148.7223669999999913
0
LINE
8
Edge.Cuts
6
CONTINUOUS
10
95.1169779999999889
20
-148.7223669999999913
11
95.1179259999999971
21
-148.7283089999999959
0
LINE
8
Edge.Cuts
6
CONTINUOUS
10
95.1179259999999971
20
-148.7283089999999959
11
95.1187979999999982
21
-148.7342739999999992
0
LINE
8
Edge.Cuts
6
CONTINUOUS
10
95.1187979999999982
20
-148.7342739999999992
11
95.1195919999999973
21
-148.7402629999999988
0
LINE
8
Edge.Cuts
6
CONTINUOUS
10
95.1195919999999973
20
-148.7402629999999988
11
95.1203089999999918
21
-148.7462720000000047
0
LINE
8
Edge.Cuts
6
CONTINUOUS
10
95.1203089999999918
20
-148.7462720000000047
11
95.120947000000001
21
-148.7523029999999835
0
LINE
8
Edge.Cuts
6
CONTINUOUS
10
95.120947000000001
20
-148.7523029999999835
11
95.121506999999994
21
-148.7583520000000021
0
LINE
8
Edge.Cuts
6
CONTINUOUS
10
95.121506999999994
20
-148.7583520000000021
11
95.1219889999999992
21
-148.7644200000000012
0
LINE
8
Edge.Cuts
6
CONTINUOUS
10
95.1219889999999992
20
-148.7644200000000012
11
95.1223909999999933
21
-148.7705049999999858
0
LINE
8
Edge.Cuts
6
CONTINUOUS
10
95.1223909999999933
20
-148.7705049999999858
11
95.1227149999999995
21
-148.7766049999999893
0
LINE
8
Edge.Cuts
6
CONTINUOUS
10
95.1227149999999995
20
-148.7766049999999893
11
95.1229589999999945
21
-148.7827199999999834
0
LINE
8
Edge.Cuts
6
CONTINUOUS
10
95.1229589999999945
20
-148.7827199999999834
11
95.1231229999999925
21
-148.788848999999999
0
LINE
8
Edge.Cuts
6
CONTINUOUS
10
95.1231229999999925
20
-148.788848999999999
11
95.1232079999999911
21
-148.7949889999999868
0
LINE
8
Edge.Cuts
6
CONTINUOUS
10
95.1232079999999911
20
-148.7949889999999868
11
95.1232129999999927
21
-148.8011400000000037
0
LINE
8
Edge.Cuts
6
CONTINUOUS
10
95.1232129999999927
20
-148.8011400000000037
11
95.1231379999999973
21
-148.8073009999999954
0
LINE
8
Edge.Cuts
6
CONTINUOUS
10
95.1231379999999973
20
-148.8073009999999954
11
95.1229829999999907
21
-148.8134689999999978
0
LINE
8
Edge.Cuts
6
CONTINUOUS
10
95.1229829999999907
20
-148.8134689999999978
11
95.1227480000000014
21
-148.81964499999998
0
LINE
8
Edge.Cuts
6
CONTINUOUS
10
95.1227480000000014
20
-148.81964499999998
11
95.1224330000000009
21
-148.8258260000000064
0
LINE
8
Edge.Cuts
6
CONTINUOUS
10
95.1224330000000009
20
-148.8258260000000064
11
95.1220369999999917
21
-148.8320109999999943
0
LINE
8
Edge.Cuts
6
CONTINUOUS
10
95.1220369999999917
20
-148.8320109999999943
11
95.1215609999999998
21
-148.838199000000003
0
LINE
8
Edge.Cuts
6
CONTINUOUS
10
95.1215609999999998
20
-148.838199000000003
11
95.1210049999999967
21
-148.8443890000000067
0
LINE
8
Edge.Cuts
6
CONTINUOUS
10
95.1210049999999967
20
-148.8443890000000067
11
95.1203679999999991
21
-148.850578999999982
0
LINE
8
Edge.Cuts
6
CONTINUOUS
10
95.1203679999999991
20
-148.850578999999982
11
95.1196509999999904
21
-148.8567669999999907
0
LINE
8
Edge.Cuts
6
CONTINUOUS
10
95.1196509999999904
20
-148.8567669999999907
11
95.1188539999999989
21
-148.8629530000000045
0
LINE
8
Edge.Cuts
6
CONTINUOUS
10
95.1188539999999989
20
-148.8629530000000045
11
95.1179759999999987
21
-148.8691340000000025
0
LINE
8
Edge.Cuts
6
CONTINUOUS
10
95.1179759999999987
20
-148.8691340000000025
11
95.1170189999999991
21
-148.8753109999999822
0
LINE
8
Edge.Cuts
6
CONTINUOUS
10
95.1170189999999991
20
-148.8753109999999822
11
95.1159809999999908
21
-148.8814799999999821
0
LINE
8
Edge.Cuts
6
CONTINUOUS
10
95.1159809999999908
20
-148.8814799999999821
11
95.1154329999999959
21
-148.8845619999999883
0
LINE
8
Edge.Cuts
6
CONTINUOUS
10
95.1154329999999959
20
-148.8845619999999883
11
95.1148639999999972
21
-148.8876410000000021
0
LINE
8
Edge.Cuts
6
CONTINUOUS
10
95.1148639999999972
20
-148.8876410000000021
11
95.1142759999999896
21
-148.8907179999999926
0
LINE
8
Edge.Cuts
6
CONTINUOUS
10
95.1142759999999896
20
-148.8907179999999926
11
95.1136669999999924
21
-148.8937929999999881
0
LINE
8
Edge.Cuts
6
CONTINUOUS
10
95.1136669999999924
20
-148.8937929999999881
11
95.1130390000000006
21
-148.8968649999999911
0
LINE
8
Edge.Cuts
6
CONTINUOUS
10
95.1130390000000006
20
-148.8968649999999911
11
95.1123910000000024
21
-148.8999330000000043
0
LINE
8
Edge.Cuts
6
CONTINUOUS
10
95.1123910000000024
20
-148.8999330000000043
11
95.1117229999999978
21
-148.9029989999999941
0
LINE
8
Edge.Cuts
6
CONTINUOUS
10
95.1117229999999978
20
-148.9029989999999941
11
95.1110359999999986
21
-148.9060619999999915
0
LINE
8
Edge.Cuts
6
CONTINUOUS
10
95.1110359999999986
20
-148.9060619999999915
11
95.1103279999999955
21
-148.909120999999999
0
LINE
8
Edge.Cuts
6
CONTINUOUS
10
95.1103279999999955
20
-148.909120999999999
11
95.1096009999999978
21
-148.9121759999999881
0
LINE
8
Edge.Cuts
6
CONTINUOUS
10
95.1096009999999978
20
-148.9121759999999881
11
95.1088549999999913
21
-148.9152279999999848
0
LINE
8
Edge.Cuts
6
CONTINUOUS
10
95.1088549999999913
20
-148.9152279999999848
11
95.1080879999999951
21
-148.9182759999999917
0
LINE
8
Edge.Cuts
6
CONTINUOUS
10
95.1080879999999951
20
-148.9182759999999917
11
95.1073030000000017
21
-148.9213189999999827
0
LINE
8
Edge.Cuts
6
CONTINUOUS
10
95.1073030000000017
20
-148.9213189999999827
11
95.1064969999999903
21
-148.9243589999999813
0
LINE
8
Edge.Cuts
6
CONTINUOUS
10
95.1064969999999903
20
-148.9243589999999813
11
95.1056719999999984
21
-148.927392999999995
0
LINE
8
Edge.Cuts
6
CONTINUOUS
10
95.1056719999999984
20
-148.927392999999995
11
95.1048279999999977
21
-148.9304239999999879
0
LINE
8
Edge.Cuts
6
CONTINUOUS
10
95.1048279999999977
20
-148.9304239999999879
11
95.1039639999999906
21
-148.933448999999996
0
LINE
8
Edge.Cuts
6
CONTINUOUS
10
95.1039639999999906
20
-148.933448999999996
11
95.1030809999999889
21
-148.9364699999999857
0
LINE
8
Edge.Cuts
6
CONTINUOUS
10
95.1030809999999889
20
-148.9364699999999857
11
95.102177999999995
21
-148.9394849999999906
0
LINE
8
Edge.Cuts
6
CONTINUOUS
10
95.102177999999995
20
-148.9394849999999906
11
95.1012559999999922
21
-148.9424960000000056
0
LINE
8
Edge.Cuts
6
CONTINUOUS
10
95.1012559999999922
20
-148.9424960000000056
11
95.1003149999999948
21
-148.9454999999999814
0
LINE
8
Edge.Cuts
6
CONTINUOUS
10
95.1003149999999948
20
-148.9454999999999814
11
95.0993539999999911
21
-148.9484989999999982
0
LINE
8
Edge.Cuts
6
CONTINUOUS
10
95.0993539999999911
20
-148.9484989999999982
11
95.0983749999999901
21
-148.9514920000000018
0
LINE
8
Edge.Cuts
6
CONTINUOUS
10
95.0983749999999901
20
-148.9514920000000018
11
95.097375999999997
21
-148.9544799999999896
0
LINE
8
Edge.Cuts
6
CONTINUOUS
10
95.097375999999997
20
-148.9544799999999896
11
95.0963579999999951
21
-148.957460999999995
0
LINE
8
Edge.Cuts
6
CONTINUOUS
10
95.0963579999999951
20
-148.957460999999995
11
95.0953209999999984
21
-148.9604359999999872
0
LINE
8
Edge.Cuts
6
CONTINUOUS
10
95.0953209999999984
20
-148.9604359999999872
11
95.0942659999999904
21
-148.9634049999999945
0
LINE
8
Edge.Cuts
6
CONTINUOUS
10
95.0942659999999904
20
-148.9634049999999945
11
95.0931909999999903
21
-148.9663669999999911
0
LINE
8
Edge.Cuts
6
CONTINUOUS
10
95.0931909999999903
20
-148.9663669999999911
11
95.0920979999999929
21
-148.9693220000000053
0
LINE
8
Edge.Cuts
6
CONTINUOUS
10
95.0920979999999929
20
-148.9693220000000053
11
95.0909849999999892
21
-148.9722710000000063
0
LINE
8
Edge.Cuts
6
CONTINUOUS
10
95.0909849999999892
20
-148.9722710000000063
11
95.0898540000000025
21
-148.9752119999999991
0
LINE
8
Edge.Cuts
6
CONTINUOUS
10
95.0898540000000025
20
-148.9752119999999991
11
95.0887039999999928
21
-148.978147000000007
0
LINE
8
Edge.Cuts
6
CONTINUOUS
10
95.0887039999999928
20
-148.978147000000007
11
95.0875360000000001
21
-148.9810729999999808
0
LINE
8
Edge.Cuts
6
CONTINUOUS
10
95.0875360000000001
20
-148.9810729999999808
11
95.0863489999999985
21
-148.9839929999999981
0
LINE
8
Edge.Cuts
6
CONTINUOUS
10
95.0863489999999985
20
-148.9839929999999981
11
95.0851439999999997
21
-148.9869039999999814
0
LINE
8
Edge.Cuts
6
CONTINUOUS
10
95.0851439999999997
20
-148.9869039999999814
11
95.083919999999992
21
-148.9898089999999797
0
LINE
8
Edge.Cuts
6
CONTINUOUS
10
95.083919999999992
20
-148.9898089999999797
11
95.0826780000000014
21
-148.9927040000000034
0
LINE
8
Edge.Cuts
6
CONTINUOUS
10
95.0826780000000014
20
-148.9927040000000034
11
95.0814170000000018
21
-148.9955929999999853
0
LINE
8
Edge.Cuts
6
CONTINUOUS
10
95.0814170000000018
20
-148.9955929999999853
11
95.0801379999999909
21
-148.9984719999999925
0
LINE
8
Edge.Cuts
6
CONTINUOUS
10
95.0801379999999909
20
-148.9984719999999925
11
95.0788409999999971
21
-149.0013439999999889
0
LINE
8
Edge.Cuts
6
CONTINUOUS
10
95.0788409999999971
20
-149.0013439999999889
11
95.0775259999999918
21
-149.0042069999999796
0
LINE
8
Edge.Cuts
6
CONTINUOUS
10
95.0775259999999918
20
-149.0042069999999796
11
95.0761919999999918
21
-149.0070619999999906
0
LINE
8
Edge.Cuts
6
CONTINUOUS
10
95.0761919999999918
20
-149.0070619999999906
11
95.0748409999999922
21
-149.0099060000000009
0
LINE
8
Edge.Cuts
6
CONTINUOUS
10
95.0748409999999922
20
-149.0099060000000009
11
95.0734719999999953
21
-149.0127439999999979
0
LINE
8
Edge.Cuts
6
CONTINUOUS
10
95.0734719999999953
20
-149.0127439999999979
11
95.0720850000000013
21
-149.0155709999999942
0
LINE
8
Edge.Cuts
6
CONTINUOUS
10
95.0720850000000013
20
-149.0155709999999942
11
95.0706799999999959
21
-149.0183899999999824
0
LINE
8
Edge.Cuts
6
CONTINUOUS
10
95.0706799999999959
20
-149.0183899999999824
11
95.0692579999999907
21
-149.0211979999999983
0
LINE
8
Edge.Cuts
6
CONTINUOUS
10
95.0692579999999907
20
-149.0211979999999983
11
95.0678169999999909
21
-149.0239990000000034
0
LINE
8
Edge.Cuts
6
CONTINUOUS
10
95.0678169999999909
20
-149.0239990000000034
11
95.0663599999999889
21
-149.026787999999982
0
LINE
8
Edge.Cuts
6
CONTINUOUS
10
95.0663599999999889
20
-149.026787999999982
11
95.0648839999999922
21
-149.0295689999999809
0
LINE
8
Edge.Cuts
6
CONTINUOUS
10
95.0648839999999922
20
-149.0295689999999809
11
95.0633909999999958
21
-149.0323379999999815
0
LINE
8
Edge.Cuts
6
CONTINUOUS
10
95.0633909999999958
20
-149.0323379999999815
11
95.0618809999999996
21
-149.0350999999999999
0
LINE
8
Edge.Cuts
6
CONTINUOUS
10
95.0618809999999996
20
-149.0350999999999999
11
95.0603539999999896
21
-149.0378489999999942
0
LINE
8
Edge.Cuts
6
CONTINUOUS
10
95.0603539999999896
20
-149.0378489999999942
11
95.0588079999999991
21
-149.0405899999999804
0
LINE
8
Edge.Cuts
6
CONTINUOUS
10
95.0588079999999991
20
-149.0405899999999804
11
95.0572469999999896
21
-149.0433189999999968
0
LINE
8
Edge.Cuts
6
CONTINUOUS
10
95.0572469999999896
20
-149.0433189999999968
11
95.0556679999999972
21
-149.046040000000005
0
LINE
8
Edge.Cuts
6
CONTINUOUS
10
95.0556679999999972
20
-149.046040000000005
11
95.0540719999999908
21
-149.0487479999999891
0
LINE
8
Edge.Cuts
6
CONTINUOUS
10
95.0540719999999908
20
-149.0487479999999891
11
95.0524589999999989
21
-149.051446999999996
0
LINE
8
Edge.Cuts
6
CONTINUOUS
10
95.0524589999999989
20
-149.051446999999996
11
95.0508289999999931
21
-149.0541330000000073
0
LINE
8
Edge.Cuts
6
CONTINUOUS
10
95.0508289999999931
20
-149.0541330000000073
11
95.0491820000000018
21
-149.056810999999982
0
LINE
8
Edge.Cuts
6
CONTINUOUS
10
95.0491820000000018
20
-149.056810999999982
11
95.0475189999999941
21
-149.059474999999992
0
LINE
8
Edge.Cuts
6
CONTINUOUS
10
95.0475189999999941
20
-149.059474999999992
11
95.0458379999999892
21
-149.0621299999999962
0
LINE
8
Edge.Cuts
6
CONTINUOUS
10
95.0458379999999892
20
-149.0621299999999962
11
95.0441429999999912
21
-149.0647720000000049
0
LINE
8
Edge.Cuts
6
CONTINUOUS
10
95.0441429999999912
20
-149.0647720000000049
11
95.0424289999999985
21
-149.0674049999999795
0
LINE
8
Edge.Cuts
6
CONTINUOUS
10
95.0424289999999985
20
-149.0674049999999795
11
95.0407000000000011
21
-149.0700239999999894
0
LINE
8
Edge.Cuts
6
CONTINUOUS
10
95.0407000000000011
20
-149.0700239999999894
11
95.0389529999999922
21
-149.0726339999999936
0
LINE
8
Edge.Cuts
6
CONTINUOUS
10
95.0389529999999922
20
-149.0726339999999936
11
95.0371919999999903
21
-149.0752300000000048
0
LINE
8
Edge.Cuts
6
CONTINUOUS
10
95.0371919999999903
20
-149.0752300000000048
11
95.0354119999999938
21
-149.0778159999999843
0
LINE
8
Edge.Cuts
6
CONTINUOUS
10
95.0354119999999938
20
-149.0778159999999843
11
95.0336179999999899
21
-149.0803879999999992
0
LINE
8
Edge.Cuts
6
CONTINUOUS
10
95.0336179999999899
20
-149.0803879999999992
11
95.0318070000000006
21
-149.08295099999998
0
LINE
8
Edge.Cuts
6
CONTINUOUS
10
95.0318070000000006
20
-149.08295099999998
11
95.0299809999999923
21
-149.0854989999999987
0
LINE
8
Edge.Cuts
6
CONTINUOUS
10
95.0299809999999923
20
-149.0854989999999987
11
95.028137000000001
21
-149.0880379999999832
0
LINE
8
Edge.Cuts
6
CONTINUOUS
10
95.028137000000001
20
-149.0880379999999832
11
95.0262799999999999
21
-149.0905609999999797
0
LINE
8
Edge.Cuts
6
CONTINUOUS
10
95.0262799999999999
20
-149.0905609999999797
11
95.0244050000000016
21
-149.0930749999999989
0
LINE
8
Edge.Cuts
6
CONTINUOUS
10
95.0244050000000016
20
-149.0930749999999989
11
95.0225149999999985
21
-149.0955739999999992
0
LINE
8
Edge.Cuts
6
CONTINUOUS
10
95.0225149999999985
20
-149.0955739999999992
11
95.0206089999999932
21
-149.0980629999999962
0
LINE
8
Edge.Cuts
6
CONTINUOUS
10
95.0206089999999932
20
-149.0980629999999962
11
95.0186889999999948
21
-149.1005360000000053
0
LINE
8
Edge.Cuts
6
CONTINUOUS
10
95.0186889999999948
20
-149.1005360000000053
11
95.0167509999999993
21
-149.1029999999999802
0
LINE
8
Edge.Cuts
6
CONTINUOUS
10
95.0167509999999993
20
-149.1029999999999802
11
95.0147999999999939
21
-149.1054479999999955
0
LINE
8
Edge.Cuts
6
CONTINUOUS
10
95.0147999999999939
20
-149.1054479999999955
11
95.0128309999999914
21
-149.1078859999999793
0
LINE
8
Edge.Cuts
6
CONTINUOUS
10
95.0128309999999914
20
-149.1078859999999793
11
95.0108489999999932
21
-149.1103080000000034
0
LINE
8
Edge.Cuts
6
CONTINUOUS
10
95.0108489999999932
20
-149.1103080000000034
11
95.0088499999999954
21
-149.1127199999999959
0
LINE
8
Edge.Cuts
6
CONTINUOUS
10
95.0088499999999954
20
-149.1127199999999959
11
95.0068380000000019
21
-149.1151160000000004
0
LINE
8
Edge.Cuts
6
CONTINUOUS
10
95.0068380000000019
20
-149.1151160000000004
11
95.0048089999999945
21
-149.1175020000000018
0
LINE
8
Edge.Cuts
6
CONTINUOUS
10
95.0048089999999945
20
-149.1175020000000018
11
95.0027669999999915
21
-149.1198709999999892
0
LINE
8
Edge.Cuts
6
CONTINUOUS
10
95.0027669999999915
20
-149.1198709999999892
11
95.0007069999999914
21
-149.1222300000000018
0
LINE
8
Edge.Cuts
6
CONTINUOUS
10
95.0007069999999914
20
-149.1222300000000018
11
94.9986349999999931
21
-149.124572999999998
0
LINE
8
Edge.Cuts
6
CONTINUOUS
10
94.9986349999999931
20
-149.124572999999998
11
94.996545999999995
21
-149.1269049999999936
0
LINE
8
Edge.Cuts
6
CONTINUOUS
10
94.996545999999995
20
-149.1269049999999936
11
94.9944449999999989
21
-149.1292210000000011
0
LINE
8
Edge.Cuts
6
CONTINUOUS
10
94.9944449999999989
20
-149.1292210000000011
11
94.9923269999999889
21
-149.1315249999999821
0
LINE
8
Edge.Cuts
6
CONTINUOUS
10
94.9923269999999889
20
-149.1315249999999821
11
94.9901959999999974
21
-149.133814000000001
0
LINE
8
Edge.Cuts
6
CONTINUOUS
10
94.9901959999999974
20
-149.133814000000001
11
94.988047999999992
21
-149.1360909999999933
0
LINE
8
Edge.Cuts
6
CONTINUOUS
10
94.988047999999992
20
-149.1360909999999933
11
94.9858880000000028
21
-149.1383519999999976
0
LINE
8
Edge.Cuts
6
CONTINUOUS
10
94.9858880000000028
20
-149.1383519999999976
11
94.983711999999997
21
-149.1406010000000038
0
LINE
8
Edge.Cuts
6
CONTINUOUS
10
94.983711999999997
20
-149.1406010000000038
11
94.9815239999999932
21
-149.1428339999999935
0
LINE
8
Edge.Cuts
6
CONTINUOUS
10
94.9815239999999932
20
-149.1428339999999935
11
94.9793179999999921
21
-149.1450549999999851
0
LINE
8
Edge.Cuts
6
CONTINUOUS
10
94.9793179999999921
20
-149.1450549999999851
11
94.9771009999999904
21
-149.1472599999999886
0
LINE
8
Edge.Cuts
6
CONTINUOUS
10
94.9771009999999904
20
-149.1472599999999886
11
94.9748680000000007
21
-149.1494529999999941
0
LINE
8
Edge.Cuts
6
CONTINUOUS
10
94.9748680000000007
20
-149.1494529999999941
11
94.9726229999999987
21
-149.1516289999999856
0
LINE
8
Edge.Cuts
6
CONTINUOUS
10
94.9726229999999987
20
-149.1516289999999856
11
94.9703609999999969
21
-149.1537930000000074
0
LINE
8
Edge.Cuts
6
CONTINUOUS
10
94.9703609999999969
20
-149.1537930000000074
11
94.9680879999999945
21
-149.1559409999999843
0
LINE
8
Edge.Cuts
6
CONTINUOUS
10
94.9680879999999945
20
-149.1559409999999843
11
94.9657989999999899
21
-149.1580769999999916
0
LINE
8
Edge.Cuts
6
CONTINUOUS
10
94.9657989999999899
20
-149.1580769999999916
11
94.9634980000000013
21
-149.1601949999999874
0
LINE
8
Edge.Cuts
6
CONTINUOUS
10
94.9634980000000013
20
-149.1601949999999874
11
94.9611809999999963
21
-149.1623019999999826
0
LINE
8
Edge.Cuts
6
CONTINUOUS
10
94.9611809999999963
20
-149.1623019999999826
11
94.9588519999999932
21
-149.1643909999999948
0
LINE
8
Edge.Cuts
6
CONTINUOUS
10
94.9588519999999932
20
-149.1643909999999948
11
94.9565079999999995
21
-149.1664679999999805
0
LINE
8
Edge.Cuts
6
CONTINUOUS
10
94.9565079999999995
20
-149.1664679999999805
11
94.9541519999999934
21
-149.1685290000000066
0
LINE
8
Edge.Cuts
6
CONTINUOUS
10
94.9541519999999934
20
-149.1685290000000066
11
94.9517799999999994
21
-149.1705759999999827
0
LINE
8
Edge.Cuts
6
CONTINUOUS
10
94.9517799999999994
20
-149.1705759999999827
11
94.9493969999999905
21
-149.1726069999999993
0
LINE
8
Edge.Cuts
6
CONTINUOUS
10
94.9493969999999905
20
-149.1726069999999993
11
94.946998999999991
21
-149.1746249999999918
0
LINE
8
Edge.Cuts
6
CONTINUOUS
10
94.946998999999991
20
-149.1746249999999918
11
94.9445889999999935
21
-149.1766259999999988
0
LINE
8
Edge.Cuts
6
CONTINUOUS
10
94.9445889999999935
20
-149.1766259999999988
11
94.9421639999999911
21
-149.1786139999999818
0
LINE
8
Edge.Cuts
6
CONTINUOUS
10
94.9421639999999911
20
-149.1786139999999818
11
94.9397269999999907
21
-149.1805849999999793
0
LINE
8
Edge.Cuts
6
CONTINUOUS
10
94.9397269999999907
20
-149.1805849999999793
11
94.9372759999999971
21
-149.1825429999999812
0
LINE
8
Edge.Cuts
6
CONTINUOUS
10
94.9372759999999971
20
-149.1825429999999812
11
94.9348129999999912
21
-149.1844839999999976
0
LINE
8
Edge.Cuts
6
CONTINUOUS
10
94.9348129999999912
20
-149.1844839999999976
11
94.9323349999999948
21
-149.1864109999999926
0
LINE
8
Edge.Cuts
6
CONTINUOUS
10
94.9323349999999948
20
-149.1864109999999926
11
94.9298459999999977
21
-149.188321000000002
0
LINE
8
Edge.Cuts
6
CONTINUOUS
10
94.9298459999999977
20
-149.188321000000002
11
94.9273409999999984
21
-149.1902189999999848
0
LINE
8
Edge.Cuts
6
CONTINUOUS
10
94.9273409999999984
20
-149.1902189999999848
11
94.9248259999999959
21
-149.1920979999999872
0
LINE
8
Edge.Cuts
6
CONTINUOUS
10
94.9248259999999959
20
-149.1920979999999872
11
94.9222959999999887
21
-149.1939649999999915
0
LINE
8
Edge.Cuts
6
CONTINUOUS
10
94.9222959999999887
20
-149.1939649999999915
11
94.919754999999995
21
-149.1958139999999844
0
LINE
8
Edge.Cuts
6
CONTINUOUS
10
94.919754999999995
20
-149.1958139999999844
11
94.9171989999999965
21
-149.1976489999999842
0
LINE
8
Edge.Cuts
6
CONTINUOUS
10
94.9171989999999965
20
-149.1976489999999842
11
94.9146329999999949
21
-149.199467999999996
0
LINE
8
Edge.Cuts
6
CONTINUOUS
10
94.9146329999999949
20
-149.199467999999996
11
94.9120509999999911
21
-149.2012719999999888
0
LINE
8
Edge.Cuts
6
CONTINUOUS
10
94.9120509999999911
20
-149.2012719999999888
11
94.9094599999999957
21
-149.2030589999999961
0
LINE
8
Edge.Cuts
6
CONTINUOUS
10
94.9094599999999957
20
-149.2030589999999961
11
94.9068529999999981
21
-149.2048329999999794
0
LINE
8
Edge.Cuts
6
CONTINUOUS
10
94.9068529999999981
20
-149.2048329999999794
11
94.9042349999999999
21
-149.2065889999999797
0
LINE
8
Edge.Cuts
6
CONTINUOUS
10
94.9042349999999999
20
-149.2065889999999797
11
94.9016029999999944
21
-149.2083309999999869
0
LINE
8
Edge.Cuts
6
CONTINUOUS
10
94.9016029999999944
20
-149.2083309999999869
11
94.8989609999999999
21
-149.2100549999999828
0
LINE
8
Edge.Cuts
6
CONTINUOUS
10
94.8989609999999999
20
-149.2100549999999828
11
94.8963040000000007
21
-149.2117649999999855
0
LINE
8
Edge.Cuts
6
CONTINUOUS
10
94.8963040000000007
20
-149.2117649999999855
11
94.8936360000000008
21
-149.2134580000000028
0
LINE
8
Edge.Cuts
6
CONTINUOUS
10
94.8936360000000008
20
-149.2134580000000028
11
94.8909539999999936
21
-149.2151369999999986
0
LINE
8
Edge.Cuts
6
CONTINUOUS
10
94.8909539999999936
20
-149.2151369999999986
11
94.8882619999999974
21
-149.2167979999999829
0
LINE
8
Edge.Cuts
6
CONTINUOUS
10
94.8882619999999974
20
-149.2167979999999829
11
94.8855549999999965
21
-149.2184450000000027
0
LINE
8
Edge.Cuts
6
CONTINUOUS
10
94.8855549999999965
20
-149.2184450000000027
11
94.8828389999999899
21
-149.22007499999998
0
LINE
8
Edge.Cuts
6
CONTINUOUS
10
94.8828389999999899
20
-149.22007499999998
11
94.8801069999999953
21
-149.2216889999999978
0
LINE
8
Edge.Cuts
6
CONTINUOUS
10
94.8801069999999953
20
-149.2216889999999978
11
94.875046999999995
21
-149.2246199999999874
0
LINE
8
Edge.Cuts
6
CONTINUOUS
10
96.1796169999999933
20
-152.4684199999999805
11
96.1779049999999955
21
-152.4654040000000066
0
LINE
8
Edge.Cuts
6
CONTINUOUS
10
96.1779049999999955
20
-152.4654040000000066
11
96.1762149999999991
21
-152.4623849999999834
0
LINE
8
Edge.Cuts
6
CONTINUOUS
10
96.1762149999999991
20
-152.4623849999999834
11
96.1745439999999974
21
-152.4593619999999987
0
LINE
8
Edge.Cuts
6
CONTINUOUS
10
96.1745439999999974
20
-152.4593619999999987
11
96.1728949999999969
21
-152.4563349999999957
0
LINE
8
Edge.Cuts
6
CONTINUOUS
10
96.1728949999999969
20
-152.4563349999999957
11
96.1712670000000003
21
-152.4533040000000028
0
LINE
8
Edge.Cuts
6
CONTINUOUS
10
96.1712670000000003
20
-152.4533040000000028
11
96.1696589999999958
21
-152.4502709999999865
0
LINE
8
Edge.Cuts
6
CONTINUOUS
10
96.1696589999999958
20
-152.4502709999999865
11
96.1680719999999951
21
-152.4472329999999829
0
LINE
8
Edge.Cuts
6
CONTINUOUS
10
96.1680719999999951
20
-152.4472329999999829
11
96.1665059999999983
21
-152.4441919999999868
0
LINE
8
Edge.Cuts
6
CONTINUOUS
10
96.1665059999999983
20
-152.4441919999999868
11
96.1649599999999936
21
-152.4411479999999983
0
LINE
8
Edge.Cuts
6
CONTINUOUS
10
96.1649599999999936
20
-152.4411479999999983
11
96.1634359999999901
21
-152.438100999999989
0
LINE
8
Edge.Cuts
6
CONTINUOUS
10
96.1634359999999901
20
-152.438100999999989
11
96.1619319999999931
21
-152.4350499999999897
0
LINE
8
Edge.Cuts
6
CONTINUOUS
10
96.1619319999999931
20
-152.4350499999999897
11
96.1604489999999998
21
-152.4319969999999955
0
LINE
8
Edge.Cuts
6
CONTINUOUS
10
96.1604489999999998
20
-152.4319969999999955
11
96.1589859999999987
21
-152.428939999999983
0
LINE
8
Edge.Cuts
6
CONTINUOUS
10
96.1589859999999987
20
-152.428939999999983
11
96.1575449999999989
21
-152.425881000000004
0
LINE
8
Edge.Cuts
6
CONTINUOUS
10
96.1575449999999989
20
-152.425881000000004
11
96.1561239999999913
21
-152.4228180000000066
0
LINE
8
Edge.Cuts
6
CONTINUOUS
10
96.1561239999999913
20
-152.4228180000000066
11
96.1547240000000016
21
-152.4197529999999858
0
LINE
8
Edge.Cuts
6
CONTINUOUS
10
96.1547240000000016
20
-152.4197529999999858
11
96.1533439999999899
21
-152.4166850000000011
0
LINE
8
Edge.Cuts
6
CONTINUOUS
10
96.1533439999999899
20
-152.4166850000000011
11
96.1519859999999937
21
-152.413614999999993
0
LINE
8
Edge.Cuts
6
CONTINUOUS
10
96.1519859999999937
20
-152.413614999999993
11
96.1506479999999897
21
-152.4105419999999924
0
LINE
8
Edge.Cuts
6
CONTINUOUS
10
96.1506479999999897
20
-152.4105419999999924
11
96.149329999999992
21
-152.4074659999999994
0
LINE
8
Edge.Cuts
6
CONTINUOUS
10
96.149329999999992
20
-152.4074659999999994
11
96.1480339999999956
21
-152.4043879999999831
0
LINE
8
Edge.Cuts
6
CONTINUOUS
10
96.1480339999999956
20
-152.4043879999999831
11
96.1467579999999913
21
-152.4013080000000002
0
LINE
8
Edge.Cuts
6
CONTINUOUS
10
96.1467579999999913
20
-152.4013080000000002
11
96.1455029999999908
21
-152.3982249999999965
0
LINE
8
Edge.Cuts
6
CONTINUOUS
10
96.1455029999999908
20
-152.3982249999999965
11
96.1442679999999967
21
-152.3951409999999953
0
LINE
8
Edge.Cuts
6
CONTINUOUS
10
96.1442679999999967
20
-152.3951409999999953
11
96.1430539999999922
21
-152.3920540000000017
0
LINE
8
Edge.Cuts
6
CONTINUOUS
10
96.1430539999999922
20
-152.3920540000000017
11
96.1418609999999916
21
-152.3889649999999847
0
LINE
8
Edge.Cuts
6
CONTINUOUS
10
96.1418609999999916
20
-152.3889649999999847
11
96.1406889999999947
21
-152.3858740000000012
0
LINE
8
Edge.Cuts
6
CONTINUOUS
10
96.1406889999999947
20
-152.3858740000000012
11
96.13953699999999
21
-152.3827819999999917
0
LINE
8
Edge.Cuts
6
CONTINUOUS
10
96.13953699999999
20
-152.3827819999999917
11
96.1384059999999891
21
-152.3796869999999899
0
LINE
8
Edge.Cuts
6
CONTINUOUS
10
96.1384059999999891
20
-152.3796869999999899
11
96.1372949999999946
21
-152.3765909999999906
0
LINE
8
Edge.Cuts
6
CONTINUOUS
10
96.1372949999999946
20
-152.3765909999999906
11
96.1362049999999897
21
-152.3734929999999963
0
LINE
8
Edge.Cuts
6
CONTINUOUS
10
96.1362049999999897
20
-152.3734929999999963
11
96.1351359999999886
21
-152.3703940000000046
0
LINE
8
Edge.Cuts
6
CONTINUOUS
10
96.1351359999999886
20
-152.3703940000000046
11
96.1340869999999938
21
-152.3672929999999894
0
LINE
8
Edge.Cuts
6
CONTINUOUS
10
96.1340869999999938
20
-152.3672929999999894
11
96.1330589999999887
21
-152.3641910000000053
0
LINE
8
Edge.Cuts
6
CONTINUOUS
10
96.1330589999999887
20
-152.3641910000000053
11
96.1320520000000016
21
-152.3610879999999952
0
LINE
8
Edge.Cuts
6
CONTINUOUS
10
96.1320520000000016
20
-152.3610879999999952
11
96.1310649999999924
21
-152.3579829999999902
0
LINE
8
Edge.Cuts
6
CONTINUOUS
10
96.1310649999999924
20
-152.3579829999999902
11
96.1300990000000013
21
-152.3548769999999877
0
LINE
8
Edge.Cuts
6
CONTINUOUS
10
96.1300990000000013
20
-152.3548769999999877
11
96.1291539999999998
21
-152.3517699999999877
0
LINE
8
Edge.Cuts
6
CONTINUOUS
10
96.1291539999999998
20
-152.3517699999999877
11
96.1282279999999929
21
-152.3486619999999903
0
LINE
8
Edge.Cuts
6
CONTINUOUS
10
96.1282279999999929
20
-152.3486619999999903
11
96.1273240000000015
21
-152.3455529999999953
0
LINE
8
Edge.Cuts
6
CONTINUOUS
10
96.1273240000000015
20
-152.3455529999999953
11
96.1264400000000023
21
-152.3424430000000029
0
LINE
8
Edge.Cuts
6
CONTINUOUS
10
96.1264400000000023
20
-152.3424430000000029
11
96.1255769999999927
21
-152.3393329999999821
0
LINE
8
Edge.Cuts
6
CONTINUOUS
10
96.1255769999999927
20
-152.3393329999999821
11
96.1247339999999895
21
-152.3362219999999922
0
LINE
8
Edge.Cuts
6
CONTINUOUS
10
96.1247339999999895
20
-152.3362219999999922
11
96.12391199999999
21
-152.3331100000000049
0
LINE
8
Edge.Cuts
6
CONTINUOUS
10
96.12391199999999
20
-152.3331100000000049
11
96.1231099999999969
21
-152.3299969999999917
0
LINE
8
Edge.Cuts
6
CONTINUOUS
10
96.1231099999999969
20
-152.3299969999999917
11
96.1223289999999935
21
-152.3268850000000043
0
LINE
8
Edge.Cuts
6
CONTINUOUS
10
96.1223289999999935
20
-152.3268850000000043
11
96.1215679999999963
21
-152.3237709999999936
0
LINE
8
Edge.Cuts
6
CONTINUOUS
10
96.1215679999999963
20
-152.3237709999999936
11
96.1208279999999888
21
-152.3206579999999803
0
LINE
8
Edge.Cuts
6
CONTINUOUS
10
96.1208279999999888
20
-152.3206579999999803
11
96.1201080000000019
21
-152.3175439999999981
0
LINE
8
Edge.Cuts
6
CONTINUOUS
10
96.1201080000000019
20
-152.3175439999999981
11
96.1194089999999903
21
-152.3144299999999873
0
LINE
8
Edge.Cuts
6
CONTINUOUS
10
96.1194089999999903
20
-152.3144299999999873
11
96.1187299999999993
21
-152.3113170000000025
0
LINE
8
Edge.Cuts
6
CONTINUOUS
10
96.1187299999999993
20
-152.3113170000000025
11
96.118071999999998
21
-152.3082029999999918
0
LINE
8
Edge.Cuts
6
CONTINUOUS
10
96.118071999999998
20
-152.3082029999999918
11
96.1174339999999887
21
-152.3050889999999811
0
LINE
8
Edge.Cuts
6
CONTINUOUS
10
96.1174339999999887
20
-152.3050889999999811
11
96.1168169999999975
21
-152.3019749999999988
0
LINE
8
Edge.Cuts
6
CONTINUOUS
10
96.1168169999999975
20
-152.3019749999999988
11
96.1162199999999984
21
-152.2988619999999855
0
LINE
8
Edge.Cuts
6
CONTINUOUS
10
96.1162199999999984
20
-152.2988619999999855
11
96.1156429999999915
21
-152.2957490000000007
0
LINE
8
Edge.Cuts
6
CONTINUOUS
10
96.1156429999999915
20
-152.2957490000000007
11
96.1150870000000026
21
-152.2926369999999849
0
LINE
8
Edge.Cuts
6
CONTINUOUS
10
96.1150870000000026
20
-152.2926369999999849
11
96.1145509999999916
21
-152.2895240000000001
0
LINE
8
Edge.Cuts
6
CONTINUOUS
10
96.1145509999999916
20
-152.2895240000000001
11
96.1140359999999987
21
-152.2864129999999818
0
LINE
8
Edge.Cuts
6
CONTINUOUS
10
96.1140359999999987
20
-152.2864129999999818
11
96.1135409999999979
21
-152.2833019999999919
0
LINE
8
Edge.Cuts
6
CONTINUOUS
10
96.1135409999999979
20
-152.2833019999999919
11
96.1130659999999892
21
-152.2801919999999996
0
LINE
8
Edge.Cuts
6
CONTINUOUS
10
96.1130659999999892
20
-152.2801919999999996
11
96.1126119999999986
21
-152.2770830000000046
0
LINE
8
Edge.Cuts
6
CONTINUOUS
10
96.1126119999999986
20
-152.2770830000000046
11
96.1121780000000001
21
-152.2739750000000072
0
LINE
8
Edge.Cuts
6
CONTINUOUS
10
96.1121780000000001
20
-152.2739750000000072
11
96.1117639999999938
21
-152.2708669999999813
0
LINE
8
Edge.Cuts
6
CONTINUOUS
10
96.1117639999999938
20
-152.2708669999999813
11
96.1113709999999912
21
-152.2677610000000072
0
LINE
8
Edge.Cuts
6
CONTINUOUS
10
96.1113709999999912
20
-152.2677610000000072
11
96.110997999999995
21
-152.2646560000000022
0
LINE
8
Edge.Cuts
6
CONTINUOUS
10
96.110997999999995
20
-152.2646560000000022
11
96.110644999999991
21
-152.2615519999999947
0
LINE
8
Edge.Cuts
6
CONTINUOUS
10
96.110644999999991
20
-152.2615519999999947
11
96.1103129999999908
21
-152.2584499999999821
0
LINE
8
Edge.Cuts
6
CONTINUOUS
10
96.1103129999999908
20
-152.2584499999999821
11
96.1100009999999969
21
-152.2553479999999979
0
LINE
8
Edge.Cuts
6
CONTINUOUS
10
96.1100009999999969
20
-152.2553479999999979
11
96.1097089999999952
21
-152.2522490000000062
0
LINE
8
Edge.Cuts
6
CONTINUOUS
10
96.1097089999999952
20
-152.2522490000000062
11
96.1094369999999998
21
-152.2491509999999835
0
LINE
8
Edge.Cuts
6
CONTINUOUS
10
96.1094369999999998
20
-152.2491509999999835
11
96.1091849999999965
21
-152.2460539999999867
0
LINE
8
Edge.Cuts
6
CONTINUOUS
10
96.1091849999999965
20
-152.2460539999999867
11
96.1089539999999971
21
-152.2429589999999848
0
LINE
8
Edge.Cuts
6
CONTINUOUS
10
96.1089539999999971
20
-152.2429589999999848
11
96.1087429999999898
21
-152.2398660000000064
0
LINE
8
Edge.Cuts
6
CONTINUOUS
10
96.1087429999999898
20
-152.2398660000000064
11
96.1085519999999889
21
-152.2367749999999944
0
LINE
8
Edge.Cuts
6
CONTINUOUS
10
96.1085519999999889
20
-152.2367749999999944
11
96.1083809999999943
21
-152.2336860000000058
0
LINE
8
Edge.Cuts
6
CONTINUOUS
10
96.1083809999999943
20
-152.2336860000000058
11
96.1082299999999918
21
-152.2305989999999838
0
LINE
8
Edge.Cuts
6
CONTINUOUS
10
96.1082299999999918
20
-152.2305989999999838
11
96.1080989999999957
21
-152.2275139999999851
0
LINE
8
Edge.Cuts
6
CONTINUOUS
10
96.1080989999999957
20
-152.2275139999999851
11
96.1079889999999892
21
-152.2244309999999814
0
LINE
8
Edge.Cuts
6
CONTINUOUS
10
96.1079889999999892
20
-152.2244309999999814
11
96.1078979999999916
21
-152.221350000000001
0
LINE
8
Edge.Cuts
6
CONTINUOUS
10
96.1078979999999916
20
-152.221350000000001
11
96.1078279999999978
21
-152.2182719999999847
0
LINE
8
Edge.Cuts
6
CONTINUOUS
10
96.1078279999999978
20
-152.2182719999999847
11
96.1077779999999962
21
-152.2151959999999917
0
LINE
8
Edge.Cuts
6
CONTINUOUS
10
96.1077779999999962
20
-152.2151959999999917
11
96.1077469999999892
21
-152.2121229999999912
0
LINE
8
Edge.Cuts
6
CONTINUOUS
10
96.1077469999999892
20
-152.2121229999999912
11
96.1077370000000002
21
-152.2090519999999856
0
LINE
8
Edge.Cuts
6
CONTINUOUS
10
96.1077370000000002
20
-152.2090519999999856
11
96.1077469999999892
21
-152.2059849999999983
0
LINE
8
Edge.Cuts
6
CONTINUOUS
10
96.1077469999999892
20
-152.2059849999999983
11
96.1077760000000012
21
-152.2029189999999801
0
LINE
8
Edge.Cuts
6
CONTINUOUS
10
96.1077760000000012
20
-152.2029189999999801
11
96.1078259999999887
21
-152.1998569999999802
0
LINE
8
Edge.Cuts
6
CONTINUOUS
10
96.1078259999999887
20
-152.1998569999999802
11
96.1078959999999967
21
-152.1967970000000037
0
LINE
8
Edge.Cuts
6
CONTINUOUS
10
96.1078959999999967
20
-152.1967970000000037
11
96.1079849999999993
21
-152.1937409999999886
0
LINE
8
Edge.Cuts
6
CONTINUOUS
10
96.1079849999999993
20
-152.1937409999999886
11
96.1080949999999916
21
-152.1906879999999944
0
LINE
8
Edge.Cuts
6
CONTINUOUS
10
96.1080949999999916
20
-152.1906879999999944
11
96.1082239999999928
21
-152.1876369999999952
0
LINE
8
Edge.Cuts
6
CONTINUOUS
10
96.1082239999999928
20
-152.1876369999999952
11
96.1083730000000003
21
-152.1845899999999858
0
LINE
8
Edge.Cuts
6
CONTINUOUS
10
96.1083730000000003
20
-152.1845899999999858
11
96.1085429999999974
21
-152.1815469999999948
0
LINE
8
Edge.Cuts
6
CONTINUOUS
10
96.1085429999999974
20
-152.1815469999999948
11
96.1087319999999892
21
-152.1785059999999987
0
LINE
8
Edge.Cuts
6
CONTINUOUS
10
96.1087319999999892
20
-152.1785059999999987
11
96.1089399999999898
21
-152.17546999999999
0
LINE
8
Edge.Cuts
6
CONTINUOUS
10
96.1089399999999898
20
-152.17546999999999
11
96.1091689999999943
21
-152.1724360000000047
0
LINE
8
Edge.Cuts
6
CONTINUOUS
10
96.1091689999999943
20
-152.1724360000000047
11
96.1094169999999934
21
-152.1694070000000067
0
LINE
8
Edge.Cuts
6
CONTINUOUS
10
96.1094169999999934
20
-152.1694070000000067
11
96.1096849999999989
21
-152.1663810000000012
0
LINE
8
Edge.Cuts
6
CONTINUOUS
10
96.1096849999999989
20
-152.1663810000000012
11
96.1099729999999965
21
-152.1633589999999856
0
LINE
8
Edge.Cuts
6
CONTINUOUS
10
96.1099729999999965
20
-152.1633589999999856
11
96.1102810000000005
21
-152.1603409999999883
0
LINE
8
Edge.Cuts
6
CONTINUOUS
10
96.1102810000000005
20
-152.1603409999999883
11
96.1106079999999992
21
-152.1573259999999834
0
LINE
8
Edge.Cuts
6
CONTINUOUS
10
96.1106079999999992
20
-152.1573259999999834
11
96.1109549999999899
21
-152.1543159999999943
0
LINE
8
Edge.Cuts
6
CONTINUOUS
10
96.1109549999999899
20
-152.1543159999999943
11
96.1113209999999896
21
-152.1513099999999952
0
LINE
8
Edge.Cuts
6
CONTINUOUS
10
96.1113209999999896
20
-152.1513099999999952
11
96.111707999999993
21
-152.1483079999999859
0
LINE
8
Edge.Cuts
6
CONTINUOUS
10
96.111707999999993
20
-152.1483079999999859
11
96.1121129999999937
21
-152.1453099999999949
0
LINE
8
Edge.Cuts
6
CONTINUOUS
10
96.1121129999999937
20
-152.1453099999999949
11
96.1125389999999982
21
-152.1423169999999914
0
LINE
8
Edge.Cuts
6
CONTINUOUS
10
96.1125389999999982
20
-152.1423169999999914
11
96.1129839999999973
21
-152.1393280000000061
0
LINE
8
Edge.Cuts
6
CONTINUOUS
10
96.1129839999999973
20
-152.1393280000000061
11
96.1134479999999911
21
-152.1363439999999798
0
LINE
8
Edge.Cuts
6
CONTINUOUS
10
96.1134479999999911
20
-152.1363439999999798
11
96.1139329999999887
21
-152.1333640000000003
0
LINE
8
Edge.Cuts
6
CONTINUOUS
10
96.1139329999999887
20
-152.1333640000000003
11
96.1144359999999978
21
-152.1303879999999822
0
LINE
8
Edge.Cuts
6
CONTINUOUS
10
96.1144359999999978
20
-152.1303879999999822
11
96.1149589999999989
21
-152.1274180000000058
0
LINE
8
Edge.Cuts
6
CONTINUOUS
10
96.1149589999999989
20
-152.1274180000000058
11
96.1155019999999922
21
-152.1244519999999909
0
LINE
8
Edge.Cuts
6
CONTINUOUS
10
96.1155019999999922
20
-152.1244519999999909
11
96.1160639999999944
21
-152.1214919999999893
0
LINE
8
Edge.Cuts
6
CONTINUOUS
10
96.1160639999999944
20
-152.1214919999999893
11
96.1166449999999912
21
-152.118536000000006
0
LINE
8
Edge.Cuts
6
CONTINUOUS
10
96.1166449999999912
20
-152.118536000000006
11
96.1172459999999944
21
-152.1155849999999816
0
LINE
8
Edge.Cuts
6
CONTINUOUS
10
96.1172459999999944
20
-152.1155849999999816
11
96.1178659999999923
21
-152.1126390000000015
0
LINE
8
Edge.Cuts
6
CONTINUOUS
10
96.1178659999999923
20
-152.1126390000000015
11
96.1185059999999964
21
-152.1096990000000062
0
LINE
8
Edge.Cuts
6
CONTINUOUS
10
96.1185059999999964
20
-152.1096990000000062
11
96.1191639999999978
21
-152.1067639999999983
0
LINE
8
Edge.Cuts
6
CONTINUOUS
10
96.1191639999999978
20
-152.1067639999999983
11
96.1198419999999913
21
-152.1038340000000062
0
LINE
8
Edge.Cuts
6
CONTINUOUS
10
96.1198419999999913
20
-152.1038340000000062
11
96.1205399999999912
21
-152.1009090000000015
0
LINE
8
Edge.Cuts
6
CONTINUOUS
10
96.1205399999999912
20
-152.1009090000000015
11
96.1212569999999999
21
-152.0979909999999791
0
LINE
8
Edge.Cuts
6
CONTINUOUS
10
96.1212569999999999
20
-152.0979909999999791
11
96.1219919999999917
21
-152.0950770000000034
0
LINE
8
Edge.Cuts
6
CONTINUOUS
10
96.1219919999999917
20
-152.0950770000000034
11
96.1227480000000014
21
-152.0921689999999842
0
LINE
8
Edge.Cuts
6
CONTINUOUS
10
96.1227480000000014
20
-152.0921689999999842
11
96.1235219999999941
21
-152.0892670000000066
0
LINE
8
Edge.Cuts
6
CONTINUOUS
10
96.1235219999999941
20
-152.0892670000000066
11
96.1243149999999957
21
-152.0863709999999855
0
LINE
8
Edge.Cuts
6
CONTINUOUS
10
96.1243149999999957
20
-152.0863709999999855
11
96.1251279999999895
21
-152.0834810000000061
0
LINE
8
Edge.Cuts
6
CONTINUOUS
10
96.1251279999999895
20
-152.0834810000000061
11
96.1259589999999946
21
-152.0805959999999857
0
LINE
8
Edge.Cuts
6
CONTINUOUS
10
96.1259589999999946
20
-152.0805959999999857
11
96.1268099999999919
21
-152.0777180000000044
0
LINE
8
Edge.Cuts
6
CONTINUOUS
10
96.1268099999999919
20
-152.0777180000000044
11
96.127679999999998
21
-152.0748459999999795
0
LINE
8
Edge.Cuts
6
CONTINUOUS
10
96.127679999999998
20
-152.0748459999999795
11
96.1285689999999988
21
-152.0719789999999989
0
LINE
8
Edge.Cuts
6
CONTINUOUS
10
96.1285689999999988
20
-152.0719789999999989
11
96.1294769999999943
21
-152.0691199999999981
0
LINE
8
Edge.Cuts
6
CONTINUOUS
10
96.1294769999999943
20
-152.0691199999999981
11
96.1304039999999986
21
-152.0662659999999846
0
LINE
8
Edge.Cuts
6
CONTINUOUS
10
96.1304039999999986
20
-152.0662659999999846
11
96.1313490000000002
21
-152.0634189999999819
0
LINE
8
Edge.Cuts
6
CONTINUOUS
10
96.1313490000000002
20
-152.0634189999999819
11
96.1323139999999938
21
-152.0605779999999925
0
LINE
8
Edge.Cuts
6
CONTINUOUS
10
96.1323139999999938
20
-152.0605779999999925
11
96.1332979999999964
21
-152.0577439999999854
0
LINE
8
Edge.Cuts
6
CONTINUOUS
10
96.1332979999999964
20
-152.0577439999999854
11
96.1342999999999961
21
-152.0549159999999915
0
LINE
8
Edge.Cuts
6
CONTINUOUS
10
96.1342999999999961
20
-152.0549159999999915
11
96.1353220000000022
21
-152.0520960000000059
0
LINE
8
Edge.Cuts
6
CONTINUOUS
10
96.1353220000000022
20
-152.0520960000000059
11
96.1363619999999912
21
-152.0492809999999793
0
LINE
8
Edge.Cuts
6
CONTINUOUS
10
96.1363619999999912
20
-152.0492809999999793
11
96.1374209999999891
21
-152.0464739999999892
0
LINE
8
Edge.Cuts
6
CONTINUOUS
10
96.1374209999999891
20
-152.0464739999999892
11
96.1384989999999959
21
-152.0436729999999841
0
LINE
8
Edge.Cuts
6
CONTINUOUS
10
96.1384989999999959
20
-152.0436729999999841
11
96.1395949999999999
21
-152.0408799999999871
0
LINE
8
Edge.Cuts
6
CONTINUOUS
10
96.1395949999999999
20
-152.0408799999999871
11
96.140710999999996
21
-152.0380930000000035
0
LINE
8
Edge.Cuts
6
CONTINUOUS
10
96.140710999999996
20
-152.0380930000000035
11
96.1418449999999893
21
-152.0353139999999996
0
LINE
8
Edge.Cuts
6
CONTINUOUS
10
96.1418449999999893
20
-152.0353139999999996
11
96.142996999999994
21
-152.0325420000000065
0
LINE
8
Edge.Cuts
6
CONTINUOUS
10
96.142996999999994
20
-152.0325420000000065
11
96.1441689999999909
21
-152.0297769999999957
0
LINE
8
Edge.Cuts
6
CONTINUOUS
10
96.1441689999999909
20
-152.0297769999999957
11
96.1453589999999991
21
-152.0270199999999932
0
LINE
8
Edge.Cuts
6
CONTINUOUS
10
96.1453589999999991
20
-152.0270199999999932
11
96.1465669999999903
21
-152.0242700000000013
0
LINE
8
Edge.Cuts
6
CONTINUOUS
10
96.1465669999999903
20
-152.0242700000000013
11
96.1477950000000021
21
-152.0215269999999919
0
LINE
8
Edge.Cuts
6
CONTINUOUS
10
96.1477950000000021
20
-152.0215269999999919
11
96.1490399999999994
21
-152.0187919999999906
0
LINE
8
Edge.Cuts
6
CONTINUOUS
10
96.1490399999999994
20
-152.0187919999999906
11
96.1503039999999913
21
-152.0160640000000001
0
LINE
8
Edge.Cuts
6
CONTINUOUS
10
96.1503039999999913
20
-152.0160640000000001
11
96.1515869999999921
21
-152.0133439999999894
0
LINE
8
Edge.Cuts
6
CONTINUOUS
10
96.1515869999999921
20
-152.0133439999999894
11
96.1528879999999901
21
-152.0106319999999869
0
LINE
8
Edge.Cuts
6
CONTINUOUS
10
96.1528879999999901
20
-152.0106319999999869
11
96.154207999999997
21
-152.0079279999999926
0
LINE
8
Edge.Cuts
6
CONTINUOUS
10
96.154207999999997
20
-152.0079279999999926
11
96.1555460000000011
21
-152.0052309999999807
0
LINE
8
Edge.Cuts
6
CONTINUOUS
10
96.1555460000000011
20
-152.0052309999999807
11
96.1569029999999998
21
-152.0025420000000054
0
LINE
8
Edge.Cuts
6
CONTINUOUS
10
96.1569029999999998
20
-152.0025420000000054
11
96.1582779999999957
21
-151.9998619999999789
0
LINE
8
Edge.Cuts
6
CONTINUOUS
10
96.1582779999999957
20
-151.9998619999999789
11
96.1596709999999888
21
-151.9971889999999917
0
LINE
8
Edge.Cuts
6
CONTINUOUS
10
96.1596709999999888
20
-151.9971889999999917
11
96.1610819999999933
21
-151.9945249999999817
0
LINE
8
Edge.Cuts
6
CONTINUOUS
10
96.1610819999999933
20
-151.9945249999999817
11
96.1625119999999924
21
-151.9918689999999799
0
LINE
8
Edge.Cuts
6
CONTINUOUS
10
96.1625119999999924
20
-151.9918689999999799
11
96.1639599999999888
21
-151.9892209999999864
0
LINE
8
Edge.Cuts
6
CONTINUOUS
10
96.1639599999999888
20
-151.9892209999999864
11
96.1654259999999965
21
-151.9865819999999985
0
LINE
8
Edge.Cuts
6
CONTINUOUS
10
96.1654259999999965
20
-151.9865819999999985
11
96.1669109999999989
21
-151.983949999999993
0
LINE
8
Edge.Cuts
6
CONTINUOUS
10
96.1669109999999989
20
-151.983949999999993
11
96.1684139999999985
21
-151.9813279999999907
0
LINE
8
Edge.Cuts
6
CONTINUOUS
10
96.1684139999999985
20
-151.9813279999999907
11
96.1699349999999953
21
-151.9787139999999965
0
LINE
8
Edge.Cuts
6
CONTINUOUS
10
96.1699349999999953
20
-151.9787139999999965
11
96.1714739999999892
21
-151.9761089999999797
0
LINE
8
Edge.Cuts
6
CONTINUOUS
10
96.1714739999999892
20
-151.9761089999999797
11
96.1730309999999946
21
-151.9735119999999995
0
LINE
8
Edge.Cuts
6
CONTINUOUS
10
96.1730309999999946
20
-151.9735119999999995
11
96.1746059999999972
21
-151.9709239999999966
0
LINE
8
Edge.Cuts
6
CONTINUOUS
10
96.1746059999999972
20
-151.9709239999999966
11
96.1761989999999969
21
-151.9683449999999993
0
LINE
8
Edge.Cuts
6
CONTINUOUS
10
96.1761989999999969
20
-151.9683449999999993
11
96.1778109999999913
21
-151.9657749999999794
0
LINE
8
Edge.Cuts
6
CONTINUOUS
10
96.1778109999999913
20
-151.9657749999999794
11
96.1794399999999996
21
-151.9632129999999961
0
LINE
8
Edge.Cuts
6
CONTINUOUS
10
96.1794399999999996
20
-151.9632129999999961
11
96.1810869999999909
21
-151.9606609999999876
0
LINE
8
Edge.Cuts
6
CONTINUOUS
10
96.1810869999999909
20
-151.9606609999999876
11
96.1827529999999911
21
-151.9581169999999872
0
LINE
8
Edge.Cuts
6
CONTINUOUS
10
96.1827529999999911
20
-151.9581169999999872
11
96.1844359999999909
21
-151.9555839999999876
0
LINE
8
Edge.Cuts
6
CONTINUOUS
10
96.1844359999999909
20
-151.9555839999999876
11
96.1861370000000022
21
-151.9530579999999986
0
LINE
8
Edge.Cuts
6
CONTINUOUS
10
96.1861370000000022
20
-151.9530579999999986
11
96.1878559999999965
21
-151.9505429999999819
0
LINE
8
Edge.Cuts
6
CONTINUOUS
10
96.1878559999999965
20
-151.9505429999999819
11
96.1895930000000021
21
-151.9480369999999994
0
LINE
8
Edge.Cuts
6
CONTINUOUS
10
96.1895930000000021
20
-151.9480369999999994
11
96.1913479999999907
21
-151.9455399999999941
0
LINE
8
Edge.Cuts
6
CONTINUOUS
10
96.1913479999999907
20
-151.9455399999999941
11
96.1931209999999908
21
-151.9430519999999945
0
LINE
8
Edge.Cuts
6
CONTINUOUS
10
96.1931209999999908
20
-151.9430519999999945
11
96.1949109999999905
21
-151.9405749999999955
0
LINE
8
Edge.Cuts
6
CONTINUOUS
10
96.1949109999999905
20
-151.9405749999999955
11
96.1967190000000016
21
-151.9381060000000048
0
LINE
8
Edge.Cuts
6
CONTINUOUS
10
96.1967190000000016
20
-151.9381060000000048
11
96.1985449999999958
21
-151.9356479999999863
0
LINE
8
Edge.Cuts
6
CONTINUOUS
10
96.1985449999999958
20
-151.9356479999999863
11
96.2003879999999896
21
-151.9331980000000044
0
LINE
8
Edge.Cuts
6
CONTINUOUS
10
96.2003879999999896
20
-151.9331980000000044
11
96.2022499999999923
21
-151.9307599999999923
0
LINE
8
Edge.Cuts
6
CONTINUOUS
10
96.2022499999999923
20
-151.9307599999999923
11
96.2041289999999947
21
-151.9283299999999883
0
LINE
8
Edge.Cuts
6
CONTINUOUS
10
96.2041289999999947
20
-151.9283299999999883
11
96.2060249999999968
21
-151.9259109999999851
0
LINE
8
Edge.Cuts
6
CONTINUOUS
10
96.2060249999999968
20
-151.9259109999999851
11
96.2079399999999936
21
-151.9235009999999875
0
LINE
8
Edge.Cuts
6
CONTINUOUS
10
96.2079399999999936
20
-151.9235009999999875
11
96.2098709999999926
21
-151.9211019999999905
0
LINE
8
Edge.Cuts
6
CONTINUOUS
10
96.2098709999999926
20
-151.9211019999999905
11
96.2118210000000005
21
-151.9187119999999993
0
LINE
8
Edge.Cuts
6
CONTINUOUS
10
96.2118210000000005
20
-151.9187119999999993
11
96.2137869999999964
21
-151.9163340000000062
0
LINE
8
Edge.Cuts
6
CONTINUOUS
10
96.2137869999999964
20
-151.9163340000000062
11
96.2157720000000012
21
-151.9139639999999929
0
LINE
8
Edge.Cuts
6
CONTINUOUS
10
96.2157720000000012
20
-151.9139639999999929
11
96.2177739999999915
21
-151.9116060000000061
0
LINE
8
Edge.Cuts
6
CONTINUOUS
10
96.2177739999999915
20
-151.9116060000000061
11
96.2197939999999932
21
-151.9092569999999967
0
LINE
8
Edge.Cuts
6
CONTINUOUS
10
96.2197939999999932
20
-151.9092569999999967
11
96.2218299999999971
21
-151.9069199999999853
0
LINE
8
Edge.Cuts
6
CONTINUOUS
10
96.2218299999999971
20
-151.9069199999999853
11
96.2238849999999957
21
-151.9045919999999796
0
LINE
8
Edge.Cuts
6
CONTINUOUS
10
96.2238849999999957
20
-151.9045919999999796
11
96.2259559999999965
21
-151.902275000000003
0
LINE
8
Edge.Cuts
6
CONTINUOUS
10
96.2259559999999965
20
-151.902275000000003
11
96.228045999999992
21
-151.8999689999999987
0
LINE
8
Edge.Cuts
6
CONTINUOUS
10
96.228045999999992
20
-151.8999689999999987
11
96.2301519999999897
21
-151.8976729999999975
0
LINE
8
Edge.Cuts
6
CONTINUOUS
10
96.2301519999999897
20
-151.8976729999999975
11
96.2322759999999988
21
-151.895387999999997
0
LINE
8
Edge.Cuts
6
CONTINUOUS
10
96.2322759999999988
20
-151.895387999999997
11
96.2344169999999934
21
-151.8931139999999971
0
LINE
8
Edge.Cuts
6
CONTINUOUS
10
96.2344169999999934
20
-151.8931139999999971
11
96.2365759999999995
21
-151.8908509999999978
0
LINE
8
Edge.Cuts
6
CONTINUOUS
10
96.2365759999999995
20
-151.8908509999999978
11
96.2387509999999935
21
-151.8885980000000018
0
LINE
8
Edge.Cuts
6
CONTINUOUS
10
96.2387509999999935
20
-151.8885980000000018
11
96.2409439999999989
21
-151.8863570000000038
0
LINE
8
Edge.Cuts
6
CONTINUOUS
10
96.2409439999999989
20
-151.8863570000000038
11
96.2431539999999899
21
-151.8841259999999806
0
LINE
8
Edge.Cuts
6
CONTINUOUS
10
96.2431539999999899
20
-151.8841259999999806
11
96.2453819999999922
21
-151.881906999999984
0
LINE
8
Edge.Cuts
6
CONTINUOUS
10
96.2453819999999922
20
-151.881906999999984
11
96.2476269999999943
21
-151.879698999999988
0
LINE
8
Edge.Cuts
6
CONTINUOUS
10
96.2476269999999943
20
-151.879698999999988
11
96.249888999999996
21
-151.8775009999999952
0
LINE
8
Edge.Cuts
6
CONTINUOUS
10
96.249888999999996
20
-151.8775009999999952
11
96.252167
21
-151.875315999999998
0
LINE
8
Edge.Cuts
6
CONTINUOUS
10
96.252167
20
-151.875315999999998
11
96.2544639999999987
21
-151.8731410000000039
0
LINE
8
Edge.Cuts
6
CONTINUOUS
10
96.2544639999999987
20
-151.8731410000000039
11
96.2567769999999996
21
-151.8709779999999796
0
LINE
8
Edge.Cuts
6
CONTINUOUS
10
96.2567769999999996
20
-151.8709779999999796
11
96.2591070000000002
21
-151.8688259999999843
0
LINE
8
Edge.Cuts
6
CONTINUOUS
10
96.2591070000000002
20
-151.8688259999999843
11
96.2614540000000005
21
-151.8666859999999872
0
LINE
8
Edge.Cuts
6
CONTINUOUS
10
96.2614540000000005
20
-151.8666859999999872
11
96.263818999999998
21
-151.8645569999999907
0
LINE
8
Edge.Cuts
6
CONTINUOUS
10
96.263818999999998
20
-151.8645569999999907
11
96.2661999999999978
21
-151.8624399999999923
0
LINE
8
Edge.Cuts
6
CONTINUOUS
10
96.2661999999999978
20
-151.8624399999999923
11
96.2685989999999947
21
-151.8603339999999946
0
LINE
8
Edge.Cuts
6
CONTINUOUS
10
96.2685989999999947
20
-151.8603339999999946
11
96.2710139999999939
21
-151.8582409999999925
0
LINE
8
Edge.Cuts
6
CONTINUOUS
10
96.2710139999999939
20
-151.8582409999999925
11
96.2734469999999902
21
-151.856158999999991
0
LINE
8
Edge.Cuts
6
CONTINUOUS
10
96.2734469999999902
20
-151.856158999999991
11
96.2758959999999888
21
-151.8540889999999877
0
LINE
8
Edge.Cuts
6
CONTINUOUS
10
96.2758959999999888
20
-151.8540889999999877
11
96.2783620000000013
21
-151.852029999999985
0
LINE
8
Edge.Cuts
6
CONTINUOUS
10
96.2783620000000013
20
-151.852029999999985
11
96.2808449999999993
21
-151.8499840000000063
0
LINE
8
Edge.Cuts
6
CONTINUOUS
10
96.2808449999999993
20
-151.8499840000000063
11
96.2833459999999945
21
-151.8479499999999973
0
LINE
8
Edge.Cuts
6
CONTINUOUS
10
96.2833459999999945
20
-151.8479499999999973
11
96.2858619999999945
21
-151.8459279999999865
0
LINE
8
Edge.Cuts
6
CONTINUOUS
10
96.2858619999999945
20
-151.8459279999999865
11
96.2883969999999891
21
-151.8439180000000022
0
LINE
8
Edge.Cuts
6
CONTINUOUS
10
96.2883969999999891
20
-151.8439180000000022
11
96.2909470000000027
21
-151.841920999999985
0
LINE
8
Edge.Cuts
6
CONTINUOUS
10
96.2909470000000027
20
-151.841920999999985
11
96.2935149999999993
21
-151.839934999999997
0
LINE
8
Edge.Cuts
6
CONTINUOUS
10
96.2935149999999993
20
-151.839934999999997
11
96.2960989999999981
21
-151.8379620000000045
0
LINE
8
Edge.Cuts
6
CONTINUOUS
10
96.2960989999999981
20
-151.8379620000000045
11
96.2986999999999966
21
-151.8360009999999818
0
LINE
8
Edge.Cuts
6
CONTINUOUS
10
96.2986999999999966
20
-151.8360009999999818
11
96.3013179999999949
21
-151.8340529999999831
0
LINE
8
Edge.Cuts
6
CONTINUOUS
10
96.3013179999999949
20
-151.8340529999999831
11
96.3039529999999928
21
-151.8321169999999825
0
LINE
8
Edge.Cuts
6
CONTINUOUS
10
96.3039529999999928
20
-151.8321169999999825
11
96.306603999999993
21
-151.8301940000000059
0
LINE
8
Edge.Cuts
6
CONTINUOUS
10
96.306603999999993
20
-151.8301940000000059
11
96.3092719999999929
21
-151.828282999999999
0
LINE
8
Edge.Cuts
6
CONTINUOUS
10
96.3092719999999929
20
-151.828282999999999
11
96.311955999999995
21
-151.8263849999999877
0
LINE
8
Edge.Cuts
6
CONTINUOUS
10
96.311955999999995
20
-151.8263849999999877
11
96.3146579999999943
21
-151.8245000000000005
0
LINE
8
Edge.Cuts
6
CONTINUOUS
10
96.3146579999999943
20
-151.8245000000000005
11
96.3173759999999959
21
-151.8226269999999829
0
LINE
8
Edge.Cuts
6
CONTINUOUS
10
96.3173759999999959
20
-151.8226269999999829
11
96.3201109999999971
21
-151.8207669999999894
0
LINE
8
Edge.Cuts
6
CONTINUOUS
10
96.3201109999999971
20
-151.8207669999999894
11
96.3228620000000006
21
-151.8189209999999889
0
LINE
8
Edge.Cuts
6
CONTINUOUS
10
96.3228620000000006
20
-151.8189209999999889
11
96.3256299999999896
21
-151.8170869999999866
0
LINE
8
Edge.Cuts
6
CONTINUOUS
10
96.3256299999999896
20
-151.8170869999999866
11
96.3284139999999951
21
-151.8152659999999798
0
LINE
8
Edge.Cuts
6
CONTINUOUS
10
96.3284139999999951
20
-151.8152659999999798
11
96.3312159999999977
21
-151.8134589999999946
0
LINE
8
Edge.Cuts
6
CONTINUOUS
10
96.3312159999999977
20
-151.8134589999999946
11
96.3340329999999909
21
-151.8116639999999791
0
LINE
8
Edge.Cuts
6
CONTINUOUS
10
96.3340329999999909
20
-151.8116639999999791
11
96.3368679999999955
21
-151.809882999999985
0
LINE
8
Edge.Cuts
6
CONTINUOUS
10
96.3368679999999955
20
-151.809882999999985
11
96.3397179999999906
21
-151.8081149999999866
0
LINE
8
Edge.Cuts
6
CONTINUOUS
10
96.3397179999999906
20
-151.8081149999999866
11
96.3425859999999972
21
-151.8063599999999838
0
LINE
8
Edge.Cuts
6
CONTINUOUS
10
96.3425859999999972
20
-151.8063599999999838
11
96.3454689999999943
21
-151.8046190000000024
0
LINE
8
Edge.Cuts
6
CONTINUOUS
10
96.3454689999999943
20
-151.8046190000000024
11
96.3483700000000027
21
-151.8028909999999883
0
LINE
8
Edge.Cuts
6
CONTINUOUS
10
96.3483700000000027
20
-151.8028909999999883
11
96.3512869999999992
21
-151.8011769999999956
0
LINE
8
Edge.Cuts
6
CONTINUOUS
10
96.3512869999999992
20
-151.8011769999999956
11
96.354219999999998
21
-151.7994759999999985
0
LINE
8
Edge.Cuts
6
CONTINUOUS
10
96.354219999999998
20
-151.7994759999999985
11
96.3559119999999893
21
-151.7985050000000058
0
LINE
8
Edge.Cuts
6
CONTINUOUS
10
96.3559119999999893
20
-151.7985050000000058
11
96.3589279999999917
21
-151.7967929999999797
0
LINE
8
Edge.Cuts
6
CONTINUOUS
10
96.3589279999999917
20
-151.7967929999999797
11
96.3619470000000007
21
-151.7951029999999832
0
LINE
8
Edge.Cuts
6
CONTINUOUS
10
96.3619470000000007
20
-151.7951029999999832
11
96.3649699999999996
21
-151.7934319999999957
0
LINE
8
Edge.Cuts
6
CONTINUOUS
10
96.3649699999999996
20
-151.7934319999999957
11
96.3679970000000026
21
-151.791782999999981
0
LINE
8
Edge.Cuts
6
CONTINUOUS
10
96.3679970000000026
20
-151.791782999999981
11
96.371026999999998
21
-151.7901549999999986
0
LINE
8
Edge.Cuts
6
CONTINUOUS
10
96.371026999999998
20
-151.7901549999999986
11
96.3740609999999975
21
-151.7885469999999941
0
LINE
8
Edge.Cuts
6
CONTINUOUS
10
96.3740609999999975
20
-151.7885469999999941
11
96.3770990000000012
21
-151.7869599999999934
0
LINE
8
Edge.Cuts
6
CONTINUOUS
10
96.3770990000000012
20
-151.7869599999999934
11
96.3801389999999998
21
-151.7853939999999966
0
LINE
8
Edge.Cuts
6
CONTINUOUS
10
96.3801389999999998
20
-151.7853939999999966
11
96.383184
21
-151.7838480000000061
0
LINE
8
Edge.Cuts
6
CONTINUOUS
10
96.383184
20
-151.7838480000000061
11
96.3862309999999951
21
-151.7823239999999885
0
LINE
8
Edge.Cuts
6
CONTINUOUS
10
96.3862309999999951
20
-151.7823239999999885
11
96.3892809999999969
21
-151.7808200000000056
0
LINE
8
Edge.Cuts
6
CONTINUOUS
10
96.3892809999999969
20
-151.7808200000000056
11
96.3923349999999886
21
-151.7793369999999982
0
LINE
8
Edge.Cuts
6
CONTINUOUS
10
96.3923349999999886
20
-151.7793369999999982
11
96.3953920000000011
21
-151.7778749999999945
0
LINE
8
Edge.Cuts
6
CONTINUOUS
10
96.3953920000000011
20
-151.7778749999999945
11
96.3984509999999943
21
-151.7764329999999973
0
LINE
8
Edge.Cuts
6
CONTINUOUS
10
96.3984509999999943
20
-151.7764329999999973
11
96.4015129999999942
21
-151.7750120000000038
0
LINE
8
Edge.Cuts
6
CONTINUOUS
10
96.4015129999999942
20
-151.7750120000000038
11
96.4045780000000008
21
-151.7736119999999858
0
LINE
8
Edge.Cuts
6
CONTINUOUS
10
96.4045780000000008
20
-151.7736119999999858
11
96.4076459999999997
21
-151.7722320000000025
0
LINE
8
Edge.Cuts
6
CONTINUOUS
10
96.4076459999999997
20
-151.7722320000000025
11
96.4107169999999911
21
-151.7708739999999921
0
LINE
8
Edge.Cuts
6
CONTINUOUS
10
96.4107169999999911
20
-151.7708739999999921
11
96.4137899999999917
21
-151.769535999999988
0
LINE
8
Edge.Cuts
6
CONTINUOUS
10
96.4137899999999917
20
-151.769535999999988
11
96.4168650000000014
21
-151.7682179999999903
0
LINE
8
Edge.Cuts
6
CONTINUOUS
10
96.4168650000000014
20
-151.7682179999999903
11
96.4199429999999893
21
-151.7669219999999939
0
LINE
8
Edge.Cuts
6
CONTINUOUS
10
96.4199429999999893
20
-151.7669219999999939
11
96.4230230000000006
21
-151.7656460000000038
0
LINE
8
Edge.Cuts
6
CONTINUOUS
10
96.4230230000000006
20
-151.7656460000000038
11
96.4261059999999901
21
-151.7643909999999892
0
LINE
8
Edge.Cuts
6
CONTINUOUS
10
96.4261059999999901
20
-151.7643909999999892
11
96.4291909999999888
21
-151.7631559999999808
0
LINE
8
Edge.Cuts
6
CONTINUOUS
10
96.4291909999999888
20
-151.7631559999999808
11
96.4322779999999966
21
-151.7619420000000048
0
LINE
8
Edge.Cuts
6
CONTINUOUS
10
96.4322779999999966
20
-151.7619420000000048
11
96.4353660000000019
21
-151.7607490000000041
0
LINE
8
Edge.Cuts
6
CONTINUOUS
10
96.4353660000000019
20
-151.7607490000000041
11
96.4384569999999997
21
-151.7595770000000073
0
LINE
8
Edge.Cuts
6
CONTINUOUS
10
96.4384569999999997
20
-151.7595770000000073
11
96.4415499999999923
21
-151.7584249999999884
0
LINE
8
Edge.Cuts
6
CONTINUOUS
10
96.4415499999999923
20
-151.7584249999999884
11
96.4446439999999967
21
-151.7572940000000017
0
LINE
8
Edge.Cuts
6
CONTINUOUS
10
96.4446439999999967
20
-151.7572940000000017
11
96.447739999999996
21
-151.7561829999999929
0
LINE
8
Edge.Cuts
6
CONTINUOUS
10
96.447739999999996
20
-151.7561829999999929
11
96.4508379999999903
21
-151.755092999999988
0
LINE
8
Edge.Cuts
6
CONTINUOUS
10
96.4508379999999903
20
-151.755092999999988
11
96.4539369999999963
21
-151.7540239999999869
0
LINE
8
Edge.Cuts
6
CONTINUOUS
10
96.4539369999999963
20
-151.7540239999999869
11
96.4570379999999972
21
-151.7529759999999897
0
LINE
8
Edge.Cuts
6
CONTINUOUS
10
96.4570379999999972
20
-151.7529759999999897
11
96.4601399999999956
21
-151.7519479999999987
0
LINE
8
Edge.Cuts
6
CONTINUOUS
10
96.4601399999999956
20
-151.7519479999999987
11
96.4632439999999889
21
-151.7509399999999857
0
LINE
8
Edge.Cuts
6
CONTINUOUS
10
96.4632439999999889
20
-151.7509399999999857
11
96.4663479999999964
21
-151.749953000000005
0
LINE
8
Edge.Cuts
6
CONTINUOUS
10
96.4663479999999964
20
-151.749953000000005
11
96.4694539999999989
21
-151.7489869999999996
0
LINE
8
Edge.Cuts
6
CONTINUOUS
10
96.4694539999999989
20
-151.7489869999999996
11
96.4725609999999989
21
-151.7480419999999981
0
LINE
8
Edge.Cuts
6
CONTINUOUS
10
96.4725609999999989
20
-151.7480419999999981
11
96.4756689999999963
21
-151.7471170000000029
0
LINE
8
Edge.Cuts
6
CONTINUOUS
10
96.4756689999999963
20
-151.7471170000000029
11
96.4787779999999913
21
-151.7462119999999857
0
LINE
8
Edge.Cuts
6
CONTINUOUS
10
96.4787779999999913
20
-151.7462119999999857
11
96.4818879999999979
21
-151.7453280000000007
0
LINE
8
Edge.Cuts
6
CONTINUOUS
10
96.4818879999999979
20
-151.7453280000000007
11
96.4849979999999903
21
-151.7444649999999911
0
LINE
8
Edge.Cuts
6
CONTINUOUS
10
96.4849979999999903
20
-151.7444649999999911
11
96.4881099999999918
21
-151.7436219999999878
0
LINE
8
Edge.Cuts
6
CONTINUOUS
10
96.4881099999999918
20
-151.7436219999999878
11
96.4912209999999959
21
-151.7427999999999884
0
LINE
8
Edge.Cuts
6
CONTINUOUS
10
96.4912209999999959
20
-151.7427999999999884
11
96.4943339999999949
21
-151.7419979999999953
0
LINE
8
Edge.Cuts
6
CONTINUOUS
10
96.4943339999999949
20
-151.7419979999999953
11
96.4974459999999965
21
-151.741217000000006
0
LINE
8
Edge.Cuts
6
CONTINUOUS
10
96.4974459999999965
20
-151.741217000000006
11
96.500559999999993
21
-151.7404559999999947
0
LINE
8
Edge.Cuts
6
CONTINUOUS
10
96.500559999999993
20
-151.7404559999999947
11
96.503672999999992
21
-151.7397159999999872
0
LINE
8
Edge.Cuts
6
CONTINUOUS
10
96.503672999999992
20
-151.7397159999999872
11
96.5067869999999886
21
-151.7389969999999835
0
LINE
8
Edge.Cuts
6
CONTINUOUS
10
96.5067869999999886
20
-151.7389969999999835
11
96.5099009999999993
21
-151.7382969999999887
0
LINE
8
Edge.Cuts
6
CONTINUOUS
10
96.5099009999999993
20
-151.7382969999999887
11
96.5130149999999958
21
-151.7376189999999951
0
LINE
8
Edge.Cuts
6
CONTINUOUS
10
96.5130149999999958
20
-151.7376189999999951
11
96.5161279999999948
21
-151.7369599999999821
0
LINE
8
Edge.Cuts
6
CONTINUOUS
10
96.5161279999999948
20
-151.7369599999999821
11
96.5192419999999913
21
-151.7363220000000013
0
LINE
8
Edge.Cuts
6
CONTINUOUS
10
96.5192419999999913
20
-151.7363220000000013
11
96.522356000000002
21
-151.7357049999999958
0
LINE
8
Edge.Cuts
6
CONTINUOUS
10
96.522356000000002
20
-151.7357049999999958
11
96.5254690000000011
21
-151.7351079999999968
0
LINE
8
Edge.Cuts
6
CONTINUOUS
10
96.5254690000000011
20
-151.7351079999999968
11
96.5285820000000001
21
-151.7345320000000015
0
LINE
8
Edge.Cuts
6
CONTINUOUS
10
96.5285820000000001
20
-151.7345320000000015
11
96.5316949999999991
21
-151.7339749999999867
0
LINE
8
Edge.Cuts
6
CONTINUOUS
10
96.5316949999999991
20
-151.7339749999999867
11
96.5348070000000007
21
-151.7334400000000016
0
LINE
8
Edge.Cuts
6
CONTINUOUS
10
96.5348070000000007
20
-151.7334400000000016
11
96.5379179999999906
21
-151.732923999999997
0
LINE
8
Edge.Cuts
6
CONTINUOUS
10
96.5379179999999906
20
-151.732923999999997
11
96.5410289999999947
21
-151.7324289999999962
0
LINE
8
Edge.Cuts
6
CONTINUOUS
10
96.5410289999999947
20
-151.7324289999999962
11
96.5441390000000013
21
-151.7319549999999992
0
LINE
8
Edge.Cuts
6
CONTINUOUS
10
96.5441390000000013
20
-151.7319549999999992
11
96.5472479999999962
21
-151.7314999999999827
0
LINE
8
Edge.Cuts
6
CONTINUOUS
10
96.5472479999999962
20
-151.7314999999999827
11
96.5503559999999936
21
-151.7310659999999984
0
LINE
8
Edge.Cuts
6
CONTINUOUS
10
96.5503559999999936
20
-151.7310659999999984
11
96.5534639999999911
21
-151.7306529999999896
0
LINE
8
Edge.Cuts
6
CONTINUOUS
10
96.5534639999999911
20
-151.7306529999999896
11
96.5565699999999936
21
-151.7302589999999896
0
LINE
8
Edge.Cuts
6
CONTINUOUS
10
96.5565699999999936
20
-151.7302589999999896
11
96.5596749999999986
21
-151.7298859999999934
0
LINE
8
Edge.Cuts
6
CONTINUOUS
10
96.5596749999999986
20
-151.7298859999999934
11
96.5627789999999919
21
-151.729534000000001
0
LINE
8
Edge.Cuts
6
CONTINUOUS
10
96.5627789999999919
20
-151.729534000000001
11
96.5658809999999903
21
-151.7292009999999891
0
LINE
8
Edge.Cuts
6
CONTINUOUS
10
96.5658809999999903
20
-151.7292009999999891
11
96.5689829999999887
21
-151.728888999999981
0
LINE
8
Edge.Cuts
6
CONTINUOUS
10
96.5689829999999887
20
-151.728888999999981
11
96.5720819999999947
21
-151.7285969999999793
0
LINE
8
Edge.Cuts
6
CONTINUOUS
10
96.5720819999999947
20
-151.7285969999999793
11
96.5751799999999889
21
-151.7283249999999839
0
LINE
8
Edge.Cuts
6
CONTINUOUS
10
96.5751799999999889
20
-151.7283249999999839
11
96.5782769999999999
21
-151.7280729999999949
0
LINE
8
Edge.Cuts
6
CONTINUOUS
10
96.5782769999999999
20
-151.7280729999999949
11
96.5813720000000018
21
-151.7278419999999812
0
LINE
8
Edge.Cuts
6
CONTINUOUS
10
96.5813720000000018
20
-151.7278419999999812
11
96.5844649999999945
21
-151.7276310000000024
0
LINE
8
Edge.Cuts
6
CONTINUOUS
10
96.5844649999999945
20
-151.7276310000000024
11
96.5875559999999922
21
-151.7274400000000014
0
LINE
8
Edge.Cuts
6
CONTINUOUS
10
96.5875559999999922
20
-151.7274400000000014
11
96.590644999999995
21
-151.7272690000000068
0
LINE
8
Edge.Cuts
6
CONTINUOUS
10
96.590644999999995
20
-151.7272690000000068
11
96.5937319999999886
21
-151.7271179999999902
0
LINE
8
Edge.Cuts
6
CONTINUOUS
10
96.5937319999999886
20
-151.7271179999999902
11
96.5968170000000015
21
-151.7269880000000057
0
LINE
8
Edge.Cuts
6
CONTINUOUS
10
96.5968170000000015
20
-151.7269880000000057
11
96.599899999999991
21
-151.7268770000000018
0
LINE
8
Edge.Cuts
6
CONTINUOUS
10
96.599899999999991
20
-151.7268770000000018
11
96.6029809999999998
21
-151.7267870000000016
0
LINE
8
Edge.Cuts
6
CONTINUOUS
10
96.6029809999999998
20
-151.7267870000000016
11
96.6060590000000019
21
-151.7267159999999819
0
LINE
8
Edge.Cuts
6
CONTINUOUS
10
96.6060590000000019
20
-151.7267159999999819
11
96.6091349999999949
21
-151.7266659999999945
0
LINE
8
Edge.Cuts
6
CONTINUOUS
10
96.6091349999999949
20
-151.7266659999999945
11
96.6122079999999954
21
-151.726635999999985
0
LINE
8
Edge.Cuts
6
CONTINUOUS
10
96.6122079999999954
20
-151.726635999999985
11
96.615279000000001
21
-151.7266249999999843
0
LINE
8
Edge.Cuts
6
CONTINUOUS
10
96.615279000000001
20
-151.7266249999999843
11
96.6183460000000025
21
-151.7266349999999875
0
LINE
8
Edge.Cuts
6
CONTINUOUS
10
96.6183460000000025
20
-151.7266349999999875
11
96.6214119999999923
21
-151.726664999999997
0
LINE
8
Edge.Cuts
6
CONTINUOUS
10
96.6214119999999923
20
-151.726664999999997
11
96.6244739999999922
21
-151.726713999999987
0
LINE
8
Edge.Cuts
6
CONTINUOUS
10
96.6244739999999922
20
-151.726713999999987
11
96.6275339999999971
21
-151.7267839999999808
0
LINE
8
Edge.Cuts
6
CONTINUOUS
10
96.6275339999999971
20
-151.7267839999999808
11
96.630589999999998
21
-151.7268739999999809
0
LINE
8
Edge.Cuts
6
CONTINUOUS
10
96.630589999999998
20
-151.7268739999999809
11
96.6336429999999922
21
-151.7269829999999899
0
LINE
8
Edge.Cuts
6
CONTINUOUS
10
96.6336429999999922
20
-151.7269829999999899
11
96.6366939999999914
21
-151.7271120000000053
0
LINE
8
Edge.Cuts
6
CONTINUOUS
10
96.6366939999999914
20
-151.7271120000000053
11
96.6397410000000008
21
-151.7272619999999961
0
LINE
8
Edge.Cuts
6
CONTINUOUS
10
96.6397410000000008
20
-151.7272619999999961
11
96.6427839999999918
21
-151.7274309999999957
0
LINE
8
Edge.Cuts
6
CONTINUOUS
10
96.6427839999999918
20
-151.7274309999999957
11
96.6458250000000021
21
-151.7276200000000017
0
LINE
8
Edge.Cuts
6
CONTINUOUS
10
96.6458250000000021
20
-151.7276200000000017
11
96.6488609999999966
21
-151.7278279999999882
0
LINE
8
Edge.Cuts
6
CONTINUOUS
10
96.6488609999999966
20
-151.7278279999999882
11
96.6518949999999961
21
-151.7280570000000068
0
LINE
8
Edge.Cuts
6
CONTINUOUS
10
96.6518949999999961
20
-151.7280570000000068
11
96.6549239999999941
21
-151.728305000000006
0
LINE
8
Edge.Cuts
6
CONTINUOUS
10
96.6549239999999941
20
-151.728305000000006
11
96.6579499999999996
21
-151.7285739999999805
0
LINE
8
Edge.Cuts
6
CONTINUOUS
10
96.6579499999999996
20
-151.7285739999999805
11
96.660972000000001
21
-151.7288609999999949
0
LINE
8
Edge.Cuts
6
CONTINUOUS
10
96.660972000000001
20
-151.7288609999999949
11
96.6639899999999983
21
-151.7291689999999846
0
LINE
8
Edge.Cuts
6
CONTINUOUS
10
96.6639899999999983
20
-151.7291689999999846
11
96.667004999999989
21
-151.7294959999999833
0
LINE
8
Edge.Cuts
6
CONTINUOUS
10
96.667004999999989
20
-151.7294959999999833
11
96.6700149999999923
21
-151.7298429999999883
0
LINE
8
Edge.Cuts
6
CONTINUOUS
10
96.6700149999999923
20
-151.7298429999999883
11
96.6730209999999914
21
-151.7302099999999996
0
LINE
8
Edge.Cuts
6
CONTINUOUS
10
96.6730209999999914
20
-151.7302099999999996
11
96.6760230000000007
21
-151.7305959999999914
0
LINE
8
Edge.Cuts
6
CONTINUOUS
10
96.6760230000000007
20
-151.7305959999999914
11
96.6790209999999917
21
-151.7310019999999895
0
LINE
8
Edge.Cuts
6
CONTINUOUS
10
96.6790209999999917
20
-151.7310019999999895
11
96.6820139999999952
21
-151.7314269999999965
0
LINE
8
Edge.Cuts
6
CONTINUOUS
10
96.6820139999999952
20
-151.7314269999999965
11
96.6850029999999947
21
-151.7318719999999814
0
LINE
8
Edge.Cuts
6
CONTINUOUS
10
96.6850029999999947
20
-151.7318719999999814
11
96.6879869999999926
21
-151.7323370000000011
0
LINE
8
Edge.Cuts
6
CONTINUOUS
10
96.6879869999999926
20
-151.7323370000000011
11
96.6909670000000006
21
-151.7328210000000013
0
LINE
8
Edge.Cuts
6
CONTINUOUS
10
96.6909670000000006
20
-151.7328210000000013
11
96.6939429999999902
21
-151.7333239999999819
0
LINE
8
Edge.Cuts
6
CONTINUOUS
10
96.6939429999999902
20
-151.7333239999999819
11
96.696912999999995
21
-151.7338469999999973
0
LINE
8
Edge.Cuts
6
CONTINUOUS
10
96.696912999999995
20
-151.7338469999999973
11
96.6998789999999957
21
-151.7343899999999906
0
LINE
8
Edge.Cuts
6
CONTINUOUS
10
96.6998789999999957
20
-151.7343899999999906
11
96.7028389999999973
21
-151.7349519999999927
0
LINE
8
Edge.Cuts
6
CONTINUOUS
10
96.7028389999999973
20
-151.7349519999999927
11
96.7057949999999948
21
-151.7355330000000038
0
LINE
8
Edge.Cuts
6
CONTINUOUS
10
96.7057949999999948
20
-151.7355330000000038
11
96.7087459999999908
21
-151.7361339999999927
0
LINE
8
Edge.Cuts
6
CONTINUOUS
10
96.7087459999999908
20
-151.7361339999999927
11
96.7116919999999993
21
-151.7367539999999906
0
LINE
8
Edge.Cuts
6
CONTINUOUS
10
96.7116919999999993
20
-151.7367539999999906
11
96.7146319999999946
21
-151.7373939999999948
0
LINE
8
Edge.Cuts
6
CONTINUOUS
10
96.7146319999999946
20
-151.7373939999999948
11
96.7175670000000025
21
-151.7380529999999794
0
LINE
8
Edge.Cuts
6
CONTINUOUS
10
96.7175670000000025
20
-151.7380529999999794
11
96.7204969999999946
21
-151.7387310000000014
0
LINE
8
Edge.Cuts
6
CONTINUOUS
10
96.7204969999999946
20
-151.7387310000000014
11
96.7234219999999993
21
-151.7394280000000037
0
LINE
8
Edge.Cuts
6
CONTINUOUS
10
96.7234219999999993
20
-151.7394280000000037
11
96.7263409999999908
21
-151.7401449999999841
0
LINE
8
Edge.Cuts
6
CONTINUOUS
10
96.7263409999999908
20
-151.7401449999999841
11
96.7292539999999974
21
-151.7408810000000017
0
LINE
8
Edge.Cuts
6
CONTINUOUS
10
96.7292539999999974
20
-151.7408810000000017
11
96.7321620000000024
21
-151.7416359999999997
0
LINE
8
Edge.Cuts
6
CONTINUOUS
10
96.7321620000000024
20
-151.7416359999999997
11
96.7350639999999942
21
-151.7424100000000067
0
LINE
8
Edge.Cuts
6
CONTINUOUS
10
96.7350639999999942
20
-151.7424100000000067
11
96.7379600000000011
21
-151.7432029999999941
0
LINE
8
Edge.Cuts
6
CONTINUOUS
10
96.7379600000000011
20
-151.7432029999999941
11
96.7408499999999947
21
-151.7440159999999878
0
LINE
8
Edge.Cuts
6
CONTINUOUS
10
96.7408499999999947
20
-151.7440159999999878
11
96.7437350000000009
21
-151.7448479999999904
0
LINE
8
Edge.Cuts
6
CONTINUOUS
10
96.7437350000000009
20
-151.7448479999999904
11
96.7466129999999964
21
-151.7456990000000019
0
LINE
8
Edge.Cuts
6
CONTINUOUS
10
96.7466129999999964
20
-151.7456990000000019
11
96.7494849999999929
21
-151.7465679999999963
0
LINE
8
Edge.Cuts
6
CONTINUOUS
10
96.7494849999999929
20
-151.7465679999999963
11
96.7523520000000019
21
-151.7474569999999972
0
LINE
8
Edge.Cuts
6
CONTINUOUS
10
96.7523520000000019
20
-151.7474569999999972
11
96.7552109999999885
21
-151.7483650000000068
0
LINE
8
Edge.Cuts
6
CONTINUOUS
10
96.7552109999999885
20
-151.7483650000000068
11
96.758065000000002
21
-151.749291999999997
0
LINE
8
Edge.Cuts
6
CONTINUOUS
10
96.758065000000002
20
-151.749291999999997
11
96.7609119999999905
21
-151.750237999999996
0
LINE
8
Edge.Cuts
6
CONTINUOUS
10
96.7609119999999905
20
-151.750237999999996
11
96.7637529999999941
21
-151.7512020000000064
0
LINE
8
Edge.Cuts
6
CONTINUOUS
10
96.7637529999999941
20
-151.7512020000000064
11
96.7665870000000012
21
-151.7521859999999947
0
LINE
8
Edge.Cuts
6
CONTINUOUS
10
96.7665870000000012
20
-151.7521859999999947
11
96.7694149999999951
21
-151.7531889999999919
0
LINE
8
Edge.Cuts
6
CONTINUOUS
10
96.7694149999999951
20
-151.7531889999999919
11
96.7722359999999924
21
-151.7542100000000005
0
LINE
8
Edge.Cuts
6
CONTINUOUS
10
96.7722359999999924
20
-151.7542100000000005
11
96.7750499999999931
21
-151.7552499999999895
0
LINE
8
Edge.Cuts
6
CONTINUOUS
10
96.7750499999999931
20
-151.7552499999999895
11
96.7778569999999974
21
-151.7563089999999875
0
LINE
8
Edge.Cuts
6
CONTINUOUS
10
96.7778569999999974
20
-151.7563089999999875
11
96.7806580000000025
21
-151.7573869999999943
0
LINE
8
Edge.Cuts
6
CONTINUOUS
10
96.7806580000000025
20
-151.7573869999999943
11
96.7834509999999995
21
-151.7584839999999815
0
LINE
8
Edge.Cuts
6
CONTINUOUS
10
96.7834509999999995
20
-151.7584839999999815
11
96.7862379999999973
21
-151.7595989999999802
0
LINE
8
Edge.Cuts
6
CONTINUOUS
10
96.7862379999999973
20
-151.7595989999999802
11
96.7890170000000012
21
-151.7607329999999877
0
LINE
8
Edge.Cuts
6
CONTINUOUS
10
96.7890170000000012
20
-151.7607329999999877
11
96.7917889999999943
21
-151.7618860000000041
0
LINE
8
Edge.Cuts
6
CONTINUOUS
10
96.7917889999999943
20
-151.7618860000000041
11
96.7945539999999909
21
-151.7630570000000034
0
LINE
8
Edge.Cuts
6
CONTINUOUS
10
96.7945539999999909
20
-151.7630570000000034
11
96.7973119999999909
21
-151.7642469999999832
0
LINE
8
Edge.Cuts
6
CONTINUOUS
10
96.7973119999999909
20
-151.7642469999999832
11
96.8000619999999969
21
-151.7654560000000004
0
LINE
8
Edge.Cuts
6
CONTINUOUS
10
96.8000619999999969
20
-151.7654560000000004
11
96.8028049999999922
21
-151.7666830000000004
0
LINE
8
Edge.Cuts
6
CONTINUOUS
10
96.8028049999999922
20
-151.7666830000000004
11
96.8055399999999935
21
-151.7679279999999835
0
LINE
8
Edge.Cuts
6
CONTINUOUS
10
96.8055399999999935
20
-151.7679279999999835
11
96.8082670000000007
21
-151.7691930000000013
0
LINE
8
Edge.Cuts
6
CONTINUOUS
10
96.8082670000000007
20
-151.7691930000000013
11
96.8109869999999972
21
-151.7704750000000047
0
LINE
8
Edge.Cuts
6
CONTINUOUS
10
96.8109869999999972
20
-151.7704750000000047
11
96.8136999999999972
21
-151.7717769999999859
0
LINE
8
Edge.Cuts
6
CONTINUOUS
10
96.8136999999999972
20
-151.7717769999999859
11
96.8164039999999915
21
-151.7730959999999811
0
LINE
8
Edge.Cuts
6
CONTINUOUS
10
96.8164039999999915
20
-151.7730959999999811
11
96.8190999999999917
21
-151.7744339999999852
0
LINE
8
Edge.Cuts
6
CONTINUOUS
10
96.8190999999999917
20
-151.7744339999999852
11
96.8217889999999954
21
-151.7757909999999981
0
LINE
8
Edge.Cuts
6
CONTINUOUS
10
96.8217889999999954
20
-151.7757909999999981
11
96.8244699999999909
21
-151.777165999999994
0
LINE
8
Edge.Cuts
6
CONTINUOUS
10
96.8244699999999909
20
-151.777165999999994
11
96.8271419999999949
21
-151.7785590000000013
0
LINE
8
Edge.Cuts
6
CONTINUOUS
10
96.8271419999999949
20
-151.7785590000000013
11
96.8298059999999907
21
-151.7799709999999891
0
LINE
8
Edge.Cuts
6
CONTINUOUS
10
96.8298059999999907
20
-151.7799709999999891
11
96.8324619999999925
21
-151.7813999999999908
0
LINE
8
Edge.Cuts
6
CONTINUOUS
10
96.8324619999999925
20
-151.7813999999999908
11
96.8351100000000002
21
-151.7828480000000013
0
LINE
8
Edge.Cuts
6
CONTINUOUS
10
96.8351100000000002
20
-151.7828480000000013
11
96.8377499999999998
21
-151.7843149999999923
0
LINE
8
Edge.Cuts
6
CONTINUOUS
10
96.8377499999999998
20
-151.7843149999999923
11
96.8403809999999936
21
-151.7857989999999972
0
LINE
8
Edge.Cuts
6
CONTINUOUS
10
96.8403809999999936
20
-151.7857989999999972
11
96.843002999999996
21
-151.7873019999999826
0
LINE
8
Edge.Cuts
6
CONTINUOUS
10
96.843002999999996
20
-151.7873019999999826
11
96.8456169999999901
21
-151.7888229999999794
0
LINE
8
Edge.Cuts
6
CONTINUOUS
10
96.8456169999999901
20
-151.7888229999999794
11
96.8482229999999902
21
-151.7903619999999876
0
LINE
8
Edge.Cuts
6
CONTINUOUS
10
96.8482229999999902
20
-151.7903619999999876
11
96.8508199999999988
21
-151.7919190000000071
0
LINE
8
Edge.Cuts
6
CONTINUOUS
10
96.8508199999999988
20
-151.7919190000000071
11
96.85340699999999
21
-151.7934939999999813
0
LINE
8
Edge.Cuts
6
CONTINUOUS
10
96.85340699999999
20
-151.7934939999999813
11
96.8559869999999989
21
-151.7950879999999927
0
LINE
8
Edge.Cuts
6
CONTINUOUS
10
96.8559869999999989
20
-151.7950879999999927
11
96.8585569999999905
21
-151.7966989999999896
0
LINE
8
Edge.Cuts
6
CONTINUOUS
10
96.8585569999999905
20
-151.7966989999999896
11
96.8611179999999905
21
-151.7983279999999979
0
LINE
8
Edge.Cuts
6
CONTINUOUS
10
96.8611179999999905
20
-151.7983279999999979
11
96.863669999999999
21
-151.7999759999999867
0
LINE
8
Edge.Cuts
6
CONTINUOUS
10
96.863669999999999
20
-151.7999759999999867
11
96.8662139999999994
21
-151.8016409999999894
0
LINE
8
Edge.Cuts
6
CONTINUOUS
10
96.8662139999999994
20
-151.8016409999999894
11
96.8687479999999965
21
-151.8033240000000035
0
LINE
8
Edge.Cuts
6
CONTINUOUS
10
96.8687479999999965
20
-151.8033240000000035
11
96.8712730000000022
21
-151.805025999999998
0
LINE
8
Edge.Cuts
6
CONTINUOUS
10
96.8712730000000022
20
-151.805025999999998
11
96.8737879999999905
21
-151.8067439999999806
0
LINE
8
Edge.Cuts
6
CONTINUOUS
10
96.8737879999999905
20
-151.8067439999999806
11
96.8762949999999989
21
-151.8084819999999979
0
LINE
8
Edge.Cuts
6
CONTINUOUS
10
96.8762949999999989
20
-151.8084819999999979
11
96.8787909999999926
21
-151.8102360000000033
0
LINE
8
Edge.Cuts
6
CONTINUOUS
10
96.8787909999999926
20
-151.8102360000000033
11
96.8812789999999922
21
-151.8120089999999891
0
LINE
8
Edge.Cuts
6
CONTINUOUS
10
96.8812789999999922
20
-151.8120089999999891
11
96.8837569999999886
21
-151.8137989999999888
0
LINE
8
Edge.Cuts
6
CONTINUOUS
10
96.8837569999999886
20
-151.8137989999999888
11
96.886224999999996
21
-151.815607
0
LINE
8
Edge.Cuts
6
CONTINUOUS
10
96.886224999999996
20
-151.815607
11
96.8886839999999978
21
-151.8174329999999941
0
LINE
8
Edge.Cuts
6
CONTINUOUS
10
96.8886839999999978
20
-151.8174329999999941
11
96.8911329999999964
21
-151.8192769999999996
0
LINE
8
Edge.Cuts
6
CONTINUOUS
10
96.8911329999999964
20
-151.8192769999999996
11
96.8935719999999918
21
-151.8211379999999906
0
LINE
8
Edge.Cuts
6
CONTINUOUS
10
96.8935719999999918
20
-151.8211379999999906
11
96.8960009999999983
21
-151.823016999999993
0
LINE
8
Edge.Cuts
6
CONTINUOUS
10
96.8960009999999983
20
-151.823016999999993
11
96.8984200000000016
21
-151.8249129999999809
0
LINE
8
Edge.Cuts
6
CONTINUOUS
10
96.8984200000000016
20
-151.8249129999999809
11
96.9008299999999991
21
-151.8268280000000061
0
LINE
8
Edge.Cuts
6
CONTINUOUS
10
96.9008299999999991
20
-151.8268280000000061
11
96.9032289999999961
21
-151.8287589999999909
0
LINE
8
Edge.Cuts
6
CONTINUOUS
10
96.9032289999999961
20
-151.8287589999999909
11
96.9056190000000015
21
-151.8307089999999846
0
LINE
8
Edge.Cuts
6
CONTINUOUS
10
96.9056190000000015
20
-151.8307089999999846
11
96.9079979999999921
21
-151.8326759999999922
0
LINE
8
Edge.Cuts
6
CONTINUOUS
10
96.9079979999999921
20
-151.8326759999999922
11
96.9103669999999937
21
-151.8346599999999853
0
LINE
8
Edge.Cuts
6
CONTINUOUS
10
96.9103669999999937
20
-151.8346599999999853
11
96.9127249999999947
21
-151.8366619999999898
0
LINE
8
Edge.Cuts
6
CONTINUOUS
10
96.9127249999999947
20
-151.8366619999999898
11
96.91507399999999
21
-151.8386820000000057
0
LINE
8
Edge.Cuts
6
CONTINUOUS
10
96.91507399999999
20
-151.8386820000000057
11
96.9174110000000013
21
-151.8407179999999812
0
LINE
8
Edge.Cuts
6
CONTINUOUS
10
96.9174110000000013
20
-151.8407179999999812
11
96.9197389999999928
21
-151.842772999999994
0
LINE
8
Edge.Cuts
6
CONTINUOUS
10
96.9197389999999928
20
-151.842772999999994
11
96.9220559999999978
21
-151.8448449999999923
0
LINE
8
Edge.Cuts
6
CONTINUOUS
10
96.9220559999999978
20
-151.8448449999999923
11
96.9243620000000021
21
-151.8469340000000045
0
LINE
8
Edge.Cuts
6
CONTINUOUS
10
96.9243620000000021
20
-151.8469340000000045
11
96.9266579999999891
21
-151.8490400000000022
0
LINE
8
Edge.Cuts
6
CONTINUOUS
10
96.9266579999999891
20
-151.8490400000000022
11
96.9289429999999896
21
-151.8511639999999829
0
LINE
8
Edge.Cuts
6
CONTINUOUS
10
96.9289429999999896
20
-151.8511639999999829
11
96.9312169999999895
21
-151.853305000000006
0
LINE
8
Edge.Cuts
6
CONTINUOUS
10
96.9312169999999895
20
-151.853305000000006
11
96.9334810000000004
21
-151.8554639999999836
0
LINE
8
Edge.Cuts
6
CONTINUOUS
10
96.9334810000000004
20
-151.8554639999999836
11
96.935732999999999
21
-151.857639000000006
0
LINE
8
Edge.Cuts
6
CONTINUOUS
10
96.935732999999999
20
-151.857639000000006
11
96.9379749999999945
21
-151.8598329999999805
0
LINE
8
Edge.Cuts
6
CONTINUOUS
10
96.9379749999999945
20
-151.8598329999999805
11
96.9402049999999917
21
-151.8620429999999999
0
LINE
8
Edge.Cuts
6
CONTINUOUS
10
96.9402049999999917
20
-151.8620429999999999
11
96.9424250000000001
21
-151.8642700000000048
0
LINE
8
Edge.Cuts
6
CONTINUOUS
10
96.9424250000000001
20
-151.8642700000000048
11
96.9446329999999961
21
-151.8665149999999926
0
LINE
8
Edge.Cuts
6
CONTINUOUS
10
96.9446329999999961
20
-151.8665149999999926
11
96.9468299999999914
21
-151.8687769999999944
0
LINE
8
Edge.Cuts
6
CONTINUOUS
10
96.9468299999999914
20
-151.8687769999999944
11
96.9490160000000003
21
-151.8710559999999816
0
LINE
8
Edge.Cuts
6
CONTINUOUS
10
96.9490160000000003
20
-151.8710559999999816
11
96.9511899999999969
21
-151.8733519999999828
0
LINE
8
Edge.Cuts
6
CONTINUOUS
10
96.9511899999999969
20
-151.8733519999999828
11
96.9533529999999928
21
-151.8756649999999979
0
LINE
8
Edge.Cuts
6
CONTINUOUS
10
96.9533529999999928
20
-151.8756649999999979
11
96.9555050000000023
21
-151.8779949999999985
0
LINE
8
Edge.Cuts
6
CONTINUOUS
10
96.9555050000000023
20
-151.8779949999999985
11
96.9576449999999994
21
-151.8803419999999846
0
LINE
8
Edge.Cuts
6
CONTINUOUS
10
96.9576449999999994
20
-151.8803419999999846
11
96.9597739999999959
21
-151.8827069999999821
0
LINE
8
Edge.Cuts
6
CONTINUOUS
10
96.9597739999999959
20
-151.8827069999999821
11
96.9618909999999943
21
-151.8850879999999961
0
LINE
8
Edge.Cuts
6
CONTINUOUS
10
96.9618909999999943
20
-151.8850879999999961
11
96.963996999999992
21
-151.887486999999993
0
LINE
8
Edge.Cuts
6
CONTINUOUS
10
96.963996999999992
20
-151.887486999999993
11
96.9660899999999941
21
-151.8899020000000064
0
LINE
8
Edge.Cuts
6
CONTINUOUS
10
96.9660899999999941
20
-151.8899020000000064
11
96.9681719999999956
21
-151.8923350000000028
0
LINE
8
Edge.Cuts
6
CONTINUOUS
10
96.9681719999999956
20
-151.8923350000000028
11
96.9702419999999989
21
-151.8947839999999871
0
LINE
8
Edge.Cuts
6
CONTINUOUS
10
96.9702419999999989
20
-151.8947839999999871
11
96.9723010000000016
21
-151.8972509999999829
0
LINE
8
Edge.Cuts
6
CONTINUOUS
10
96.9723010000000016
20
-151.8972509999999829
11
96.9743469999999945
21
-151.8997339999999951
0
LINE
8
Edge.Cuts
6
CONTINUOUS
10
96.9743469999999945
20
-151.8997339999999951
11
96.9763809999999893
21
-151.9022339999999929
0
LINE
8
Edge.Cuts
6
CONTINUOUS
10
96.9763809999999893
20
-151.9022339999999929
11
96.9784030000000001
21
-151.9047510000000045
0
LINE
8
Edge.Cuts
6
CONTINUOUS
10
96.9784030000000001
20
-151.9047510000000045
11
96.9804129999999986
21
-151.9072850000000017
0
LINE
8
Edge.Cuts
6
CONTINUOUS
10
96.9804129999999986
20
-151.9072850000000017
11
96.982410999999999
21
-151.9098349999999868
0
LINE
8
Edge.Cuts
6
CONTINUOUS
10
96.982410999999999
20
-151.9098349999999868
11
96.9843959999999896
21
-151.9124029999999834
0
LINE
8
Edge.Cuts
6
CONTINUOUS
10
96.9843959999999896
20
-151.9124029999999834
11
96.9863689999999963
21
-151.9149869999999964
0
LINE
8
Edge.Cuts
6
CONTINUOUS
10
96.9863689999999963
20
-151.9149869999999964
11
96.9883299999999906
21
-151.917587999999995
0
LINE
8
Edge.Cuts
6
CONTINUOUS
10
96.9883299999999906
20
-151.917587999999995
11
96.9902779999999893
21
-151.920205999999979
0
LINE
8
Edge.Cuts
6
CONTINUOUS
10
96.9902779999999893
20
-151.920205999999979
11
96.9922139999999899
21
-151.9228410000000054
0
LINE
8
Edge.Cuts
6
CONTINUOUS
10
96.9922139999999899
20
-151.9228410000000054
11
96.9941369999999949
21
-151.9254919999999913
0
LINE
8
Edge.Cuts
6
CONTINUOUS
10
96.9941369999999949
20
-151.9254919999999913
11
96.9960480000000018
21
-151.9281599999999912
0
LINE
8
Edge.Cuts
6
CONTINUOUS
10
96.9960480000000018
20
-151.9281599999999912
11
96.9979459999999989
21
-151.9308439999999791
0
LINE
8
Edge.Cuts
6
CONTINUOUS
10
96.9979459999999989
20
-151.9308439999999791
11
96.9998310000000004
21
-151.9335460000000069
0
LINE
8
Edge.Cuts
6
CONTINUOUS
10
96.9998310000000004
20
-151.9335460000000069
11
97.0017039999999895
21
-151.9362639999999942
0
LINE
8
Edge.Cuts
6
CONTINUOUS
10
97.0017039999999895
20
-151.9362639999999942
11
97.0035639999999972
21
-151.9389989999999955
0
LINE
8
Edge.Cuts
6
CONTINUOUS
10
97.0035639999999972
20
-151.9389989999999955
11
97.0054099999999977
21
-151.9417499999999848
0
LINE
8
Edge.Cuts
6
CONTINUOUS
10
97.0054099999999977
20
-151.9417499999999848
11
97.007244
21
-151.944517999999988
0
LINE
8
Edge.Cuts
6
CONTINUOUS
10
97.007244
20
-151.944517999999988
11
97.0090649999999926
21
-151.9473019999999792
0
LINE
8
Edge.Cuts
6
CONTINUOUS
10
97.0090649999999926
20
-151.9473019999999792
11
97.010871999999992
21
-151.9501039999999819
0
LINE
8
Edge.Cuts
6
CONTINUOUS
10
97.010871999999992
20
-151.9501039999999819
11
97.0126669999999933
21
-151.9529210000000035
0
LINE
8
Edge.Cuts
6
CONTINUOUS
10
97.0126669999999933
20
-151.9529210000000035
11
97.0144480000000016
21
-151.9557559999999796
0
LINE
8
Edge.Cuts
6
CONTINUOUS
10
97.0144480000000016
20
-151.9557559999999796
11
97.016216
21
-151.9586060000000032
0
LINE
8
Edge.Cuts
6
CONTINUOUS
10
97.016216
20
-151.9586060000000032
11
97.0179709999999886
21
-151.9614739999999813
0
LINE
8
Edge.Cuts
6
CONTINUOUS
10
97.0179709999999886
20
-151.9614739999999813
11
97.0197119999999984
21
-151.9643570000000068
0
LINE
8
Edge.Cuts
6
CONTINUOUS
10
97.0197119999999984
20
-151.9643570000000068
11
97.0214399999999983
21
-151.9672579999999869
0
LINE
8
Edge.Cuts
6
CONTINUOUS
10
97.0214399999999983
20
-151.9672579999999869
11
97.023153999999991
21
-151.9701739999999859
0
LINE
8
Edge.Cuts
6
CONTINUOUS
10
97.023153999999991
20
-151.9701739999999859
11
97.0248550000000023
21
-151.9731079999999963
0
LINE
8
Edge.Cuts
6
CONTINUOUS
10
97.0248550000000023
20
-151.9731079999999963
11
97.025825999999995
21
-151.9747999999999877
0
LINE
8
Edge.Cuts
6
CONTINUOUS
10
97.025825999999995
20
-151.9747999999999877
11
97.0716899999999896
21
-152.0542700000000025
0
LINE
8
Edge.Cuts
6
CONTINUOUS
10
97.0716899999999896
20
-152.0542700000000025
11
97.1248360000000019
21
-152.1463239999999928
0
LINE
8
Edge.Cuts
6
CONTINUOUS
10
97.1248360000000019
20
-152.1463239999999928
11
97.1944069999999982
21
-152.2667859999999962
0
LINE
8
Edge.Cuts
6
CONTINUOUS
10
97.1944069999999982
20
-152.2667859999999962
11
97.2776130000000023
21
-152.4107989999999972
0
LINE
8
Edge.Cuts
6
CONTINUOUS
10
97.2776130000000023
20
-152.4107989999999972
11
97.371664999999993
21
-152.5735090000000014
0
LINE
8
Edge.Cuts
6
CONTINUOUS
10
97.371664999999993
20
-152.5735090000000014
11
97.4737739999999917
21
-152.7500599999999906
0
LINE
8
Edge.Cuts
6
CONTINUOUS
10
97.4737739999999917
20
-152.7500599999999906
11
97.5811509999999913
21
-152.9355989999999963
0
LINE
8
Edge.Cuts
6
CONTINUOUS
10
97.5811509999999913
20
-152.9355989999999963
11
97.635943999999995
21
-153.0302209999999832
0
LINE
8
Edge.Cuts
6
CONTINUOUS
10
97.635943999999995
20
-153.0302209999999832
11
97.6910079999999965
21
-153.125269000000003
0
LINE
8
Edge.Cuts
6
CONTINUOUS
10
97.6910079999999965
20
-153.125269000000003
11
97.745993999999996
21
-153.220136999999994
0
LINE
8
Edge.Cuts
6
CONTINUOUS
10
97.745993999999996
20
-153.220136999999994
11
97.8005539999999911
21
-153.3142159999999876
0
LINE
8
Edge.Cuts
6
CONTINUOUS
10
97.8005539999999911
20
-153.3142159999999876
11
97.8543399999999934
21
-153.4069020000000023
0
LINE
8
Edge.Cuts
6
CONTINUOUS
10
97.8543399999999934
20
-153.4069020000000023
11
97.9070019999999914
21
-153.4975859999999841
0
LINE
8
Edge.Cuts
6
CONTINUOUS
10
97.9070019999999914
20
-153.4975859999999841
11
97.9581919999999968
21
-153.5856609999999876
0
LINE
8
Edge.Cuts
6
CONTINUOUS
10
97.9581919999999968
20
-153.5856609999999876
11
98.007561999999993
21
-153.6705220000000054
0
LINE
8
Edge.Cuts
6
CONTINUOUS
10
98.007561999999993
20
-153.6705220000000054
11
98.0547619999999966
21
-153.751560999999981
0
LINE
8
Edge.Cuts
6
CONTINUOUS
10
98.0547619999999966
20
-153.751560999999981
11
98.0994439999999912
21
-153.8281700000000001
0
LINE
8
Edge.Cuts
6
CONTINUOUS
10
98.0994439999999912
20
-153.8281700000000001
11
98.1412600000000026
21
-153.8997439999999983
0
LINE
8
Edge.Cuts
6
CONTINUOUS
10
98.1412600000000026
20
-153.8997439999999983
11
98.1609849999999966
21
-153.9334529999999859
0
LINE
8
Edge.Cuts
6
CONTINUOUS
10
98.1609849999999966
20
-153.9334529999999859
11
98.1798610000000025
21
-153.965676000000002
0
LINE
8
Edge.Cuts
6
CONTINUOUS
10
98.1798610000000025
20
-153.965676000000002
11
98.1978469999999959
21
-153.9963359999999852
0
LINE
8
Edge.Cuts
6
CONTINUOUS
10
98.1978469999999959
20
-153.9963359999999852
11
98.2148979999999909
21
-154.0253579999999829
0
LINE
8
Edge.Cuts
6
CONTINUOUS
10
98.2148979999999909
20
-154.0253579999999829
11
98.2309719999999942
21
-154.0526649999999904
0
LINE
8
Edge.Cuts
6
CONTINUOUS
10
98.2309719999999942
20
-154.0526649999999904
11
98.2460229999999939
21
-154.0781829999999957
0
LINE
8
Edge.Cuts
6
CONTINUOUS
10
98.2460229999999939
20
-154.0781829999999957
11
98.2600089999999966
21
-154.1018349999999941
0
LINE
8
Edge.Cuts
6
CONTINUOUS
10
98.2600089999999966
20
-154.1018349999999941
11
98.2728869999999972
21
-154.1235460000000046
0
LINE
8
Edge.Cuts
6
CONTINUOUS
10
98.2728869999999972
20
-154.1235460000000046
11
98.2846119999999956
21
-154.1432389999999941
0
LINE
8
Edge.Cuts
6
CONTINUOUS
10
98.2846119999999956
20
-154.1432389999999941
11
98.295141000000001
21
-154.160837999999984
0
LINE
8
Edge.Cuts
6
CONTINUOUS
10
97.9778129999999976
20
-155.5711859999999831
11
96.1796169999999933
21
-152.4684199999999805
0
LINE
8
Edge.Cuts
6
CONTINUOUS
10
98.295141000000001
20
-154.160837999999984
11
98.296363999999997
21
-154.1620470000000012
0
LINE
8
Edge.Cuts
6
CONTINUOUS
10
98.296363999999997
20
-154.1620470000000012
11
98.2975869999999929
21
-154.1632280000000037
0
LINE
8
Edge.Cuts
6
CONTINUOUS
10
98.2975869999999929
20
-154.1632280000000037
11
98.2988099999999889
21
-154.1643819999999891
0
LINE
8
Edge.Cuts
6
CONTINUOUS
10
98.2988099999999889
20
-154.1643819999999891
11
98.3000339999999966
21
-154.1655079999999884
0
LINE
8
Edge.Cuts
6
CONTINUOUS
10
98.3000339999999966
20
-154.1655079999999884
11
98.30125799999999
21
-154.1666079999999965
0
LINE
8
Edge.Cuts
6
CONTINUOUS
10
98.30125799999999
20
-154.1666079999999965
11
98.3024829999999952
21
-154.167681999999985
0
LINE
8
Edge.Cuts
6
CONTINUOUS
10
98.3024829999999952
20
-154.167681999999985
11
98.3037089999999978
21
-154.1687309999999798
0
LINE
8
Edge.Cuts
6
CONTINUOUS
10
98.3037089999999978
20
-154.1687309999999798
11
98.3049350000000004
21
-154.1697529999999858
0
LINE
8
Edge.Cuts
6
CONTINUOUS
10
98.3049350000000004
20
-154.1697529999999858
11
98.3061639999999954
21
-154.1707519999999931
0
LINE
8
Edge.Cuts
6
CONTINUOUS
10
98.3061639999999954
20
-154.1707519999999931
11
98.3073929999999905
21
-154.1717249999999808
0
LINE
8
Edge.Cuts
6
CONTINUOUS
10
98.3073929999999905
20
-154.1717249999999808
11
98.3086249999999922
21
-154.1726759999999956
0
LINE
8
Edge.Cuts
6
CONTINUOUS
10
98.3086249999999922
20
-154.1726759999999956
11
98.3098569999999938
21
-154.1736019999999883
0
LINE
8
Edge.Cuts
6
CONTINUOUS
10
98.3098569999999938
20
-154.1736019999999883
11
98.3110939999999971
21
-154.1745059999999796
0
LINE
8
Edge.Cuts
6
CONTINUOUS
10
98.3110939999999971
20
-154.1745059999999796
11
98.3123310000000004
21
-154.1753850000000057
0
LINE
8
Edge.Cuts
6
CONTINUOUS
10
98.3123310000000004
20
-154.1753850000000057
11
98.3148149999999958
21
-154.177078999999992
0
LINE
8
Edge.Cuts
6
CONTINUOUS
10
98.3148149999999958
20
-154.177078999999992
11
98.3173120000000011
21
-154.178685999999999
0
LINE
8
Edge.Cuts
6
CONTINUOUS
10
98.3173120000000011
20
-154.178685999999999
11
98.319823999999997
21
-154.1802089999999907
0
LINE
8
Edge.Cuts
6
CONTINUOUS
10
98.319823999999997
20
-154.1802089999999907
11
98.32235399999999
21
-154.1816499999999905
0
LINE
8
Edge.Cuts
6
CONTINUOUS
10
98.32235399999999
20
-154.1816499999999905
11
98.3249050000000011
21
-154.1830119999999908
0
LINE
8
Edge.Cuts
6
CONTINUOUS
10
98.3249050000000011
20
-154.1830119999999908
11
98.3274789999999967
21
-154.1842969999999866
0
LINE
8
Edge.Cuts
6
CONTINUOUS
10
98.3274789999999967
20
-154.1842969999999866
11
98.3300799999999953
21
-154.1855070000000012
0
LINE
8
Edge.Cuts
6
CONTINUOUS
10
98.3300799999999953
20
-154.1855070000000012
11
98.3327109999999891
21
-154.1866430000000037
0
LINE
8
Edge.Cuts
6
CONTINUOUS
10
98.3327109999999891
20
-154.1866430000000037
11
98.335376999999994
21
-154.1877089999999839
0
LINE
8
Edge.Cuts
6
CONTINUOUS
10
98.335376999999994
20
-154.1877089999999839
11
98.338082
21
-154.1887049999999988
0
LINE
8
Edge.Cuts
6
CONTINUOUS
10
98.338082
20
-154.1887049999999988
11
98.3408299999999969
21
-154.1896329999999864
0
LINE
8
Edge.Cuts
6
CONTINUOUS
10
98.3408299999999969
20
-154.1896329999999864
11
98.3436269999999979
21
-154.1904940000000011
0
LINE
8
Edge.Cuts
6
CONTINUOUS
10
98.3436269999999979
20
-154.1904940000000011
11
98.3464809999999972
21
-154.1912899999999809
0
LINE
8
Edge.Cuts
6
CONTINUOUS
10
98.3464809999999972
20
-154.1912899999999809
11
98.3493969999999962
21
-154.1920219999999802
0
LINE
8
Edge.Cuts
6
CONTINUOUS
10
98.3493969999999962
20
-154.1920219999999802
11
98.3523849999999982
21
-154.1926909999999964
0
LINE
8
Edge.Cuts
6
CONTINUOUS
10
98.3523849999999982
20
-154.1926909999999964
11
98.3554549999999921
21
-154.1932970000000012
0
LINE
8
Edge.Cuts
6
CONTINUOUS
10
98.3554549999999921
20
-154.1932970000000012
11
98.3586189999999903
21
-154.1938419999999894
0
LINE
8
Edge.Cuts
6
CONTINUOUS
10
98.3586189999999903
20
-154.1938419999999894
11
98.3618919999999974
21
-154.1943259999999896
0
LINE
8
Edge.Cuts
6
CONTINUOUS
10
98.3618919999999974
20
-154.1943259999999896
11
98.3652939999999916
21
-154.1947490000000016
0
LINE
8
Edge.Cuts
6
CONTINUOUS
10
98.3652939999999916
20
-154.1947490000000016
11
98.3688499999999948
21
-154.1951139999999896
0
LINE
8
Edge.Cuts
6
CONTINUOUS
10
98.3688499999999948
20
-154.1951139999999896
11
98.3725939999999923
21
-154.1954189999999869
0
LINE
8
Edge.Cuts
6
CONTINUOUS
10
98.3725939999999923
20
-154.1954189999999869
11
98.3765739999999909
21
-154.1956659999999886
0
LINE
8
Edge.Cuts
6
CONTINUOUS
10
98.3765739999999909
20
-154.1956659999999886
11
98.380865
21
-154.195855999999992
0
LINE
8
Edge.Cuts
6
CONTINUOUS
10
98.380865
20
-154.195855999999992
11
98.3855909999999909
21
-154.1959889999999973
0
LINE
8
Edge.Cuts
6
CONTINUOUS
10
98.3855909999999909
20
-154.1959889999999973
11
98.3909960000000012
21
-154.1960669999999993
0
LINE
8
Edge.Cuts
6
CONTINUOUS
10
98.3909960000000012
20
-154.1960669999999993
11
98.397712999999996
21
-154.1960949999999855
0
LINE
8
Edge.Cuts
6
CONTINUOUS
10
98.397712999999996
20
-154.1960949999999855
11
98.4009159999999952
21
-154.196095999999983
0
LINE
8
Edge.Cuts
6
CONTINUOUS
10
98.4009159999999952
20
-154.196095999999983
11
105.1705849999999884
21
-150.2823819999999841
0
LINE
8
Edge.Cuts
6
CONTINUOUS
10
102.1030799999999914
20
-53.1446699999999979
11
102.1030799999999914
21
-60.6195139999999952
0
LINE
8
Edge.Cuts
6
CONTINUOUS
10
102.1030799999999914
20
-60.6195139999999952
11
92.0450000000000017
21
-60.6195139999999952
0
LINE
8
Edge.Cuts
6
CONTINUOUS
10
105.1705849999999884
20
-150.2823819999999841
11
105.207295000000002
21
-150.2579570000000047
0
LINE
8
Edge.Cuts
6
CONTINUOUS
10
105.207295000000002
20
-150.2579570000000047
11
105.244189999999989
21
-150.2335039999999822
0
LINE
8
Edge.Cuts
6
CONTINUOUS
10
105.244189999999989
20
-150.2335039999999822
11
105.2812720000000013
21
-150.2090239999999994
0
LINE
8
Edge.Cuts
6
CONTINUOUS
10
105.2812720000000013
20
-150.2090239999999994
11
105.3185399999999987
21
-150.1845160000000021
0
LINE
8
Edge.Cuts
6
CONTINUOUS
10
105.3185399999999987
20
-150.1845160000000021
11
105.3559959999999904
21
-150.1599799999999902
0
LINE
8
Edge.Cuts
6
CONTINUOUS
10
105.3559959999999904
20
-150.1599799999999902
11
105.3936399999999907
21
-150.1354159999999922
0
LINE
8
Edge.Cuts
6
CONTINUOUS
10
105.3936399999999907
20
-150.1354159999999922
11
105.4314739999999944
21
-150.1108250000000055
0
LINE
8
Edge.Cuts
6
CONTINUOUS
10
105.4314739999999944
20
-150.1108250000000055
11
105.4694969999999898
21
-150.0862050000000067
0
LINE
8
Edge.Cuts
6
CONTINUOUS
10
105.4694969999999898
20
-150.0862050000000067
11
105.5077119999999979
21
-150.0615559999999959
0
LINE
8
Edge.Cuts
6
CONTINUOUS
10
105.5077119999999979
20
-150.0615559999999959
11
105.5461179999999928
21
-150.036878999999999
0
LINE
8
Edge.Cuts
6
CONTINUOUS
10
105.5461179999999928
20
-150.036878999999999
11
105.5847179999999952
21
-150.01217299999999
0
LINE
8
Edge.Cuts
6
CONTINUOUS
10
105.5847179999999952
20
-150.01217299999999
11
105.623509999999996
21
-149.9874369999999999
0
LINE
8
Edge.Cuts
6
CONTINUOUS
10
105.623509999999996
20
-149.9874369999999999
11
105.6624970000000019
21
-149.9626729999999952
0
LINE
8
Edge.Cuts
6
CONTINUOUS
10
105.6624970000000019
20
-149.9626729999999952
11
105.7016789999999986
21
-149.937878999999981
0
LINE
8
Edge.Cuts
6
CONTINUOUS
10
105.7016789999999986
20
-149.937878999999981
11
105.7410579999999953
21
-149.9130559999999832
0
LINE
8
Edge.Cuts
6
CONTINUOUS
10
105.7410579999999953
20
-149.9130559999999832
11
105.7806329999999946
21
-149.8882020000000068
0
LINE
8
Edge.Cuts
6
CONTINUOUS
10
105.7806329999999946
20
-149.8882020000000068
11
105.8204069999999888
21
-149.86331899999999
0
LINE
8
Edge.Cuts
6
CONTINUOUS
10
105.8204069999999888
20
-149.86331899999999
11
105.8603799999999922
21
-149.8384049999999945
0
LINE
8
Edge.Cuts
6
CONTINUOUS
10
105.8603799999999922
20
-149.8384049999999945
11
105.9005519999999905
21
-149.8134609999999896
0
LINE
8
Edge.Cuts
6
CONTINUOUS
10
105.9005519999999905
20
-149.8134609999999896
11
105.9409259999999904
21
-149.788486000000006
0
LINE
8
Edge.Cuts
6
CONTINUOUS
10
105.9409259999999904
20
-149.788486000000006
11
105.9815009999999944
21
-149.7634799999999871
0
LINE
8
Edge.Cuts
6
CONTINUOUS
10
105.9815009999999944
20
-149.7634799999999871
11
106.0222789999999975
21
-149.738441999999992
0
LINE
8
Edge.Cuts
6
CONTINUOUS
10
106.0222789999999975
20
-149.738441999999992
11
106.0632619999999946
21
-149.7133739999999875
0
LINE
8
Edge.Cuts
6
CONTINUOUS
10
106.0632619999999946
20
-149.7133739999999875
11
106.1044489999999882
21
-149.688272999999981
0
LINE
8
Edge.Cuts
6
CONTINUOUS
10
106.1044489999999882
20
-149.688272999999981
11
106.1458420000000018
21
-149.6631399999999985
0
LINE
8
Edge.Cuts
6
CONTINUOUS
10
106.1458420000000018
20
-149.6631399999999985
11
106.1874430000000018
21
-149.6379749999999831
0
LINE
8
Edge.Cuts
6
CONTINUOUS
10
106.1874430000000018
20
-149.6379749999999831
11
106.2292509999999908
21
-149.6127779999999916
0
LINE
8
Edge.Cuts
6
CONTINUOUS
10
106.2292509999999908
20
-149.6127779999999916
11
106.2712689999999895
21
-149.5875470000000007
0
LINE
8
Edge.Cuts
6
CONTINUOUS
10
106.2712689999999895
20
-149.5875470000000007
11
106.3134969999999981
21
-149.5622829999999794
0
LINE
8
Edge.Cuts
6
CONTINUOUS
10
106.3134969999999981
20
-149.5622829999999794
11
106.3559369999999973
21
-149.5369859999999846
0
LINE
8
Edge.Cuts
6
CONTINUOUS
10
106.3559369999999973
20
-149.5369859999999846
11
106.3985890000000012
21
-149.5116539999999929
0
LINE
8
Edge.Cuts
6
CONTINUOUS
10
106.3985890000000012
20
-149.5116539999999929
11
106.4414559999999881
21
-149.4862889999999993
0
LINE
8
Edge.Cuts
6
CONTINUOUS
10
106.4414559999999881
20
-149.4862889999999993
11
106.4845380000000006
21
-149.4608889999999803
0
LINE
8
Edge.Cuts
6
CONTINUOUS
10
106.4845380000000006
20
-149.4608889999999803
11
106.5278359999999935
21
-149.4354539999999929
0
LINE
8
Edge.Cuts
6
CONTINUOUS
10
106.5278359999999935
20
-149.4354539999999929
11
106.5713509999999928
21
-149.4099839999999801
0
LINE
8
Edge.Cuts
6
CONTINUOUS
10
106.5713509999999928
20
-149.4099839999999801
11
106.6150859999999909
21
-149.3844780000000014
0
LINE
8
Edge.Cuts
6
CONTINUOUS
10
106.6150859999999909
20
-149.3844780000000014
11
106.659041000000002
21
-149.3589359999999999
0
LINE
8
Edge.Cuts
6
CONTINUOUS
10
106.659041000000002
20
-149.3589359999999999
11
106.7032179999999926
21
-149.3333570000000066
0
LINE
8
Edge.Cuts
6
CONTINUOUS
10
106.7032179999999926
20
-149.3333570000000066
11
106.7476179999999886
21
-149.3077409999999929
0
LINE
8
Edge.Cuts
6
CONTINUOUS
10
106.7476179999999886
20
-149.3077409999999929
11
106.7922420000000017
21
-149.2820889999999849
0
LINE
8
Edge.Cuts
6
CONTINUOUS
10
106.7922420000000017
20
-149.2820889999999849
11
106.8370919999999984
21
-149.2563979999999901
0
LINE
8
Edge.Cuts
6
CONTINUOUS
10
106.8370919999999984
20
-149.2563979999999901
11
106.8821689999999904
21
-149.230669000000006
0
LINE
8
Edge.Cuts
6
CONTINUOUS
10
106.8821689999999904
20
-149.230669000000006
11
106.9274759999999986
21
-149.2049010000000067
0
LINE
8
Edge.Cuts
6
CONTINUOUS
10
106.9274759999999986
20
-149.2049010000000067
11
106.9730119999999971
21
-149.1790939999999921
0
LINE
8
Edge.Cuts
6
CONTINUOUS
10
106.9730119999999971
20
-149.1790939999999921
11
107.0187809999999899
21
-149.1532479999999907
0
LINE
8
Edge.Cuts
6
CONTINUOUS
10
107.0187809999999899
20
-149.1532479999999907
11
107.0647839999999889
21
-149.1273609999999792
0
LINE
8
Edge.Cuts
6
CONTINUOUS
10
107.0647839999999889
20
-149.1273609999999792
11
107.1110209999999938
21
-149.1014329999999859
0
LINE
8
Edge.Cuts
6
CONTINUOUS
10
107.1110209999999938
20
-149.1014329999999859
11
107.1574959999999948
21
-149.075462999999985
0
LINE
8
Edge.Cuts
6
CONTINUOUS
10
107.1574959999999948
20
-149.075462999999985
11
107.2042099999999891
21
-149.0494520000000023
0
LINE
8
Edge.Cuts
6
CONTINUOUS
10
107.2042099999999891
20
-149.0494520000000023
11
107.2511639999999886
21
-149.023397999999986
0
LINE
8
Edge.Cuts
6
CONTINUOUS
10
107.2511639999999886
20
-149.023397999999986
11
107.2983609999999999
21
-148.9972999999999956
0
LINE
8
Edge.Cuts
6
CONTINUOUS
10
107.2983609999999999
20
-148.9972999999999956
11
107.3458019999999919
21
-148.9711590000000001
0
LINE
8
Edge.Cuts
6
CONTINUOUS
10
107.3458019999999919
20
-148.9711590000000001
11
107.3934899999999999
21
-148.944972000000007
0
LINE
8
Edge.Cuts
6
CONTINUOUS
10
107.3934899999999999
20
-148.944972000000007
11
107.4414259999999928
21
-148.9187409999999829
0
LINE
8
Edge.Cuts
6
CONTINUOUS
10
107.4414259999999928
20
-148.9187409999999829
11
107.4623999999999882
21
-148.907291999999984
0
LINE
8
Edge.Cuts
6
CONTINUOUS
10
107.4623999999999882
20
-148.907291999999984
11
107.5280860000000018
21
-148.8692659999999819
0
LINE
8
Edge.Cuts
6
CONTINUOUS
10
107.5280860000000018
20
-148.8692659999999819
11
107.5938389999999885
21
-148.8312929999999881
0
LINE
8
Edge.Cuts
6
CONTINUOUS
10
107.5938389999999885
20
-148.8312929999999881
11
107.6596599999999881
21
-148.7933730000000025
0
LINE
8
Edge.Cuts
6
CONTINUOUS
10
107.6596599999999881
20
-148.7933730000000025
11
107.7255479999999892
21
-148.7555069999999944
0
LINE
8
Edge.Cuts
6
CONTINUOUS
10
107.7255479999999892
20
-148.7555069999999944
11
107.7915019999999942
21
-148.717694999999992
0
LINE
8
Edge.Cuts
6
CONTINUOUS
10
107.7915019999999942
20
-148.717694999999992
11
107.8575230000000005
21
-148.6799369999999954
0
LINE
8
Edge.Cuts
6
CONTINUOUS
10
107.8575230000000005
20
-148.6799369999999954
11
107.9236099999999965
21
-148.6422330000000045
0
LINE
8
Edge.Cuts
6
CONTINUOUS
10
107.9236099999999965
20
-148.6422330000000045
11
107.9897619999999989
21
-148.6045839999999885
0
LINE
8
Edge.Cuts
6
CONTINUOUS
10
107.9897619999999989
20
-148.6045839999999885
11
108.0559789999999936
21
-148.5669910000000016
0
LINE
8
Edge.Cuts
6
CONTINUOUS
10
108.0559789999999936
20
-148.5669910000000016
11
108.1222619999999921
21
-148.529451999999992
0
LINE
8
Edge.Cuts
6
CONTINUOUS
10
108.1222619999999921
20
-148.529451999999992
11
108.1886080000000021
21
-148.4919689999999832
0
LINE
8
Edge.Cuts
6
CONTINUOUS
10
108.1886080000000021
20
-148.4919689999999832
11
108.2550179999999926
21
-148.4545420000000036
0
LINE
8
Edge.Cuts
6
CONTINUOUS
10
108.2550179999999926
20
-148.4545420000000036
11
108.3214919999999921
21
-148.4171699999999987
0
LINE
8
Edge.Cuts
6
CONTINUOUS
10
108.3214919999999921
20
-148.4171699999999987
11
108.3880300000000005
21
-148.3798549999999921
0
LINE
8
Edge.Cuts
6
CONTINUOUS
10
108.3880300000000005
20
-148.3798549999999921
11
108.4546289999999971
21
-148.3425969999999836
0
LINE
8
Edge.Cuts
6
CONTINUOUS
10
108.4546289999999971
20
-148.3425969999999836
11
108.5212919999999883
21
-148.3053950000000043
0
LINE
8
Edge.Cuts
6
CONTINUOUS
10
108.5212919999999883
20
-148.3053950000000043
11
108.5880159999999961
21
-148.2682499999999948
0
LINE
8
Edge.Cuts
6
CONTINUOUS
10
108.5880159999999961
20
-148.2682499999999948
11
108.654800999999992
21
-148.2311619999999834
0
LINE
8
Edge.Cuts
6
CONTINUOUS
10
108.654800999999992
20
-148.2311619999999834
11
108.7216480000000018
21
-148.1941319999999962
0
LINE
8
Edge.Cuts
6
CONTINUOUS
10
108.7216480000000018
20
-148.1941319999999962
11
108.7885559999999998
21
-148.1571600000000046
0
LINE
8
Edge.Cuts
6
CONTINUOUS
10
108.7885559999999998
20
-148.1571600000000046
11
108.8555229999999909
21
-148.1202459999999803
0
LINE
8
Edge.Cuts
6
CONTINUOUS
10
108.8555229999999909
20
-148.1202459999999803
11
108.9225509999999986
21
-148.0833899999999801
0
LINE
8
Edge.Cuts
6
CONTINUOUS
10
108.9225509999999986
20
-148.0833899999999801
11
108.9896379999999994
21
-148.0465930000000014
0
LINE
8
Edge.Cuts
6
CONTINUOUS
10
108.9896379999999994
20
-148.0465930000000014
11
109.0567839999999933
21
-148.0098549999999875
0
LINE
8
Edge.Cuts
6
CONTINUOUS
10
109.0567839999999933
20
-148.0098549999999875
11
109.1239889999999946
21
-147.9731759999999952
0
LINE
8
Edge.Cuts
6
CONTINUOUS
10
109.1239889999999946
20
-147.9731759999999952
11
109.1912519999999915
21
-147.9365559999999959
0
LINE
8
Edge.Cuts
6
CONTINUOUS
10
109.1912519999999915
20
-147.9365559999999959
11
109.2585729999999984
21
-147.8999949999999899
0
LINE
8
Edge.Cuts
6
CONTINUOUS
10
109.2585729999999984
20
-147.8999949999999899
11
109.3259509999999892
21
-147.8634950000000003
0
LINE
8
Edge.Cuts
6
CONTINUOUS
10
109.3259509999999892
20
-147.8634950000000003
11
109.3933859999999925
21
-147.8270550000000014
0
LINE
8
Edge.Cuts
6
CONTINUOUS
10
109.3933859999999925
20
-147.8270550000000014
11
109.4608769999999964
21
-147.7906749999999931
0
LINE
8
Edge.Cuts
6
CONTINUOUS
10
109.4608769999999964
20
-147.7906749999999931
11
109.5284249999999986
21
-147.7543550000000039
0
LINE
8
Edge.Cuts
6
CONTINUOUS
10
109.5284249999999986
20
-147.7543550000000039
11
109.5960279999999898
21
-147.7180970000000002
0
LINE
8
Edge.Cuts
6
CONTINUOUS
10
109.5960279999999898
20
-147.7180970000000002
11
109.6636869999999959
21
-147.6818999999999846
0
LINE
8
Edge.Cuts
6
CONTINUOUS
10
109.6636869999999959
20
-147.6818999999999846
11
109.7313999999999936
21
-147.6457639999999856
0
LINE
8
Edge.Cuts
6
CONTINUOUS
10
109.7313999999999936
20
-147.6457639999999856
11
109.7991669999999971
21
-147.6096900000000005
0
LINE
8
Edge.Cuts
6
CONTINUOUS
10
109.7991669999999971
20
-147.6096900000000005
11
109.8669889999999896
21
-147.573678000000001
0
LINE
8
Edge.Cuts
6
CONTINUOUS
10
109.8669889999999896
20
-147.573678000000001
11
109.9348629999999929
21
-147.5377279999999871
0
LINE
8
Edge.Cuts
6
CONTINUOUS
10
109.9348629999999929
20
-147.5377279999999871
11
110.002791000000002
21
-147.5018399999999872
0
LINE
8
Edge.Cuts
6
CONTINUOUS
10
110.002791000000002
20
-147.5018399999999872
11
110.070771999999991
21
-147.4660149999999987
0
LINE
8
Edge.Cuts
6
CONTINUOUS
10
110.070771999999991
20
-147.4660149999999987
11
110.1388039999999933
21
-147.4302529999999933
0
LINE
8
Edge.Cuts
6
CONTINUOUS
10
110.1388039999999933
20
-147.4302529999999933
11
110.2068879999999922
21
-147.3945549999999969
0
LINE
8
Edge.Cuts
6
CONTINUOUS
10
110.2068879999999922
20
-147.3945549999999969
11
110.2750229999999902
21
-147.358918999999986
0
LINE
8
Edge.Cuts
6
CONTINUOUS
10
110.2750229999999902
20
-147.358918999999986
11
110.3432090000000017
21
-147.3233479999999815
0
LINE
8
Edge.Cuts
6
CONTINUOUS
10
110.3432090000000017
20
-147.3233479999999815
11
110.411445999999998
21
-147.2878399999999885
0
LINE
8
Edge.Cuts
6
CONTINUOUS
10
110.411445999999998
20
-147.2878399999999885
11
110.4797319999999985
21
-147.252397000000002
0
LINE
8
Edge.Cuts
6
CONTINUOUS
10
110.4797319999999985
20
-147.252397000000002
11
110.5480680000000007
21
-147.2170179999999959
0
LINE
8
Edge.Cuts
6
CONTINUOUS
10
110.5480680000000007
20
-147.2170179999999959
11
110.6164519999999953
21
-147.1817039999999963
0
LINE
8
Edge.Cuts
6
CONTINUOUS
10
110.6164519999999953
20
-147.1817039999999963
11
110.6848849999999942
21
-147.1464550000000031
0
LINE
8
Edge.Cuts
6
CONTINUOUS
10
110.6848849999999942
20
-147.1464550000000031
11
110.7533659999999998
21
-147.1112709999999879
0
LINE
8
Edge.Cuts
6
CONTINUOUS
10
110.7533659999999998
20
-147.1112709999999879
11
110.8218949999999978
21
-147.076153000000005
0
LINE
8
Edge.Cuts
6
CONTINUOUS
10
110.8218949999999978
20
-147.076153000000005
11
110.8904699999999934
21
-147.0411000000000001
0
LINE
8
Edge.Cuts
6
CONTINUOUS
10
110.8904699999999934
20
-147.0411000000000001
11
110.9590919999999983
21
-147.0061129999999991
0
LINE
8
Edge.Cuts
6
CONTINUOUS
10
110.9590919999999983
20
-147.0061129999999991
11
111.0277609999999981
21
-146.9711929999999995
0
LINE
8
Edge.Cuts
6
CONTINUOUS
10
111.0277609999999981
20
-146.9711929999999995
11
111.0964749999999981
21
-146.9363390000000038
0
LINE
8
Edge.Cuts
6
CONTINUOUS
10
111.0964749999999981
20
-146.9363390000000038
11
111.1652339999999981
21
-146.901551999999981
0
LINE
8
Edge.Cuts
6
CONTINUOUS
10
111.1652339999999981
20
-146.901551999999981
11
111.2340379999999982
21
-146.8668319999999881
0
LINE
8
Edge.Cuts
6
CONTINUOUS
10
111.2340379999999982
20
-146.8668319999999881
11
111.3028860000000009
21
-146.8321789999999964
0
LINE
8
Edge.Cuts
6
CONTINUOUS
10
111.3028860000000009
20
-146.8321789999999964
11
111.3717779999999919
21
-146.7975940000000037
0
LINE
8
Edge.Cuts
6
CONTINUOUS
10
111.3717779999999919
20
-146.7975940000000037
11
111.4407129999999881
21
-146.7630759999999839
0
LINE
8
Edge.Cuts
6
CONTINUOUS
10
111.4407129999999881
20
-146.7630759999999839
11
111.5096909999999895
21
-146.7286259999999913
0
LINE
8
Edge.Cuts
6
CONTINUOUS
10
111.5096909999999895
20
-146.7286259999999913
11
111.5787119999999959
21
-146.6942449999999951
0
LINE
8
Edge.Cuts
6
CONTINUOUS
10
111.5787119999999959
20
-146.6942449999999951
11
111.6477739999999983
21
-146.6599319999999977
0
LINE
8
Edge.Cuts
6
CONTINUOUS
10
111.6477739999999983
20
-146.6599319999999977
11
111.7168769999999967
21
-146.6256879999999967
0
LINE
8
Edge.Cuts
6
CONTINUOUS
10
111.7168769999999967
20
-146.6256879999999967
11
111.7860219999999885
21
-146.591512999999992
0
LINE
8
Edge.Cuts
6
CONTINUOUS
10
111.7860219999999885
20
-146.591512999999992
11
111.8552069999999929
21
-146.557407999999981
0
LINE
8
Edge.Cuts
6
CONTINUOUS
10
111.8552069999999929
20
-146.557407999999981
11
111.9244309999999984
21
-146.5233709999999974
0
LINE
8
Edge.Cuts
6
CONTINUOUS
10
111.9244309999999984
20
-146.5233709999999974
11
111.9936949999999882
21
-146.489405000000005
0
LINE
8
Edge.Cuts
6
CONTINUOUS
10
111.9936949999999882
20
-146.489405000000005
11
112.0629989999999907
21
-146.4555079999999805
0
LINE
8
Edge.Cuts
6
CONTINUOUS
10
112.0629989999999907
20
-146.4555079999999805
11
112.1323399999999992
21
-146.4216820000000041
0
LINE
8
Edge.Cuts
6
CONTINUOUS
10
112.1323399999999992
20
-146.4216820000000041
11
112.2017189999999971
21
-146.3879259999999931
0
LINE
8
Edge.Cuts
6
CONTINUOUS
10
112.2017189999999971
20
-146.3879259999999931
11
112.2711359999999985
21
-146.3542410000000018
0
LINE
8
Edge.Cuts
6
CONTINUOUS
10
112.2711359999999985
20
-146.3542410000000018
11
112.3405899999999917
21
-146.3206270000000018
0
LINE
8
Edge.Cuts
6
CONTINUOUS
10
112.3405899999999917
20
-146.3206270000000018
11
112.4100799999999936
21
-146.287083999999993
0
LINE
8
Edge.Cuts
6
CONTINUOUS
10
112.4100799999999936
20
-146.287083999999993
11
112.4796070000000014
21
-146.2536130000000014
0
LINE
8
Edge.Cuts
6
CONTINUOUS
10
112.4796070000000014
20
-146.2536130000000014
11
112.5491679999999945
21
-146.2202130000000011
0
LINE
8
Edge.Cuts
6
CONTINUOUS
10
112.5491679999999945
20
-146.2202130000000011
11
112.6187649999999962
21
-146.186885999999987
0
LINE
8
Edge.Cuts
6
CONTINUOUS
10
112.6187649999999962
20
-146.186885999999987
11
112.6883959999999973
21
-146.1536299999999926
0
LINE
8
Edge.Cuts
6
CONTINUOUS
10
112.6883959999999973
20
-146.1536299999999926
11
112.7580609999999979
21
-146.1204469999999844
0
LINE
8
Edge.Cuts
6
CONTINUOUS
10
112.7580609999999979
20
-146.1204469999999844
11
112.8277590000000004
21
-146.0873369999999909
0
LINE
8
Edge.Cuts
6
CONTINUOUS
10
112.8277590000000004
20
-146.0873369999999909
11
112.8974899999999906
21
-146.0542989999999861
0
LINE
8
Edge.Cuts
6
CONTINUOUS
10
112.8974899999999906
20
-146.0542989999999861
11
112.9672539999999969
21
-146.0213349999999934
0
LINE
8
Edge.Cuts
6
CONTINUOUS
10
112.9672539999999969
20
-146.0213349999999934
11
113.0370489999999961
21
-145.988443999999987
0
LINE
8
Edge.Cuts
6
CONTINUOUS
10
113.0370489999999961
20
-145.988443999999987
11
113.1068759999999997
21
-145.9556259999999952
0
LINE
8
Edge.Cuts
6
CONTINUOUS
10
113.1068759999999997
20
-145.9556259999999952
11
113.1767339999999962
21
-145.9228829999999846
0
LINE
8
Edge.Cuts
6
CONTINUOUS
10
113.1767339999999962
20
-145.9228829999999846
11
113.2466219999999879
21
-145.8902139999999861
0
LINE
8
Edge.Cuts
6
CONTINUOUS
10
113.2466219999999879
20
-145.8902139999999861
11
113.3165399999999892
21
-145.8576189999999997
0
LINE
8
Edge.Cuts
6
CONTINUOUS
10
113.3165399999999892
20
-145.8576189999999997
11
113.3864869999999883
21
-145.825097999999997
0
LINE
8
Edge.Cuts
6
CONTINUOUS
10
113.3864869999999883
20
-145.825097999999997
11
113.4564629999999994
21
-145.7926530000000014
0
LINE
8
Edge.Cuts
6
CONTINUOUS
10
113.4564629999999994
20
-145.7926530000000014
11
113.5264669999999967
21
-145.7602819999999895
0
LINE
8
Edge.Cuts
6
CONTINUOUS
10
113.5264669999999967
20
-145.7602819999999895
11
113.5964989999999943
21
-145.7279869999999846
0
LINE
8
Edge.Cuts
6
CONTINUOUS
10
113.5964989999999943
20
-145.7279869999999846
11
113.6665589999999924
21
-145.6957669999999894
0
LINE
8
Edge.Cuts
6
CONTINUOUS
10
113.6665589999999924
20
-145.6957669999999894
11
113.7366449999999958
21
-145.6636230000000012
0
LINE
8
Edge.Cuts
6
CONTINUOUS
10
113.7366449999999958
20
-145.6636230000000012
11
113.8067569999999904
21
-145.6315549999999917
0
LINE
8
Edge.Cuts
6
CONTINUOUS
10
113.8067569999999904
20
-145.6315549999999917
11
113.8768949999999904
21
-145.5995629999999892
0
LINE
8
Edge.Cuts
6
CONTINUOUS
10
113.8768949999999904
20
-145.5995629999999892
11
113.9470579999999984
21
-145.5676479999999913
0
LINE
8
Edge.Cuts
6
CONTINUOUS
10
113.9470579999999984
20
-145.5676479999999913
11
114.0172449999999884
21
-145.5358090000000004
0
LINE
8
Edge.Cuts
6
CONTINUOUS
10
114.0172449999999884
20
-145.5358090000000004
11
114.0874570000000006
21
-145.5040479999999832
0
LINE
8
Edge.Cuts
6
CONTINUOUS
10
114.0874570000000006
20
-145.5040479999999832
11
114.1576919999999973
21
-145.4723630000000014
0
LINE
8
Edge.Cuts
6
CONTINUOUS
10
114.1576919999999973
20
-145.4723630000000014
11
114.2279499999999928
21
-145.4407559999999933
0
LINE
8
Edge.Cuts
6
CONTINUOUS
10
114.2279499999999928
20
-145.4407559999999933
11
114.2982310000000012
21
-145.4092259999999897
0
LINE
8
Edge.Cuts
6
CONTINUOUS
10
114.2982310000000012
20
-145.4092259999999897
11
114.3685339999999968
21
-145.3777739999999881
0
LINE
8
Edge.Cuts
6
CONTINUOUS
10
114.3685339999999968
20
-145.3777739999999881
11
114.4388579999999962
21
-145.3463999999999885
0
LINE
8
Edge.Cuts
6
CONTINUOUS
10
114.4388579999999962
20
-145.3463999999999885
11
114.5092029999999994
21
-145.3151049999999884
0
LINE
8
Edge.Cuts
6
CONTINUOUS
10
114.5092029999999994
20
-145.3151049999999884
11
114.5795679999999948
21
-145.2838879999999904
0
LINE
8
Edge.Cuts
6
CONTINUOUS
10
114.5795679999999948
20
-145.2838879999999904
11
114.6499529999999965
21
-145.2527489999999943
0
LINE
8
Edge.Cuts
6
CONTINUOUS
10
114.6499529999999965
20
-145.2527489999999943
11
114.7203579999999903
21
-145.2216899999999953
0
LINE
8
Edge.Cuts
6
CONTINUOUS
10
114.7203579999999903
20
-145.2216899999999953
11
114.7907809999999955
21
-145.1907099999999957
0
LINE
8
Edge.Cuts
6
CONTINUOUS
10
114.7907809999999955
20
-145.1907099999999957
11
114.8612219999999979
21
-145.1598089999999956
0
LINE
8
Edge.Cuts
6
CONTINUOUS
10
114.8612219999999979
20
-145.1598089999999956
11
114.9316809999999975
21
-145.1289879999999926
0
LINE
8
Edge.Cuts
6
CONTINUOUS
10
114.9316809999999975
20
-145.1289879999999926
11
115.0021579999999943
21
-145.098245999999989
0
LINE
8
Edge.Cuts
6
CONTINUOUS
10
115.0021579999999943
20
-145.098245999999989
11
115.0726499999999959
21
-145.0675849999999798
0
LINE
8
Edge.Cuts
6
CONTINUOUS
10
115.0726499999999959
20
-145.0675849999999798
11
115.1431589999999971
21
-145.0370029999999986
0
LINE
8
Edge.Cuts
6
CONTINUOUS
10
115.1431589999999971
20
-145.0370029999999986
11
115.213682999999989
21
-145.0065029999999808
0
LINE
8
Edge.Cuts
6
CONTINUOUS
10
115.213682999999989
20
-145.0065029999999808
11
115.2842229999999972
21
-144.9760829999999885
0
LINE
8
Edge.Cuts
6
CONTINUOUS
10
115.2842229999999972
20
-144.9760829999999885
11
115.3547760000000011
21
-144.9457429999999931
0
LINE
8
Edge.Cuts
6
CONTINUOUS
10
115.3547760000000011
20
-144.9457429999999931
11
115.3900589999999937
21
-144.9306039999999882
0
LINE
8
Edge.Cuts
6
CONTINUOUS
10
115.3900589999999937
20
-144.9306039999999882
11
115.4253439999999955
21
-144.9154849999999897
0
LINE
8
Edge.Cuts
6
CONTINUOUS
10
115.4253439999999955
20
-144.9154849999999897
11
115.4606330000000014
21
-144.9003859999999975
0
LINE
8
Edge.Cuts
6
CONTINUOUS
10
115.4606330000000014
20
-144.9003859999999975
11
115.495923999999988
21
-144.8853090000000066
0
LINE
8
Edge.Cuts
6
CONTINUOUS
10
115.495923999999988
20
-144.8853090000000066
11
115.5312199999999905
21
-144.8702499999999986
0
LINE
8
Edge.Cuts
6
CONTINUOUS
10
115.5312199999999905
20
-144.8702499999999986
11
115.5665179999999879
21
-144.855212999999992
0
LINE
8
Edge.Cuts
6
CONTINUOUS
10
115.5665179999999879
20
-144.855212999999992
11
115.6018199999999894
21
-144.8401959999999917
0
LINE
8
Edge.Cuts
6
CONTINUOUS
10
115.6018199999999894
20
-144.8401959999999917
11
115.637124
21
-144.8251999999999953
0
LINE
8
Edge.Cuts
6
CONTINUOUS
10
115.637124
20
-144.8251999999999953
11
115.6724320000000006
21
-144.8102240000000052
0
LINE
8
Edge.Cuts
6
CONTINUOUS
10
115.6724320000000006
20
-144.8102240000000052
11
115.7077409999999986
21
-144.795267999999993
0
LINE
8
Edge.Cuts
6
CONTINUOUS
10
115.7077409999999986
20
-144.795267999999993
11
115.7430549999999982
21
-144.7803329999999846
0
LINE
8
Edge.Cuts
6
CONTINUOUS
10
115.7430549999999982
20
-144.7803329999999846
11
115.7783699999999953
21
-144.7654189999999801
0
LINE
8
Edge.Cuts
6
CONTINUOUS
10
115.7783699999999953
20
-144.7654189999999801
11
115.8136879999999991
21
-144.7505249999999819
0
LINE
8
Edge.Cuts
6
CONTINUOUS
10
115.8136879999999991
20
-144.7505249999999819
11
115.8490089999999952
21
-144.7356519999999875
0
LINE
8
Edge.Cuts
6
CONTINUOUS
10
115.8490089999999952
20
-144.7356519999999875
11
115.884332999999998
21
-144.7207989999999995
0
LINE
8
Edge.Cuts
6
CONTINUOUS
10
115.884332999999998
20
-144.7207989999999995
11
115.9196579999999983
21
-144.7059679999999844
0
LINE
8
Edge.Cuts
6
CONTINUOUS
10
115.9196579999999983
20
-144.7059679999999844
11
115.954985999999991
21
-144.6911560000000065
0
LINE
8
Edge.Cuts
6
CONTINUOUS
10
115.954985999999991
20
-144.6911560000000065
11
115.9903159999999929
21
-144.6763660000000016
0
LINE
8
Edge.Cuts
6
CONTINUOUS
10
115.9903159999999929
20
-144.6763660000000016
11
116.0256490000000014
21
-144.661596000000003
0
LINE
8
Edge.Cuts
6
CONTINUOUS
10
116.0256490000000014
20
-144.661596000000003
11
116.0609839999999906
21
-144.6468469999999797
0
LINE
8
Edge.Cuts
6
CONTINUOUS
10
116.0609839999999906
20
-144.6468469999999797
11
116.096320999999989
21
-144.6321189999999888
0
LINE
8
Edge.Cuts
6
CONTINUOUS
10
116.096320999999989
20
-144.6321189999999888
11
116.1316599999999966
21
-144.6174120000000016
0
LINE
8
Edge.Cuts
6
CONTINUOUS
10
116.1316599999999966
20
-144.6174120000000016
11
116.1670009999999991
21
-144.6027249999999924
0
LINE
8
Edge.Cuts
6
CONTINUOUS
10
116.1670009999999991
20
-144.6027249999999924
11
116.2023429999999991
21
-144.5880599999999845
0
LINE
8
Edge.Cuts
6
CONTINUOUS
10
116.2023429999999991
20
-144.5880599999999845
11
116.2376879999999915
21
-144.5734149999999829
0
LINE
8
Edge.Cuts
6
CONTINUOUS
10
116.2376879999999915
20
-144.5734149999999829
11
116.2730339999999956
21
-144.5587909999999852
0
LINE
8
Edge.Cuts
6
CONTINUOUS
10
116.2730339999999956
20
-144.5587909999999852
11
116.3083829999999921
21
-144.5441879999999912
0
LINE
8
Edge.Cuts
6
CONTINUOUS
10
116.3083829999999921
20
-144.5441879999999912
11
116.3437319999999886
21
-144.5296060000000011
0
LINE
8
Edge.Cuts
6
CONTINUOUS
10
116.3437319999999886
20
-144.5296060000000011
11
116.3790829999999943
21
-144.5150449999999864
0
LINE
8
Edge.Cuts
6
CONTINUOUS
10
116.3790829999999943
20
-144.5150449999999864
11
116.4144359999999949
21
-144.5005060000000014
0
LINE
8
Edge.Cuts
6
CONTINUOUS
10
116.4144359999999949
20
-144.5005060000000014
11
116.449789999999993
21
-144.4859869999999944
0
LINE
8
Edge.Cuts
6
CONTINUOUS
10
116.449789999999993
20
-144.4859869999999944
11
116.4851449999999886
21
-144.4714889999999912
0
LINE
8
Edge.Cuts
6
CONTINUOUS
10
116.4851449999999886
20
-144.4714889999999912
11
116.5205019999999934
21
-144.4570129999999892
0
LINE
8
Edge.Cuts
6
CONTINUOUS
10
116.5205019999999934
20
-144.4570129999999892
11
116.5558589999999981
21
-144.4425569999999936
0
LINE
8
Edge.Cuts
6
CONTINUOUS
10
116.5558589999999981
20
-144.4425569999999936
11
116.5912179999999978
21
-144.4281229999999994
0
LINE
8
Edge.Cuts
6
CONTINUOUS
10
116.5912179999999978
20
-144.4281229999999994
11
116.626577999999995
21
-144.4137099999999805
0
LINE
8
Edge.Cuts
6
CONTINUOUS
10
116.626577999999995
20
-144.4137099999999805
11
116.6619389999999896
21
-144.3993179999999938
0
LINE
8
Edge.Cuts
6
CONTINUOUS
10
116.6619389999999896
20
-144.3993179999999938
11
116.697300999999996
21
-144.3849469999999826
0
LINE
8
Edge.Cuts
6
CONTINUOUS
10
116.697300999999996
20
-144.3849469999999826
11
116.7326639999999998
21
-144.3705970000000036
0
LINE
8
Edge.Cuts
6
CONTINUOUS
10
116.7326639999999998
20
-144.3705970000000036
11
116.7680269999999894
21
-144.3562689999999975
0
LINE
8
Edge.Cuts
6
CONTINUOUS
10
116.7680269999999894
20
-144.3562689999999975
11
116.8033909999999906
21
-144.3419619999999952
0
LINE
8
Edge.Cuts
6
CONTINUOUS
10
116.8033909999999906
20
-144.3419619999999952
11
116.8387559999999894
21
-144.3276759999999967
0
LINE
8
Edge.Cuts
6
CONTINUOUS
10
116.8387559999999894
20
-144.3276759999999967
11
116.8741209999999882
21
-144.3134119999999996
0
LINE
8
Edge.Cuts
6
CONTINUOUS
10
116.8741209999999882
20
-144.3134119999999996
11
116.9094869999999986
21
-144.2991690000000062
0
LINE
8
Edge.Cuts
6
CONTINUOUS
10
116.9094869999999986
20
-144.2991690000000062
11
116.9448539999999923
21
-144.2849479999999858
0
LINE
8
Edge.Cuts
6
CONTINUOUS
10
116.9448539999999923
20
-144.2849479999999858
11
116.9802199999999885
21
-144.2707479999999975
0
LINE
8
Edge.Cuts
6
CONTINUOUS
10
116.9802199999999885
20
-144.2707479999999975
11
117.0155869999999965
21
-144.2565689999999847
0
LINE
8
Edge.Cuts
6
CONTINUOUS
10
117.0155869999999965
20
-144.2565689999999847
11
117.0509539999999902
21
-144.2424120000000016
0
LINE
8
Edge.Cuts
6
CONTINUOUS
10
117.0509539999999902
20
-144.2424120000000016
11
117.0863209999999981
21
-144.2282759999999939
0
LINE
8
Edge.Cuts
6
CONTINUOUS
10
117.0863209999999981
20
-144.2282759999999939
11
117.1216889999999893
21
-144.2141619999999875
0
LINE
8
Edge.Cuts
6
CONTINUOUS
10
117.1216889999999893
20
-144.2141619999999875
11
117.1570559999999972
21
-144.200068999999985
0
LINE
8
Edge.Cuts
6
CONTINUOUS
10
117.1570559999999972
20
-144.200068999999985
11
117.1924229999999909
21
-144.1859979999999837
0
LINE
8
Edge.Cuts
6
CONTINUOUS
10
117.1924229999999909
20
-144.1859979999999837
11
117.2277899999999988
21
-144.1719479999999862
0
LINE
8
Edge.Cuts
6
CONTINUOUS
10
117.2277899999999988
20
-144.1719479999999862
11
117.2631569999999925
21
-144.1579199999999901
0
LINE
8
Edge.Cuts
6
CONTINUOUS
10
117.2631569999999925
20
-144.1579199999999901
11
117.2985240000000005
21
-144.1439139999999952
0
LINE
8
Edge.Cuts
6
CONTINUOUS
10
117.2985240000000005
20
-144.1439139999999952
11
117.3338899999999967
21
-144.1299290000000042
0
LINE
8
Edge.Cuts
6
CONTINUOUS
10
117.3338899999999967
20
-144.1299290000000042
11
117.3692559999999929
21
-144.115965999999986
0
LINE
8
Edge.Cuts
6
CONTINUOUS
10
117.3692559999999929
20
-144.115965999999986
11
117.4046219999999892
21
-144.1020249999999976
0
LINE
8
Edge.Cuts
6
CONTINUOUS
10
117.4046219999999892
20
-144.1020249999999976
11
117.4399859999999904
21
-144.0881049999999846
0
LINE
8
Edge.Cuts
6
CONTINUOUS
10
117.4399859999999904
20
-144.0881049999999846
11
117.4753509999999892
21
-144.0742070000000012
0
LINE
8
Edge.Cuts
6
CONTINUOUS
10
117.4753509999999892
20
-144.0742070000000012
11
117.510713999999993
21
-144.0603309999999908
0
LINE
8
Edge.Cuts
6
CONTINUOUS
10
117.510713999999993
20
-144.0603309999999908
11
117.5460769999999968
21
-144.0464769999999817
0
LINE
8
Edge.Cuts
6
CONTINUOUS
10
117.5460769999999968
20
-144.0464769999999817
11
117.5814389999999889
21
-144.0326440000000048
0
LINE
8
Edge.Cuts
6
CONTINUOUS
10
117.5814389999999889
20
-144.0326440000000048
11
117.6167999999999978
21
-144.0188330000000008
0
LINE
8
Edge.Cuts
6
CONTINUOUS
10
117.6167999999999978
20
-144.0188330000000008
11
117.652159999999995
21
-144.0050449999999955
0
LINE
8
Edge.Cuts
6
CONTINUOUS
10
117.652159999999995
20
-144.0050449999999955
11
117.6875189999999947
21
-143.9912769999999966
0
LINE
8
Edge.Cuts
6
CONTINUOUS
10
117.6875189999999947
20
-143.9912769999999966
11
117.7228759999999994
21
-143.9775319999999965
0
LINE
8
Edge.Cuts
6
CONTINUOUS
10
117.7228759999999994
20
-143.9775319999999965
11
117.7582340000000016
21
-143.9638089999999977
0
LINE
8
Edge.Cuts
6
CONTINUOUS
10
117.7582340000000016
20
-143.9638089999999977
11
117.7935889999999972
21
-143.9501080000000002
0
LINE
8
Edge.Cuts
6
CONTINUOUS
10
117.7935889999999972
20
-143.9501080000000002
11
117.8289429999999953
21
-143.936429000000004
0
LINE
8
Edge.Cuts
6
CONTINUOUS
10
117.8289429999999953
20
-143.936429000000004
11
117.8642949999999985
21
-143.9227709999999831
0
LINE
8
Edge.Cuts
6
CONTINUOUS
10
117.8642949999999985
20
-143.9227709999999831
11
117.8996470000000016
21
-143.9091359999999895
0
LINE
8
Edge.Cuts
6
CONTINUOUS
10
117.8996470000000016
20
-143.9091359999999895
11
117.9349959999999982
21
-143.8955229999999972
0
LINE
8
Edge.Cuts
6
CONTINUOUS
10
117.9349959999999982
20
-143.8955229999999972
11
117.9703449999999947
21
-143.8819320000000062
0
LINE
8
Edge.Cuts
6
CONTINUOUS
10
117.9703449999999947
20
-143.8819320000000062
11
118.0056909999999988
21
-143.868362999999988
0
LINE
8
Edge.Cuts
6
CONTINUOUS
10
118.0056909999999988
20
-143.868362999999988
11
118.0410359999999912
21
-143.8548150000000021
0
LINE
8
Edge.Cuts
6
CONTINUOUS
10
118.0410359999999912
20
-143.8548150000000021
11
118.0763779999999912
21
-143.841290999999984
0
LINE
8
Edge.Cuts
6
CONTINUOUS
10
118.0763779999999912
20
-143.841290999999984
11
118.1117199999999912
21
-143.8277879999999982
0
LINE
8
Edge.Cuts
6
CONTINUOUS
10
118.1117199999999912
20
-143.8277879999999982
11
118.1470580000000012
21
-143.8143069999999852
0
LINE
8
Edge.Cuts
6
CONTINUOUS
10
118.1470580000000012
20
-143.8143069999999852
11
118.1823959999999971
21
-143.800848000000002
0
LINE
8
Edge.Cuts
6
CONTINUOUS
10
118.1823959999999971
20
-143.800848000000002
11
118.2177299999999889
21
-143.7874119999999891
0
LINE
8
Edge.Cuts
6
CONTINUOUS
10
118.2177299999999889
20
-143.7874119999999891
11
118.2530629999999974
21
-143.773998000000006
0
LINE
8
Edge.Cuts
6
CONTINUOUS
10
118.2530629999999974
20
-143.773998000000006
11
118.2883929999999992
21
-143.7606069999999931
0
LINE
8
Edge.Cuts
6
CONTINUOUS
10
118.2883929999999992
20
-143.7606069999999931
11
118.3237219999999894
21
-143.7472369999999842
0
LINE
8
Edge.Cuts
6
CONTINUOUS
10
118.3237219999999894
20
-143.7472369999999842
11
118.3590469999999897
21
-143.7338900000000024
0
LINE
8
Edge.Cuts
6
CONTINUOUS
10
118.3590469999999897
20
-143.7338900000000024
11
118.3943709999999925
21
-143.7205649999999935
0
LINE
8
Edge.Cuts
6
CONTINUOUS
10
118.3943709999999925
20
-143.7205649999999935
11
118.4296909999999912
21
-143.7072619999999858
0
LINE
8
Edge.Cuts
6
CONTINUOUS
10
118.4296909999999912
20
-143.7072619999999858
11
118.4650099999999924
21
-143.6939820000000054
0
LINE
8
Edge.Cuts
6
CONTINUOUS
10
118.4650099999999924
20
-143.6939820000000054
11
118.5003249999999895
21
-143.6807239999999979
0
LINE
8
Edge.Cuts
6
CONTINUOUS
10
118.5003249999999895
20
-143.6807239999999979
11
118.5356379999999916
21
-143.6674879999999916
0
LINE
8
Edge.Cuts
6
CONTINUOUS
10
118.5356379999999916
20
-143.6674879999999916
11
118.5709480000000013
21
-143.6542749999999842
0
LINE
8
Edge.Cuts
6
CONTINUOUS
10
118.5709480000000013
20
-143.6542749999999842
11
118.6062549999999902
21
-143.6410840000000064
0
LINE
8
Edge.Cuts
6
CONTINUOUS
10
118.6062549999999902
20
-143.6410840000000064
11
118.6415590000000009
21
-143.627915999999999
0
LINE
8
Edge.Cuts
6
CONTINUOUS
10
118.6415590000000009
20
-143.627915999999999
11
118.6768609999999882
21
-143.6147699999999929
0
LINE
8
Edge.Cuts
6
CONTINUOUS
10
118.6768609999999882
20
-143.6147699999999929
11
118.7121579999999881
21
-143.6016469999999856
0
LINE
8
Edge.Cuts
6
CONTINUOUS
10
118.7121579999999881
20
-143.6016469999999856
11
118.7474539999999905
21
-143.5885459999999796
0
LINE
8
Edge.Cuts
6
CONTINUOUS
10
118.7474539999999905
20
-143.5885459999999796
11
118.7827449999999914
21
-143.5754680000000008
0
LINE
8
Edge.Cuts
6
CONTINUOUS
10
118.7827449999999914
20
-143.5754680000000008
11
118.8180339999999973
21
-143.5624119999999948
0
LINE
8
Edge.Cuts
6
CONTINUOUS
10
118.8180339999999973
20
-143.5624119999999948
11
118.8533180000000016
21
-143.5493789999999876
0
LINE
8
Edge.Cuts
6
CONTINUOUS
10
118.8533180000000016
20
-143.5493789999999876
11
118.8886009999999942
21
-143.5363690000000076
0
LINE
8
Edge.Cuts
6
CONTINUOUS
10
118.8886009999999942
20
-143.5363690000000076
11
118.9238779999999878
21
-143.5233810000000005
0
LINE
8
Edge.Cuts
6
CONTINUOUS
10
118.9238779999999878
20
-143.5233810000000005
11
118.9591539999999981
21
-143.5104149999999947
0
LINE
8
Edge.Cuts
6
CONTINUOUS
10
118.9591539999999981
20
-143.5104149999999947
11
118.9944239999999951
21
-143.4974729999999852
0
LINE
8
Edge.Cuts
6
CONTINUOUS
10
118.9944239999999951
20
-143.4974729999999852
11
119.0296919999999972
21
-143.4845530000000053
0
LINE
8
Edge.Cuts
6
CONTINUOUS
10
119.0296919999999972
20
-143.4845530000000053
11
119.0649540000000002
21
-143.4716559999999959
0
LINE
8
Edge.Cuts
6
CONTINUOUS
10
119.0649540000000002
20
-143.4716559999999959
11
119.1002149999999915
21
-143.4587809999999877
0
LINE
8
Edge.Cuts
6
CONTINUOUS
10
119.1002149999999915
20
-143.4587809999999877
11
119.1354690000000005
21
-143.4459290000000067
0
LINE
8
Edge.Cuts
6
CONTINUOUS
10
119.1354690000000005
20
-143.4459290000000067
11
119.1707219999999978
21
-143.433099999999996
0
LINE
8
Edge.Cuts
6
CONTINUOUS
10
119.1707219999999978
20
-143.433099999999996
11
119.2059689999999961
21
-143.4202939999999842
0
LINE
8
Edge.Cuts
6
CONTINUOUS
10
119.2059689999999961
20
-143.4202939999999842
11
119.2412129999999877
21
-143.407510000000002
0
LINE
8
Edge.Cuts
6
CONTINUOUS
10
119.2412129999999877
20
-143.407510000000002
11
119.2764509999999945
21
-143.3947489999999902
0
LINE
8
Edge.Cuts
6
CONTINUOUS
10
119.2764509999999945
20
-143.3947489999999902
11
119.3116869999999921
21
-143.3820110000000057
0
LINE
8
Edge.Cuts
6
CONTINUOUS
10
119.3116869999999921
20
-143.3820110000000057
11
119.3469169999999906
21
-143.3692959999999914
0
LINE
8
Edge.Cuts
6
CONTINUOUS
10
119.3469169999999906
20
-143.3692959999999914
11
119.3821439999999967
21
-143.3566030000000069
0
LINE
8
Edge.Cuts
6
CONTINUOUS
10
119.3821439999999967
20
-143.3566030000000069
11
119.4173649999999895
21
-143.3439339999999902
0
LINE
8
Edge.Cuts
6
CONTINUOUS
10
119.4173649999999895
20
-143.3439339999999902
11
119.45258299999999
21
-143.3312870000000032
0
LINE
8
Edge.Cuts
6
CONTINUOUS
10
119.45258299999999
20
-143.3312870000000032
11
119.4877949999999913
21
-143.3186639999999841
0
LINE
8
Edge.Cuts
6
CONTINUOUS
10
119.4877949999999913
20
-143.3186639999999841
11
119.5230040000000002
21
-143.3060629999999946
0
LINE
8
Edge.Cuts
6
CONTINUOUS
10
119.5230040000000002
20
-143.3060629999999946
11
119.5582059999999984
21
-143.2934860000000015
0
LINE
8
Edge.Cuts
6
CONTINUOUS
10
119.5582059999999984
20
-143.2934860000000015
11
119.59340499999999
21
-143.2809299999999837
0
LINE
8
Edge.Cuts
6
CONTINUOUS
10
119.59340499999999
20
-143.2809299999999837
11
119.6285969999999992
21
-143.2683989999999881
0
LINE
8
Edge.Cuts
6
CONTINUOUS
10
119.6285969999999992
20
-143.2683989999999881
11
119.6637869999999992
21
-143.2558899999999937
0
LINE
8
Edge.Cuts
6
CONTINUOUS
10
119.6637869999999992
20
-143.2558899999999937
11
119.6989689999999911
21
-143.2434039999999982
0
LINE
8
Edge.Cuts
6
CONTINUOUS
10
119.6989689999999911
20
-143.2434039999999982
11
119.734148999999988
21
-143.2309410000000014
0
LINE
8
Edge.Cuts
6
CONTINUOUS
10
119.734148999999988
20
-143.2309410000000014
11
119.7693209999999908
21
-143.2185020000000009
0
LINE
8
Edge.Cuts
6
CONTINUOUS
10
119.7693209999999908
20
-143.2185020000000009
11
119.8044900000000013
21
-143.2060850000000016
0
LINE
8
Edge.Cuts
6
CONTINUOUS
10
119.8044900000000013
20
-143.2060850000000016
11
119.8396509999999893
21
-143.1936919999999986
0
LINE
8
Edge.Cuts
6
CONTINUOUS
10
119.8396509999999893
20
-143.1936919999999986
11
119.8748089999999991
21
-143.181320999999997
0
LINE
8
Edge.Cuts
6
CONTINUOUS
10
119.8748089999999991
20
-143.181320999999997
11
119.9099599999999981
21
-143.1689739999999915
0
LINE
8
Edge.Cuts
6
CONTINUOUS
10
119.9099599999999981
20
-143.1689739999999915
11
119.945106999999993
21
-143.1566489999999874
0
LINE
8
Edge.Cuts
6
CONTINUOUS
10
119.945106999999993
20
-143.1566489999999874
11
119.980245999999994
21
-143.1443490000000054
0
LINE
8
Edge.Cuts
6
CONTINUOUS
10
119.980245999999994
20
-143.1443490000000054
11
120.0153829999999999
21
-143.1320699999999988
0
LINE
8
Edge.Cuts
6
CONTINUOUS
10
120.0153829999999999
20
-143.1320699999999988
11
120.0505099999999885
21
-143.1198159999999859
0
LINE
8
Edge.Cuts
6
CONTINUOUS
10
120.0505099999999885
20
-143.1198159999999859
11
120.0856349999999964
21
-143.1075840000000028
0
LINE
8
Edge.Cuts
6
CONTINUOUS
10
120.0856349999999964
20
-143.1075840000000028
11
120.1207509999999985
21
-143.0953769999999849
0
LINE
8
Edge.Cuts
6
CONTINUOUS
10
120.1207509999999985
20
-143.0953769999999849
11
120.155863999999994
21
-143.0831909999999993
0
LINE
8
Edge.Cuts
6
CONTINUOUS
10
120.155863999999994
20
-143.0831909999999993
11
120.190967999999998
21
-143.0710300000000075
0
LINE
8
Edge.Cuts
6
CONTINUOUS
10
120.190967999999998
20
-143.0710300000000075
11
120.2260689999999954
21
-143.0588909999999885
0
LINE
8
Edge.Cuts
6
CONTINUOUS
10
120.2260689999999954
20
-143.0588909999999885
11
120.2611610000000013
21
-143.0467759999999942
0
LINE
8
Edge.Cuts
6
CONTINUOUS
10
120.2611610000000013
20
-143.0467759999999942
11
120.2962500000000006
21
-143.0346839999999986
0
LINE
8
Edge.Cuts
6
CONTINUOUS
10
120.2962500000000006
20
-143.0346839999999986
11
120.3313289999999967
21
-143.0226159999999993
0
LINE
8
Edge.Cuts
6
CONTINUOUS
10
120.3313289999999967
20
-143.0226159999999993
11
120.3664050000000003
21
-143.0105700000000013
0
LINE
8
Edge.Cuts
6
CONTINUOUS
10
120.3664050000000003
20
-143.0105700000000013
11
120.4014710000000008
21
-142.998548999999997
0
LINE
8
Edge.Cuts
6
CONTINUOUS
10
120.4014710000000008
20
-142.998548999999997
11
120.4365339999999946
21
-142.986549999999994
0
LINE
8
Edge.Cuts
6
CONTINUOUS
10
120.4365339999999946
20
-142.986549999999994
11
120.471587999999997
21
-142.9745749999999873
0
LINE
8
Edge.Cuts
6
CONTINUOUS
10
120.471587999999997
20
-142.9745749999999873
11
120.5066369999999978
21
-142.9626229999999794
0
LINE
8
Edge.Cuts
6
CONTINUOUS
10
120.5066369999999978
20
-142.9626229999999794
11
120.5416769999999929
21
-142.9506949999999961
0
LINE
8
Edge.Cuts
6
CONTINUOUS
10
120.5416769999999929
20
-142.9506949999999961
11
120.5767139999999955
21
-142.9387899999999831
0
LINE
8
Edge.Cuts
6
CONTINUOUS
10
120.5767139999999955
20
-142.9387899999999831
11
120.6117399999999975
21
-142.9269089999999949
0
LINE
8
Edge.Cuts
6
CONTINUOUS
10
120.6117399999999975
20
-142.9269089999999949
11
120.6467629999999929
21
-142.9150499999999795
0
LINE
8
Edge.Cuts
6
CONTINUOUS
10
120.6467629999999929
20
-142.9150499999999795
11
120.6817749999999876
21
-142.9032159999999863
0
LINE
8
Edge.Cuts
6
CONTINUOUS
10
120.6817749999999876
20
-142.9032159999999863
11
120.7167839999999899
21
-142.8914049999999918
0
LINE
8
Edge.Cuts
6
CONTINUOUS
10
120.7167839999999899
20
-142.8914049999999918
11
120.7517819999999915
21
-142.8796179999999936
0
LINE
8
Edge.Cuts
6
CONTINUOUS
10
120.7517819999999915
20
-142.8796179999999936
11
120.7867770000000007
21
-142.8678539999999941
0
LINE
8
Edge.Cuts
6
CONTINUOUS
10
120.7867770000000007
20
-142.8678539999999941
11
120.8217599999999976
21
-142.8561139999999909
0
LINE
8
Edge.Cuts
6
CONTINUOUS
10
120.8217599999999976
20
-142.8561139999999909
11
120.8567399999999878
21
-142.844395999999989
0
LINE
8
Edge.Cuts
6
CONTINUOUS
10
120.8567399999999878
20
-142.844395999999989
11
120.8917089999999916
21
-142.8327040000000068
0
LINE
8
Edge.Cuts
6
CONTINUOUS
10
120.8917089999999916
20
-142.8327040000000068
11
120.9266739999999913
21
-142.8210329999999999
0
LINE
8
Edge.Cuts
6
CONTINUOUS
10
120.9266739999999913
20
-142.8210329999999999
11
120.9616279999999904
21
-142.8093879999999842
0
LINE
8
Edge.Cuts
6
CONTINUOUS
10
120.9616279999999904
20
-142.8093879999999842
11
120.9965779999999995
21
-142.7977649999999983
0
LINE
8
Edge.Cuts
6
CONTINUOUS
10
120.9965779999999995
20
-142.7977649999999983
11
121.0315169999999938
21
-142.7861659999999802
0
LINE
8
Edge.Cuts
6
CONTINUOUS
10
121.0315169999999938
20
-142.7861659999999802
11
121.0664519999999982
21
-142.7745909999999867
0
LINE
8
Edge.Cuts
6
CONTINUOUS
10
121.0664519999999982
20
-142.7745909999999867
11
121.1013749999999902
21
-142.7630399999999895
0
LINE
8
Edge.Cuts
6
CONTINUOUS
10
121.1013749999999902
20
-142.7630399999999895
11
121.1362939999999924
21
-142.7515109999999936
0
LINE
8
Edge.Cuts
6
CONTINUOUS
10
121.1362939999999924
20
-142.7515109999999936
11
121.1712009999999964
21
-142.7400079999999889
0
LINE
8
Edge.Cuts
6
CONTINUOUS
10
121.1712009999999964
20
-142.7400079999999889
11
121.2061039999999963
21
-142.728525999999988
0
LINE
8
Edge.Cuts
6
CONTINUOUS
10
121.2061039999999963
20
-142.728525999999988
11
121.2409949999999981
21
-142.7170700000000068
0
LINE
8
Edge.Cuts
6
CONTINUOUS
10
121.2409949999999981
20
-142.7170700000000068
11
121.2758819999999957
21
-142.7056359999999984
0
LINE
8
Edge.Cuts
6
CONTINUOUS
10
121.2758819999999957
20
-142.7056359999999984
11
121.3107569999999953
21
-142.6942279999999812
0
LINE
8
Edge.Cuts
6
CONTINUOUS
10
121.3107569999999953
20
-142.6942279999999812
11
121.3456279999999907
21
-142.6828419999999937
0
LINE
8
Edge.Cuts
6
CONTINUOUS
10
121.3456279999999907
20
-142.6828419999999937
11
121.3804859999999906
21
-142.6714800000000025
0
LINE
8
Edge.Cuts
6
CONTINUOUS
10
121.3804859999999906
20
-142.6714800000000025
11
121.4153389999999888
21
-142.6601420000000076
0
LINE
8
Edge.Cuts
6
CONTINUOUS
10
121.4153389999999888
20
-142.6601420000000076
11
121.4501810000000006
21
-142.6488279999999804
0
LINE
8
Edge.Cuts
6
CONTINUOUS
10
121.4501810000000006
20
-142.6488279999999804
11
121.4850169999999991
21
-142.6375369999999805
0
LINE
8
Edge.Cuts
6
CONTINUOUS
10
121.4850169999999991
20
-142.6375369999999805
11
121.5198409999999996
21
-142.6262710000000027
0
LINE
8
Edge.Cuts
6
CONTINUOUS
10
121.5198409999999996
20
-142.6262710000000027
11
121.5546609999999959
21
-142.6150269999999978
0
LINE
8
Edge.Cuts
6
CONTINUOUS
10
121.5546609999999959
20
-142.6150269999999978
11
121.5894669999999991
21
-142.6038089999999841
0
LINE
8
Edge.Cuts
6
CONTINUOUS
10
121.5894669999999991
20
-142.6038089999999841
11
121.6242689999999982
21
-142.5926130000000001
0
LINE
8
Edge.Cuts
6
CONTINUOUS
10
121.6242689999999982
20
-142.5926130000000001
11
121.6590579999999875
21
-142.5814430000000073
0
LINE
8
Edge.Cuts
6
CONTINUOUS
10
121.6590579999999875
20
-142.5814430000000073
11
121.6938419999999894
21
-142.5702949999999873
0
LINE
8
Edge.Cuts
6
CONTINUOUS
10
121.6938419999999894
20
-142.5702949999999873
11
121.7286129999999957
21
-142.5591719999999896
0
LINE
8
Edge.Cuts
6
CONTINUOUS
10
121.7286129999999957
20
-142.5591719999999896
11
121.7633790000000005
21
-142.5480719999999906
0
LINE
8
Edge.Cuts
6
CONTINUOUS
10
121.7633790000000005
20
-142.5480719999999906
11
121.7981319999999954
21
-142.5369969999999853
0
LINE
8
Edge.Cuts
6
CONTINUOUS
10
121.7981319999999954
20
-142.5369969999999853
11
121.8328789999999913
21
-142.5259439999999813
0
LINE
8
Edge.Cuts
6
CONTINUOUS
10
121.8328789999999913
20
-142.5259439999999813
11
121.8676129999999915
21
-142.514916999999997
0
LINE
8
Edge.Cuts
6
CONTINUOUS
10
121.8676129999999915
20
-142.514916999999997
11
121.9023429999999877
21
-142.503912999999983
0
LINE
8
Edge.Cuts
6
CONTINUOUS
10
121.9023429999999877
20
-142.503912999999983
11
121.9370579999999933
21
-142.4929339999999911
0
LINE
8
Edge.Cuts
6
CONTINUOUS
10
121.9370579999999933
20
-142.4929339999999911
11
121.9717679999999973
21
-142.4819770000000005
0
LINE
8
Edge.Cuts
6
CONTINUOUS
10
121.9717679999999973
20
-142.4819770000000005
11
122.006463999999994
21
-142.4710460000000012
0
LINE
8
Edge.Cuts
6
CONTINUOUS
10
122.006463999999994
20
-142.4710460000000012
11
122.0411549999999892
21
-142.4601370000000031
0
LINE
8
Edge.Cuts
6
CONTINUOUS
10
122.0411549999999892
20
-142.4601370000000031
11
122.0758319999999912
21
-142.4492539999999963
0
LINE
8
Edge.Cuts
6
CONTINUOUS
10
122.0758319999999912
20
-142.4492539999999963
11
122.1105039999999917
21
-142.4383939999999882
0
LINE
8
Edge.Cuts
6
CONTINUOUS
10
122.1105039999999917
20
-142.4383939999999882
11
122.1451609999999874
21
-142.4275580000000048
0
LINE
8
Edge.Cuts
6
CONTINUOUS
10
122.1451609999999874
20
-142.4275580000000048
11
122.1798129999999958
21
-142.4167459999999892
0
LINE
8
Edge.Cuts
6
CONTINUOUS
10
122.1798129999999958
20
-142.4167459999999892
11
122.2144499999999994
21
-142.4059589999999957
0
LINE
8
Edge.Cuts
6
CONTINUOUS
10
122.2144499999999994
20
-142.4059589999999957
11
122.2490820000000014
21
-142.3951950000000011
0
LINE
8
Edge.Cuts
6
CONTINUOUS
10
122.2490820000000014
20
-142.3951950000000011
11
122.2836989999999986
21
-142.3844560000000001
0
LINE
8
Edge.Cuts
6
CONTINUOUS
10
122.2836989999999986
20
-142.3844560000000001
11
122.3183109999999942
21
-142.373739999999998
0
LINE
8
Edge.Cuts
6
CONTINUOUS
10
122.3183109999999942
20
-142.373739999999998
11
122.3529079999999993
21
-142.3630489999999895
0
LINE
8
Edge.Cuts
6
CONTINUOUS
10
122.3529079999999993
20
-142.3630489999999895
11
122.3874989999999912
21
-142.3523809999999798
0
LINE
8
Edge.Cuts
6
CONTINUOUS
10
122.3874989999999912
20
-142.3523809999999798
11
122.4220759999999899
21
-142.3417389999999898
0
LINE
8
Edge.Cuts
6
CONTINUOUS
10
122.4220759999999899
20
-142.3417389999999898
11
122.4566459999999921
21
-142.3311190000000011
0
LINE
8
Edge.Cuts
6
CONTINUOUS
10
122.4566459999999921
20
-142.3311190000000011
11
122.4912009999999896
21
-142.3205250000000035
0
LINE
8
Edge.Cuts
6
CONTINUOUS
10
122.4912009999999896
20
-142.3205250000000035
11
122.5257509999999996
21
-142.3099530000000073
0
LINE
8
Edge.Cuts
6
CONTINUOUS
10
122.5257509999999996
20
-142.3099530000000073
11
122.5602849999999933
21
-142.2994070000000022
0
LINE
8
Edge.Cuts
6
CONTINUOUS
10
122.5602849999999933
20
-142.2994070000000022
11
122.5948129999999878
21
-142.2888839999999959
0
LINE
8
Edge.Cuts
6
CONTINUOUS
10
122.5948129999999878
20
-142.2888839999999959
11
122.6293259999999918
21
-142.2783869999999808
0
LINE
8
Edge.Cuts
6
CONTINUOUS
10
122.6293259999999918
20
-142.2783869999999808
11
122.6638329999999968
21
-142.2679119999999955
0
LINE
8
Edge.Cuts
6
CONTINUOUS
10
122.6638329999999968
20
-142.2679119999999955
11
122.6983239999999995
21
-142.2574630000000013
0
LINE
8
Edge.Cuts
6
CONTINUOUS
10
122.6983239999999995
20
-142.2574630000000013
11
122.7328089999999889
21
-142.2470370000000059
0
LINE
8
Edge.Cuts
6
CONTINUOUS
10
122.7328089999999889
20
-142.2470370000000059
11
122.7672779999999904
21
-142.2366360000000043
0
LINE
8
Edge.Cuts
6
CONTINUOUS
10
122.7672779999999904
20
-142.2366360000000043
11
122.8017409999999927
21
-142.2262580000000014
0
LINE
8
Edge.Cuts
6
CONTINUOUS
10
122.8017409999999927
20
-142.2262580000000014
11
122.8361869999999954
21
-142.2159059999999897
0
LINE
8
Edge.Cuts
6
CONTINUOUS
10
122.8361869999999954
20
-142.2159059999999897
11
122.8706279999999964
21
-142.2055770000000052
0
LINE
8
Edge.Cuts
6
CONTINUOUS
10
122.8706279999999964
20
-142.2055770000000052
11
122.9050519999999977
21
-142.195272999999986
0
LINE
8
Edge.Cuts
6
CONTINUOUS
10
122.9050519999999977
20
-142.195272999999986
11
122.93947
21
-142.1849919999999941
0
LINE
8
Edge.Cuts
6
CONTINUOUS
10
122.93947
20
-142.1849919999999941
11
122.9738720000000001
21
-142.1747369999999933
0
LINE
8
Edge.Cuts
6
CONTINUOUS
10
122.9738720000000001
20
-142.1747369999999933
11
123.0082669999999894
21
-142.1645049999999912
0
LINE
8
Edge.Cuts
6
CONTINUOUS
10
123.0082669999999894
20
-142.1645049999999912
11
123.0426449999999932
21
-142.1542979999999829
0
LINE
8
Edge.Cuts
6
CONTINUOUS
10
123.0426449999999932
20
-142.1542979999999829
11
123.0770169999999979
21
-142.1441149999999993
0
LINE
8
Edge.Cuts
6
CONTINUOUS
10
123.0770169999999979
20
-142.1441149999999993
11
123.1113730000000004
21
-142.133956999999981
0
LINE
8
Edge.Cuts
6
CONTINUOUS
10
123.1113730000000004
20
-142.133956999999981
11
123.1457209999999947
21
-142.1238219999999899
0
LINE
8
Edge.Cuts
6
CONTINUOUS
10
123.1457209999999947
20
-142.1238219999999899
11
123.1800530000000009
21
-142.11371299999999
0
LINE
8
Edge.Cuts
6
CONTINUOUS
10
123.1800530000000009
20
-142.11371299999999
11
123.2143779999999964
21
-142.1036259999999913
0
LINE
8
Edge.Cuts
6
CONTINUOUS
10
123.2143779999999964
20
-142.1036259999999913
11
123.2486859999999922
21
-142.0935659999999814
0
LINE
8
Edge.Cuts
6
CONTINUOUS
10
123.2486859999999922
20
-142.0935659999999814
11
123.2829879999999889
21
-142.0835280000000012
0
LINE
8
Edge.Cuts
6
CONTINUOUS
10
123.2829879999999889
20
-142.0835280000000012
11
123.317270999999991
21
-142.0735159999999837
0
LINE
8
Edge.Cuts
6
CONTINUOUS
10
123.317270999999991
20
-142.0735159999999837
11
123.3515489999999915
21
-142.0635269999999934
0
LINE
8
Edge.Cuts
6
CONTINUOUS
10
123.3515489999999915
20
-142.0635269999999934
11
123.3858079999999973
21
-142.0535639999999944
0
LINE
8
Edge.Cuts
6
CONTINUOUS
10
123.3858079999999973
20
-142.0535639999999944
11
123.4200609999999898
21
-142.0436239999999941
0
LINE
8
Edge.Cuts
6
CONTINUOUS
10
123.4200609999999898
20
-142.0436239999999941
11
123.4542959999999994
21
-142.033709999999985
0
LINE
8
Edge.Cuts
6
CONTINUOUS
10
123.4542959999999994
20
-142.033709999999985
11
123.4885239999999982
21
-142.0238180000000057
0
LINE
8
Edge.Cuts
6
CONTINUOUS
10
123.4885239999999982
20
-142.0238180000000057
11
123.5227349999999973
21
-142.0139529999999866
0
LINE
8
Edge.Cuts
6
CONTINUOUS
10
123.5227349999999973
20
-142.0139529999999866
11
123.5569379999999882
21
-142.0041099999999972
0
LINE
8
Edge.Cuts
6
CONTINUOUS
10
123.5569379999999882
20
-142.0041099999999972
11
123.5911229999999961
21
-141.9942939999999965
0
LINE
8
Edge.Cuts
6
CONTINUOUS
10
123.5911229999999961
20
-141.9942939999999965
11
123.6253009999999932
21
-141.984499999999997
0
LINE
8
Edge.Cuts
6
CONTINUOUS
10
123.6253009999999932
20
-141.984499999999997
11
123.6594609999999932
21
-141.9747319999999888
0
LINE
8
Edge.Cuts
6
CONTINUOUS
10
123.6594609999999932
20
-141.9747319999999888
11
123.6936139999999966
21
-141.9649869999999794
0
LINE
8
Edge.Cuts
6
CONTINUOUS
10
123.6936139999999966
20
-141.9649869999999794
11
123.7277479999999912
21
-141.955268999999987
0
LINE
8
Edge.Cuts
6
CONTINUOUS
10
123.7277479999999912
20
-141.955268999999987
11
123.7618760000000009
21
-141.945572999999996
0
LINE
8
Edge.Cuts
6
CONTINUOUS
10
123.7618760000000009
20
-141.945572999999996
11
123.79598399999999
21
-141.9359029999999962
0
LINE
8
Edge.Cuts
6
CONTINUOUS
10
123.79598399999999
20
-141.9359029999999962
11
123.8300859999999943
21
-141.9262559999999951
0
LINE
8
Edge.Cuts
6
CONTINUOUS
10
123.8300859999999943
20
-141.9262559999999951
11
123.8641679999999923
21
-141.9166349999999852
0
LINE
8
Edge.Cuts
6
CONTINUOUS
10
123.8641679999999923
20
-141.9166349999999852
11
123.8982429999999937
21
-141.9070370000000025
0
LINE
8
Edge.Cuts
6
CONTINUOUS
10
123.8982429999999937
20
-141.9070370000000025
11
123.9322990000000004
21
-141.8974649999999826
0
LINE
8
Edge.Cuts
6
CONTINUOUS
10
123.9322990000000004
20
-141.8974649999999826
11
123.9663479999999964
21
-141.8879149999999925
0
LINE
8
Edge.Cuts
6
CONTINUOUS
10
123.9663479999999964
20
-141.8879149999999925
11
124.0003779999999978
21
-141.8783929999999884
0
LINE
8
Edge.Cuts
6
CONTINUOUS
10
124.0003779999999978
20
-141.8783929999999884
11
124.0343999999999909
21
-141.8688919999999882
0
LINE
8
Edge.Cuts
6
CONTINUOUS
10
124.0343999999999909
20
-141.8688919999999882
11
124.0684029999999893
21
-141.8594190000000026
0
LINE
8
Edge.Cuts
6
CONTINUOUS
10
124.0684029999999893
20
-141.8594190000000026
11
124.1023979999999938
21
-141.8499669999999924
0
LINE
8
Edge.Cuts
6
CONTINUOUS
10
124.1023979999999938
20
-141.8499669999999924
11
124.1363739999999893
21
-141.8405429999999967
0
LINE
8
Edge.Cuts
6
CONTINUOUS
10
124.1363739999999893
20
-141.8405429999999967
11
124.1703419999999909
21
-141.8311410000000024
0
LINE
8
Edge.Cuts
6
CONTINUOUS
10
124.1703419999999909
20
-141.8311410000000024
11
124.2042909999999978
21
-141.8217649999999992
0
LINE
8
Edge.Cuts
6
CONTINUOUS
10
124.2042909999999978
20
-141.8217649999999992
11
124.2382319999999964
21
-141.8124119999999948
0
LINE
8
Edge.Cuts
6
CONTINUOUS
10
124.2382319999999964
20
-141.8124119999999948
11
124.2721519999999913
21
-141.8030849999999816
0
LINE
8
Edge.Cuts
6
CONTINUOUS
10
124.2721519999999913
20
-141.8030849999999816
11
124.3060660000000013
21
-141.7937809999999956
0
LINE
8
Edge.Cuts
6
CONTINUOUS
10
124.3060660000000013
20
-141.7937809999999956
11
124.3399589999999932
21
-141.7845039999999983
0
LINE
8
Edge.Cuts
6
CONTINUOUS
10
124.3399589999999932
20
-141.7845039999999983
11
124.3738439999999912
21
-141.7752490000000023
0
LINE
8
Edge.Cuts
6
CONTINUOUS
10
124.3738439999999912
20
-141.7752490000000023
11
124.407708999999997
21
-141.7660199999999975
0
LINE
8
Edge.Cuts
6
CONTINUOUS
10
124.407708999999997
20
-141.7660199999999975
11
124.441566999999992
21
-141.7568149999999889
0
LINE
8
Edge.Cuts
6
CONTINUOUS
10
124.441566999999992
20
-141.7568149999999889
11
124.475403
21
-141.747636
0
LINE
8
Edge.Cuts
6
CONTINUOUS
10
124.475403
20
-141.747636
11
124.5092329999999947
21
-141.7384789999999839
0
LINE
8
Edge.Cuts
6
CONTINUOUS
10
124.5092329999999947
20
-141.7384789999999839
11
124.5430409999999881
21
-141.7293489999999849
0
LINE
8
Edge.Cuts
6
CONTINUOUS
10
124.5430409999999881
20
-141.7293489999999849
11
124.5768409999999875
21
-141.7202419999999847
0
LINE
8
Edge.Cuts
6
CONTINUOUS
10
124.5768409999999875
20
-141.7202419999999847
11
124.598126999999991
21
-141.7145170000000007
0
LINE
8
Edge.Cuts
6
CONTINUOUS
10
124.598126999999991
20
-141.7145170000000007
11
124.6727869999999996
21
-141.6945069999999873
0
LINE
8
Edge.Cuts
6
CONTINUOUS
10
124.6727869999999996
20
-141.6945069999999873
11
124.7474829999999884
21
-141.6745699999999886
0
LINE
8
Edge.Cuts
6
CONTINUOUS
10
124.7474829999999884
20
-141.6745699999999886
11
124.8222159999999974
21
-141.6547060000000045
0
LINE
8
Edge.Cuts
6
CONTINUOUS
10
124.8222159999999974
20
-141.6547060000000045
11
124.8969859999999983
21
-141.6349150000000066
0
LINE
8
Edge.Cuts
6
CONTINUOUS
10
124.8969859999999983
20
-141.6349150000000066
11
124.9717909999999961
21
-141.6151969999999949
0
LINE
8
Edge.Cuts
6
CONTINUOUS
10
124.9717909999999961
20
-141.6151969999999949
11
125.0466309999999908
21
-141.5955529999999953
0
LINE
8
Edge.Cuts
6
CONTINUOUS
10
125.0466309999999908
20
-141.5955529999999953
11
125.121506999999994
21
-141.575981999999982
0
LINE
8
Edge.Cuts
6
CONTINUOUS
10
125.121506999999994
20
-141.575981999999982
11
125.1964169999999967
21
-141.5564849999999808
0
LINE
8
Edge.Cuts
6
CONTINUOUS
10
125.1964169999999967
20
-141.5564849999999808
11
125.2713619999999963
21
-141.5370609999999942
0
LINE
8
Edge.Cuts
6
CONTINUOUS
10
125.2713619999999963
20
-141.5370609999999942
11
125.3463409999999953
21
-141.5177109999999914
0
LINE
8
Edge.Cuts
6
CONTINUOUS
10
125.3463409999999953
20
-141.5177109999999914
11
125.4213539999999938
21
-141.4984350000000006
0
LINE
8
Edge.Cuts
6
CONTINUOUS
10
125.4213539999999938
20
-141.4984350000000006
11
125.4963999999999942
21
-141.4792339999999911
0
LINE
8
Edge.Cuts
6
CONTINUOUS
10
125.4963999999999942
20
-141.4792339999999911
11
125.5714789999999965
21
-141.4601059999999961
0
LINE
8
Edge.Cuts
6
CONTINUOUS
10
125.5714789999999965
20
-141.4601059999999961
11
125.6465899999999891
21
-141.4410519999999849
0
LINE
8
Edge.Cuts
6
CONTINUOUS
10
125.6465899999999891
20
-141.4410519999999849
11
125.7217339999999979
21
-141.4220729999999833
0
LINE
8
Edge.Cuts
6
CONTINUOUS
10
125.7217339999999979
20
-141.4220729999999833
11
125.7969099999999969
21
-141.4031689999999912
0
LINE
8
Edge.Cuts
6
CONTINUOUS
10
125.7969099999999969
20
-141.4031689999999912
11
125.8721169999999887
21
-141.3843379999999854
0
LINE
8
Edge.Cuts
6
CONTINUOUS
10
125.8721169999999887
20
-141.3843379999999854
11
125.9473549999999875
21
-141.3655829999999867
0
LINE
8
Edge.Cuts
6
CONTINUOUS
10
125.9473549999999875
20
-141.3655829999999867
11
126.0226249999999908
21
-141.346902
0
LINE
8
Edge.Cuts
6
CONTINUOUS
10
126.0226249999999908
20
-141.346902
11
126.0979239999999919
21
-141.3282959999999946
0
LINE
8
Edge.Cuts
6
CONTINUOUS
10
126.0979239999999919
20
-141.3282959999999946
11
126.173254
21
-141.3097649999999987
0
LINE
8
Edge.Cuts
6
CONTINUOUS
10
126.173254
20
-141.3097649999999987
11
126.2486139999999892
21
-141.2913089999999841
0
LINE
8
Edge.Cuts
6
CONTINUOUS
10
126.2486139999999892
20
-141.2913089999999841
11
126.3240029999999905
21
-141.2729280000000074
0
LINE
8
Edge.Cuts
6
CONTINUOUS
10
126.3240029999999905
20
-141.2729280000000074
11
126.3994199999999921
21
-141.2546229999999809
0
LINE
8
Edge.Cuts
6
CONTINUOUS
10
126.3994199999999921
20
-141.2546229999999809
11
126.474866999999989
21
-141.2363929999999925
0
LINE
8
Edge.Cuts
6
CONTINUOUS
10
126.474866999999989
20
-141.2363929999999925
11
126.5503420000000006
21
-141.2182379999999853
0
LINE
8
Edge.Cuts
6
CONTINUOUS
10
126.5503420000000006
20
-141.2182379999999853
11
126.6258440000000007
21
-141.2001589999999851
0
LINE
8
Edge.Cuts
6
CONTINUOUS
10
126.6258440000000007
20
-141.2001589999999851
11
126.7013740000000013
21
-141.1821549999999945
0
LINE
8
Edge.Cuts
6
CONTINUOUS
10
126.7013740000000013
20
-141.1821549999999945
11
126.776931999999988
21
-141.1642279999999801
0
LINE
8
Edge.Cuts
6
CONTINUOUS
10
126.776931999999988
20
-141.1642279999999801
11
126.8525159999999943
21
-141.1463760000000036
0
LINE
8
Edge.Cuts
6
CONTINUOUS
10
126.8525159999999943
20
-141.1463760000000036
11
126.9281259999999918
21
-141.1286000000000058
0
LINE
8
Edge.Cuts
6
CONTINUOUS
10
126.9281259999999918
20
-141.1286000000000058
11
127.0037619999999947
21
-141.1108999999999867
0
LINE
8
Edge.Cuts
6
CONTINUOUS
10
127.0037619999999947
20
-141.1108999999999867
11
127.0794239999999888
21
-141.093276000000003
0
LINE
8
Edge.Cuts
6
CONTINUOUS
10
127.0794239999999888
20
-141.093276000000003
11
127.1551119999999884
21
-141.0757289999999955
0
LINE
8
Edge.Cuts
6
CONTINUOUS
10
127.1551119999999884
20
-141.0757289999999955
11
127.2308239999999984
21
-141.058257999999995
0
LINE
8
Edge.Cuts
6
CONTINUOUS
10
127.2308239999999984
20
-141.058257999999995
11
127.3065599999999904
21
-141.0408630000000016
0
LINE
8
Edge.Cuts
6
CONTINUOUS
10
127.3065599999999904
20
-141.0408630000000016
11
127.3823209999999904
21
-141.0235449999999844
0
LINE
8
Edge.Cuts
6
CONTINUOUS
10
127.3823209999999904
20
-141.0235449999999844
11
127.4581049999999891
21
-141.0063030000000026
0
LINE
8
Edge.Cuts
6
CONTINUOUS
10
127.4581049999999891
20
-141.0063030000000026
11
127.5339129999999983
21
-140.9891389999999944
0
LINE
8
Edge.Cuts
6
CONTINUOUS
10
127.5339129999999983
20
-140.9891389999999944
11
127.6097439999999921
21
-140.9720509999999933
0
LINE
8
Edge.Cuts
6
CONTINUOUS
10
127.6097439999999921
20
-140.9720509999999933
11
127.6855969999999871
21
-140.9550399999999968
0
LINE
8
Edge.Cuts
6
CONTINUOUS
10
127.6855969999999871
20
-140.9550399999999968
11
127.7614719999999977
21
-140.9381060000000048
0
LINE
8
Edge.Cuts
6
CONTINUOUS
10
127.7614719999999977
20
-140.9381060000000048
11
127.8373699999999928
21
-140.9212489999999889
0
LINE
8
Edge.Cuts
6
CONTINUOUS
10
127.8373699999999928
20
-140.9212489999999889
11
127.9132879999999943
21
-140.904469000000006
0
LINE
8
Edge.Cuts
6
CONTINUOUS
10
127.9132879999999943
20
-140.904469000000006
11
127.9892279999999971
21
-140.8877659999999992
0
LINE
8
Edge.Cuts
6
CONTINUOUS
10
127.9892279999999971
20
-140.8877659999999992
11
128.0651880000000062
21
-140.8711409999999944
0
LINE
8
Edge.Cuts
6
CONTINUOUS
10
128.0651880000000062
20
-140.8711409999999944
11
128.1411689999999908
21
-140.8545929999999942
0
LINE
8
Edge.Cuts
6
CONTINUOUS
10
128.1411689999999908
20
-140.8545929999999942
11
128.2171689999999842
21
-140.838122999999996
0
LINE
8
Edge.Cuts
6
CONTINUOUS
10
128.2171689999999842
20
-140.838122999999996
11
128.2931889999999839
21
-140.8217300000000023
0
LINE
8
Edge.Cuts
6
CONTINUOUS
10
128.2931889999999839
20
-140.8217300000000023
11
128.3692279999999926
21
-140.8054159999999797
0
LINE
8
Edge.Cuts
6
CONTINUOUS
10
128.3692279999999926
20
-140.8054159999999797
11
128.4452849999999842
21
-140.7891779999999926
0
LINE
8
Edge.Cuts
6
CONTINUOUS
10
128.4452849999999842
20
-140.7891779999999926
11
128.5213609999999846
21
-140.773019000000005
0
LINE
8
Edge.Cuts
6
CONTINUOUS
10
128.5213609999999846
20
-140.773019000000005
11
128.5974549999999965
21
-140.756937999999991
0
LINE
8
Edge.Cuts
6
CONTINUOUS
10
128.5974549999999965
20
-140.756937999999991
11
128.6735659999999939
21
-140.7409350000000074
0
LINE
8
Edge.Cuts
6
CONTINUOUS
10
128.6735659999999939
20
-140.7409350000000074
11
128.7496940000000052
21
-140.7250099999999975
0
LINE
8
Edge.Cuts
6
CONTINUOUS
10
128.7496940000000052
20
-140.7250099999999975
11
128.825839000000002
21
-140.7091629999999896
0
LINE
8
Edge.Cuts
6
CONTINUOUS
10
128.825839000000002
20
-140.7091629999999896
11
128.9019999999999868
21
-140.6933949999999811
0
LINE
8
Edge.Cuts
6
CONTINUOUS
10
128.9019999999999868
20
-140.6933949999999811
11
128.9781769999999881
21
-140.6777050000000031
0
LINE
8
Edge.Cuts
6
CONTINUOUS
10
128.9781769999999881
20
-140.6777050000000031
11
129.0543700000000058
21
-140.6620929999999987
0
LINE
8
Edge.Cuts
6
CONTINUOUS
10
129.0543700000000058
20
-140.6620929999999987
11
129.1305779999999856
21
-140.6465599999999938
0
LINE
8
Edge.Cuts
6
CONTINUOUS
10
129.1305779999999856
20
-140.6465599999999938
11
129.206799999999987
21
-140.6311049999999909
0
LINE
8
Edge.Cuts
6
CONTINUOUS
10
129.206799999999987
20
-140.6311049999999909
11
129.2830370000000073
21
-140.615729999999985
0
LINE
8
Edge.Cuts
6
CONTINUOUS
10
129.2830370000000073
20
-140.615729999999985
11
129.3592869999999948
21
-140.6004329999999811
0
LINE
8
Edge.Cuts
6
CONTINUOUS
10
129.3592869999999948
20
-140.6004329999999811
11
129.4355510000000038
21
-140.5852150000000051
0
LINE
8
Edge.Cuts
6
CONTINUOUS
10
129.4355510000000038
20
-140.5852150000000051
11
129.51182799999998
21
-140.5700760000000002
0
LINE
8
Edge.Cuts
6
CONTINUOUS
10
129.51182799999998
20
-140.5700760000000002
11
129.5881179999999802
21
-140.5550159999999948
0
LINE
8
Edge.Cuts
6
CONTINUOUS
10
129.5881179999999802
20
-140.5550159999999948
11
129.6644200000000069
21
-140.5400349999999889
0
LINE
8
Edge.Cuts
6
CONTINUOUS
10
129.6644200000000069
20
-140.5400349999999889
11
129.7407340000000033
21
-140.5251329999999825
0
LINE
8
Edge.Cuts
6
CONTINUOUS
10
129.7407340000000033
20
-140.5251329999999825
11
129.8170590000000004
21
-140.510310000000004
0
LINE
8
Edge.Cuts
6
CONTINUOUS
10
129.8170590000000004
20
-140.510310000000004
11
129.8933949999999982
21
-140.4955669999999941
0
LINE
8
Edge.Cuts
6
CONTINUOUS
10
129.8933949999999982
20
-140.4955669999999941
11
129.9697419999999966
21
-140.4809039999999811
0
LINE
8
Edge.Cuts
6
CONTINUOUS
10
129.9697419999999966
20
-140.4809039999999811
11
130.0460989999999981
21
-140.4663189999999986
0
LINE
8
Edge.Cuts
6
CONTINUOUS
10
130.0460989999999981
20
-140.4663189999999986
11
130.1224660000000029
21
-140.4518149999999821
0
LINE
8
Edge.Cuts
6
CONTINUOUS
10
130.1224660000000029
20
-140.4518149999999821
11
130.1988419999999849
21
-140.4373899999999935
0
LINE
8
Edge.Cuts
6
CONTINUOUS
10
130.1988419999999849
20
-140.4373899999999935
11
130.275227000000001
21
-140.4230440000000044
0
LINE
8
Edge.Cuts
6
CONTINUOUS
10
130.275227000000001
20
-140.4230440000000044
11
130.3516209999999944
21
-140.4087789999999814
0
LINE
8
Edge.Cuts
6
CONTINUOUS
10
130.3516209999999944
20
-140.4087789999999814
11
130.428022999999996
21
-140.3945929999999862
0
LINE
8
Edge.Cuts
6
CONTINUOUS
10
130.428022999999996
20
-140.3945929999999862
11
130.5044330000000059
21
-140.380486999999988
0
LINE
8
Edge.Cuts
6
CONTINUOUS
10
130.5044330000000059
20
-140.380486999999988
11
130.5808499999999981
21
-140.3664609999999868
0
LINE
8
Edge.Cuts
6
CONTINUOUS
10
130.5808499999999981
20
-140.3664609999999868
11
130.657274000000001
21
-140.3525149999999826
0
LINE
8
Edge.Cuts
6
CONTINUOUS
10
130.657274000000001
20
-140.3525149999999826
11
130.7337039999999888
21
-140.3386500000000012
0
LINE
8
Edge.Cuts
6
CONTINUOUS
10
130.7337039999999888
20
-140.3386500000000012
11
130.8101399999999899
21
-140.3248639999999909
0
LINE
8
Edge.Cuts
6
CONTINUOUS
10
130.8101399999999899
20
-140.3248639999999909
11
130.8865830000000017
21
-140.3111590000000035
0
LINE
8
Edge.Cuts
6
CONTINUOUS
10
130.8865830000000017
20
-140.3111590000000035
11
130.9630300000000034
21
-140.2975339999999846
0
LINE
8
Edge.Cuts
6
CONTINUOUS
10
130.9630300000000034
20
-140.2975339999999846
11
131.0394819999999925
21
-140.2839899999999886
0
LINE
8
Edge.Cuts
6
CONTINUOUS
10
131.0394819999999925
20
-140.2839899999999886
11
131.1159389999999973
21
-140.2705259999999896
0
LINE
8
Edge.Cuts
6
CONTINUOUS
10
131.1159389999999973
20
-140.2705259999999896
11
131.1923989999999947
21
-140.2571419999999875
0
LINE
8
Edge.Cuts
6
CONTINUOUS
10
131.1923989999999947
20
-140.2571419999999875
11
131.2688629999999819
21
-140.2438389999999799
0
LINE
8
Edge.Cuts
6
CONTINUOUS
10
131.2688629999999819
20
-140.2438389999999799
11
131.3453299999999899
21
-140.2306169999999952
0
LINE
8
Edge.Cuts
6
CONTINUOUS
10
131.3453299999999899
20
-140.2306169999999952
11
131.4217999999999904
21
-140.2174750000000074
0
LINE
8
Edge.Cuts
6
CONTINUOUS
10
131.4217999999999904
20
-140.2174750000000074
11
131.4982719999999858
21
-140.2044139999999857
0
LINE
8
Edge.Cuts
6
CONTINUOUS
10
131.4982719999999858
20
-140.2044139999999857
11
131.5747470000000021
21
-140.1914339999999868
0
LINE
8
Edge.Cuts
6
CONTINUOUS
10
131.5747470000000021
20
-140.1914339999999868
11
131.65122199999999
21
-140.1785349999999823
0
LINE
8
Edge.Cuts
6
CONTINUOUS
10
131.65122199999999
20
-140.1785349999999823
11
131.7276990000000012
21
-140.1657170000000008
0
LINE
8
Edge.Cuts
6
CONTINUOUS
10
131.7276990000000012
20
-140.1657170000000008
11
131.804175999999984
21
-140.1529799999999852
0
LINE
8
Edge.Cuts
6
CONTINUOUS
10
131.804175999999984
20
-140.1529799999999852
11
131.8806529999999952
21
-140.1403239999999926
0
LINE
8
Edge.Cuts
6
CONTINUOUS
10
131.8806529999999952
20
-140.1403239999999926
11
131.9571300000000065
21
-140.1277489999999943
0
LINE
8
Edge.Cuts
6
CONTINUOUS
10
131.9571300000000065
20
-140.1277489999999943
11
132.0336069999999893
21
-140.1152549999999906
0
LINE
8
Edge.Cuts
6
CONTINUOUS
10
132.0336069999999893
20
-140.1152549999999906
11
132.1100820000000056
21
-140.1028419999999812
0
LINE
8
Edge.Cuts
6
CONTINUOUS
10
132.1100820000000056
20
-140.1028419999999812
11
132.1865559999999959
21
-140.0905109999999922
0
LINE
8
Edge.Cuts
6
CONTINUOUS
10
132.1865559999999959
20
-140.0905109999999922
11
132.2630279999999914
21
-140.0782609999999977
0
LINE
8
Edge.Cuts
6
CONTINUOUS
10
132.2630279999999914
20
-140.0782609999999977
11
132.3394969999999944
21
-140.0660919999999976
0
LINE
8
Edge.Cuts
6
CONTINUOUS
10
132.3394969999999944
20
-140.0660919999999976
11
132.4159640000000024
21
-140.0540049999999894
0
LINE
8
Edge.Cuts
6
CONTINUOUS
10
132.4159640000000024
20
-140.0540049999999894
11
132.4924269999999922
21
-140.0419990000000041
0
LINE
8
Edge.Cuts
6
CONTINUOUS
10
132.4924269999999922
20
-140.0419990000000041
11
132.5688869999999895
21
-140.0300749999999823
0
LINE
8
Edge.Cuts
6
CONTINUOUS
10
132.5688869999999895
20
-140.0300749999999823
11
132.6453429999999969
21
-140.0182319999999834
0
LINE
8
Edge.Cuts
6
CONTINUOUS
10
132.6453429999999969
20
-140.0182319999999834
11
132.7217939999999885
21
-140.0064710000000048
0
LINE
8
Edge.Cuts
6
CONTINUOUS
10
132.7217939999999885
20
-140.0064710000000048
11
132.7600180000000023
21
-140.0006209999999953
0
LINE
8
Edge.Cuts
6
CONTINUOUS
10
132.7600180000000023
20
-140.0006209999999953
11
132.7982399999999927
21
-139.9947919999999897
0
LINE
8
Edge.Cuts
6
CONTINUOUS
10
132.7982399999999927
20
-139.9947919999999897
11
132.8364619999999832
21
-139.9889829999999904
0
LINE
8
Edge.Cuts
6
CONTINUOUS
10
132.8364619999999832
20
-139.9889829999999904
11
132.8746809999999812
21
-139.9831939999999975
0
LINE
8
Edge.Cuts
6
CONTINUOUS
10
132.8746809999999812
20
-139.9831939999999975
11
132.9129000000000076
21
-139.9774259999999799
0
LINE
8
Edge.Cuts
6
CONTINUOUS
10
132.9129000000000076
20
-139.9774259999999799
11
132.9511159999999848
21
-139.9716789999999946
0
LINE
8
Edge.Cuts
6
CONTINUOUS
10
132.9511159999999848
20
-139.9716789999999946
11
132.9893319999999903
21
-139.9659509999999898
0
LINE
8
Edge.Cuts
6
CONTINUOUS
10
132.9893319999999903
20
-139.9659509999999898
11
133.0275450000000035
21
-139.9602449999999862
0
LINE
8
Edge.Cuts
6
CONTINUOUS
10
133.0275450000000035
20
-139.9602449999999862
11
133.0657569999999907
21
-139.9545579999999916
0
LINE
8
Edge.Cuts
6
CONTINUOUS
10
133.0657569999999907
20
-139.9545579999999916
11
133.103966999999983
21
-139.9488929999999982
0
LINE
8
Edge.Cuts
6
CONTINUOUS
10
133.103966999999983
20
-139.9488929999999982
11
133.1421760000000063
21
-139.9432469999999853
0
LINE
8
Edge.Cuts
6
CONTINUOUS
10
133.1421760000000063
20
-139.9432469999999853
11
133.1803819999999803
21
-139.9376230000000021
0
LINE
8
Edge.Cuts
6
CONTINUOUS
10
133.1803819999999803
20
-139.9376230000000021
11
133.2185869999999852
21
-139.9320179999999993
0
LINE
8
Edge.Cuts
6
CONTINUOUS
10
133.2185869999999852
20
-139.9320179999999993
11
133.2567899999999952
21
-139.9264340000000004
0
LINE
8
Edge.Cuts
6
CONTINUOUS
10
133.2567899999999952
20
-139.9264340000000004
11
133.2949909999999818
21
-139.9208710000000053
0
LINE
8
Edge.Cuts
6
CONTINUOUS
10
133.2949909999999818
20
-139.9208710000000053
11
133.3331890000000044
21
-139.9153279999999882
0
LINE
8
Edge.Cuts
6
CONTINUOUS
10
133.3331890000000044
20
-139.9153279999999882
11
133.3713860000000011
21
-139.9098060000000032
0
LINE
8
Edge.Cuts
6
CONTINUOUS
10
133.3713860000000011
20
-139.9098060000000032
11
133.4095800000000054
21
-139.9043039999999962
0
LINE
8
Edge.Cuts
6
CONTINUOUS
10
133.4095800000000054
20
-139.9043039999999962
11
133.4477729999999838
21
-139.898822999999993
0
LINE
8
Edge.Cuts
6
CONTINUOUS
10
133.4477729999999838
20
-139.898822999999993
11
133.4859629999999981
21
-139.8933619999999962
0
LINE
8
Edge.Cuts
6
CONTINUOUS
10
133.4859629999999981
20
-139.8933619999999962
11
133.5241509999999892
21
-139.8879220000000032
0
LINE
8
Edge.Cuts
6
CONTINUOUS
10
133.5241509999999892
20
-139.8879220000000032
11
133.5623359999999877
21
-139.8825019999999881
0
LINE
8
Edge.Cuts
6
CONTINUOUS
10
133.5623359999999877
20
-139.8825019999999881
11
133.6005189999999914
21
-139.8771030000000053
0
LINE
8
Edge.Cuts
6
CONTINUOUS
10
133.6005189999999914
20
-139.8771030000000053
11
133.6386990000000026
21
-139.8717240000000004
0
LINE
8
Edge.Cuts
6
CONTINUOUS
10
133.6386990000000026
20
-139.8717240000000004
11
133.6768779999999879
21
-139.8663659999999993
0
LINE
8
Edge.Cuts
6
CONTINUOUS
10
133.6768779999999879
20
-139.8663659999999993
11
133.7150529999999833
21
-139.861029000000002
0
LINE
8
Edge.Cuts
6
CONTINUOUS
10
133.7150529999999833
20
-139.861029000000002
11
133.7532259999999837
21
-139.8557119999999827
0
LINE
8
Edge.Cuts
6
CONTINUOUS
10
133.7532259999999837
20
-139.8557119999999827
11
133.7913949999999943
21
-139.8504159999999956
0
LINE
8
Edge.Cuts
6
CONTINUOUS
10
133.7913949999999943
20
-139.8504159999999956
11
133.8295630000000074
21
-139.8451399999999865
0
LINE
8
Edge.Cuts
6
CONTINUOUS
10
133.8295630000000074
20
-139.8451399999999865
11
133.8677270000000021
21
-139.8398849999999811
0
LINE
8
Edge.Cuts
6
CONTINUOUS
10
133.8677270000000021
20
-139.8398849999999811
11
133.9058890000000019
21
-139.8346499999999821
0
LINE
8
Edge.Cuts
6
CONTINUOUS
10
133.9058890000000019
20
-139.8346499999999821
11
133.9440469999999834
21
-139.829435999999987
0
LINE
8
Edge.Cuts
6
CONTINUOUS
10
133.9440469999999834
20
-139.829435999999987
11
133.9822039999999959
21
-139.8242419999999981
0
LINE
8
Edge.Cuts
6
CONTINUOUS
10
133.9822039999999959
20
-139.8242419999999981
11
134.0203559999999925
21
-139.8190689999999847
0
LINE
8
Edge.Cuts
6
CONTINUOUS
10
134.0203559999999925
20
-139.8190689999999847
11
134.0585059999999942
21
-139.8139170000000036
0
LINE
8
Edge.Cuts
6
CONTINUOUS
10
134.0585059999999942
20
-139.8139170000000036
11
134.096652000000006
21
-139.8087859999999978
0
LINE
8
Edge.Cuts
6
CONTINUOUS
10
134.096652000000006
20
-139.8087859999999978
11
134.1347959999999944
21
-139.8036740000000009
0
LINE
8
Edge.Cuts
6
CONTINUOUS
10
134.1347959999999944
20
-139.8036740000000009
11
134.1729359999999929
21
-139.7985840000000053
0
LINE
8
Edge.Cuts
6
CONTINUOUS
10
134.1729359999999929
20
-139.7985840000000053
11
134.211072999999999
21
-139.7935139999999876
0
LINE
8
Edge.Cuts
6
CONTINUOUS
10
134.211072999999999
20
-139.7935139999999876
11
134.2492059999999867
21
-139.7884650000000022
0
LINE
8
Edge.Cuts
6
CONTINUOUS
10
134.2492059999999867
20
-139.7884650000000022
11
134.2873359999999821
21
-139.7834359999999947
0
LINE
8
Edge.Cuts
6
CONTINUOUS
10
134.2873359999999821
20
-139.7834359999999947
11
134.325462999999985
21
-139.778427999999991
0
LINE
8
Edge.Cuts
6
CONTINUOUS
10
134.325462999999985
20
-139.778427999999991
11
134.363585999999998
21
-139.7734409999999912
0
LINE
8
Edge.Cuts
6
CONTINUOUS
10
134.363585999999998
20
-139.7734409999999912
11
134.4017059999999901
21
-139.7684739999999977
0
LINE
8
Edge.Cuts
6
CONTINUOUS
10
134.4017059999999901
20
-139.7684739999999977
11
134.4398219999999924
21
-139.7635279999999796
0
LINE
8
Edge.Cuts
6
CONTINUOUS
10
134.4398219999999924
20
-139.7635279999999796
11
134.4779340000000047
21
-139.7586029999999937
0
LINE
8
Edge.Cuts
6
CONTINUOUS
10
134.4779340000000047
20
-139.7586029999999937
11
134.5160429999999963
21
-139.7536979999999858
0
LINE
8
Edge.Cuts
6
CONTINUOUS
10
134.5160429999999963
20
-139.7536979999999858
11
134.5541470000000004
21
-139.7488139999999817
0
LINE
8
Edge.Cuts
6
CONTINUOUS
10
134.5541470000000004
20
-139.7488139999999817
11
134.5922479999999837
21
-139.7439499999999839
0
LINE
8
Edge.Cuts
6
CONTINUOUS
10
134.5922479999999837
20
-139.7439499999999839
11
134.6303450000000055
21
-139.73910699999999
0
LINE
8
Edge.Cuts
6
CONTINUOUS
10
134.6303450000000055
20
-139.73910699999999
11
134.6684390000000064
21
-139.7342849999999999
0
LINE
8
Edge.Cuts
6
CONTINUOUS
10
134.6684390000000064
20
-139.7342849999999999
11
134.7065279999999916
21
-139.7294839999999851
0
LINE
8
Edge.Cuts
6
CONTINUOUS
10
134.7065279999999916
20
-139.7294839999999851
11
134.7446129999999869
21
-139.7247030000000052
0
LINE
8
Edge.Cuts
6
CONTINUOUS
10
134.7446129999999869
20
-139.7247030000000052
11
134.7826939999999922
21
-139.7199430000000007
0
LINE
8
Edge.Cuts
6
CONTINUOUS
10
134.7826939999999922
20
-139.7199430000000007
11
134.8207710000000077
21
-139.7152030000000025
0
LINE
8
Edge.Cuts
6
CONTINUOUS
10
134.8207710000000077
20
-139.7152030000000025
11
134.8588430000000074
21
-139.7104839999999797
0
LINE
8
Edge.Cuts
6
CONTINUOUS
10
134.8588430000000074
20
-139.7104839999999797
11
134.8969119999999862
21
-139.7057859999999891
0
LINE
8
Edge.Cuts
6
CONTINUOUS
10
134.8969119999999862
20
-139.7057859999999891
11
134.934976000000006
21
-139.7011090000000024
0
LINE
8
Edge.Cuts
6
CONTINUOUS
10
134.934976000000006
20
-139.7011090000000024
11
134.9730349999999817
21
-139.6964519999999936
0
LINE
8
Edge.Cuts
6
CONTINUOUS
10
134.9730349999999817
20
-139.6964519999999936
11
135.0110909999999933
21
-139.6918159999999887
0
LINE
8
Edge.Cuts
6
CONTINUOUS
10
135.0110909999999933
20
-139.6918159999999887
11
135.0491409999999917
21
-139.6872009999999875
0
LINE
8
Edge.Cuts
6
CONTINUOUS
10
135.0491409999999917
20
-139.6872009999999875
11
135.0871879999999976
21
-139.6826059999999927
0
LINE
8
Edge.Cuts
6
CONTINUOUS
10
135.0871879999999976
20
-139.6826059999999927
11
135.1252289999999903
21
-139.6780320000000017
0
LINE
8
Edge.Cuts
6
CONTINUOUS
10
135.1252289999999903
20
-139.6780320000000017
11
135.163265999999993
21
-139.6734789999999862
0
LINE
8
Edge.Cuts
6
CONTINUOUS
10
135.163265999999993
20
-139.6734789999999862
11
135.2012990000000059
21
-139.6689460000000054
0
LINE
8
Edge.Cuts
6
CONTINUOUS
10
135.2012990000000059
20
-139.6689460000000054
11
135.2393260000000055
21
-139.664434
0
LINE
8
Edge.Cuts
6
CONTINUOUS
10
135.2393260000000055
20
-139.664434
11
135.2773489999999867
21
-139.6599429999999984
0
LINE
8
Edge.Cuts
6
CONTINUOUS
10
135.2773489999999867
20
-139.6599429999999984
11
135.3153669999999806
21
-139.6554720000000032
0
LINE
8
Edge.Cuts
6
CONTINUOUS
10
135.3153669999999806
20
-139.6554720000000032
11
135.3533799999999871
21
-139.6510229999999808
0
LINE
8
Edge.Cuts
6
CONTINUOUS
10
135.3533799999999871
20
-139.6510229999999808
11
135.3913880000000063
21
-139.6465939999999932
0
LINE
8
Edge.Cuts
6
CONTINUOUS
10
135.3913880000000063
20
-139.6465939999999932
11
135.4293899999999837
21
-139.6421849999999836
0
LINE
8
Edge.Cuts
6
CONTINUOUS
10
135.4293899999999837
20
-139.6421849999999836
11
135.4673889999999972
21
-139.6377980000000036
0
LINE
8
Edge.Cuts
6
CONTINUOUS
10
135.4673889999999972
20
-139.6377980000000036
11
135.5053809999999999
21
-139.6334310000000016
0
LINE
8
Edge.Cuts
6
CONTINUOUS
10
135.5053809999999999
20
-139.6334310000000016
11
135.5433689999999842
21
-139.6290850000000034
0
LINE
8
Edge.Cuts
6
CONTINUOUS
10
135.5433689999999842
20
-139.6290850000000034
11
135.5813509999999837
21
-139.6247589999999832
0
LINE
8
Edge.Cuts
6
CONTINUOUS
10
135.5813509999999837
20
-139.6247589999999832
11
135.6193279999999959
21
-139.6204549999999927
0
LINE
8
Edge.Cuts
6
CONTINUOUS
10
135.6193279999999959
20
-139.6204549999999927
11
135.6572999999999922
21
-139.61617099999998
0
LINE
8
Edge.Cuts
6
CONTINUOUS
10
135.6572999999999922
20
-139.61617099999998
11
135.6952660000000037
21
-139.6119070000000022
0
LINE
8
Edge.Cuts
6
CONTINUOUS
10
135.6952660000000037
20
-139.6119070000000022
11
135.7332269999999994
21
-139.6076649999999972
0
LINE
8
Edge.Cuts
6
CONTINUOUS
10
135.7332269999999994
20
-139.6076649999999972
11
135.7711819999999818
21
-139.6034429999999986
0
LINE
8
Edge.Cuts
6
CONTINUOUS
10
135.7711819999999818
20
-139.6034429999999986
11
135.8091320000000053
21
-139.5992420000000038
0
LINE
8
Edge.Cuts
6
CONTINUOUS
10
135.8091320000000053
20
-139.5992420000000038
11
135.8470759999999871
21
-139.5950619999999844
0
LINE
8
Edge.Cuts
6
CONTINUOUS
10
135.8470759999999871
20
-139.5950619999999844
11
135.885013999999984
21
-139.5909019999999998
0
LINE
8
Edge.Cuts
6
CONTINUOUS
10
135.885013999999984
20
-139.5909019999999998
11
135.9229469999999935
21
-139.5867639999999881
0
LINE
8
Edge.Cuts
6
CONTINUOUS
10
135.9229469999999935
20
-139.5867639999999881
11
135.9608729999999923
21
-139.5826459999999827
0
LINE
8
Edge.Cuts
6
CONTINUOUS
10
135.9608729999999923
20
-139.5826459999999827
11
135.9987950000000012
21
-139.5785479999999836
0
LINE
8
Edge.Cuts
6
CONTINUOUS
10
135.9987950000000012
20
-139.5785479999999836
11
136.0367099999999994
21
-139.5744719999999859
0
LINE
8
Edge.Cuts
6
CONTINUOUS
10
136.0367099999999994
20
-139.5744719999999859
11
136.0746189999999842
21
-139.5704159999999945
0
LINE
8
Edge.Cuts
6
CONTINUOUS
10
136.0746189999999842
20
-139.5704159999999945
11
136.1125219999999842
21
-139.5663810000000069
0
LINE
8
Edge.Cuts
6
CONTINUOUS
10
136.1125219999999842
20
-139.5663810000000069
11
136.1504189999999994
21
-139.5623669999999947
0
LINE
8
Edge.Cuts
6
CONTINUOUS
10
136.1504189999999994
20
-139.5623669999999947
11
136.1883100000000013
21
-139.5583729999999889
0
LINE
8
Edge.Cuts
6
CONTINUOUS
10
136.1883100000000013
20
-139.5583729999999889
11
136.2261949999999899
21
-139.5544009999999844
0
LINE
8
Edge.Cuts
6
CONTINUOUS
10
136.2261949999999899
20
-139.5544009999999844
11
136.2640739999999937
21
-139.5504489999999862
0
LINE
8
Edge.Cuts
6
CONTINUOUS
10
136.2640739999999937
20
-139.5504489999999862
11
136.3019459999999867
21
-139.5465169999999944
0
LINE
8
Edge.Cuts
6
CONTINUOUS
10
136.3019459999999867
20
-139.5465169999999944
11
136.3398119999999949
21
-139.5426070000000038
0
LINE
8
Edge.Cuts
6
CONTINUOUS
10
136.3398119999999949
20
-139.5426070000000038
11
136.3776719999999898
21
-139.5387169999999912
0
LINE
8
Edge.Cuts
6
CONTINUOUS
10
136.3776719999999898
20
-139.5387169999999912
11
136.4155250000000024
21
-139.5348489999999799
0
LINE
8
Edge.Cuts
6
CONTINUOUS
10
136.4155250000000024
20
-139.5348489999999799
11
136.4533720000000017
21
-139.5310000000000059
0
LINE
8
Edge.Cuts
6
CONTINUOUS
10
136.4533720000000017
20
-139.5310000000000059
11
136.4912119999999902
21
-139.5271730000000048
0
LINE
8
Edge.Cuts
6
CONTINUOUS
10
136.4912119999999902
20
-139.5271730000000048
11
136.5290459999999939
21
-139.5233659999999816
0
LINE
8
Edge.Cuts
6
CONTINUOUS
10
136.5290459999999939
20
-139.5233659999999816
11
136.5668719999999894
21
-139.5195809999999881
0
LINE
8
Edge.Cuts
6
CONTINUOUS
10
136.5668719999999894
20
-139.5195809999999881
11
136.6046929999999975
21
-139.5158150000000035
0
LINE
8
Edge.Cuts
6
CONTINUOUS
10
136.6046929999999975
20
-139.5158150000000035
11
136.6425059999999974
21
-139.5120709999999917
0
LINE
8
Edge.Cuts
6
CONTINUOUS
10
136.6425059999999974
20
-139.5120709999999917
11
136.680312999999984
21
-139.5083479999999838
0
LINE
8
Edge.Cuts
6
CONTINUOUS
10
136.680312999999984
20
-139.5083479999999838
11
136.7181119999999908
21
-139.5046449999999822
0
LINE
8
Edge.Cuts
6
CONTINUOUS
10
136.7181119999999908
20
-139.5046449999999822
11
136.7559049999999843
21
-139.5009629999999845
0
LINE
8
Edge.Cuts
6
CONTINUOUS
10
136.7559049999999843
20
-139.5009629999999845
11
136.7936909999999955
21
-139.4973019999999906
0
LINE
8
Edge.Cuts
6
CONTINUOUS
10
136.7936909999999955
20
-139.4973019999999906
11
136.8314699999999959
21
-139.493661000000003
0
LINE
8
Edge.Cuts
6
CONTINUOUS
10
136.8314699999999959
20
-139.493661000000003
11
136.8692409999999882
21
-139.4900419999999883
0
LINE
8
Edge.Cuts
6
CONTINUOUS
10
136.8692409999999882
20
-139.4900419999999883
11
136.9070059999999955
21
-139.48644299999998
0
LINE
8
Edge.Cuts
6
CONTINUOUS
10
136.9070059999999955
20
-139.48644299999998
11
136.9447629999999947
21
-139.4828650000000039
0
LINE
8
Edge.Cuts
6
CONTINUOUS
10
136.9447629999999947
20
-139.4828650000000039
11
136.9825139999999806
21
-139.4793070000000057
0
LINE
8
Edge.Cuts
6
CONTINUOUS
10
136.9825139999999806
20
-139.4793070000000057
11
137.0202559999999892
21
-139.4757709999999804
0
LINE
8
Edge.Cuts
6
CONTINUOUS
10
137.0202559999999892
20
-139.4757709999999804
11
137.0579919999999845
21
-139.4722549999999899
0
LINE
8
Edge.Cuts
6
CONTINUOUS
10
137.0579919999999845
20
-139.4722549999999899
11
137.0957190000000026
21
-139.4687600000000032
0
LINE
8
Edge.Cuts
6
CONTINUOUS
10
137.0957190000000026
20
-139.4687600000000032
11
137.1334410000000048
21
-139.4652859999999919
0
LINE
8
Edge.Cuts
6
CONTINUOUS
10
137.1334410000000048
20
-139.4652859999999919
11
137.1711530000000039
21
-139.4618319999999869
0
LINE
8
Edge.Cuts
6
CONTINUOUS
10
137.1711530000000039
20
-139.4618319999999869
11
137.2088589999999897
21
-139.4583989999999858
0
LINE
8
Edge.Cuts
6
CONTINUOUS
10
137.2088589999999897
20
-139.4583989999999858
11
137.2465559999999982
21
-139.454987999999986
0
LINE
8
Edge.Cuts
6
CONTINUOUS
10
137.2465559999999982
20
-139.454987999999986
11
137.2842469999999935
21
-139.451595999999995
0
LINE
8
Edge.Cuts
6
CONTINUOUS
10
137.2842469999999935
20
-139.451595999999995
11
137.321928999999983
21
-139.4482260000000053
0
LINE
8
Edge.Cuts
6
CONTINUOUS
10
137.321928999999983
20
-139.4482260000000053
11
137.3596039999999903
21
-139.4448769999999911
0
LINE
8
Edge.Cuts
6
CONTINUOUS
10
137.3596039999999903
20
-139.4448769999999911
11
137.3972699999999918
21
-139.4415479999999832
0
LINE
8
Edge.Cuts
6
CONTINUOUS
10
137.3972699999999918
20
-139.4415479999999832
11
137.4349299999999801
21
-139.4382400000000075
0
LINE
8
Edge.Cuts
6
CONTINUOUS
10
137.4349299999999801
20
-139.4382400000000075
11
137.4725799999999936
21
-139.4349519999999814
0
LINE
8
Edge.Cuts
6
CONTINUOUS
10
137.4725799999999936
20
-139.4349519999999814
11
137.5102239999999938
21
-139.4316859999999849
0
LINE
8
Edge.Cuts
6
CONTINUOUS
10
137.5102239999999938
20
-139.4316859999999849
11
137.5478579999999909
21
-139.4284399999999948
0
LINE
8
Edge.Cuts
6
CONTINUOUS
10
137.5478579999999909
20
-139.4284399999999948
11
137.5854860000000031
21
-139.4252149999999801
0
LINE
8
Edge.Cuts
6
CONTINUOUS
10
137.5854860000000031
20
-139.4252149999999801
11
137.6231039999999837
21
-139.4220109999999977
0
LINE
8
Edge.Cuts
6
CONTINUOUS
10
137.6231039999999837
20
-139.4220109999999977
11
137.660714999999982
21
-139.4188279999999907
0
LINE
8
Edge.Cuts
6
CONTINUOUS
10
137.660714999999982
20
-139.4188279999999907
11
137.6983160000000055
21
-139.41566499999999
0
LINE
8
Edge.Cuts
6
CONTINUOUS
10
137.6983160000000055
20
-139.41566499999999
11
137.7359109999999873
21
-139.4125229999999931
0
LINE
8
Edge.Cuts
6
CONTINUOUS
10
137.7359109999999873
20
-139.4125229999999931
11
137.7734949999999969
21
-139.409402
0
LINE
8
Edge.Cuts
6
CONTINUOUS
10
137.7734949999999969
20
-139.409402
11
137.8110729999999933
21
-139.4063019999999824
0
LINE
8
Edge.Cuts
6
CONTINUOUS
10
137.8110729999999933
20
-139.4063019999999824
11
137.8486409999999864
21
-139.4032219999999995
0
LINE
8
Edge.Cuts
6
CONTINUOUS
10
137.8486409999999864
20
-139.4032219999999995
11
137.8862019999999973
21
-139.4001639999999895
0
LINE
8
Edge.Cuts
6
CONTINUOUS
10
137.8862019999999973
20
-139.4001639999999895
11
137.9237520000000075
21
-139.3971259999999859
0
LINE
8
Edge.Cuts
6
CONTINUOUS
10
137.9237520000000075
20
-139.3971259999999859
11
137.9612960000000044
21
-139.3941079999999886
0
LINE
8
Edge.Cuts
6
CONTINUOUS
10
137.9612960000000044
20
-139.3941079999999886
11
137.9988290000000006
21
-139.3911119999999926
0
LINE
8
Edge.Cuts
6
CONTINUOUS
10
137.9988290000000006
20
-139.3911119999999926
11
138.0363549999999861
21
-139.3881360000000029
0
LINE
8
Edge.Cuts
6
CONTINUOUS
10
138.0363549999999861
20
-139.3881360000000029
11
138.0738709999999969
21
-139.3851809999999887
0
LINE
8
Edge.Cuts
6
CONTINUOUS
10
138.0738709999999969
20
-139.3851809999999887
11
138.1113789999999995
21
-139.3822470000000067
0
LINE
8
Edge.Cuts
6
CONTINUOUS
10
138.1113789999999995
20
-139.3822470000000067
11
138.1488769999999988
21
-139.3793340000000001
0
LINE
8
Edge.Cuts
6
CONTINUOUS
10
138.1488769999999988
20
-139.3793340000000001
11
138.1863679999999874
21
-139.3764409999999998
0
LINE
8
Edge.Cuts
6
CONTINUOUS
10
138.1863679999999874
20
-139.3764409999999998
11
138.2238470000000063
21
-139.3735690000000034
0
LINE
8
Edge.Cuts
6
CONTINUOUS
10
138.2238470000000063
20
-139.3735690000000034
11
138.2613199999999836
21
-139.3707179999999823
0
LINE
8
Edge.Cuts
6
CONTINUOUS
10
138.2613199999999836
20
-139.3707179999999823
11
138.2987809999999911
21
-139.3678869999999961
0
LINE
8
Edge.Cuts
6
CONTINUOUS
10
138.2987809999999911
20
-139.3678869999999961
11
138.3362359999999853
21
-139.3650779999999827
0
LINE
8
Edge.Cuts
6
CONTINUOUS
10
138.3362359999999853
20
-139.3650779999999827
11
138.3736789999999814
21
-139.3622890000000041
0
LINE
8
Edge.Cuts
6
CONTINUOUS
10
138.3736789999999814
20
-139.3622890000000041
11
138.4111149999999952
21
-139.3595210000000009
0
LINE
8
Edge.Cuts
6
CONTINUOUS
10
138.4111149999999952
20
-139.3595210000000009
11
138.4485389999999825
21
-139.356773000000004
0
LINE
8
Edge.Cuts
6
CONTINUOUS
10
138.4485389999999825
20
-139.356773000000004
11
138.4859559999999874
21
-139.3540459999999825
0
LINE
8
Edge.Cuts
6
CONTINUOUS
10
138.4859559999999874
20
-139.3540459999999825
11
138.5233619999999917
21
-139.3513409999999908
0
LINE
8
Edge.Cuts
6
CONTINUOUS
10
138.5233619999999917
20
-139.3513409999999908
11
138.5607599999999877
21
-139.3486549999999795
0
LINE
8
Edge.Cuts
6
CONTINUOUS
10
138.5607599999999877
20
-139.3486549999999795
11
138.5981459999999856
21
-139.3459909999999979
0
LINE
8
Edge.Cuts
6
CONTINUOUS
10
138.5981459999999856
20
-139.3459909999999979
11
138.6355259999999987
21
-139.3433469999999943
0
LINE
8
Edge.Cuts
6
CONTINUOUS
10
138.6355259999999987
20
-139.3433469999999943
11
138.6728929999999878
21
-139.3407239999999945
0
LINE
8
Edge.Cuts
6
CONTINUOUS
10
138.6728929999999878
20
-139.3407239999999945
11
138.710251999999997
21
-139.3381219999999985
0
LINE
8
Edge.Cuts
6
CONTINUOUS
10
138.710251999999997
20
-139.3381219999999985
11
138.7476000000000056
21
-139.3355399999999804
0
LINE
8
Edge.Cuts
6
CONTINUOUS
10
138.7476000000000056
20
-139.3355399999999804
11
138.784940000000006
21
-139.3329789999999946
0
LINE
8
Edge.Cuts
6
CONTINUOUS
10
138.784940000000006
20
-139.3329789999999946
11
138.8222679999999798
21
-139.3304389999999842
0
LINE
8
Edge.Cuts
6
CONTINUOUS
10
138.8222679999999798
20
-139.3304389999999842
11
138.8595889999999997
21
-139.327920000000006
0
LINE
8
Edge.Cuts
6
CONTINUOUS
10
138.8595889999999997
20
-139.327920000000006
11
138.8968969999999956
21
-139.3254210000000057
0
LINE
8
Edge.Cuts
6
CONTINUOUS
10
138.8968969999999956
20
-139.3254210000000057
11
138.9341969999999833
21
-139.3229429999999809
0
LINE
8
Edge.Cuts
6
CONTINUOUS
10
138.9341969999999833
20
-139.3229429999999809
11
138.9714850000000013
21
-139.3204859999999883
0
LINE
8
Edge.Cuts
6
CONTINUOUS
10
138.9714850000000013
20
-139.3204859999999883
11
139.0087649999999826
21
-139.3180499999999995
0
LINE
8
Edge.Cuts
6
CONTINUOUS
10
139.0087649999999826
20
-139.3180499999999995
11
139.0460329999999942
21
-139.3156339999999886
0
LINE
8
Edge.Cuts
6
CONTINUOUS
10
139.0460329999999942
20
-139.3156339999999886
11
139.0832929999999976
21
-139.3132389999999816
0
LINE
8
Edge.Cuts
6
CONTINUOUS
10
139.0832929999999976
20
-139.3132389999999816
11
139.1205400000000054
21
-139.3108639999999809
0
LINE
8
Edge.Cuts
6
CONTINUOUS
10
139.1205400000000054
20
-139.3108639999999809
11
139.157779000000005
21
-139.3085109999999815
0
LINE
8
Edge.Cuts
6
CONTINUOUS
10
139.157779000000005
20
-139.3085109999999815
11
139.1950049999999806
21
-139.3061779999999885
0
LINE
8
Edge.Cuts
6
CONTINUOUS
10
139.1950049999999806
20
-139.3061779999999885
11
139.2322240000000022
21
-139.3038650000000018
0
LINE
8
Edge.Cuts
6
CONTINUOUS
10
139.2322240000000022
20
-139.3038650000000018
11
139.2694290000000024
21
-139.301573999999988
0
LINE
8
Edge.Cuts
6
CONTINUOUS
10
139.2694290000000024
20
-139.301573999999988
11
139.3066259999999943
21
-139.2993029999999806
0
LINE
8
Edge.Cuts
6
CONTINUOUS
10
139.3066259999999943
20
-139.2993029999999806
11
139.3438109999999881
21
-139.2970520000000079
0
LINE
8
Edge.Cuts
6
CONTINUOUS
10
139.3438109999999881
20
-139.2970520000000079
11
139.3809870000000046
21
-139.2948229999999796
0
LINE
8
Edge.Cuts
6
CONTINUOUS
10
139.3809870000000046
20
-139.2948229999999796
11
139.4181489999999997
21
-139.2926139999999862
0
LINE
8
Edge.Cuts
6
CONTINUOUS
10
139.4181489999999997
20
-139.2926139999999862
11
139.4553039999999839
21
-139.2904259999999965
0
LINE
8
Edge.Cuts
6
CONTINUOUS
10
139.4553039999999839
20
-139.2904259999999965
11
139.4924450000000036
21
-139.2882579999999848
0
LINE
8
Edge.Cuts
6
CONTINUOUS
10
139.4924450000000036
20
-139.2882579999999848
11
139.5295779999999866
21
-139.2861110000000053
0
LINE
8
Edge.Cuts
6
CONTINUOUS
10
139.5295779999999866
20
-139.2861110000000053
11
139.5666980000000024
21
-139.2839850000000013
0
LINE
8
Edge.Cuts
6
CONTINUOUS
10
139.5666980000000024
20
-139.2839850000000013
11
139.6038089999999841
21
-139.281880000000001
0
LINE
8
Edge.Cuts
6
CONTINUOUS
10
139.6038089999999841
20
-139.281880000000001
11
139.6409060000000011
21
-139.2797950000000071
0
LINE
8
Edge.Cuts
6
CONTINUOUS
10
139.6409060000000011
20
-139.2797950000000071
11
139.6779949999999815
21
-139.2777299999999912
0
LINE
8
Edge.Cuts
6
CONTINUOUS
10
139.6779949999999815
20
-139.2777299999999912
11
139.7150699999999972
21
-139.2756870000000049
0
LINE
8
Edge.Cuts
6
CONTINUOUS
10
139.7150699999999972
20
-139.2756870000000049
11
139.7521370000000047
21
-139.2736639999999966
0
LINE
8
Edge.Cuts
6
CONTINUOUS
10
139.7521370000000047
20
-139.2736639999999966
11
139.7891899999999907
21
-139.2716619999999921
0
LINE
8
Edge.Cuts
6
CONTINUOUS
10
139.7891899999999907
20
-139.2716619999999921
11
139.8262339999999995
21
-139.2696799999999939
0
LINE
8
Edge.Cuts
6
CONTINUOUS
10
139.8262339999999995
20
-139.2696799999999939
11
139.8632639999999867
21
-139.2677189999999996
0
LINE
8
Edge.Cuts
6
CONTINUOUS
10
139.8632639999999867
20
-139.2677189999999996
11
139.9002859999999941
21
-139.2657779999999832
0
LINE
8
Edge.Cuts
6
CONTINUOUS
10
139.9002859999999941
20
-139.2657779999999832
11
139.9372929999999826
21
-139.2638589999999965
0
LINE
8
Edge.Cuts
6
CONTINUOUS
10
139.9372929999999826
20
-139.2638589999999965
11
139.9742919999999913
21
-139.2619599999999878
0
LINE
8
Edge.Cuts
6
CONTINUOUS
10
139.9742919999999913
20
-139.2619599999999878
11
140.011275999999981
21
-139.2600809999999854
0
LINE
8
Edge.Cuts
6
CONTINUOUS
10
140.011275999999981
20
-139.2600809999999854
11
140.0482519999999909
21
-139.2582229999999868
0
LINE
8
Edge.Cuts
6
CONTINUOUS
10
140.0482519999999909
20
-139.2582229999999868
11
140.0852119999999843
21
-139.256385999999992
0
LINE
8
Edge.Cuts
6
CONTINUOUS
10
140.0852119999999843
20
-139.256385999999992
11
140.1221649999999954
21
-139.2545690000000036
0
LINE
8
Edge.Cuts
6
CONTINUOUS
10
140.1221649999999954
20
-139.2545690000000036
11
140.1591019999999901
21
-139.2527729999999906
0
LINE
8
Edge.Cuts
6
CONTINUOUS
10
140.1591019999999901
20
-139.2527729999999906
11
140.196031000000005
21
-139.2509979999999814
0
LINE
8
Edge.Cuts
6
CONTINUOUS
10
140.196031000000005
20
-139.2509979999999814
11
140.2329450000000008
21
-139.249243000000007
0
LINE
8
Edge.Cuts
6
CONTINUOUS
10
140.2329450000000008
20
-139.249243000000007
11
140.269849999999991
21
-139.2475079999999821
0
LINE
8
Edge.Cuts
6
CONTINUOUS
10
140.269849999999991
20
-139.2475079999999821
11
140.3067399999999907
21
-139.2457949999999869
0
LINE
8
Edge.Cuts
6
CONTINUOUS
10
140.3067399999999907
20
-139.2457949999999869
11
140.3436209999999846
21
-139.2441010000000006
0
LINE
8
Edge.Cuts
6
CONTINUOUS
10
140.3436209999999846
20
-139.2441010000000006
11
140.380486999999988
21
-139.2424289999999871
0
LINE
8
Edge.Cuts
6
CONTINUOUS
10
140.380486999999988
20
-139.2424289999999871
11
140.4173439999999857
21
-139.24077699999998
0
LINE
8
Edge.Cuts
6
CONTINUOUS
10
140.4173439999999857
20
-139.24077699999998
11
140.4541849999999954
21
-139.2391450000000077
0
LINE
8
Edge.Cuts
6
CONTINUOUS
10
140.4541849999999954
20
-139.2391450000000077
11
140.4910179999999968
21
-139.2375339999999824
0
LINE
8
Edge.Cuts
6
CONTINUOUS
10
140.4910179999999968
20
-139.2375339999999824
11
140.5278349999999818
21
-139.2359439999999893
0
LINE
8
Edge.Cuts
6
CONTINUOUS
10
140.5278349999999818
20
-139.2359439999999893
11
140.5646429999999896
21
-139.2343740000000025
0
LINE
8
Edge.Cuts
6
CONTINUOUS
10
140.5646429999999896
20
-139.2343740000000025
11
140.6014360000000067
21
-139.2328249999999912
0
LINE
8
Edge.Cuts
6
CONTINUOUS
10
140.6014360000000067
20
-139.2328249999999912
11
140.6382189999999923
21
-139.2312959999999862
0
LINE
8
Edge.Cuts
6
CONTINUOUS
10
140.6382189999999923
20
-139.2312959999999862
11
140.6749859999999899
21
-139.229787999999985
0
LINE
8
Edge.Cuts
6
CONTINUOUS
10
140.6749859999999899
20
-139.229787999999985
11
140.7117450000000076
21
-139.2283009999999877
0
LINE
8
Edge.Cuts
6
CONTINUOUS
10
140.7117450000000076
20
-139.2283009999999877
11
140.748486999999983
21
-139.2268339999999966
0
LINE
8
Edge.Cuts
6
CONTINUOUS
10
140.748486999999983
20
-139.2268339999999966
11
140.7852210000000071
21
-139.2253869999999836
0
LINE
8
Edge.Cuts
6
CONTINUOUS
10
140.7852210000000071
20
-139.2253869999999836
11
140.8219379999999887
21
-139.2239610000000027
0
LINE
8
Edge.Cuts
6
CONTINUOUS
10
140.8219379999999887
20
-139.2239610000000027
11
140.8586459999999931
21
-139.2225549999999998
0
LINE
8
Edge.Cuts
6
CONTINUOUS
10
140.8586459999999931
20
-139.2225549999999998
11
140.8953369999999836
21
-139.2211700000000008
0
LINE
8
Edge.Cuts
6
CONTINUOUS
10
140.8953369999999836
20
-139.2211700000000008
11
140.9320199999999943
21
-139.2198060000000055
0
LINE
8
Edge.Cuts
6
CONTINUOUS
10
140.9320199999999943
20
-139.2198060000000055
11
140.9686859999999911
21
-139.2184619999999882
0
LINE
8
Edge.Cuts
6
CONTINUOUS
10
140.9686859999999911
20
-139.2184619999999882
11
141.0053419999999846
21
-139.2171380000000056
0
LINE
8
Edge.Cuts
6
CONTINUOUS
10
141.0053419999999846
20
-139.2171380000000056
11
141.0419819999999902
21
-139.2158349999999984
0
LINE
8
Edge.Cuts
6
CONTINUOUS
10
141.0419819999999902
20
-139.2158349999999984
11
141.0786129999999901
21
-139.2145519999999976
0
LINE
8
Edge.Cuts
6
CONTINUOUS
10
141.0786129999999901
20
-139.2145519999999976
11
141.1152270000000044
21
-139.2132900000000006
0
LINE
8
Edge.Cuts
6
CONTINUOUS
10
141.1152270000000044
20
-139.2132900000000006
11
141.1518309999999872
21
-139.2120490000000075
0
LINE
8
Edge.Cuts
6
CONTINUOUS
10
141.1518309999999872
20
-139.2120490000000075
11
141.1884189999999819
21
-139.2108269999999948
0
LINE
8
Edge.Cuts
6
CONTINUOUS
10
141.1884189999999819
20
-139.2108269999999948
11
141.2249970000000019
21
-139.2096269999999834
0
LINE
8
Edge.Cuts
6
CONTINUOUS
10
141.2249970000000019
20
-139.2096269999999834
11
141.2615579999999795
21
-139.2084459999999808
0
LINE
8
Edge.Cuts
6
CONTINUOUS
10
141.2615579999999795
20
-139.2084459999999808
11
141.2981099999999799
21
-139.2072859999999821
0
LINE
8
Edge.Cuts
6
CONTINUOUS
10
141.2981099999999799
20
-139.2072859999999821
11
141.3346439999999973
21
-139.2061469999999872
0
LINE
8
Edge.Cuts
6
CONTINUOUS
10
141.3346439999999973
20
-139.2061469999999872
11
141.3711689999999805
21
-139.2050279999999987
0
LINE
8
Edge.Cuts
6
CONTINUOUS
10
141.3711689999999805
20
-139.2050279999999987
11
141.4076770000000067
21
-139.203928999999988
0
LINE
8
Edge.Cuts
6
CONTINUOUS
10
141.4076770000000067
20
-139.203928999999988
11
141.4441750000000013
21
-139.2028509999999812
0
LINE
8
Edge.Cuts
6
CONTINUOUS
10
141.4441750000000013
20
-139.2028509999999812
11
141.4806549999999845
21
-139.2017929999999808
0
LINE
8
Edge.Cuts
6
CONTINUOUS
10
141.4806549999999845
20
-139.2017929999999808
11
141.5171259999999904
21
-139.2007559999999842
0
LINE
8
Edge.Cuts
6
CONTINUOUS
10
141.5171259999999904
20
-139.2007559999999842
11
141.5535789999999849
21
-139.1997389999999939
0
LINE
8
Edge.Cuts
6
CONTINUOUS
10
141.5535789999999849
20
-139.1997389999999939
11
141.5900230000000022
21
-139.1987419999999815
0
LINE
8
Edge.Cuts
6
CONTINUOUS
10
141.5900230000000022
20
-139.1987419999999815
11
141.6264479999999821
21
-139.1977660000000014
0
LINE
8
Edge.Cuts
6
CONTINUOUS
10
141.6264479999999821
20
-139.1977660000000014
11
141.6628639999999848
21
-139.1968099999999993
0
LINE
8
Edge.Cuts
6
CONTINUOUS
10
141.6628639999999848
20
-139.1968099999999993
11
141.6992620000000045
21
-139.1958750000000009
0
LINE
8
Edge.Cuts
6
CONTINUOUS
10
141.6992620000000045
20
-139.1958750000000009
11
141.7356499999999926
21
-139.1949599999999805
0
LINE
8
Edge.Cuts
6
CONTINUOUS
10
141.7356499999999926
20
-139.1949599999999805
11
141.7720199999999977
21
-139.1940649999999948
0
LINE
8
Edge.Cuts
6
CONTINUOUS
10
141.7720199999999977
20
-139.1940649999999948
11
141.8083799999999997
21
-139.1931909999999846
0
LINE
8
Edge.Cuts
6
CONTINUOUS
10
141.8083799999999997
20
-139.1931909999999846
11
141.8447219999999902
21
-139.1923369999999807
0
LINE
8
Edge.Cuts
6
CONTINUOUS
10
141.8447219999999902
20
-139.1923369999999807
11
141.8810550000000035
21
-139.1915029999999831
0
LINE
8
Edge.Cuts
6
CONTINUOUS
10
141.8810550000000035
20
-139.1915029999999831
11
141.917367999999982
21
-139.1906899999999894
0
LINE
8
Edge.Cuts
6
CONTINUOUS
10
141.917367999999982
20
-139.1906899999999894
11
141.9536719999999832
21
-139.189897000000002
0
LINE
8
Edge.Cuts
6
CONTINUOUS
10
141.9536719999999832
20
-139.189897000000002
11
141.989957000000004
21
-139.1891239999999925
0
LINE
8
Edge.Cuts
6
CONTINUOUS
10
141.989957000000004
20
-139.1891239999999925
11
142.0262329999999906
21
-139.1883719999999869
0
LINE
8
Edge.Cuts
6
CONTINUOUS
10
142.0262329999999906
20
-139.1883719999999869
11
142.0624889999999994
21
-139.1876399999999876
0
LINE
8
Edge.Cuts
6
CONTINUOUS
10
142.0624889999999994
20
-139.1876399999999876
11
142.0987360000000024
21
-139.1869279999999947
0
LINE
8
Edge.Cuts
6
CONTINUOUS
10
142.0987360000000024
20
-139.1869279999999947
11
142.1349629999999991
21
-139.1862359999999796
0
LINE
8
Edge.Cuts
6
CONTINUOUS
10
142.1349629999999991
20
-139.1862359999999796
11
142.17118099999999
21
-139.1855649999999969
0
LINE
8
Edge.Cuts
6
CONTINUOUS
10
142.17118099999999
20
-139.1855649999999969
11
142.2073800000000006
21
-139.184913999999992
0
LINE
8
Edge.Cuts
6
CONTINUOUS
10
142.2073800000000006
20
-139.184913999999992
11
142.243567999999982
21
-139.1842829999999935
0
LINE
8
Edge.Cuts
6
CONTINUOUS
10
142.243567999999982
20
-139.1842829999999935
11
142.279736999999983
21
-139.1836729999999989
0
LINE
8
Edge.Cuts
6
CONTINUOUS
10
142.279736999999983
20
-139.1836729999999989
11
142.3158970000000068
21
-139.1830829999999821
0
LINE
8
Edge.Cuts
6
CONTINUOUS
10
142.3158970000000068
20
-139.1830829999999821
11
142.3520369999999957
21
-139.1825130000000001
0
LINE
8
Edge.Cuts
6
CONTINUOUS
10
142.3520369999999957
20
-139.1825130000000001
11
142.3881669999999815
21
-139.1819629999999961
0
LINE
8
Edge.Cuts
6
CONTINUOUS
10
142.3881669999999815
20
-139.1819629999999961
11
142.4242769999999894
21
-139.1814339999999959
0
LINE
8
Edge.Cuts
6
CONTINUOUS
10
142.4242769999999894
20
-139.1814339999999959
11
142.460376999999994
21
-139.1809240000000045
0
LINE
8
Edge.Cuts
6
CONTINUOUS
10
142.460376999999994
20
-139.1809240000000045
11
142.4964569999999924
21
-139.1804349999999886
0
LINE
8
Edge.Cuts
6
CONTINUOUS
10
142.4964569999999924
20
-139.1804349999999886
11
142.532527999999985
21
-139.1799660000000074
0
LINE
8
Edge.Cuts
6
CONTINUOUS
10
142.532527999999985
20
-139.1799660000000074
11
142.5685780000000022
21
-139.1795180000000016
0
LINE
8
Edge.Cuts
6
CONTINUOUS
10
142.5685780000000022
20
-139.1795180000000016
11
142.6046179999999879
21
-139.1790890000000047
0
LINE
8
Edge.Cuts
6
CONTINUOUS
10
142.6046179999999879
20
-139.1790890000000047
11
142.6406389999999931
21
-139.1786809999999832
0
LINE
8
Edge.Cuts
6
CONTINUOUS
10
142.6406389999999931
20
-139.1786809999999832
11
142.6766489999999976
21
-139.1782929999999965
0
LINE
8
Edge.Cuts
6
CONTINUOUS
10
142.6766489999999976
20
-139.1782929999999965
11
142.7126379999999983
21
-139.1779249999999877
0
LINE
8
Edge.Cuts
6
CONTINUOUS
10
142.7126379999999983
20
-139.1779249999999877
11
142.7486179999999933
21
-139.1775769999999852
0
LINE
8
Edge.Cuts
6
CONTINUOUS
10
142.7486179999999933
20
-139.1775769999999852
11
142.7845769999999845
21
-139.1772499999999866
0
LINE
8
Edge.Cuts
6
CONTINUOUS
10
142.7845769999999845
20
-139.1772499999999866
11
142.820526000000001
21
-139.1769419999999968
0
LINE
8
Edge.Cuts
6
CONTINUOUS
10
142.820526000000001
20
-139.1769419999999968
11
142.8564539999999852
21
-139.1766549999999825
0
LINE
8
Edge.Cuts
6
CONTINUOUS
10
142.8564539999999852
20
-139.1766549999999825
11
142.8923729999999921
21
-139.1763880000000029
0
LINE
8
Edge.Cuts
6
CONTINUOUS
10
142.8923729999999921
20
-139.1763880000000029
11
142.9282699999999977
21
-139.1761410000000012
0
LINE
8
Edge.Cuts
6
CONTINUOUS
10
142.9282699999999977
20
-139.1761410000000012
11
142.9641570000000002
21
-139.1759140000000059
0
LINE
8
Edge.Cuts
6
CONTINUOUS
10
142.9641570000000002
20
-139.1759140000000059
11
142.9679089999999917
21
-139.1758910000000071
0
LINE
8
Edge.Cuts
6
CONTINUOUS
10
142.9679089999999917
20
-139.1758910000000071
11
152.7698279999999897
21
-139.1758910000000071
0
LINE
8
Edge.Cuts
6
CONTINUOUS
10
148.5387829999999951
20
-49.8656119999999987
11
148.5387829999999951
21
-53.1446699999999979
0
LINE
8
Edge.Cuts
6
CONTINUOUS
10
148.5387829999999951
20
-53.1446699999999979
11
102.1030799999999914
21
-53.1446699999999979
0
LINE
8
Edge.Cuts
6
CONTINUOUS
10
149.2086970000000008
20
-49.1956969999999956
11
149.2018449999999916
21
-49.1957370000000012
0
LINE
8
Edge.Cuts
6
CONTINUOUS
10
149.2018449999999916
20
-49.1957370000000012
11
149.1949869999999976
21
-49.1958569999999966
0
LINE
8
Edge.Cuts
6
CONTINUOUS
10
149.1949869999999976
20
-49.1958569999999966
11
149.1881239999999877
21
-49.1960569999999962
0
LINE
8
Edge.Cuts
6
CONTINUOUS
10
149.1881239999999877
20
-49.1960569999999962
11
149.1812549999999931
21
-49.1963359999999952
0
LINE
8
Edge.Cuts
6
CONTINUOUS
10
149.1812549999999931
20
-49.1963359999999952
11
149.1743809999999826
21
-49.1966959999999958
0
LINE
8
Edge.Cuts
6
CONTINUOUS
10
149.1743809999999826
20
-49.1966959999999958
11
149.1675029999999822
21
-49.1971369999999979
0
LINE
8
Edge.Cuts
6
CONTINUOUS
10
149.1675029999999822
20
-49.1971369999999979
11
149.1606219999999894
21
-49.1976569999999995
0
LINE
8
Edge.Cuts
6
CONTINUOUS
10
149.1606219999999894
20
-49.1976569999999995
11
149.1537359999999808
21
-49.1982579999999956
0
LINE
8
Edge.Cuts
6
CONTINUOUS
10
149.1537359999999808
20
-49.1982579999999956
11
149.1468480000000056
21
-49.1989389999999958
0
LINE
8
Edge.Cuts
6
CONTINUOUS
10
149.1468480000000056
20
-49.1989389999999958
11
149.1399569999999812
21
-49.1997009999999975
0
LINE
8
Edge.Cuts
6
CONTINUOUS
10
149.1399569999999812
20
-49.1997009999999975
11
149.1330639999999903
21
-49.2005429999999961
0
LINE
8
Edge.Cuts
6
CONTINUOUS
10
149.1330639999999903
20
-49.2005429999999961
11
149.1261700000000019
21
-49.2014659999999964
0
LINE
8
Edge.Cuts
6
CONTINUOUS
10
149.1261700000000019
20
-49.2014659999999964
11
149.1192749999999876
21
-49.2024699999999982
0
LINE
8
Edge.Cuts
6
CONTINUOUS
10
149.1192749999999876
20
-49.2024699999999982
11
149.1123790000000042
21
-49.2035539999999969
0
LINE
8
Edge.Cuts
6
CONTINUOUS
10
149.1123790000000042
20
-49.2035539999999969
11
149.1054829999999924
21
-49.2047199999999947
0
LINE
8
Edge.Cuts
6
CONTINUOUS
10
149.1054829999999924
20
-49.2047199999999947
11
149.0985880000000066
21
-49.2059659999999965
0
LINE
8
Edge.Cuts
6
CONTINUOUS
10
149.0985880000000066
20
-49.2059659999999965
11
149.0916949999999872
21
-49.2072929999999999
0
LINE
8
Edge.Cuts
6
CONTINUOUS
10
149.0916949999999872
20
-49.2072929999999999
11
149.0848039999999912
21
-49.2087009999999978
0
LINE
8
Edge.Cuts
6
CONTINUOUS
10
149.0848039999999912
20
-49.2087009999999978
11
149.0779149999999902
21
-49.2101899999999972
0
LINE
8
Edge.Cuts
6
CONTINUOUS
10
149.0779149999999902
20
-49.2101899999999972
11
149.0710289999999816
21
-49.2117609999999956
0
LINE
8
Edge.Cuts
6
CONTINUOUS
10
149.0710289999999816
20
-49.2117609999999956
11
149.0641479999999888
21
-49.2134119999999982
0
LINE
8
Edge.Cuts
6
CONTINUOUS
10
149.0641479999999888
20
-49.2134119999999982
11
149.0572709999999859
21
-49.2151439999999951
0
LINE
8
Edge.Cuts
6
CONTINUOUS
10
149.0572709999999859
20
-49.2151439999999951
11
149.0503989999999988
21
-49.2169570000000007
0
LINE
8
Edge.Cuts
6
CONTINUOUS
10
149.0503989999999988
20
-49.2169570000000007
11
149.043533999999994
21
-49.2188519999999983
0
LINE
8
Edge.Cuts
6
CONTINUOUS
10
149.043533999999994
20
-49.2188519999999983
11
149.0366750000000025
21
-49.2208269999999999
0
LINE
8
Edge.Cuts
6
CONTINUOUS
10
149.0366750000000025
20
-49.2208269999999999
11
149.0298249999999882
21
-49.2228829999999959
0
LINE
8
Edge.Cuts
6
CONTINUOUS
10
149.0298249999999882
20
-49.2228829999999959
11
149.0229819999999847
21
-49.2250209999999981
0
LINE
8
Edge.Cuts
6
CONTINUOUS
10
149.0229819999999847
20
-49.2250209999999981
11
149.0161489999999844
21
-49.2272379999999998
0
LINE
8
Edge.Cuts
6
CONTINUOUS
10
149.0161489999999844
20
-49.2272379999999998
11
149.0093259999999873
21
-49.2295370000000005
0
LINE
8
Edge.Cuts
6
CONTINUOUS
10
149.0093259999999873
20
-49.2295370000000005
11
149.0025129999999933
21
-49.2319169999999957
0
LINE
8
Edge.Cuts
6
CONTINUOUS
10
149.0025129999999933
20
-49.2319169999999957
11
148.995712999999995
21
-49.234376999999995
0
LINE
8
Edge.Cuts
6
CONTINUOUS
10
148.995712999999995
20
-49.234376999999995
11
148.9889249999999947
21
-49.2369169999999983
0
LINE
8
Edge.Cuts
6
CONTINUOUS
10
148.9889249999999947
20
-49.2369169999999983
11
148.9821509999999876
21
-49.2395369999999986
0
LINE
8
Edge.Cuts
6
CONTINUOUS
10
148.9821509999999876
20
-49.2395369999999986
11
148.9753910000000019
21
-49.2422380000000004
0
LINE
8
Edge.Cuts
6
CONTINUOUS
10
148.9753910000000019
20
-49.2422380000000004
11
148.9686470000000043
21
-49.2450189999999992
0
LINE
8
Edge.Cuts
6
CONTINUOUS
10
148.9686470000000043
20
-49.2450189999999992
11
148.9619189999999946
21
-49.2478789999999975
0
LINE
8
Edge.Cuts
6
CONTINUOUS
10
148.9619189999999946
20
-49.2478789999999975
11
148.9552079999999989
21
-49.2508189999999999
0
LINE
8
Edge.Cuts
6
CONTINUOUS
10
148.9552079999999989
20
-49.2508189999999999
11
148.9485149999999862
21
-49.2538379999999947
0
LINE
8
Edge.Cuts
6
CONTINUOUS
10
148.9485149999999862
20
-49.2538379999999947
11
148.9418419999999799
21
-49.2569359999999961
0
LINE
8
Edge.Cuts
6
CONTINUOUS
10
148.9418419999999799
20
-49.2569359999999961
11
148.9351889999999798
21
-49.2601129999999969
0
LINE
8
Edge.Cuts
6
CONTINUOUS
10
148.9351889999999798
20
-49.2601129999999969
11
148.9285579999999811
21
-49.2633679999999998
0
LINE
8
Edge.Cuts
6
CONTINUOUS
10
148.9285579999999811
20
-49.2633679999999998
11
148.9219479999999862
21
-49.2667009999999976
0
LINE
8
Edge.Cuts
6
CONTINUOUS
10
148.9219479999999862
20
-49.2667009999999976
11
148.9153619999999876
21
-49.2701119999999975
0
LINE
8
Edge.Cuts
6
CONTINUOUS
10
148.9153619999999876
20
-49.2701119999999975
11
148.9088009999999827
21
-49.2735999999999947
0
LINE
8
Edge.Cuts
6
CONTINUOUS
10
148.9088009999999827
20
-49.2735999999999947
11
148.9022649999999999
21
-49.2771660000000011
0
LINE
8
Edge.Cuts
6
CONTINUOUS
10
148.9022649999999999
20
-49.2771660000000011
11
148.8957560000000058
21
-49.2808069999999958
0
LINE
8
Edge.Cuts
6
CONTINUOUS
10
148.8957560000000058
20
-49.2808069999999958
11
148.8892740000000003
21
-49.284524999999995
0
LINE
8
Edge.Cuts
6
CONTINUOUS
10
148.8892740000000003
20
-49.284524999999995
11
148.882821000000007
21
-49.2883189999999942
0
LINE
8
Edge.Cuts
6
CONTINUOUS
10
148.882821000000007
20
-49.2883189999999942
11
148.8763979999999947
21
-49.2921879999999959
0
LINE
8
Edge.Cuts
6
CONTINUOUS
10
148.8763979999999947
20
-49.2921879999999959
11
148.8700059999999894
21
-49.2961309999999955
0
LINE
8
Edge.Cuts
6
CONTINUOUS
10
148.8700059999999894
20
-49.2961309999999955
11
148.8636459999999886
21
-49.3001489999999976
0
LINE
8
Edge.Cuts
6
CONTINUOUS
10
148.8636459999999886
20
-49.3001489999999976
11
148.8573199999999872
21
-49.3042400000000001
0
LINE
8
Edge.Cuts
6
CONTINUOUS
10
148.8573199999999872
20
-49.3042400000000001
11
148.8510279999999852
21
-49.3084039999999959
0
LINE
8
Edge.Cuts
6
CONTINUOUS
10
148.8510279999999852
20
-49.3084039999999959
11
148.8447709999999802
21
-49.3126399999999947
0
LINE
8
Edge.Cuts
6
CONTINUOUS
10
148.8447709999999802
20
-49.3126399999999947
11
148.8385509999999954
21
-49.3169479999999965
0
LINE
8
Edge.Cuts
6
CONTINUOUS
10
148.8385509999999954
20
-49.3169479999999965
11
148.8323689999999999
21
-49.3213269999999966
0
LINE
8
Edge.Cuts
6
CONTINUOUS
10
148.8323689999999999
20
-49.3213269999999966
11
148.8262259999999912
21
-49.3257769999999951
0
LINE
8
Edge.Cuts
6
CONTINUOUS
10
148.8262259999999912
20
-49.3257769999999951
11
148.8201239999999927
21
-49.330295999999997
0
LINE
8
Edge.Cuts
6
CONTINUOUS
10
148.8201239999999927
20
-49.330295999999997
11
148.8140620000000069
21
-49.3348839999999953
0
LINE
8
Edge.Cuts
6
CONTINUOUS
10
148.8140620000000069
20
-49.3348839999999953
11
148.8080429999999978
21
-49.3395399999999995
0
LINE
8
Edge.Cuts
6
CONTINUOUS
10
148.8080429999999978
20
-49.3395399999999995
11
148.8020669999999939
21
-49.3442639999999955
0
LINE
8
Edge.Cuts
6
CONTINUOUS
10
148.8020669999999939
20
-49.3442639999999955
11
148.7961369999999874
21
-49.3490539999999953
0
LINE
8
Edge.Cuts
6
CONTINUOUS
10
148.7961369999999874
20
-49.3490539999999953
11
148.7902519999999811
21
-49.3539099999999991
0
LINE
8
Edge.Cuts
6
CONTINUOUS
10
148.7902519999999811
20
-49.3539099999999991
11
148.7844139999999982
21
-49.358830999999995
0
LINE
8
Edge.Cuts
6
CONTINUOUS
10
148.7844139999999982
20
-49.358830999999995
11
148.7786239999999793
21
-49.3638159999999999
0
LINE
8
Edge.Cuts
6
CONTINUOUS
10
148.7786239999999793
20
-49.3638159999999999
11
148.7728840000000048
21
-49.368863999999995
0
LINE
8
Edge.Cuts
6
CONTINUOUS
10
148.7728840000000048
20
-49.368863999999995
11
148.7671939999999893
21
-49.3739739999999969
0
LINE
8
Edge.Cuts
6
CONTINUOUS
10
148.7671939999999893
20
-49.3739739999999969
11
148.7615549999999871
21
-49.3791459999999987
0
LINE
8
Edge.Cuts
6
CONTINUOUS
10
148.7615549999999871
20
-49.3791459999999987
11
148.7559689999999932
21
-49.3843779999999981
0
LINE
8
Edge.Cuts
6
CONTINUOUS
10
148.7559689999999932
20
-49.3843779999999981
11
148.7504359999999792
21
-49.3896689999999978
0
LINE
8
Edge.Cuts
6
CONTINUOUS
10
148.7504359999999792
20
-49.3896689999999978
11
148.7449579999999969
21
-49.3950189999999978
0
LINE
8
Edge.Cuts
6
CONTINUOUS
10
148.7449579999999969
20
-49.3950189999999978
11
148.7395359999999869
21
-49.400425999999996
0
LINE
8
Edge.Cuts
6
CONTINUOUS
10
148.7395359999999869
20
-49.400425999999996
11
148.7368459999999857
21
-49.4031510000000011
0
LINE
8
Edge.Cuts
6
CONTINUOUS
10
148.7368459999999857
20
-49.4031510000000011
11
148.7341710000000035
21
-49.4058899999999994
0
LINE
8
Edge.Cuts
6
CONTINUOUS
10
148.7341710000000035
20
-49.4058899999999994
11
148.7315099999999859
21
-49.4086420000000004
0
LINE
8
Edge.Cuts
6
CONTINUOUS
10
148.7315099999999859
20
-49.4086420000000004
11
148.7288629999999898
21
-49.411408999999999
0
LINE
8
Edge.Cuts
6
CONTINUOUS
10
148.7288629999999898
20
-49.411408999999999
11
148.7262309999999843
21
-49.4141879999999958
0
LINE
8
Edge.Cuts
6
CONTINUOUS
10
148.7262309999999843
20
-49.4141879999999958
11
148.7236139999999978
21
-49.4169819999999973
0
LINE
8
Edge.Cuts
6
CONTINUOUS
10
148.7236139999999978
20
-49.4169819999999973
11
148.7210120000000018
21
-49.4197879999999969
0
LINE
8
Edge.Cuts
6
CONTINUOUS
10
148.7210120000000018
20
-49.4197879999999969
11
148.7184249999999963
21
-49.4226079999999968
0
LINE
8
Edge.Cuts
6
CONTINUOUS
10
148.7184249999999963
20
-49.4226079999999968
11
148.7158529999999814
21
-49.4254409999999993
0
LINE
8
Edge.Cuts
6
CONTINUOUS
10
148.7158529999999814
20
-49.4254409999999993
11
148.713296999999983
21
-49.4282869999999974
0
LINE
8
Edge.Cuts
6
CONTINUOUS
10
148.713296999999983
20
-49.4282869999999974
11
148.7107560000000035
21
-49.4311450000000008
0
LINE
8
Edge.Cuts
6
CONTINUOUS
10
148.7107560000000035
20
-49.4311450000000008
11
148.7082299999999861
21
-49.4340159999999997
0
LINE
8
Edge.Cuts
6
CONTINUOUS
10
148.7082299999999861
20
-49.4340159999999997
11
148.7057209999999827
21
-49.4368989999999968
0
LINE
8
Edge.Cuts
6
CONTINUOUS
10
148.7057209999999827
20
-49.4368989999999968
11
148.7032260000000008
21
-49.4397960000000012
0
LINE
8
Edge.Cuts
6
CONTINUOUS
10
148.7032260000000008
20
-49.4397960000000012
11
148.7007480000000044
21
-49.4427029999999945
0
LINE
8
Edge.Cuts
6
CONTINUOUS
10
148.7007480000000044
20
-49.4427029999999945
11
148.698285999999996
21
-49.4456239999999951
0
LINE
8
Edge.Cuts
6
CONTINUOUS
10
148.698285999999996
20
-49.4456239999999951
11
148.695840000000004
21
-49.4485559999999964
0
LINE
8
Edge.Cuts
6
CONTINUOUS
10
148.695840000000004
20
-49.4485559999999964
11
148.6934100000000001
21
-49.4514999999999958
0
LINE
8
Edge.Cuts
6
CONTINUOUS
10
148.6934100000000001
20
-49.4514999999999958
11
148.6909969999999817
21
-49.4544549999999958
0
LINE
8
Edge.Cuts
6
CONTINUOUS
10
148.6909969999999817
20
-49.4544549999999958
11
148.6885989999999822
21
-49.4574229999999986
0
LINE
8
Edge.Cuts
6
CONTINUOUS
10
148.6885989999999822
20
-49.4574229999999986
11
148.6862189999999941
21
-49.4604009999999974
0
LINE
8
Edge.Cuts
6
CONTINUOUS
10
148.6862189999999941
20
-49.4604009999999974
11
148.6838539999999966
21
-49.4633909999999943
0
LINE
8
Edge.Cuts
6
CONTINUOUS
10
148.6838539999999966
20
-49.4633909999999943
11
148.6815079999999796
21
-49.4663909999999944
0
LINE
8
Edge.Cuts
6
CONTINUOUS
10
148.6815079999999796
20
-49.4663909999999944
11
148.6791769999999815
21
-49.4694039999999973
0
LINE
8
Edge.Cuts
6
CONTINUOUS
10
148.6791769999999815
20
-49.4694039999999973
11
148.6768639999999948
21
-49.4724259999999987
0
LINE
8
Edge.Cuts
6
CONTINUOUS
10
148.6768639999999948
20
-49.4724259999999987
11
148.6745669999999961
21
-49.4754590000000007
0
LINE
8
Edge.Cuts
6
CONTINUOUS
10
148.6745669999999961
20
-49.4754590000000007
11
148.6722879999999805
21
-49.4785019999999989
0
LINE
8
Edge.Cuts
6
CONTINUOUS
10
148.6722879999999805
20
-49.4785019999999989
11
148.6700260000000071
21
-49.4815569999999951
0
LINE
8
Edge.Cuts
6
CONTINUOUS
10
148.6700260000000071
20
-49.4815569999999951
11
148.6677819999999883
21
-49.4846209999999971
0
LINE
8
Edge.Cuts
6
CONTINUOUS
10
148.6677819999999883
20
-49.4846209999999971
11
148.665553999999986
21
-49.4876959999999997
0
LINE
8
Edge.Cuts
6
CONTINUOUS
10
148.665553999999986
20
-49.4876959999999997
11
148.6633449999999925
21
-49.4907789999999963
0
LINE
8
Edge.Cuts
6
CONTINUOUS
10
148.6633449999999925
20
-49.4907789999999963
11
148.6611519999999871
21
-49.4938739999999981
0
LINE
8
Edge.Cuts
6
CONTINUOUS
10
148.6611519999999871
20
-49.4938739999999981
11
148.6589779999999905
21
-49.4969770000000011
0
LINE
8
Edge.Cuts
6
CONTINUOUS
10
148.6589779999999905
20
-49.4969770000000011
11
148.6568209999999794
21
-49.5000909999999976
0
LINE
8
Edge.Cuts
6
CONTINUOUS
10
148.6568209999999794
20
-49.5000909999999976
11
148.6546830000000057
21
-49.5032129999999952
0
LINE
8
Edge.Cuts
6
CONTINUOUS
10
148.6546830000000057
20
-49.5032129999999952
11
148.6525609999999915
21
-49.5063460000000006
0
LINE
8
Edge.Cuts
6
CONTINUOUS
10
148.6525609999999915
20
-49.5063460000000006
11
148.6504589999999837
21
-49.5094859999999954
0
LINE
8
Edge.Cuts
6
CONTINUOUS
10
148.6504589999999837
20
-49.5094859999999954
11
148.6483739999999898
21
-49.512636999999998
0
LINE
8
Edge.Cuts
6
CONTINUOUS
10
148.6483739999999898
20
-49.512636999999998
11
148.6463080000000048
21
-49.5157939999999996
0
LINE
8
Edge.Cuts
6
CONTINUOUS
10
148.6463080000000048
20
-49.5157939999999996
11
148.6442590000000052
21
-49.5189629999999994
0
LINE
8
Edge.Cuts
6
CONTINUOUS
10
148.6442590000000052
20
-49.5189629999999994
11
148.6422299999999836
21
-49.5221370000000007
0
LINE
8
Edge.Cuts
6
CONTINUOUS
10
148.6422299999999836
20
-49.5221370000000007
11
148.6402180000000044
21
-49.5253219999999956
0
LINE
8
Edge.Cuts
6
CONTINUOUS
10
148.6402180000000044
20
-49.5253219999999956
11
148.6382250000000056
21
-49.5285140000000013
0
LINE
8
Edge.Cuts
6
CONTINUOUS
10
148.6382250000000056
20
-49.5285140000000013
11
148.6362499999999898
21
-49.5317149999999984
0
LINE
8
Edge.Cuts
6
CONTINUOUS
10
148.6362499999999898
20
-49.5317149999999984
11
148.6342949999999803
21
-49.5349229999999991
0
LINE
8
Edge.Cuts
6
CONTINUOUS
10
148.6342949999999803
20
-49.5349229999999991
11
148.6323569999999847
21
-49.5381399999999985
0
LINE
8
Edge.Cuts
6
CONTINUOUS
10
148.6323569999999847
20
-49.5381399999999985
11
148.630439999999993
21
-49.5413619999999995
0
LINE
8
Edge.Cuts
6
CONTINUOUS
10
148.630439999999993
20
-49.5413619999999995
11
148.6285389999999893
21
-49.5445950000000011
0
LINE
8
Edge.Cuts
6
CONTINUOUS
10
148.6285389999999893
20
-49.5445950000000011
11
148.6266599999999869
21
-49.5478319999999997
0
LINE
8
Edge.Cuts
6
CONTINUOUS
10
148.6266599999999869
20
-49.5478319999999997
11
148.6247970000000009
21
-49.5510799999999989
0
LINE
8
Edge.Cuts
6
CONTINUOUS
10
148.6247970000000009
20
-49.5510799999999989
11
148.6229549999999904
21
-49.5543309999999977
0
LINE
8
Edge.Cuts
6
CONTINUOUS
10
148.6229549999999904
20
-49.5543309999999977
11
148.6211309999999912
21
-49.5575929999999971
0
LINE
8
Edge.Cuts
6
CONTINUOUS
10
148.6211309999999912
20
-49.5575929999999971
11
148.6193269999999984
21
-49.5608579999999961
0
LINE
8
Edge.Cuts
6
CONTINUOUS
10
148.6193269999999984
20
-49.5608579999999961
11
148.6175409999999886
21
-49.5641329999999982
0
LINE
8
Edge.Cuts
6
CONTINUOUS
10
148.6175409999999886
20
-49.5641329999999982
11
148.6157759999999826
21
-49.5674119999999974
0
LINE
8
Edge.Cuts
6
CONTINUOUS
10
148.6157759999999826
20
-49.5674119999999974
11
148.6140279999999905
21
-49.5706989999999976
0
LINE
8
Edge.Cuts
6
CONTINUOUS
10
148.6140279999999905
20
-49.5706989999999976
11
148.6123019999999997
21
-49.5739909999999995
0
LINE
8
Edge.Cuts
6
CONTINUOUS
10
148.6123019999999997
20
-49.5739909999999995
11
148.6105929999999944
21
-49.5772909999999953
0
LINE
8
Edge.Cuts
6
CONTINUOUS
10
148.6105929999999944
20
-49.5772909999999953
11
148.6089049999999929
21
-49.5805939999999978
0
LINE
8
Edge.Cuts
6
CONTINUOUS
10
148.6089049999999929
20
-49.5805939999999978
11
148.6072350000000029
21
-49.5839059999999989
0
LINE
8
Edge.Cuts
6
CONTINUOUS
10
148.6072350000000029
20
-49.5839059999999989
11
148.6055859999999882
21
-49.5872209999999995
0
LINE
8
Edge.Cuts
6
CONTINUOUS
10
148.6055859999999882
20
-49.5872209999999995
11
148.6039559999999824
21
-49.5905449999999988
0
LINE
8
Edge.Cuts
6
CONTINUOUS
10
148.6039559999999824
20
-49.5905449999999988
11
148.602345999999983
21
-49.593871
0
LINE
8
Edge.Cuts
6
CONTINUOUS
10
148.602345999999983
20
-49.593871
11
148.6007549999999924
21
-49.5972049999999953
0
LINE
8
Edge.Cuts
6
CONTINUOUS
10
148.6007549999999924
20
-49.5972049999999953
11
148.5991850000000056
21
-49.6005419999999972
0
LINE
8
Edge.Cuts
6
CONTINUOUS
10
148.5991850000000056
20
-49.6005419999999972
11
148.5976330000000019
21
-49.6038859999999957
0
LINE
8
Edge.Cuts
6
CONTINUOUS
10
148.5976330000000019
20
-49.6038859999999957
11
148.5961020000000019
21
-49.6072330000000008
0
LINE
8
Edge.Cuts
6
CONTINUOUS
10
148.5961020000000019
20
-49.6072330000000008
11
148.5945889999999849
21
-49.6105869999999953
0
LINE
8
Edge.Cuts
6
CONTINUOUS
10
148.5945889999999849
20
-49.6105869999999953
11
148.5930979999999977
21
-49.613942999999999
0
LINE
8
Edge.Cuts
6
CONTINUOUS
10
148.5930979999999977
20
-49.613942999999999
11
148.5916259999999909
21
-49.6173069999999967
0
LINE
8
Edge.Cuts
6
CONTINUOUS
10
148.5916259999999909
20
-49.6173069999999967
11
148.5901739999999904
21
-49.620671999999999
0
LINE
8
Edge.Cuts
6
CONTINUOUS
10
148.5901739999999904
20
-49.620671999999999
11
148.5887419999999963
21
-49.6240449999999953
0
LINE
8
Edge.Cuts
6
CONTINUOUS
10
148.5887419999999963
20
-49.6240449999999953
11
148.5873299999999801
21
-49.6274179999999987
0
LINE
8
Edge.Cuts
6
CONTINUOUS
10
148.5873299999999801
20
-49.6274179999999987
11
148.5859379999999987
21
-49.6307989999999961
0
LINE
8
Edge.Cuts
6
CONTINUOUS
10
148.5859379999999987
20
-49.6307989999999961
11
148.5845659999999953
21
-49.6341809999999981
0
LINE
8
Edge.Cuts
6
CONTINUOUS
10
148.5845659999999953
20
-49.6341809999999981
11
148.5832139999999981
21
-49.6375699999999966
0
LINE
8
Edge.Cuts
6
CONTINUOUS
10
148.5832139999999981
20
-49.6375699999999966
11
148.5818820000000073
21
-49.6409589999999952
0
LINE
8
Edge.Cuts
6
CONTINUOUS
10
148.5818820000000073
20
-49.6409589999999952
11
148.5805699999999945
21
-49.6443549999999973
0
LINE
8
Edge.Cuts
6
CONTINUOUS
10
148.5805699999999945
20
-49.6443549999999973
11
148.5792789999999854
21
-49.6477509999999995
0
LINE
8
Edge.Cuts
6
CONTINUOUS
10
148.5792789999999854
20
-49.6477509999999995
11
148.5780069999999853
21
-49.6511549999999957
0
LINE
8
Edge.Cuts
6
CONTINUOUS
10
148.5780069999999853
20
-49.6511549999999957
11
148.5767559999999889
21
-49.6545569999999969
0
LINE
8
Edge.Cuts
6
CONTINUOUS
10
148.5767559999999889
20
-49.6545569999999969
11
148.5755240000000015
21
-49.6579669999999993
0
LINE
8
Edge.Cuts
6
CONTINUOUS
10
148.5755240000000015
20
-49.6579669999999993
11
148.5743139999999869
21
-49.6613759999999971
0
LINE
8
Edge.Cuts
6
CONTINUOUS
10
148.5743139999999869
20
-49.6613759999999971
11
148.5731219999999837
21
-49.6647919999999985
0
LINE
8
Edge.Cuts
6
CONTINUOUS
10
148.5731219999999837
20
-49.6647919999999985
11
148.5719519999999818
21
-49.6682059999999979
0
LINE
8
Edge.Cuts
6
CONTINUOUS
10
148.5719519999999818
20
-49.6682059999999979
11
148.5708009999999888
21
-49.6716279999999983
0
LINE
8
Edge.Cuts
6
CONTINUOUS
10
148.5708009999999888
20
-49.6716279999999983
11
148.5696719999999971
21
-49.6750479999999968
0
LINE
8
Edge.Cuts
6
CONTINUOUS
10
148.5696719999999971
20
-49.6750479999999968
11
148.5685609999999883
21
-49.6784739999999942
0
LINE
8
Edge.Cuts
6
CONTINUOUS
10
148.5685609999999883
20
-49.6784739999999942
11
148.5674719999999809
21
-49.6818989999999943
0
LINE
8
Edge.Cuts
6
CONTINUOUS
10
148.5674719999999809
20
-49.6818989999999943
11
148.5664029999999798
21
-49.6853300000000004
0
LINE
8
Edge.Cuts
6
CONTINUOUS
10
148.5664029999999798
20
-49.6853300000000004
11
148.565353999999985
21
-49.6887589999999975
0
LINE
8
Edge.Cuts
6
CONTINUOUS
10
148.565353999999985
20
-49.6887589999999975
11
148.5643249999999966
21
-49.6921949999999981
0
LINE
8
Edge.Cuts
6
CONTINUOUS
10
148.5643249999999966
20
-49.6921949999999981
11
148.5633169999999836
21
-49.6956279999999992
0
LINE
8
Edge.Cuts
6
CONTINUOUS
10
148.5633169999999836
20
-49.6956279999999992
11
148.5623290000000054
21
-49.6990669999999994
0
LINE
8
Edge.Cuts
6
CONTINUOUS
10
148.5623290000000054
20
-49.6990669999999994
11
148.5613620000000026
21
-49.7025039999999976
0
LINE
8
Edge.Cuts
6
CONTINUOUS
10
148.5613620000000026
20
-49.7025039999999976
11
148.5604139999999802
21
-49.7059469999999948
0
LINE
8
Edge.Cuts
6
CONTINUOUS
10
148.5604139999999802
20
-49.7059469999999948
11
148.5594879999999876
21
-49.7093869999999995
0
LINE
8
Edge.Cuts
6
CONTINUOUS
10
148.5594879999999876
20
-49.7093869999999995
11
148.5585800000000063
21
-49.7128329999999963
0
LINE
8
Edge.Cuts
6
CONTINUOUS
10
148.5585800000000063
20
-49.7128329999999963
11
148.5576949999999954
21
-49.7162769999999981
0
LINE
8
Edge.Cuts
6
CONTINUOUS
10
148.5576949999999954
20
-49.7162769999999981
11
148.5568279999999959
21
-49.7197249999999968
0
LINE
8
Edge.Cuts
6
CONTINUOUS
10
148.5568279999999959
20
-49.7197249999999968
11
148.5559829999999977
21
-49.7231710000000007
0
LINE
8
Edge.Cuts
6
CONTINUOUS
10
148.5559829999999977
20
-49.7231710000000007
11
148.5551580000000058
21
-49.726621999999999
0
LINE
8
Edge.Cuts
6
CONTINUOUS
10
148.5551580000000058
20
-49.726621999999999
11
148.5543529999999919
21
-49.7300699999999978
0
LINE
8
Edge.Cuts
6
CONTINUOUS
10
148.5543529999999919
20
-49.7300699999999978
11
148.5535679999999843
21
-49.7335229999999981
0
LINE
8
Edge.Cuts
6
CONTINUOUS
10
148.5535679999999843
20
-49.7335229999999981
11
148.5528039999999805
21
-49.736972999999999
0
LINE
8
Edge.Cuts
6
CONTINUOUS
10
148.5528039999999805
20
-49.736972999999999
11
148.5520599999999831
21
-49.7404269999999968
0
LINE
8
Edge.Cuts
6
CONTINUOUS
10
148.5520599999999831
20
-49.7404269999999968
11
148.5513369999999895
21
-49.7438789999999997
0
LINE
8
Edge.Cuts
6
CONTINUOUS
10
148.5513369999999895
20
-49.7438789999999997
11
148.5506340000000023
21
-49.7473349999999996
0
LINE
8
Edge.Cuts
6
CONTINUOUS
10
148.5506340000000023
20
-49.7473349999999996
11
148.549950999999993
21
-49.7507869999999954
0
LINE
8
Edge.Cuts
6
CONTINUOUS
10
148.549950999999993
20
-49.7507869999999954
11
148.54928799999999
21
-49.7542439999999999
0
LINE
8
Edge.Cuts
6
CONTINUOUS
10
148.54928799999999
20
-49.7542439999999999
11
148.5486469999999883
21
-49.7576970000000003
0
LINE
8
Edge.Cuts
6
CONTINUOUS
10
148.5486469999999883
20
-49.7576970000000003
11
148.5480239999999981
21
-49.7611549999999951
0
LINE
8
Edge.Cuts
6
CONTINUOUS
10
148.5480239999999981
20
-49.7611549999999951
11
148.5474229999999807
21
-49.7646090000000001
0
LINE
8
Edge.Cuts
6
CONTINUOUS
10
148.5474229999999807
20
-49.7646090000000001
11
148.5468419999999981
21
-49.7680669999999949
0
LINE
8
Edge.Cuts
6
CONTINUOUS
10
148.5468419999999981
20
-49.7680669999999949
11
148.5462809999999934
21
-49.7715209999999999
0
LINE
8
Edge.Cuts
6
CONTINUOUS
10
148.5462809999999934
20
-49.7715209999999999
11
148.545739999999995
21
-49.7749789999999948
0
LINE
8
Edge.Cuts
6
CONTINUOUS
10
148.545739999999995
20
-49.7749789999999948
11
148.545220999999998
21
-49.7784329999999997
0
LINE
8
Edge.Cuts
6
CONTINUOUS
10
148.545220999999998
20
-49.7784329999999997
11
148.5447199999999839
21
-49.7818899999999971
0
LINE
8
Edge.Cuts
6
CONTINUOUS
10
148.5447199999999839
20
-49.7818899999999971
11
148.5442409999999995
21
-49.7853439999999949
0
LINE
8
Edge.Cuts
6
CONTINUOUS
10
148.5442409999999995
20
-49.7853439999999949
11
148.5437809999999956
21
-49.7888009999999994
0
LINE
8
Edge.Cuts
6
CONTINUOUS
10
148.5437809999999956
20
-49.7888009999999994
11
148.5433419999999956
21
-49.7922539999999998
0
LINE
8
Edge.Cuts
6
CONTINUOUS
10
148.5433419999999956
20
-49.7922539999999998
11
148.5429230000000018
21
-49.7957109999999972
0
LINE
8
Edge.Cuts
6
CONTINUOUS
10
148.5429230000000018
20
-49.7957109999999972
11
148.5425249999999835
21
-49.7991630000000001
0
LINE
8
Edge.Cuts
6
CONTINUOUS
10
148.5425249999999835
20
-49.7991630000000001
11
148.5421460000000025
21
-49.8026179999999954
0
LINE
8
Edge.Cuts
6
CONTINUOUS
10
148.5421460000000025
20
-49.8026179999999954
11
148.5417879999999968
21
-49.8060690000000008
0
LINE
8
Edge.Cuts
6
CONTINUOUS
10
148.5417879999999968
20
-49.8060690000000008
11
148.5414499999999975
21
-49.8095229999999987
0
LINE
8
Edge.Cuts
6
CONTINUOUS
10
148.5414499999999975
20
-49.8095229999999987
11
148.5411320000000046
21
-49.8129719999999949
0
LINE
8
Edge.Cuts
6
CONTINUOUS
10
148.5411320000000046
20
-49.8129719999999949
11
148.5408349999999871
21
-49.8164249999999953
0
LINE
8
Edge.Cuts
6
CONTINUOUS
10
148.5408349999999871
20
-49.8164249999999953
11
148.5405570000000068
21
-49.8198730000000012
0
LINE
8
Edge.Cuts
6
CONTINUOUS
10
148.5405570000000068
20
-49.8198730000000012
11
148.540300000000002
21
-49.8233229999999949
0
LINE
8
Edge.Cuts
6
CONTINUOUS
10
148.540300000000002
20
-49.8233229999999949
11
148.5400630000000035
21
-49.8267689999999988
0
LINE
8
Edge.Cuts
6
CONTINUOUS
10
148.5400630000000035
20
-49.8267689999999988
11
148.539845999999983
21
-49.830217999999995
0
LINE
8
Edge.Cuts
6
CONTINUOUS
10
148.539845999999983
20
-49.830217999999995
11
148.5396489999999972
21
-49.8336619999999968
0
LINE
8
Edge.Cuts
6
CONTINUOUS
10
148.5396489999999972
20
-49.8336619999999968
11
148.5394729999999868
21
-49.8371080000000006
0
LINE
8
Edge.Cuts
6
CONTINUOUS
10
148.5394729999999868
20
-49.8371080000000006
11
148.5393159999999853
21
-49.8405489999999958
0
LINE
8
Edge.Cuts
6
CONTINUOUS
10
148.5393159999999853
20
-49.8405489999999958
11
148.5391799999999876
21
-49.8439929999999976
0
LINE
8
Edge.Cuts
6
CONTINUOUS
10
148.5391799999999876
20
-49.8439929999999976
11
148.5390639999999962
21
-49.8474319999999977
0
LINE
8
Edge.Cuts
6
CONTINUOUS
10
148.5390639999999962
20
-49.8474319999999977
11
148.5389679999999828
21
-49.850873
0
LINE
8
Edge.Cuts
6
CONTINUOUS
10
148.5389679999999828
20
-49.850873
11
148.5388920000000041
21
-49.8543090000000007
0
LINE
8
Edge.Cuts
6
CONTINUOUS
10
148.5388920000000041
20
-49.8543090000000007
11
148.5388360000000034
21
-49.8577480000000008
0
LINE
8
Edge.Cuts
6
CONTINUOUS
10
148.5388360000000034
20
-49.8577480000000008
11
148.5387999999999806
21
-49.8611809999999949
0
LINE
8
Edge.Cuts
6
CONTINUOUS
10
148.5387999999999806
20
-49.8611809999999949
11
148.5387839999999926
21
-49.8646159999999981
0
LINE
8
Edge.Cuts
6
CONTINUOUS
10
148.5387839999999926
20
-49.8646159999999981
11
148.5387829999999951
21
-49.8656119999999987
0
LINE
8
Edge.Cuts
6
CONTINUOUS
10
152.7698279999999897
20
-139.1758910000000071
11
152.7773609999999849
21
-139.1758509999999944
0
LINE
8
Edge.Cuts
6
CONTINUOUS
10
152.7773609999999849
20
-139.1758509999999944
11
152.7848860000000002
21
-139.1757309999999848
0
LINE
8
Edge.Cuts
6
CONTINUOUS
10
152.7848860000000002
20
-139.1757309999999848
11
152.7924030000000073
21
-139.175532000000004
0
LINE
8
Edge.Cuts
6
CONTINUOUS
10
152.7924030000000073
20
-139.175532000000004
11
152.7999109999999803
21
-139.1752529999999979
0
LINE
8
Edge.Cuts
6
CONTINUOUS
10
152.7999109999999803
20
-139.1752529999999979
11
152.8074090000000069
21
-139.1748939999999948
0
LINE
8
Edge.Cuts
6
CONTINUOUS
10
152.8074090000000069
20
-139.1748939999999948
11
152.8148979999999995
21
-139.1744559999999922
0
LINE
8
Edge.Cuts
6
CONTINUOUS
10
152.8148979999999995
20
-139.1744559999999922
11
152.8223759999999913
21
-139.1739379999999926
0
LINE
8
Edge.Cuts
6
CONTINUOUS
10
152.8223759999999913
20
-139.1739379999999926
11
152.82984399999998
21
-139.1733409999999935
0
LINE
8
Edge.Cuts
6
CONTINUOUS
10
152.82984399999998
20
-139.1733409999999935
11
152.8373009999999965
21
-139.172664999999995
0
LINE
8
Edge.Cuts
6
CONTINUOUS
10
152.8373009999999965
20
-139.172664999999995
11
152.8447459999999865
21
-139.1719099999999969
0
LINE
8
Edge.Cuts
6
CONTINUOUS
10
152.8447459999999865
20
-139.1719099999999969
11
152.8521790000000067
21
-139.1710759999999993
0
LINE
8
Edge.Cuts
6
CONTINUOUS
10
152.8521790000000067
20
-139.1710759999999993
11
152.8595990000000029
21
-139.1701620000000048
0
LINE
8
Edge.Cuts
6
CONTINUOUS
10
152.8595990000000029
20
-139.1701620000000048
11
152.867007000000001
21
-139.1691699999999798
0
LINE
8
Edge.Cuts
6
CONTINUOUS
10
152.867007000000001
20
-139.1691699999999798
11
152.874401000000006
21
-139.1680989999999838
0
LINE
8
Edge.Cuts
6
CONTINUOUS
10
152.874401000000006
20
-139.1680989999999838
11
152.8817809999999895
21
-139.1669499999999857
0
LINE
8
Edge.Cuts
6
CONTINUOUS
10
152.8817809999999895
20
-139.1669499999999857
11
152.8891469999999799
21
-139.1657209999999907
0
LINE
8
Edge.Cuts
6
CONTINUOUS
10
152.8891469999999799
20
-139.1657209999999907
11
152.8964969999999823
21
-139.1644149999999911
0
LINE
8
Edge.Cuts
6
CONTINUOUS
10
152.8964969999999823
20
-139.1644149999999911
11
152.9038319999999942
21
-139.163029999999992
0
LINE
8
Edge.Cuts
6
CONTINUOUS
10
152.9038319999999942
20
-139.163029999999992
11
152.9111499999999921
21
-139.1615669999999909
0
LINE
8
Edge.Cuts
6
CONTINUOUS
10
152.9111499999999921
20
-139.1615669999999909
11
152.918452000000002
21
-139.1600249999999903
0
LINE
8
Edge.Cuts
6
CONTINUOUS
10
152.918452000000002
20
-139.1600249999999903
11
152.9257360000000006
21
-139.1584059999999852
0
LINE
8
Edge.Cuts
6
CONTINUOUS
10
152.9257360000000006
20
-139.1584059999999852
11
152.9330029999999851
21
-139.1567090000000064
0
LINE
8
Edge.Cuts
6
CONTINUOUS
10
152.9330029999999851
20
-139.1567090000000064
11
152.9402509999999893
21
-139.1549339999999972
0
LINE
8
Edge.Cuts
6
CONTINUOUS
10
152.9402509999999893
20
-139.1549339999999972
11
152.9474799999999846
21
-139.153080999999986
0
LINE
8
Edge.Cuts
6
CONTINUOUS
10
152.9474799999999846
20
-139.153080999999986
11
152.9546890000000019
21
-139.1511509999999987
0
LINE
8
Edge.Cuts
6
CONTINUOUS
10
152.9546890000000019
20
-139.1511509999999987
11
152.9618779999999845
21
-139.1491440000000068
0
LINE
8
Edge.Cuts
6
CONTINUOUS
10
152.9618779999999845
20
-139.1491440000000068
11
152.9690459999999916
21
-139.147059999999982
0
LINE
8
Edge.Cuts
6
CONTINUOUS
10
152.9690459999999916
20
-139.147059999999982
11
152.9761919999999975
21
-139.144898999999981
0
LINE
8
Edge.Cuts
6
CONTINUOUS
10
152.9761919999999975
20
-139.144898999999981
11
152.9833169999999996
21
-139.1426610000000039
0
LINE
8
Edge.Cuts
6
CONTINUOUS
10
152.9833169999999996
20
-139.1426610000000039
11
152.9904180000000053
21
-139.1403459999999939
0
LINE
8
Edge.Cuts
6
CONTINUOUS
10
152.9904180000000053
20
-139.1403459999999939
11
152.997495999999984
21
-139.1379550000000052
0
LINE
8
Edge.Cuts
6
CONTINUOUS
10
152.997495999999984
20
-139.1379550000000052
11
153.0045489999999972
21
-139.135487999999981
0
LINE
8
Edge.Cuts
6
CONTINUOUS
10
153.0045489999999972
20
-139.135487999999981
11
153.0115779999999859
21
-139.1329450000000065
0
LINE
8
Edge.Cuts
6
CONTINUOUS
10
153.0115779999999859
20
-139.1329450000000065
11
153.0185809999999833
21
-139.1303259999999966
0
LINE
8
Edge.Cuts
6
CONTINUOUS
10
153.0185809999999833
20
-139.1303259999999966
11
153.0255579999999895
21
-139.1276320000000055
0
LINE
8
Edge.Cuts
6
CONTINUOUS
10
153.0255579999999895
20
-139.1276320000000055
11
153.0325069999999812
21
-139.1248630000000048
0
LINE
8
Edge.Cuts
6
CONTINUOUS
10
153.0325069999999812
20
-139.1248630000000048
11
153.0394299999999816
21
-139.1220179999999971
0
LINE
8
Edge.Cuts
6
CONTINUOUS
10
153.0394299999999816
20
-139.1220179999999971
11
153.046323000000001
21
-139.1190990000000056
0
LINE
8
Edge.Cuts
6
CONTINUOUS
10
153.046323000000001
20
-139.1190990000000056
11
153.0531880000000058
21
-139.1161050000000046
0
LINE
8
Edge.Cuts
6
CONTINUOUS
10
153.0531880000000058
20
-139.1161050000000046
11
153.060023000000001
21
-139.1130369999999914
0
LINE
8
Edge.Cuts
6
CONTINUOUS
10
153.060023000000001
20
-139.1130369999999914
11
153.0668269999999893
21
-139.109895999999992
0
LINE
8
Edge.Cuts
6
CONTINUOUS
10
153.0668269999999893
20
-139.109895999999992
11
153.0735990000000015
21
-139.106679999999983
0
LINE
8
Edge.Cuts
6
CONTINUOUS
10
153.0735990000000015
20
-139.106679999999983
11
153.0803400000000067
21
-139.1033919999999853
0
LINE
8
Edge.Cuts
6
CONTINUOUS
10
153.0803400000000067
20
-139.1033919999999853
11
153.0870479999999816
21
-139.1000300000000038
0
LINE
8
Edge.Cuts
6
CONTINUOUS
10
153.0870479999999816
20
-139.1000300000000038
11
153.0937219999999854
21
-139.0965960000000052
0
LINE
8
Edge.Cuts
6
CONTINUOUS
10
153.0937219999999854
20
-139.0965960000000052
11
153.1003619999999898
21
-139.0930899999999895
0
LINE
8
Edge.Cuts
6
CONTINUOUS
10
153.1003619999999898
20
-139.0930899999999895
11
153.1069669999999974
21
-139.0895119999999849
0
LINE
8
Edge.Cuts
6
CONTINUOUS
10
153.1069669999999974
20
-139.0895119999999849
11
153.1135359999999821
21
-139.0858619999999917
0
LINE
8
Edge.Cuts
6
CONTINUOUS
10
153.1135359999999821
20
-139.0858619999999917
11
153.1200680000000034
21
-139.0821420000000046
0
LINE
8
Edge.Cuts
6
CONTINUOUS
10
153.1200680000000034
20
-139.0821420000000046
11
153.1265620000000069
21
-139.0783509999999978
0
LINE
8
Edge.Cuts
6
CONTINUOUS
10
153.1265620000000069
20
-139.0783509999999978
11
153.1330189999999902
21
-139.0744889999999998
0
LINE
8
Edge.Cuts
6
CONTINUOUS
10
153.1330189999999902
20
-139.0744889999999998
11
153.1394359999999892
21
-139.0705580000000054
0
LINE
8
Edge.Cuts
6
CONTINUOUS
10
153.1394359999999892
20
-139.0705580000000054
11
153.1458140000000014
21
-139.0665569999999889
0
LINE
8
Edge.Cuts
6
CONTINUOUS
10
153.1458140000000014
20
-139.0665569999999889
11
153.1521510000000035
21
-139.0624870000000044
0
LINE
8
Edge.Cuts
6
CONTINUOUS
10
153.1521510000000035
20
-139.0624870000000044
11
153.1584459999999979
21
-139.0583489999999927
0
LINE
8
Edge.Cuts
6
CONTINUOUS
10
153.1584459999999979
20
-139.0583489999999927
11
153.1646999999999821
21
-139.0541429999999821
0
LINE
8
Edge.Cuts
6
CONTINUOUS
10
153.1646999999999821
20
-139.0541429999999821
11
153.1709099999999921
21
-139.0498699999999985
0
LINE
8
Edge.Cuts
6
CONTINUOUS
10
153.1709099999999921
20
-139.0498699999999985
11
153.177076999999997
21
-139.0455299999999852
0
LINE
8
Edge.Cuts
6
CONTINUOUS
10
153.177076999999997
20
-139.0455299999999852
11
153.1831990000000019
21
-139.0411229999999989
0
LINE
8
Edge.Cuts
6
CONTINUOUS
10
153.1831990000000019
20
-139.0411229999999989
11
153.1892760000000067
21
-139.0366499999999803
0
LINE
8
Edge.Cuts
6
CONTINUOUS
10
153.1892760000000067
20
-139.0366499999999803
11
153.195305999999988
21
-139.0321119999999837
0
LINE
8
Edge.Cuts
6
CONTINUOUS
10
153.195305999999988
20
-139.0321119999999837
11
153.2012900000000002
21
-139.0275089999999807
0
LINE
8
Edge.Cuts
6
CONTINUOUS
10
153.2012900000000002
20
-139.0275089999999807
11
153.2072259999999915
21
-139.0228419999999971
0
LINE
8
Edge.Cuts
6
CONTINUOUS
10
153.2072259999999915
20
-139.0228419999999971
11
153.2131139999999903
21
-139.0181110000000047
0
LINE
8
Edge.Cuts
6
CONTINUOUS
10
153.2131139999999903
20
-139.0181110000000047
11
153.2189529999999991
21
-139.0133170000000007
0
LINE
8
Edge.Cuts
6
CONTINUOUS
10
153.2189529999999991
20
-139.0133170000000007
11
153.2247409999999945
21
-139.0084609999999827
0
LINE
8
Edge.Cuts
6
CONTINUOUS
10
153.2247409999999945
20
-139.0084609999999827
11
153.2304790000000025
21
-139.0035430000000076
0
LINE
8
Edge.Cuts
6
CONTINUOUS
10
153.2304790000000025
20
-139.0035430000000076
11
153.2361649999999997
21
-138.9985639999999876
0
LINE
8
Edge.Cuts
6
CONTINUOUS
10
153.2361649999999997
20
-138.9985639999999876
11
153.2417989999999861
21
-138.9935240000000078
0
LINE
8
Edge.Cuts
6
CONTINUOUS
10
153.2417989999999861
20
-138.9935240000000078
11
153.2473799999999926
21
-138.9884239999999807
0
LINE
8
Edge.Cuts
6
CONTINUOUS
10
153.2473799999999926
20
-138.9884239999999807
11
153.2529069999999933
21
-138.9832649999999887
0
LINE
8
Edge.Cuts
6
CONTINUOUS
10
153.2529069999999933
20
-138.9832649999999887
11
153.2583799999999883
21
-138.9780480000000011
0
LINE
8
Edge.Cuts
6
CONTINUOUS
10
153.2583799999999883
20
-138.9780480000000011
11
153.2637969999999825
21
-138.9727729999999895
0
LINE
8
Edge.Cuts
6
CONTINUOUS
10
153.2637969999999825
20
-138.9727729999999895
11
153.2691590000000019
21
-138.9674399999999821
0
LINE
8
Edge.Cuts
6
CONTINUOUS
10
153.2691590000000019
20
-138.9674399999999821
11
153.2718179999999961
21
-138.9647520000000043
0
LINE
8
Edge.Cuts
6
CONTINUOUS
10
153.2718179999999961
20
-138.9647520000000043
11
153.2744629999999972
21
-138.9620510000000024
0
LINE
8
Edge.Cuts
6
CONTINUOUS
10
153.2744629999999972
20
-138.9620510000000024
11
153.2770940000000053
21
-138.9593349999999816
0
LINE
8
Edge.Cuts
6
CONTINUOUS
10
153.2770940000000053
20
-138.9593349999999816
11
153.2797109999999918
21
-138.9566059999999936
0
LINE
8
Edge.Cuts
6
CONTINUOUS
10
153.2797109999999918
20
-138.9566059999999936
11
153.2823129999999878
21
-138.9538629999999841
0
LINE
8
Edge.Cuts
6
CONTINUOUS
10
153.2823129999999878
20
-138.9538629999999841
11
153.2849009999999907
21
-138.9511059999999816
0
LINE
8
Edge.Cuts
6
CONTINUOUS
10
153.2849009999999907
20
-138.9511059999999816
11
153.2874730000000056
21
-138.9483359999999834
0
LINE
8
Edge.Cuts
6
CONTINUOUS
10
153.2874730000000056
20
-138.9483359999999834
11
153.290030999999999
21
-138.9455519999999922
0
LINE
8
Edge.Cuts
6
CONTINUOUS
10
153.290030999999999
20
-138.9455519999999922
11
153.2925740000000019
21
-138.9427550000000053
0
LINE
8
Edge.Cuts
6
CONTINUOUS
10
153.2925740000000019
20
-138.9427550000000053
11
153.2951029999999832
21
-138.939943999999997
0
LINE
8
Edge.Cuts
6
CONTINUOUS
10
153.2951029999999832
20
-138.939943999999997
11
153.297616000000005
21
-138.9371199999999931
0
LINE
8
Edge.Cuts
6
CONTINUOUS
10
153.297616000000005
20
-138.9371199999999931
11
153.3001139999999793
21
-138.9342829999999935
0
LINE
8
Edge.Cuts
6
CONTINUOUS
10
153.3001139999999793
20
-138.9342829999999935
11
153.3025969999999916
21
-138.9314329999999984
0
LINE
8
Edge.Cuts
6
CONTINUOUS
10
153.3025969999999916
20
-138.9314329999999984
11
153.3050649999999848
21
-138.9285700000000077
0
LINE
8
Edge.Cuts
6
CONTINUOUS
10
153.3050649999999848
20
-138.9285700000000077
11
153.30751699999999
21
-138.9256949999999904
0
LINE
8
Edge.Cuts
6
CONTINUOUS
10
153.30751699999999
20
-138.9256949999999904
11
153.3099540000000047
21
-138.92280599999998
0
LINE
8
Edge.Cuts
6
CONTINUOUS
10
153.3099540000000047
20
-138.92280599999998
11
153.312375000000003
21
-138.919905
0
LINE
8
Edge.Cuts
6
CONTINUOUS
10
153.312375000000003
20
-138.919905
11
153.3147809999999822
21
-138.9169909999999959
0
LINE
8
Edge.Cuts
6
CONTINUOUS
10
153.3147809999999822
20
-138.9169909999999959
11
153.3171710000000019
21
-138.9140649999999937
0
LINE
8
Edge.Cuts
6
CONTINUOUS
10
153.3171710000000019
20
-138.9140649999999937
11
153.3195460000000026
21
-138.9111259999999959
0
LINE
8
Edge.Cuts
6
CONTINUOUS
10
153.3195460000000026
20
-138.9111259999999959
11
153.3219049999999868
21
-138.9081759999999974
0
LINE
8
Edge.Cuts
6
CONTINUOUS
10
153.3219049999999868
20
-138.9081759999999974
11
153.324247999999983
21
-138.9052120000000059
0
LINE
8
Edge.Cuts
6
CONTINUOUS
10
153.324247999999983
20
-138.9052120000000059
11
153.3265739999999937
21
-138.9022369999999853
0
LINE
8
Edge.Cuts
6
CONTINUOUS
10
153.3265739999999937
20
-138.9022369999999853
11
153.3288849999999854
21
-138.899249999999995
0
LINE
8
Edge.Cuts
6
CONTINUOUS
10
153.3288849999999854
20
-138.899249999999995
11
153.3311799999999891
21
-138.8962510000000066
0
LINE
8
Edge.Cuts
6
CONTINUOUS
10
153.3311799999999891
20
-138.8962510000000066
11
153.3334590000000048
21
-138.8932399999999916
0
LINE
8
Edge.Cuts
6
CONTINUOUS
10
153.3334590000000048
20
-138.8932399999999916
11
153.3357210000000066
21
-138.8902180000000044
0
LINE
8
Edge.Cuts
6
CONTINUOUS
10
153.3357210000000066
20
-138.8902180000000044
11
153.3379669999999919
21
-138.8871839999999906
0
LINE
8
Edge.Cuts
6
CONTINUOUS
10
153.3379669999999919
20
-138.8871839999999906
11
153.3401959999999917
21
-138.8841390000000047
0
LINE
8
Edge.Cuts
6
CONTINUOUS
10
153.3401959999999917
20
-138.8841390000000047
11
153.342410000000001
21
-138.8810809999999947
0
LINE
8
Edge.Cuts
6
CONTINUOUS
10
153.342410000000001
20
-138.8810809999999947
11
153.3446059999999989
21
-138.8780129999999815
0
LINE
8
Edge.Cuts
6
CONTINUOUS
10
153.3446059999999989
20
-138.8780129999999815
11
153.3467859999999803
21
-138.8749329999999986
0
LINE
8
Edge.Cuts
6
CONTINUOUS
10
153.3467859999999803
20
-138.8749329999999986
11
153.3489500000000021
21
-138.8718429999999842
0
LINE
8
Edge.Cuts
6
CONTINUOUS
10
153.3489500000000021
20
-138.8718429999999842
11
153.3510969999999816
21
-138.868741
0
LINE
8
Edge.Cuts
6
CONTINUOUS
10
153.3510969999999816
20
-138.868741
11
153.3532260000000065
21
-138.8656289999999842
0
LINE
8
Edge.Cuts
6
CONTINUOUS
10
153.3532260000000065
20
-138.8656289999999842
11
153.3553389999999865
21
-138.8625059999999962
0
LINE
8
Edge.Cuts
6
CONTINUOUS
10
153.3553389999999865
20
-138.8625059999999962
11
153.3574349999999811
21
-138.8593720000000076
0
LINE
8
Edge.Cuts
6
CONTINUOUS
10
153.3574349999999811
20
-138.8593720000000076
11
153.3595149999999876
21
-138.8562269999999899
0
LINE
8
Edge.Cuts
6
CONTINUOUS
10
153.3595149999999876
20
-138.8562269999999899
11
153.3615769999999827
21
-138.8530719999999974
0
LINE
8
Edge.Cuts
6
CONTINUOUS
10
153.3615769999999827
20
-138.8530719999999974
11
153.3636219999999923
21
-138.8499060000000043
0
LINE
8
Edge.Cuts
6
CONTINUOUS
10
153.3636219999999923
20
-138.8499060000000043
11
153.3656489999999906
21
-138.8467310000000055
0
LINE
8
Edge.Cuts
6
CONTINUOUS
10
153.3656489999999906
20
-138.8467310000000055
11
153.3676600000000008
21
-138.8435439999999801
0
LINE
8
Edge.Cuts
6
CONTINUOUS
10
153.3676600000000008
20
-138.8435439999999801
11
153.3696529999999996
21
-138.8403490000000033
0
LINE
8
Edge.Cuts
6
CONTINUOUS
10
153.3696529999999996
20
-138.8403490000000033
11
153.3716299999999819
21
-138.8371420000000001
0
LINE
8
Edge.Cuts
6
CONTINUOUS
10
153.3716299999999819
20
-138.8371420000000001
11
153.3735879999999838
21
-138.8339259999999911
0
LINE
8
Edge.Cuts
6
CONTINUOUS
10
153.3735879999999838
20
-138.8339259999999911
11
153.3755290000000002
21
-138.8307000000000073
0
LINE
8
Edge.Cuts
6
CONTINUOUS
10
153.3755290000000002
20
-138.8307000000000073
11
153.3774530000000027
21
-138.8274649999999895
0
LINE
8
Edge.Cuts
6
CONTINUOUS
10
153.3774530000000027
20
-138.8274649999999895
11
153.3793589999999938
21
-138.8242189999999994
0
LINE
8
Edge.Cuts
6
CONTINUOUS
10
153.3793589999999938
20
-138.8242189999999994
11
153.3812470000000019
21
-138.8209650000000011
0
LINE
8
Edge.Cuts
6
CONTINUOUS
10
153.3812470000000019
20
-138.8209650000000011
11
153.3831179999999961
21
-138.8177000000000021
0
LINE
8
Edge.Cuts
6
CONTINUOUS
10
153.3831179999999961
20
-138.8177000000000021
11
153.3849709999999789
21
-138.8144269999999949
0
LINE
8
Edge.Cuts
6
CONTINUOUS
10
153.3849709999999789
20
-138.8144269999999949
11
153.3868070000000046
21
-138.8111429999999871
0
LINE
8
Edge.Cuts
6
CONTINUOUS
10
153.3868070000000046
20
-138.8111429999999871
11
153.388623999999993
21
-138.8078519999999969
0
LINE
8
Edge.Cuts
6
CONTINUOUS
10
153.388623999999993
20
-138.8078519999999969
11
153.3904239999999959
21
-138.8045500000000061
0
LINE
8
Edge.Cuts
6
CONTINUOUS
10
153.3904239999999959
20
-138.8045500000000061
11
153.3922049999999899
21
-138.8012410000000045
0
LINE
8
Edge.Cuts
6
CONTINUOUS
10
153.3922049999999899
20
-138.8012410000000045
11
153.3939689999999985
21
-138.7979219999999998
0
LINE
8
Edge.Cuts
6
CONTINUOUS
10
153.3939689999999985
20
-138.7979219999999998
11
153.3957149999999956
21
-138.7945949999999868
0
LINE
8
Edge.Cuts
6
CONTINUOUS
10
153.3957149999999956
20
-138.7945949999999868
11
153.3974429999999813
21
-138.7912579999999991
0
LINE
8
Edge.Cuts
6
CONTINUOUS
10
153.3974429999999813
20
-138.7912579999999991
11
153.3991519999999866
21
-138.7879140000000007
0
LINE
8
Edge.Cuts
6
CONTINUOUS
10
153.3991519999999866
20
-138.7879140000000007
11
153.4008440000000064
21
-138.784559999999999
0
LINE
8
Edge.Cuts
6
CONTINUOUS
10
153.4008440000000064
20
-138.784559999999999
11
153.4025159999999914
21
-138.7811989999999867
0
LINE
8
Edge.Cuts
6
CONTINUOUS
10
153.4025159999999914
20
-138.7811989999999867
11
153.4041719999999884
21
-138.7778279999999995
0
LINE
8
Edge.Cuts
6
CONTINUOUS
10
153.4041719999999884
20
-138.7778279999999995
11
153.4058079999999791
21
-138.7744509999999991
0
LINE
8
Edge.Cuts
6
CONTINUOUS
10
153.4058079999999791
20
-138.7744509999999991
11
153.4074269999999842
21
-138.7710639999999955
0
LINE
8
Edge.Cuts
6
CONTINUOUS
10
153.4074269999999842
20
-138.7710639999999955
11
153.409025999999983
21
-138.7676710000000071
0
LINE
8
Edge.Cuts
6
CONTINUOUS
10
153.409025999999983
20
-138.7676710000000071
11
153.4106079999999963
21
-138.7642679999999871
0
LINE
8
Edge.Cuts
6
CONTINUOUS
10
153.4106079999999963
20
-138.7642679999999871
11
153.4121710000000007
21
-138.7608589999999822
0
LINE
8
Edge.Cuts
6
CONTINUOUS
10
153.4121710000000007
20
-138.7608589999999822
11
153.4137159999999938
21
-138.757441
0
LINE
8
Edge.Cuts
6
CONTINUOUS
10
153.4137159999999938
20
-138.757441
11
153.4152409999999804
21
-138.7540170000000046
0
LINE
8
Edge.Cuts
6
CONTINUOUS
10
153.4152409999999804
20
-138.7540170000000046
11
153.4167489999999816
21
-138.750583000000006
0
LINE
8
Edge.Cuts
6
CONTINUOUS
10
153.4167489999999816
20
-138.750583000000006
11
153.4182380000000023
21
-138.7471439999999916
0
LINE
8
Edge.Cuts
6
CONTINUOUS
10
153.4182380000000023
20
-138.7471439999999916
11
153.4197079999999858
21
-138.7436959999999999
0
LINE
8
Edge.Cuts
6
CONTINUOUS
10
153.4197079999999858
20
-138.7436959999999999
11
153.4211589999999887
21
-138.740241999999995
0
LINE
8
Edge.Cuts
6
CONTINUOUS
10
153.4211589999999887
20
-138.740241999999995
11
153.4225930000000062
21
-138.7367799999999818
0
LINE
8
Edge.Cuts
6
CONTINUOUS
10
153.4225930000000062
20
-138.7367799999999818
11
153.4240059999999914
21
-138.7333119999999838
0
LINE
8
Edge.Cuts
6
CONTINUOUS
10
153.4240059999999914
20
-138.7333119999999838
11
153.4254019999999912
21
-138.72983499999998
0
LINE
8
Edge.Cuts
6
CONTINUOUS
10
153.4254019999999912
20
-138.72983499999998
11
153.4267779999999846
21
-138.7263529999999889
0
LINE
8
Edge.Cuts
6
CONTINUOUS
10
153.4267779999999846
20
-138.7263529999999889
11
153.428135999999995
21
-138.7228629999999896
0
LINE
8
Edge.Cuts
6
CONTINUOUS
10
153.428135999999995
20
-138.7228629999999896
11
153.4294749999999965
21
-138.7193680000000029
0
LINE
8
Edge.Cuts
6
CONTINUOUS
10
153.4294749999999965
20
-138.7193680000000029
11
153.4307949999999892
21
-138.7158639999999821
0
LINE
8
Edge.Cuts
6
CONTINUOUS
10
153.4307949999999892
20
-138.7158639999999821
11
153.4320950000000039
21
-138.7123559999999998
0
LINE
8
Edge.Cuts
6
CONTINUOUS
10
153.4320950000000039
20
-138.7123559999999998
11
153.4333780000000047
21
-138.7088389999999833
0
LINE
8
Edge.Cuts
6
CONTINUOUS
10
153.4333780000000047
20
-138.7088389999999833
11
153.4346400000000017
21
-138.7053180000000054
0
LINE
8
Edge.Cuts
6
CONTINUOUS
10
153.4346400000000017
20
-138.7053180000000054
11
153.4358849999999848
21
-138.7017889999999909
0
LINE
8
Edge.Cuts
6
CONTINUOUS
10
153.4358849999999848
20
-138.7017889999999909
11
153.4371089999999924
21
-138.698254999999989
0
LINE
8
Edge.Cuts
6
CONTINUOUS
10
153.4371089999999924
20
-138.698254999999989
11
153.4383149999999887
21
-138.6947130000000072
0
LINE
8
Edge.Cuts
6
CONTINUOUS
10
153.4383149999999887
20
-138.6947130000000072
11
153.4395020000000045
21
-138.6911680000000047
0
LINE
8
Edge.Cuts
6
CONTINUOUS
10
153.4395020000000045
20
-138.6911680000000047
11
153.440669999999983
21
-138.6876139999999964
0
LINE
8
Edge.Cuts
6
CONTINUOUS
10
153.440669999999983
20
-138.6876139999999964
11
153.4418179999999836
21
-138.6840569999999957
0
LINE
8
Edge.Cuts
6
CONTINUOUS
10
153.4418179999999836
20
-138.6840569999999957
11
153.4429470000000038
21
-138.6804919999999868
0
LINE
8
Edge.Cuts
6
CONTINUOUS
10
153.4429470000000038
20
-138.6804919999999868
11
153.4440569999999866
21
-138.676922999999988
0
LINE
8
Edge.Cuts
6
CONTINUOUS
10
153.4440569999999866
20
-138.676922999999988
11
153.445147999999989
21
-138.6733470000000068
0
LINE
8
Edge.Cuts
6
CONTINUOUS
10
153.445147999999989
20
-138.6733470000000068
11
153.446218999999985
21
-138.6697670000000073
0
LINE
8
Edge.Cuts
6
CONTINUOUS
10
153.446218999999985
20
-138.6697670000000073
11
153.4472719999999981
21
-138.6661789999999996
0
LINE
8
Edge.Cuts
6
CONTINUOUS
10
153.4472719999999981
20
-138.6661789999999996
11
153.4483039999999789
21
-138.662588999999997
0
LINE
8
Edge.Cuts
6
CONTINUOUS
10
153.4483039999999789
20
-138.662588999999997
11
153.4493180000000052
21
-138.6589909999999861
0
LINE
8
Edge.Cuts
6
CONTINUOUS
10
153.4493180000000052
20
-138.6589909999999861
11
153.4503119999999967
21
-138.6553899999999828
0
LINE
8
Edge.Cuts
6
CONTINUOUS
10
153.4503119999999967
20
-138.6553899999999828
11
153.4512869999999793
21
-138.6517809999999997
0
LINE
8
Edge.Cuts
6
CONTINUOUS
10
153.4512869999999793
20
-138.6517809999999997
11
153.4522429999999815
21
-138.6481699999999933
0
LINE
8
Edge.Cuts
6
CONTINUOUS
10
153.4522429999999815
20
-138.6481699999999933
11
153.4531790000000058
21
-138.6445520000000045
0
LINE
8
Edge.Cuts
6
CONTINUOUS
10
153.4531790000000058
20
-138.6445520000000045
11
153.4540949999999953
21
-138.6409309999999948
0
LINE
8
Edge.Cuts
6
CONTINUOUS
10
153.4540949999999953
20
-138.6409309999999948
11
153.4549930000000018
21
-138.6373030000000028
0
LINE
8
Edge.Cuts
6
CONTINUOUS
10
153.4549930000000018
20
-138.6373030000000028
11
153.4558700000000044
21
-138.63367199999999
0
LINE
8
Edge.Cuts
6
CONTINUOUS
10
153.4558700000000044
20
-138.63367199999999
11
153.4567289999999957
21
-138.6300349999999924
0
LINE
8
Edge.Cuts
6
CONTINUOUS
10
153.4567289999999957
20
-138.6300349999999924
11
153.4575679999999807
21
-138.6263950000000023
0
LINE
8
Edge.Cuts
6
CONTINUOUS
10
153.4575679999999807
20
-138.6263950000000023
11
153.4583869999999877
21
-138.6227489999999989
0
LINE
8
Edge.Cuts
6
CONTINUOUS
10
153.4583869999999877
20
-138.6227489999999989
11
153.4591869999999858
21
-138.6191000000000031
0
LINE
8
Edge.Cuts
6
CONTINUOUS
10
153.4591869999999858
20
-138.6191000000000031
11
153.459967000000006
21
-138.615444999999994
0
LINE
8
Edge.Cuts
6
CONTINUOUS
10
153.459967000000006
20
-138.615444999999994
11
153.4607269999999914
21
-138.61178799999999
0
LINE
8
Edge.Cuts
6
CONTINUOUS
10
153.4607269999999914
20
-138.61178799999999
11
153.4614689999999939
21
-138.6081240000000037
0
LINE
8
Edge.Cuts
6
CONTINUOUS
10
153.4614689999999939
20
-138.6081240000000037
11
153.4621899999999926
21
-138.6044589999999914
0
LINE
8
Edge.Cuts
6
CONTINUOUS
10
153.4621899999999926
20
-138.6044589999999914
11
153.4628919999999823
21
-138.6007869999999969
0
LINE
8
Edge.Cuts
6
CONTINUOUS
10
153.4628919999999823
20
-138.6007869999999969
11
153.4635739999999942
21
-138.5971130000000073
0
LINE
8
Edge.Cuts
6
CONTINUOUS
10
153.4635739999999942
20
-138.5971130000000073
11
153.4642369999999971
21
-138.5934330000000045
0
LINE
8
Edge.Cuts
6
CONTINUOUS
10
153.4642369999999971
20
-138.5934330000000045
11
153.4648799999999937
21
-138.5897520000000043
0
LINE
8
Edge.Cuts
6
CONTINUOUS
10
153.4648799999999937
20
-138.5897520000000043
11
153.465502999999984
21
-138.5860639999999933
0
LINE
8
Edge.Cuts
6
CONTINUOUS
10
153.465502999999984
20
-138.5860639999999933
11
153.4661059999999964
21
-138.5823759999999822
0
LINE
8
Edge.Cuts
6
CONTINUOUS
10
153.4661059999999964
20
-138.5823759999999822
11
153.4666899999999998
21
-138.5786809999999889
0
LINE
8
Edge.Cuts
6
CONTINUOUS
10
153.4666899999999998
20
-138.5786809999999889
11
153.4672539999999969
21
-138.5749849999999981
0
LINE
8
Edge.Cuts
6
CONTINUOUS
10
153.4672539999999969
20
-138.5749849999999981
11
153.4677989999999852
21
-138.571282999999994
0
LINE
8
Edge.Cuts
6
CONTINUOUS
10
153.4677989999999852
20
-138.571282999999994
11
153.468322999999998
21
-138.5675799999999924
0
LINE
8
Edge.Cuts
6
CONTINUOUS
10
153.468322999999998
20
-138.5675799999999924
11
153.4688289999999995
21
-138.563871000000006
0
LINE
8
Edge.Cuts
6
CONTINUOUS
10
153.4688289999999995
20
-138.563871000000006
11
153.4693139999999971
21
-138.5601609999999937
0
LINE
8
Edge.Cuts
6
CONTINUOUS
10
153.4693139999999971
20
-138.5601609999999937
11
153.4697789999999884
21
-138.556445999999994
0
LINE
8
Edge.Cuts
6
CONTINUOUS
10
153.4697789999999884
20
-138.556445999999994
11
153.4702249999999992
21
-138.5527299999999968
0
LINE
8
Edge.Cuts
6
CONTINUOUS
10
153.4702249999999992
20
-138.5527299999999968
11
153.4706510000000037
21
-138.5490079999999864
0
LINE
8
Edge.Cuts
6
CONTINUOUS
10
153.4706510000000037
20
-138.5490079999999864
11
153.4710560000000044
21
-138.5452850000000069
0
LINE
8
Edge.Cuts
6
CONTINUOUS
10
153.4710560000000044
20
-138.5452850000000069
11
153.4714429999999936
21
-138.5415579999999807
0
LINE
8
Edge.Cuts
6
CONTINUOUS
10
153.4714429999999936
20
-138.5415579999999807
11
153.4718089999999791
21
-138.5378289999999879
0
LINE
8
Edge.Cuts
6
CONTINUOUS
10
153.4718089999999791
20
-138.5378289999999879
11
153.472155999999984
21
-138.5340960000000052
0
LINE
8
Edge.Cuts
6
CONTINUOUS
10
153.472155999999984
20
-138.5340960000000052
11
153.4724819999999852
21
-138.5303619999999967
0
LINE
8
Edge.Cuts
6
CONTINUOUS
10
153.4724819999999852
20
-138.5303619999999967
11
153.4727890000000059
21
-138.5266220000000033
0
LINE
8
Edge.Cuts
6
CONTINUOUS
10
153.4727890000000059
20
-138.5266220000000033
11
153.4730759999999918
21
-138.5228830000000073
0
LINE
8
Edge.Cuts
6
CONTINUOUS
10
153.4730759999999918
20
-138.5228830000000073
11
153.4733429999999998
21
-138.5191379999999981
0
LINE
8
Edge.Cuts
6
CONTINUOUS
10
153.4733429999999998
20
-138.5191379999999981
11
153.4735900000000015
21
-138.5153939999999864
0
LINE
8
Edge.Cuts
6
CONTINUOUS
10
153.4735900000000015
20
-138.5153939999999864
11
153.4738169999999968
21
-138.5116439999999898
0
LINE
8
Edge.Cuts
6
CONTINUOUS
10
153.4738169999999968
20
-138.5116439999999898
11
153.4740239999999858
21
-138.5078939999999932
0
LINE
8
Edge.Cuts
6
CONTINUOUS
10
153.4740239999999858
20
-138.5078939999999932
11
153.4742119999999943
21
-138.5041389999999808
0
LINE
8
Edge.Cuts
6
CONTINUOUS
10
153.4742119999999943
20
-138.5041389999999808
11
153.474378999999999
21
-138.5003849999999943
0
LINE
8
Edge.Cuts
6
CONTINUOUS
10
153.474378999999999
20
-138.5003849999999943
11
153.4745269999999948
21
-138.4966249999999945
0
LINE
8
Edge.Cuts
6
CONTINUOUS
10
153.4745269999999948
20
-138.4966249999999945
11
153.4746539999999868
21
-138.4928659999999923
0
LINE
8
Edge.Cuts
6
CONTINUOUS
10
153.4746539999999868
20
-138.4928659999999923
11
153.4747619999999984
21
-138.4891020000000026
0
LINE
8
Edge.Cuts
6
CONTINUOUS
10
153.4747619999999984
20
-138.4891020000000026
11
153.4748490000000061
21
-138.485338999999982
0
LINE
8
Edge.Cuts
6
CONTINUOUS
10
153.4748490000000061
20
-138.485338999999982
11
153.4749170000000049
21
-138.4815710000000024
0
LINE
8
Edge.Cuts
6
CONTINUOUS
10
153.4749170000000049
20
-138.4815710000000024
11
153.4749649999999974
21
-138.4778029999999944
0
LINE
8
Edge.Cuts
6
CONTINUOUS
10
153.4749649999999974
20
-138.4778029999999944
11
153.4749919999999861
21
-138.4740309999999965
0
LINE
8
Edge.Cuts
6
CONTINUOUS
10
153.4749919999999861
20
-138.4740309999999965
11
153.4749999999999943
21
-138.4707180000000051
0
LINE
8
Edge.Cuts
6
CONTINUOUS
10
153.4749999999999943
20
-138.4707180000000051
11
153.4799999999999898
21
-125.0449999999999875
0
LINE
8
Edge.Cuts
6
CONTINUOUS
10
153.4799999999999898
20
-125.0449999999999875
11
207.4248279999999909
21
-125.0849999999999937
0
LINE
8
Edge.Cuts
6
CONTINUOUS
10
169.0100829999999803
20
-49.1956969999999956
11
149.2086970000000008
21
-49.1956969999999956
0
LINE
8
Edge.Cuts
6
CONTINUOUS
10
169.6799999999999784
20
-49.8656119999999987
11
169.6799599999999941
21
-49.8587599999999966
0
LINE
8
Edge.Cuts
6
CONTINUOUS
10
169.6799599999999941
20
-49.8587599999999966
11
169.6798399999999845
21
-49.8519019999999955
0
LINE
8
Edge.Cuts
6
CONTINUOUS
10
169.6798399999999845
20
-49.8519019999999955
11
169.6796400000000062
21
-49.8450389999999999
0
LINE
8
Edge.Cuts
6
CONTINUOUS
10
169.6796400000000062
20
-49.8450389999999999
11
169.6793610000000001
21
-49.8381699999999981
0
LINE
8
Edge.Cuts
6
CONTINUOUS
10
169.6793610000000001
20
-49.8381699999999981
11
169.6790009999999995
21
-49.8312959999999947
0
LINE
8
Edge.Cuts
6
CONTINUOUS
10
169.6790009999999995
20
-49.8312959999999947
11
169.6785600000000045
21
-49.8244179999999943
0
LINE
8
Edge.Cuts
6
CONTINUOUS
10
169.6785600000000045
20
-49.8244179999999943
11
169.6780399999999815
21
-49.8175359999999969
0
LINE
8
Edge.Cuts
6
CONTINUOUS
10
169.6780399999999815
20
-49.8175359999999969
11
169.6774389999999926
21
-49.810651
0
LINE
8
Edge.Cuts
6
CONTINUOUS
10
169.6774389999999926
20
-49.810651
11
169.6767579999999782
21
-49.8037629999999965
0
LINE
8
Edge.Cuts
6
CONTINUOUS
10
169.6767579999999782
20
-49.8037629999999965
11
169.6759959999999978
21
-49.7968720000000005
0
LINE
8
Edge.Cuts
6
CONTINUOUS
10
169.6759959999999978
20
-49.7968720000000005
11
169.675153999999992
21
-49.7899789999999953
0
LINE
8
Edge.Cuts
6
CONTINUOUS
10
169.675153999999992
20
-49.7899789999999953
11
169.6742309999999918
21
-49.7830849999999998
0
LINE
8
Edge.Cuts
6
CONTINUOUS
10
169.6742309999999918
20
-49.7830849999999998
11
169.6732269999999971
21
-49.7761889999999951
0
LINE
8
Edge.Cuts
6
CONTINUOUS
10
169.6732269999999971
20
-49.7761889999999951
11
169.6721430000000055
21
-49.769293999999995
0
LINE
8
Edge.Cuts
6
CONTINUOUS
10
169.6721430000000055
20
-49.769293999999995
11
169.6709769999999935
21
-49.7623979999999975
0
LINE
8
Edge.Cuts
6
CONTINUOUS
10
169.6709769999999935
20
-49.7623979999999975
11
169.6697309999999845
21
-49.7555029999999974
0
LINE
8
Edge.Cuts
6
CONTINUOUS
10
169.6697309999999845
20
-49.7555029999999974
11
169.6684039999999811
21
-49.7486099999999993
0
LINE
8
Edge.Cuts
6
CONTINUOUS
10
169.6684039999999811
20
-49.7486099999999993
11
169.6669959999999833
21
-49.7417179999999988
0
LINE
8
Edge.Cuts
6
CONTINUOUS
10
169.6669959999999833
20
-49.7417179999999988
11
169.665506999999991
21
-49.7348299999999952
0
LINE
8
Edge.Cuts
6
CONTINUOUS
10
169.665506999999991
20
-49.7348299999999952
11
169.6639359999999783
21
-49.7279440000000008
0
LINE
8
Edge.Cuts
6
CONTINUOUS
10
169.6639359999999783
20
-49.7279440000000008
11
169.6622849999999971
21
-49.7210619999999963
0
LINE
8
Edge.Cuts
6
CONTINUOUS
10
169.6622849999999971
20
-49.7210619999999963
11
169.6605529999999931
21
-49.7141850000000005
0
LINE
8
Edge.Cuts
6
CONTINUOUS
10
169.6605529999999931
20
-49.7141850000000005
11
169.6587399999999946
21
-49.7073139999999967
0
LINE
8
Edge.Cuts
6
CONTINUOUS
10
169.6587399999999946
20
-49.7073139999999967
11
169.6568450000000041
21
-49.700448999999999
0
LINE
8
Edge.Cuts
6
CONTINUOUS
10
169.6568450000000041
20
-49.700448999999999
11
169.6548699999999883
21
-49.6935900000000004
0
LINE
8
Edge.Cuts
6
CONTINUOUS
10
169.6548699999999883
20
-49.6935900000000004
11
169.6528140000000064
21
-49.6867389999999958
0
LINE
8
Edge.Cuts
6
CONTINUOUS
10
169.6528140000000064
20
-49.6867389999999958
11
169.6506770000000017
21
-49.6798969999999969
0
LINE
8
Edge.Cuts
6
CONTINUOUS
10
169.6506770000000017
20
-49.6798969999999969
11
169.6484590000000026
21
-49.6730629999999991
0
LINE
8
Edge.Cuts
6
CONTINUOUS
10
169.6484590000000026
20
-49.6730629999999991
11
169.6461599999999805
21
-49.6662399999999948
0
LINE
8
Edge.Cuts
6
CONTINUOUS
10
169.6461599999999805
20
-49.6662399999999948
11
169.6437799999999925
21
-49.6594279999999983
0
LINE
8
Edge.Cuts
6
CONTINUOUS
10
169.6437799999999925
20
-49.6594279999999983
11
169.641319999999979
21
-49.652628
0
LINE
8
Edge.Cuts
6
CONTINUOUS
10
169.641319999999979
20
-49.652628
11
169.638779999999997
21
-49.6458399999999997
0
LINE
8
Edge.Cuts
6
CONTINUOUS
10
169.638779999999997
20
-49.6458399999999997
11
169.6361599999999896
21
-49.6390659999999997
0
LINE
8
Edge.Cuts
6
CONTINUOUS
10
169.6361599999999896
20
-49.6390659999999997
11
169.6334589999999878
21
-49.6323059999999998
0
LINE
8
Edge.Cuts
6
CONTINUOUS
10
169.6334589999999878
20
-49.6323059999999998
11
169.630677999999989
21
-49.6255609999999976
0
LINE
8
Edge.Cuts
6
CONTINUOUS
10
169.630677999999989
20
-49.6255609999999976
11
169.6278179999999907
21
-49.6188329999999951
0
LINE
8
Edge.Cuts
6
CONTINUOUS
10
169.6278179999999907
20
-49.6188329999999951
11
169.6248779999999954
21
-49.6121229999999969
0
LINE
8
Edge.Cuts
6
CONTINUOUS
10
169.6248779999999954
20
-49.6121229999999969
11
169.6218590000000006
21
-49.6054299999999984
0
LINE
8
Edge.Cuts
6
CONTINUOUS
10
169.6218590000000006
20
-49.6054299999999984
11
169.6187610000000063
21
-49.5987569999999991
0
LINE
8
Edge.Cuts
6
CONTINUOUS
10
169.6187610000000063
20
-49.5987569999999991
11
169.6155839999999841
21
-49.5921039999999991
0
LINE
8
Edge.Cuts
6
CONTINUOUS
10
169.6155839999999841
20
-49.5921039999999991
11
169.6123289999999884
21
-49.5854719999999958
0
LINE
8
Edge.Cuts
6
CONTINUOUS
10
169.6123289999999884
20
-49.5854719999999958
11
169.6089959999999905
21
-49.5788629999999984
0
LINE
8
Edge.Cuts
6
CONTINUOUS
10
169.6089959999999905
20
-49.5788629999999984
11
169.6055849999999907
21
-49.5722769999999997
0
LINE
8
Edge.Cuts
6
CONTINUOUS
10
169.6055849999999907
20
-49.5722769999999997
11
169.6020969999999863
21
-49.5657149999999973
0
LINE
8
Edge.Cuts
6
CONTINUOUS
10
169.6020969999999863
20
-49.5657149999999973
11
169.5985309999999799
21
-49.5591799999999978
0
LINE
8
Edge.Cuts
6
CONTINUOUS
10
169.5985309999999799
20
-49.5591799999999978
11
169.5948899999999924
21
-49.5526699999999991
0
LINE
8
Edge.Cuts
6
CONTINUOUS
10
169.5948899999999924
20
-49.5526699999999991
11
169.5911720000000003
21
-49.5461880000000008
0
LINE
8
Edge.Cuts
6
CONTINUOUS
10
169.5911720000000003
20
-49.5461880000000008
11
169.5873780000000011
21
-49.5397359999999978
0
LINE
8
Edge.Cuts
6
CONTINUOUS
10
169.5873780000000011
20
-49.5397359999999978
11
169.5835089999999923
21
-49.5333129999999997
0
LINE
8
Edge.Cuts
6
CONTINUOUS
10
169.5835089999999923
20
-49.5333129999999997
11
169.5795659999999998
21
-49.5269209999999944
0
LINE
8
Edge.Cuts
6
CONTINUOUS
10
169.5795659999999998
20
-49.5269209999999944
11
169.5755479999999977
21
-49.5205610000000007
0
LINE
8
Edge.Cuts
6
CONTINUOUS
10
169.5755479999999977
20
-49.5205610000000007
11
169.571456999999981
21
-49.5142339999999948
0
LINE
8
Edge.Cuts
6
CONTINUOUS
10
169.571456999999981
20
-49.5142339999999948
11
169.5672930000000065
21
-49.5079419999999999
0
LINE
8
Edge.Cuts
6
CONTINUOUS
10
169.5672930000000065
20
-49.5079419999999999
11
169.5630569999999864
21
-49.5016859999999994
0
LINE
8
Edge.Cuts
6
CONTINUOUS
10
169.5630569999999864
20
-49.5016859999999994
11
169.5587490000000059
21
-49.4954660000000004
0
LINE
8
Edge.Cuts
6
CONTINUOUS
10
169.5587490000000059
20
-49.4954660000000004
11
169.5543700000000058
21
-49.4892839999999978
0
LINE
8
Edge.Cuts
6
CONTINUOUS
10
169.5543700000000058
20
-49.4892839999999978
11
169.549919999999986
21
-49.4831409999999963
0
LINE
8
Edge.Cuts
6
CONTINUOUS
10
169.549919999999986
20
-49.4831409999999963
11
169.5454009999999982
21
-49.4770380000000003
0
LINE
8
Edge.Cuts
6
CONTINUOUS
10
169.5454009999999982
20
-49.4770380000000003
11
169.5408129999999858
21
-49.4709769999999978
0
LINE
8
Edge.Cuts
6
CONTINUOUS
10
169.5408129999999858
20
-49.4709769999999978
11
169.5361570000000029
21
-49.4649579999999958
0
LINE
8
Edge.Cuts
6
CONTINUOUS
10
169.5361570000000029
20
-49.4649579999999958
11
169.5314329999999927
21
-49.4589819999999989
0
LINE
8
Edge.Cuts
6
CONTINUOUS
10
169.5314329999999927
20
-49.4589819999999989
11
169.5266429999999787
21
-49.453050999999995
0
LINE
8
Edge.Cuts
6
CONTINUOUS
10
169.5266429999999787
20
-49.453050999999995
11
169.5217869999999891
21
-49.4471659999999957
0
LINE
8
Edge.Cuts
6
CONTINUOUS
10
169.5217869999999891
20
-49.4471659999999957
11
169.5168659999999932
21
-49.4413289999999961
0
LINE
8
Edge.Cuts
6
CONTINUOUS
10
169.5168659999999932
20
-49.4413289999999961
11
169.5118809999999883
21
-49.4355389999999986
0
LINE
8
Edge.Cuts
6
CONTINUOUS
10
169.5118809999999883
20
-49.4355389999999986
11
169.5068330000000003
21
-49.4297979999999981
0
LINE
8
Edge.Cuts
6
CONTINUOUS
10
169.5068330000000003
20
-49.4297979999999981
11
169.5017229999999984
21
-49.4241079999999968
0
LINE
8
Edge.Cuts
6
CONTINUOUS
10
169.5017229999999984
20
-49.4241079999999968
11
169.4965509999999824
21
-49.4184689999999947
0
LINE
8
Edge.Cuts
6
CONTINUOUS
10
169.4965509999999824
20
-49.4184689999999947
11
169.4913190000000043
21
-49.4128830000000008
0
LINE
8
Edge.Cuts
6
CONTINUOUS
10
169.4913190000000043
20
-49.4128830000000008
11
169.4860280000000046
21
-49.4073509999999985
0
LINE
8
Edge.Cuts
6
CONTINUOUS
10
169.4860280000000046
20
-49.4073509999999985
11
169.4806779999999833
21
-49.4018729999999948
0
LINE
8
Edge.Cuts
6
CONTINUOUS
10
169.4806779999999833
20
-49.4018729999999948
11
169.4752709999999922
21
-49.396450999999999
0
LINE
8
Edge.Cuts
6
CONTINUOUS
10
169.4752709999999922
20
-49.396450999999999
11
169.4725459999999941
21
-49.3937609999999978
0
LINE
8
Edge.Cuts
6
CONTINUOUS
10
169.4725459999999941
20
-49.3937609999999978
11
169.4698080000000004
21
-49.3910849999999968
0
LINE
8
Edge.Cuts
6
CONTINUOUS
10
169.4698080000000004
20
-49.3910849999999968
11
169.4670549999999878
21
-49.3884240000000005
0
LINE
8
Edge.Cuts
6
CONTINUOUS
10
169.4670549999999878
20
-49.3884240000000005
11
169.4642889999999795
21
-49.3857779999999948
0
LINE
8
Edge.Cuts
6
CONTINUOUS
10
169.4642889999999795
20
-49.3857779999999948
11
169.4615089999999782
21
-49.3831459999999964
0
LINE
8
Edge.Cuts
6
CONTINUOUS
10
169.4615089999999782
20
-49.3831459999999964
11
169.4587159999999812
21
-49.3805289999999957
0
LINE
8
Edge.Cuts
6
CONTINUOUS
10
169.4587159999999812
20
-49.3805289999999957
11
169.4559089999999912
21
-49.3779269999999997
0
LINE
8
Edge.Cuts
6
CONTINUOUS
10
169.4559089999999912
20
-49.3779269999999997
11
169.4530890000000056
21
-49.3753399999999942
0
LINE
8
Edge.Cuts
6
CONTINUOUS
10
169.4530890000000056
20
-49.3753399999999942
11
169.4502569999999935
21
-49.3727680000000007
0
LINE
8
Edge.Cuts
6
CONTINUOUS
10
169.4502569999999935
20
-49.3727680000000007
11
169.4474109999999882
21
-49.3702109999999976
0
LINE
8
Edge.Cuts
6
CONTINUOUS
10
169.4474109999999882
20
-49.3702109999999976
11
169.4445519999999874
21
-49.3676709999999943
0
LINE
8
Edge.Cuts
6
CONTINUOUS
10
169.4445519999999874
20
-49.3676709999999943
11
169.4416809999999884
21
-49.3651449999999983
0
LINE
8
Edge.Cuts
6
CONTINUOUS
10
169.4416809999999884
20
-49.3651449999999983
11
169.4387979999999914
21
-49.3626349999999974
0
LINE
8
Edge.Cuts
6
CONTINUOUS
10
169.4387979999999914
20
-49.3626349999999974
11
169.4359019999999987
21
-49.3601409999999987
0
LINE
8
Edge.Cuts
6
CONTINUOUS
10
169.4359019999999987
20
-49.3601409999999987
11
169.4329939999999795
21
-49.3576629999999952
0
LINE
8
Edge.Cuts
6
CONTINUOUS
10
169.4329939999999795
20
-49.3576629999999952
11
169.430072999999993
21
-49.3551999999999964
0
LINE
8
Edge.Cuts
6
CONTINUOUS
10
169.430072999999993
20
-49.3551999999999964
11
169.427141000000006
21
-49.3527549999999948
0
LINE
8
Edge.Cuts
6
CONTINUOUS
10
169.427141000000006
20
-49.3527549999999948
11
169.4241969999999924
21
-49.3503240000000005
0
LINE
8
Edge.Cuts
6
CONTINUOUS
10
169.4241969999999924
20
-49.3503240000000005
11
169.4212419999999781
21
-49.3479109999999963
0
LINE
8
Edge.Cuts
6
CONTINUOUS
10
169.4212419999999781
20
-49.3479109999999963
11
169.4182739999999967
21
-49.3455139999999943
0
LINE
8
Edge.Cuts
6
CONTINUOUS
10
169.4182739999999967
20
-49.3455139999999943
11
169.4152959999999837
21
-49.3431329999999946
0
LINE
8
Edge.Cuts
6
CONTINUOUS
10
169.4152959999999837
20
-49.3431329999999946
11
169.4123060000000009
21
-49.3407689999999945
0
LINE
8
Edge.Cuts
6
CONTINUOUS
10
169.4123060000000009
20
-49.3407689999999945
11
169.4093059999999866
21
-49.3384219999999942
0
LINE
8
Edge.Cuts
6
CONTINUOUS
10
169.4093059999999866
20
-49.3384219999999942
11
169.4062940000000026
21
-49.3360909999999961
0
LINE
8
Edge.Cuts
6
CONTINUOUS
10
169.4062940000000026
20
-49.3360909999999961
11
169.403271999999987
21
-49.3337789999999998
0
LINE
8
Edge.Cuts
6
CONTINUOUS
10
169.403271999999987
20
-49.3337789999999998
11
169.4002380000000016
21
-49.3314820000000012
0
LINE
8
Edge.Cuts
6
CONTINUOUS
10
169.4002380000000016
20
-49.3314820000000012
11
169.3971949999999822
21
-49.3292029999999997
0
LINE
8
Edge.Cuts
6
CONTINUOUS
10
169.3971949999999822
20
-49.3292029999999997
11
169.3941399999999931
21
-49.3269400000000005
0
LINE
8
Edge.Cuts
6
CONTINUOUS
10
169.3941399999999931
20
-49.3269400000000005
11
169.3910769999999957
21
-49.3246959999999959
0
LINE
8
Edge.Cuts
6
CONTINUOUS
10
169.3910769999999957
20
-49.3246959999999959
11
169.3880010000000027
21
-49.3224689999999981
0
LINE
8
Edge.Cuts
6
CONTINUOUS
10
169.3880010000000027
20
-49.3224689999999981
11
169.384917999999999
21
-49.3202590000000001
0
LINE
8
Edge.Cuts
6
CONTINUOUS
10
169.384917999999999
20
-49.3202590000000001
11
169.3818229999999971
21
-49.3180669999999992
0
LINE
8
Edge.Cuts
6
CONTINUOUS
10
169.3818229999999971
20
-49.3180669999999992
11
169.3787199999999871
21
-49.3158929999999955
0
LINE
8
Edge.Cuts
6
CONTINUOUS
10
169.3787199999999871
20
-49.3158929999999955
11
169.3756060000000048
21
-49.3137359999999987
0
LINE
8
Edge.Cuts
6
CONTINUOUS
10
169.3756060000000048
20
-49.3137359999999987
11
169.3724839999999858
21
-49.311596999999999
0
LINE
8
Edge.Cuts
6
CONTINUOUS
10
169.3724839999999858
20
-49.311596999999999
11
169.3693509999999947
21
-49.3094759999999965
0
LINE
8
Edge.Cuts
6
CONTINUOUS
10
169.3693509999999947
20
-49.3094759999999965
11
169.3662109999999927
21
-49.3073739999999958
0
LINE
8
Edge.Cuts
6
CONTINUOUS
10
169.3662109999999927
20
-49.3073739999999958
11
169.3630609999999876
21
-49.3052879999999973
0
LINE
8
Edge.Cuts
6
CONTINUOUS
10
169.3630609999999876
20
-49.3052879999999973
11
169.3599030000000027
21
-49.3032229999999956
0
LINE
8
Edge.Cuts
6
CONTINUOUS
10
169.3599030000000027
20
-49.3032229999999956
11
169.3567349999999863
21
-49.3011739999999961
0
LINE
8
Edge.Cuts
6
CONTINUOUS
10
169.3567349999999863
20
-49.3011739999999961
11
169.3535599999999874
21
-49.2991439999999983
0
LINE
8
Edge.Cuts
6
CONTINUOUS
10
169.3535599999999874
20
-49.2991439999999983
11
169.3503749999999854
21
-49.2971319999999977
0
LINE
8
Edge.Cuts
6
CONTINUOUS
10
169.3503749999999854
20
-49.2971319999999977
11
169.3471839999999986
21
-49.2951399999999964
0
LINE
8
Edge.Cuts
6
CONTINUOUS
10
169.3471839999999986
20
-49.2951399999999964
11
169.3439819999999827
21
-49.2931649999999948
0
LINE
8
Edge.Cuts
6
CONTINUOUS
10
169.3439819999999827
20
-49.2931649999999948
11
169.3407749999999794
21
-49.2912099999999995
0
LINE
8
Edge.Cuts
6
CONTINUOUS
10
169.3407749999999794
20
-49.2912099999999995
11
169.3375570000000039
21
-49.2892719999999969
0
LINE
8
Edge.Cuts
6
CONTINUOUS
10
169.3375570000000039
20
-49.2892719999999969
11
169.3343349999999816
21
-49.2873540000000006
0
LINE
8
Edge.Cuts
6
CONTINUOUS
10
169.3343349999999816
20
-49.2873540000000006
11
169.3311019999999871
21
-49.2854539999999943
0
LINE
8
Edge.Cuts
6
CONTINUOUS
10
169.3311019999999871
20
-49.2854539999999943
11
169.3278650000000027
21
-49.2835739999999944
0
LINE
8
Edge.Cuts
6
CONTINUOUS
10
169.3278650000000027
20
-49.2835739999999944
11
169.3246179999999868
21
-49.2817119999999989
0
LINE
8
Edge.Cuts
6
CONTINUOUS
10
169.3246179999999868
20
-49.2817119999999989
11
169.3213659999999834
21
-49.2798699999999954
0
LINE
8
Edge.Cuts
6
CONTINUOUS
10
169.3213659999999834
20
-49.2798699999999954
11
169.3181050000000027
21
-49.2780449999999988
0
LINE
8
Edge.Cuts
6
CONTINUOUS
10
169.3181050000000027
20
-49.2780449999999988
11
169.3148390000000063
21
-49.2762419999999963
0
LINE
8
Edge.Cuts
6
CONTINUOUS
10
169.3148390000000063
20
-49.2762419999999963
11
169.3115640000000042
21
-49.2744560000000007
0
LINE
8
Edge.Cuts
6
CONTINUOUS
10
169.3115640000000042
20
-49.2744560000000007
11
169.3082859999999812
21
-49.2726899999999972
0
LINE
8
Edge.Cuts
6
CONTINUOUS
10
169.3082859999999812
20
-49.2726899999999972
11
169.3049979999999834
21
-49.2709429999999955
0
LINE
8
Edge.Cuts
6
CONTINUOUS
10
169.3049979999999834
20
-49.2709429999999955
11
169.3017069999999933
21
-49.2692160000000001
0
LINE
8
Edge.Cuts
6
CONTINUOUS
10
169.3017069999999933
20
-49.2692160000000001
11
169.2984059999999999
21
-49.2675069999999948
0
LINE
8
Edge.Cuts
6
CONTINUOUS
10
169.2984059999999999
20
-49.2675069999999948
11
169.2951029999999832
21
-49.2658199999999979
0
LINE
8
Edge.Cuts
6
CONTINUOUS
10
169.2951029999999832
20
-49.2658199999999979
11
169.2917909999999893
21
-49.2641500000000008
0
LINE
8
Edge.Cuts
6
CONTINUOUS
10
169.2917909999999893
20
-49.2641500000000008
11
169.2884760000000028
21
-49.2625010000000003
0
LINE
8
Edge.Cuts
6
CONTINUOUS
10
169.2884760000000028
20
-49.2625010000000003
11
169.2851519999999823
21
-49.260869999999997
0
LINE
8
Edge.Cuts
6
CONTINUOUS
10
169.2851519999999823
20
-49.260869999999997
11
169.2818259999999952
21
-49.2592609999999951
0
LINE
8
Edge.Cuts
6
CONTINUOUS
10
169.2818259999999952
20
-49.2592609999999951
11
169.278492
21
-49.2576689999999999
0
LINE
8
Edge.Cuts
6
CONTINUOUS
10
169.278492
20
-49.2576689999999999
11
169.2751559999999813
21
-49.256098999999999
0
LINE
8
Edge.Cuts
6
CONTINUOUS
10
169.2751559999999813
20
-49.256098999999999
11
169.2718109999999854
21
-49.2545469999999952
0
LINE
8
Edge.Cuts
6
CONTINUOUS
10
169.2718109999999854
20
-49.2545469999999952
11
169.2684639999999945
21
-49.2530159999999952
0
LINE
8
Edge.Cuts
6
CONTINUOUS
10
169.2684639999999945
20
-49.2530159999999952
11
169.2651099999999929
21
-49.2515039999999971
0
LINE
8
Edge.Cuts
6
CONTINUOUS
10
169.2651099999999929
20
-49.2515039999999971
11
169.2617539999999963
21
-49.2500129999999956
0
LINE
8
Edge.Cuts
6
CONTINUOUS
10
169.2617539999999963
20
-49.2500129999999956
11
169.2583899999999915
21
-49.2485399999999984
0
LINE
8
Edge.Cuts
6
CONTINUOUS
10
169.2583899999999915
20
-49.2485399999999984
11
169.2550249999999892
21
-49.2470889999999955
0
LINE
8
Edge.Cuts
6
CONTINUOUS
10
169.2550249999999892
20
-49.2470889999999955
11
169.2516519999999787
21
-49.2456559999999968
0
LINE
8
Edge.Cuts
6
CONTINUOUS
10
169.2516519999999787
20
-49.2456559999999968
11
169.2482789999999966
21
-49.2442449999999994
0
LINE
8
Edge.Cuts
6
CONTINUOUS
10
169.2482789999999966
20
-49.2442449999999994
11
169.2448980000000063
21
-49.2428519999999992
0
LINE
8
Edge.Cuts
6
CONTINUOUS
10
169.2448980000000063
20
-49.2428519999999992
11
169.2415159999999901
21
-49.2414810000000003
0
LINE
8
Edge.Cuts
6
CONTINUOUS
10
169.2415159999999901
20
-49.2414810000000003
11
169.2381269999999915
21
-49.2401279999999986
0
LINE
8
Edge.Cuts
6
CONTINUOUS
10
169.2381269999999915
20
-49.2401279999999986
11
169.234737999999993
21
-49.2387969999999981
0
LINE
8
Edge.Cuts
6
CONTINUOUS
10
169.234737999999993
20
-49.2387969999999981
11
169.2313419999999837
21
-49.2374839999999949
0
LINE
8
Edge.Cuts
6
CONTINUOUS
10
169.2313419999999837
20
-49.2374839999999949
11
169.2279460000000029
21
-49.2361930000000001
0
LINE
8
Edge.Cuts
6
CONTINUOUS
10
169.2279460000000029
20
-49.2361930000000001
11
169.2245429999999828
21
-49.2349209999999999
0
LINE
8
Edge.Cuts
6
CONTINUOUS
10
169.2245429999999828
20
-49.2349209999999999
11
169.2211399999999912
21
-49.2336699999999965
0
LINE
8
Edge.Cuts
6
CONTINUOUS
10
169.2211399999999912
20
-49.2336699999999965
11
169.2177299999999889
21
-49.2324379999999948
0
LINE
8
Edge.Cuts
6
CONTINUOUS
10
169.2177299999999889
20
-49.2324379999999948
11
169.214320999999984
21
-49.2312279999999944
0
LINE
8
Edge.Cuts
6
CONTINUOUS
10
169.214320999999984
20
-49.2312279999999944
11
169.2109049999999968
21
-49.2300369999999958
0
LINE
8
Edge.Cuts
6
CONTINUOUS
10
169.2109049999999968
20
-49.2300369999999958
11
169.2074910000000045
21
-49.228867000000001
0
LINE
8
Edge.Cuts
6
CONTINUOUS
10
169.2074910000000045
20
-49.228867000000001
11
169.2040700000000015
21
-49.2277160000000009
0
LINE
8
Edge.Cuts
6
CONTINUOUS
10
169.2040700000000015
20
-49.2277160000000009
11
169.200649999999996
21
-49.2265859999999975
0
LINE
8
Edge.Cuts
6
CONTINUOUS
10
169.200649999999996
20
-49.2265859999999975
11
169.1972229999999797
21
-49.2254760000000005
0
LINE
8
Edge.Cuts
6
CONTINUOUS
10
169.1972229999999797
20
-49.2254760000000005
11
169.1937979999999868
21
-49.2243870000000001
0
LINE
8
Edge.Cuts
6
CONTINUOUS
10
169.1937979999999868
20
-49.2243870000000001
11
169.1903669999999806
21
-49.2233169999999944
0
LINE
8
Edge.Cuts
6
CONTINUOUS
10
169.1903669999999806
20
-49.2233169999999944
11
169.1869379999999978
21
-49.2222689999999972
0
LINE
8
Edge.Cuts
6
CONTINUOUS
10
169.1869379999999978
20
-49.2222689999999972
11
169.1835030000000017
21
-49.2212399999999946
0
LINE
8
Edge.Cuts
6
CONTINUOUS
10
169.1835030000000017
20
-49.2212399999999946
11
169.1800690000000031
21
-49.2202319999999958
0
LINE
8
Edge.Cuts
6
CONTINUOUS
10
169.1800690000000031
20
-49.2202319999999958
11
169.1766299999999887
21
-49.2192429999999987
0
LINE
8
Edge.Cuts
6
CONTINUOUS
10
169.1766299999999887
20
-49.2192429999999987
11
169.1731929999999977
21
-49.2182759999999959
0
LINE
8
Edge.Cuts
6
CONTINUOUS
10
169.1731929999999977
20
-49.2182759999999959
11
169.1697499999999934
21
-49.2173279999999949
0
LINE
8
Edge.Cuts
6
CONTINUOUS
10
169.1697499999999934
20
-49.2173279999999949
11
169.1663099999999815
21
-49.2164019999999951
0
LINE
8
Edge.Cuts
6
CONTINUOUS
10
169.1663099999999815
20
-49.2164019999999951
11
169.1628639999999848
21
-49.2154949999999971
0
LINE
8
Edge.Cuts
6
CONTINUOUS
10
169.1628639999999848
20
-49.2154949999999971
11
169.159419999999983
21
-49.2146089999999958
0
LINE
8
Edge.Cuts
6
CONTINUOUS
10
169.159419999999983
20
-49.2146089999999958
11
169.1559719999999913
21
-49.2137430000000009
0
LINE
8
Edge.Cuts
6
CONTINUOUS
10
169.1559719999999913
20
-49.2137430000000009
11
169.1525259999999946
21
-49.2128979999999956
0
LINE
8
Edge.Cuts
6
CONTINUOUS
10
169.1525259999999946
20
-49.2128979999999956
11
169.1490749999999821
21
-49.2120719999999992
0
LINE
8
Edge.Cuts
6
CONTINUOUS
10
169.1490749999999821
20
-49.2120719999999992
11
169.1456269999999904
21
-49.2112669999999994
0
LINE
8
Edge.Cuts
6
CONTINUOUS
10
169.1456269999999904
20
-49.2112669999999994
11
169.1421739999999829
21
-49.2104819999999989
0
LINE
8
Edge.Cuts
6
CONTINUOUS
10
169.1421739999999829
20
-49.2104819999999989
11
169.1387239999999963
21
-49.2097189999999998
0
LINE
8
Edge.Cuts
6
CONTINUOUS
10
169.1387239999999963
20
-49.2097189999999998
11
169.1352699999999913
21
-49.2089739999999978
0
LINE
8
Edge.Cuts
6
CONTINUOUS
10
169.1352699999999913
20
-49.2089739999999978
11
169.1318179999999813
21
-49.2082509999999971
0
LINE
8
Edge.Cuts
6
CONTINUOUS
10
169.1318179999999813
20
-49.2082509999999971
11
169.1283619999999814
21
-49.2075479999999956
0
LINE
8
Edge.Cuts
6
CONTINUOUS
10
169.1283619999999814
20
-49.2075479999999956
11
169.1249099999999999
21
-49.2068650000000005
0
LINE
8
Edge.Cuts
6
CONTINUOUS
10
169.1249099999999999
20
-49.2068650000000005
11
169.1214530000000025
21
-49.206202999999995
0
LINE
8
Edge.Cuts
6
CONTINUOUS
10
169.1214530000000025
20
-49.206202999999995
11
169.117999999999995
21
-49.2055609999999959
0
LINE
8
Edge.Cuts
6
CONTINUOUS
10
169.117999999999995
20
-49.2055609999999959
11
169.1145420000000001
21
-49.204938999999996
0
LINE
8
Edge.Cuts
6
CONTINUOUS
10
169.1145420000000001
20
-49.204938999999996
11
169.1110879999999952
21
-49.2043379999999999
0
LINE
8
Edge.Cuts
6
CONTINUOUS
10
169.1110879999999952
20
-49.2043379999999999
11
169.1076300000000003
21
-49.2037559999999985
0
LINE
8
Edge.Cuts
6
CONTINUOUS
10
169.1076300000000003
20
-49.2037559999999985
11
169.1041759999999954
21
-49.2031959999999984
0
LINE
8
Edge.Cuts
6
CONTINUOUS
10
169.1041759999999954
20
-49.2031959999999984
11
169.1007180000000005
21
-49.202655
0
LINE
8
Edge.Cuts
6
CONTINUOUS
10
169.1007180000000005
20
-49.202655
11
169.0972639999999956
21
-49.2021349999999984
0
LINE
8
Edge.Cuts
6
CONTINUOUS
10
169.0972639999999956
20
-49.2021349999999984
11
169.0938060000000007
21
-49.2016339999999985
0
LINE
8
Edge.Cuts
6
CONTINUOUS
10
169.0938060000000007
20
-49.2016339999999985
11
169.0903529999999932
21
-49.201155
0
LINE
8
Edge.Cuts
6
CONTINUOUS
10
169.0903529999999932
20
-49.201155
11
169.0868949999999984
21
-49.2006949999999961
0
LINE
8
Edge.Cuts
6
CONTINUOUS
10
169.0868949999999984
20
-49.2006949999999961
11
169.0834429999999884
21
-49.200255999999996
0
LINE
8
Edge.Cuts
6
CONTINUOUS
10
169.0834429999999884
20
-49.200255999999996
11
169.079985999999991
21
-49.1998369999999952
0
LINE
8
Edge.Cuts
6
CONTINUOUS
10
169.079985999999991
20
-49.1998369999999952
11
169.076533999999981
21
-49.1994389999999981
0
LINE
8
Edge.Cuts
6
CONTINUOUS
10
169.076533999999981
20
-49.1994389999999981
11
169.0730789999999786
21
-49.1990599999999958
0
LINE
8
Edge.Cuts
6
CONTINUOUS
10
169.0730789999999786
20
-49.1990599999999958
11
169.0696279999999945
21
-49.1987019999999973
0
LINE
8
Edge.Cuts
6
CONTINUOUS
10
169.0696279999999945
20
-49.1987019999999973
11
169.0661739999999895
21
-49.198363999999998
0
LINE
8
Edge.Cuts
6
CONTINUOUS
10
169.0661739999999895
20
-49.198363999999998
11
169.0627240000000029
21
-49.1980459999999979
0
LINE
8
Edge.Cuts
6
CONTINUOUS
10
169.0627240000000029
20
-49.1980459999999979
11
169.0592719999999929
21
-49.1977489999999946
0
LINE
8
Edge.Cuts
6
CONTINUOUS
10
169.0592719999999929
20
-49.1977489999999946
11
169.0558240000000012
21
-49.1974710000000002
0
LINE
8
Edge.Cuts
6
CONTINUOUS
10
169.0558240000000012
20
-49.1974710000000002
11
169.0523729999999887
21
-49.1972139999999953
0
LINE
8
Edge.Cuts
6
CONTINUOUS
10
169.0523729999999887
20
-49.1972139999999953
11
169.0489269999999919
21
-49.1969769999999968
0
LINE
8
Edge.Cuts
6
CONTINUOUS
10
169.0489269999999919
20
-49.1969769999999968
11
169.0454790000000003
21
-49.1967599999999976
0
LINE
8
Edge.Cuts
6
CONTINUOUS
10
169.0454790000000003
20
-49.1967599999999976
11
169.0420349999999985
21
-49.1965639999999951
0
LINE
8
Edge.Cuts
6
CONTINUOUS
10
169.0420349999999985
20
-49.1965639999999951
11
169.0385880000000043
21
-49.1963869999999943
0
LINE
8
Edge.Cuts
6
CONTINUOUS
10
169.0385880000000043
20
-49.1963869999999943
11
169.0351469999999949
21
-49.1962299999999999
0
LINE
8
Edge.Cuts
6
CONTINUOUS
10
169.0351469999999949
20
-49.1962299999999999
11
169.0317029999999932
21
-49.1960939999999951
0
LINE
8
Edge.Cuts
6
CONTINUOUS
10
169.0317029999999932
20
-49.1960939999999951
11
169.0282639999999788
21
-49.1959779999999967
0
LINE
8
Edge.Cuts
6
CONTINUOUS
10
169.0282639999999788
20
-49.1959779999999967
11
169.0248229999999978
21
-49.1958819999999974
0
LINE
8
Edge.Cuts
6
CONTINUOUS
10
169.0248229999999978
20
-49.1958819999999974
11
169.0213870000000043
21
-49.1958059999999975
0
LINE
8
Edge.Cuts
6
CONTINUOUS
10
169.0213870000000043
20
-49.1958059999999975
11
169.0179489999999873
21
-49.1957499999999968
0
LINE
8
Edge.Cuts
6
CONTINUOUS
10
169.0179489999999873
20
-49.1957499999999968
11
169.0145159999999862
21
-49.1957139999999953
0
LINE
8
Edge.Cuts
6
CONTINUOUS
10
169.0145159999999862
20
-49.1957139999999953
11
169.0110799999999927
21
-49.1956980000000001
0
LINE
8
Edge.Cuts
6
CONTINUOUS
10
169.0110799999999927
20
-49.1956980000000001
11
169.0100829999999803
21
-49.1956969999999956
0
LINE
8
Edge.Cuts
6
CONTINUOUS
10
169.6799999999999784
20
-53.1394159999999971
11
169.6799999999999784
21
-49.8656119999999987
0
LINE
8
Edge.Cuts
6
CONTINUOUS
10
207.3895689999999945
20
-53.1499239999999986
11
169.6799999999999784
21
-53.1394159999999971
0
LINE
8
Edge.Cuts
6
CONTINUOUS
10
207.4248279999999909
20
-125.0849999999999937
11
207.432360999999986
21
-125.0849599999999953
0
LINE
8
Edge.Cuts
6
CONTINUOUS
10
207.432360999999986
20
-125.0849599999999953
11
207.4398860000000013
21
-125.0848399999999998
0
LINE
8
Edge.Cuts
6
CONTINUOUS
10
207.4398860000000013
20
-125.0848399999999998
11
207.44740299999998
21
-125.0846409999999906
0
LINE
8
Edge.Cuts
6
CONTINUOUS
10
207.44740299999998
20
-125.0846409999999906
11
207.4549109999999814
21
-125.0843619999999987
0
LINE
8
Edge.Cuts
6
CONTINUOUS
10
207.4549109999999814
20
-125.0843619999999987
11
207.4624089999999796
21
-125.0840029999999956
0
LINE
8
Edge.Cuts
6
CONTINUOUS
10
207.4624089999999796
20
-125.0840029999999956
11
207.4698980000000006
21
-125.083564999999993
0
LINE
8
Edge.Cuts
6
CONTINUOUS
10
207.4698980000000006
20
-125.083564999999993
11
207.4773759999999925
21
-125.0830469999999934
0
LINE
8
Edge.Cuts
6
CONTINUOUS
10
207.4773759999999925
20
-125.0830469999999934
11
207.4848439999999812
21
-125.0824499999999944
0
LINE
8
Edge.Cuts
6
CONTINUOUS
10
207.4848439999999812
20
-125.0824499999999944
11
207.4923009999999977
21
-125.0817739999999958
0
LINE
8
Edge.Cuts
6
CONTINUOUS
10
207.4923009999999977
20
-125.0817739999999958
11
207.4997459999999876
21
-125.0810189999999977
0
LINE
8
Edge.Cuts
6
CONTINUOUS
10
207.4997459999999876
20
-125.0810189999999977
11
207.5071789999999794
21
-125.0801850000000002
0
LINE
8
Edge.Cuts
6
CONTINUOUS
10
207.5071789999999794
20
-125.0801850000000002
11
207.514599000000004
21
-125.0792709999999914
0
LINE
8
Edge.Cuts
6
CONTINUOUS
10
207.514599000000004
20
-125.0792709999999914
11
207.5220070000000021
21
-125.0782789999999949
0
LINE
8
Edge.Cuts
6
CONTINUOUS
10
207.5220070000000021
20
-125.0782789999999949
11
207.5294009999999787
21
-125.0772079999999988
0
LINE
8
Edge.Cuts
6
CONTINUOUS
10
207.5294009999999787
20
-125.0772079999999988
11
207.5367809999999906
21
-125.0760590000000008
0
LINE
8
Edge.Cuts
6
CONTINUOUS
10
207.5367809999999906
20
-125.0760590000000008
11
207.5441469999999811
21
-125.0748299999999915
0
LINE
8
Edge.Cuts
6
CONTINUOUS
10
207.5441469999999811
20
-125.0748299999999915
11
207.5514969999999835
21
-125.0735239999999919
0
LINE
8
Edge.Cuts
6
CONTINUOUS
10
207.5514969999999835
20
-125.0735239999999919
11
207.5588319999999953
21
-125.0721389999999928
0
LINE
8
Edge.Cuts
6
CONTINUOUS
10
207.5588319999999953
20
-125.0721389999999928
11
207.5661499999999933
21
-125.0706759999999917
0
LINE
8
Edge.Cuts
6
CONTINUOUS
10
207.5661499999999933
20
-125.0706759999999917
11
207.5734520000000032
21
-125.0691339999999911
0
LINE
8
Edge.Cuts
6
CONTINUOUS
10
207.5734520000000032
20
-125.0691339999999911
11
207.5807360000000017
21
-125.0675150000000002
0
LINE
8
Edge.Cuts
6
CONTINUOUS
10
207.5807360000000017
20
-125.0675150000000002
11
207.5880029999999863
21
-125.065817999999993
0
LINE
8
Edge.Cuts
6
CONTINUOUS
10
207.5880029999999863
20
-125.065817999999993
11
207.5952509999999904
21
-125.0640429999999981
0
LINE
8
Edge.Cuts
6
CONTINUOUS
10
207.5952509999999904
20
-125.0640429999999981
11
207.6024799999999857
21
-125.0621900000000011
0
LINE
8
Edge.Cuts
6
CONTINUOUS
10
207.6024799999999857
20
-125.0621900000000011
11
207.609689000000003
21
-125.0602599999999995
0
LINE
8
Edge.Cuts
6
CONTINUOUS
10
207.609689000000003
20
-125.0602599999999995
11
207.6168779999999856
21
-125.0582529999999934
0
LINE
8
Edge.Cuts
6
CONTINUOUS
10
207.6168779999999856
20
-125.0582529999999934
11
207.6240459999999928
21
-125.056168999999997
0
LINE
8
Edge.Cuts
6
CONTINUOUS
10
207.6240459999999928
20
-125.056168999999997
11
207.6311919999999986
21
-125.0540079999999961
0
LINE
8
Edge.Cuts
6
CONTINUOUS
10
207.6311919999999986
20
-125.0540079999999961
11
207.6383170000000007
21
-125.0517699999999905
0
LINE
8
Edge.Cuts
6
CONTINUOUS
10
207.6383170000000007
20
-125.0517699999999905
11
207.6454179999999781
21
-125.0494549999999947
0
LINE
8
Edge.Cuts
6
CONTINUOUS
10
207.6454179999999781
20
-125.0494549999999947
11
207.6524959999999851
21
-125.0470639999999918
0
LINE
8
Edge.Cuts
6
CONTINUOUS
10
207.6524959999999851
20
-125.0470639999999918
11
207.6595489999999984
21
-125.044596999999996
0
LINE
8
Edge.Cuts
6
CONTINUOUS
10
207.6595489999999984
20
-125.044596999999996
11
207.666577999999987
21
-125.0420539999999932
0
LINE
8
Edge.Cuts
6
CONTINUOUS
10
207.666577999999987
20
-125.0420539999999932
11
207.6735809999999844
21
-125.0394349999999974
0
LINE
8
Edge.Cuts
6
CONTINUOUS
10
207.6735809999999844
20
-125.0394349999999974
11
207.6805579999999907
21
-125.0367409999999921
0
LINE
8
Edge.Cuts
6
CONTINUOUS
10
207.6805579999999907
20
-125.0367409999999921
11
207.6875069999999823
21
-125.0339719999999915
0
LINE
8
Edge.Cuts
6
CONTINUOUS
10
207.6875069999999823
20
-125.0339719999999915
11
207.6944299999999828
21
-125.0311269999999979
0
LINE
8
Edge.Cuts
6
CONTINUOUS
10
207.6944299999999828
20
-125.0311269999999979
11
207.7013230000000021
21
-125.0282079999999922
0
LINE
8
Edge.Cuts
6
CONTINUOUS
10
207.7013230000000021
20
-125.0282079999999922
11
207.7081879999999785
21
-125.0252139999999912
0
LINE
8
Edge.Cuts
6
CONTINUOUS
10
207.7081879999999785
20
-125.0252139999999912
11
207.7150230000000022
21
-125.0221459999999922
0
LINE
8
Edge.Cuts
6
CONTINUOUS
10
207.7150230000000022
20
-125.0221459999999922
11
207.7218269999999904
21
-125.0190049999999928
0
LINE
8
Edge.Cuts
6
CONTINUOUS
10
207.7218269999999904
20
-125.0190049999999928
11
207.7285990000000027
21
-125.0157889999999981
0
LINE
8
Edge.Cuts
6
CONTINUOUS
10
207.7285990000000027
20
-125.0157889999999981
11
207.7353399999999795
21
-125.0125010000000003
0
LINE
8
Edge.Cuts
6
CONTINUOUS
10
207.7353399999999795
20
-125.0125010000000003
11
207.7420479999999827
21
-125.0091389999999905
0
LINE
8
Edge.Cuts
6
CONTINUOUS
10
207.7420479999999827
20
-125.0091389999999905
11
207.7487219999999866
21
-125.0057049999999919
0
LINE
8
Edge.Cuts
6
CONTINUOUS
10
207.7487219999999866
20
-125.0057049999999919
11
207.755361999999991
21
-125.0021989999999903
0
LINE
8
Edge.Cuts
6
CONTINUOUS
10
207.755361999999991
20
-125.0021989999999903
11
207.7619669999999985
21
-124.998621
0
LINE
8
Edge.Cuts
6
CONTINUOUS
10
207.7619669999999985
20
-124.998621
11
207.7685359999999832
21
-124.9949709999999925
0
LINE
8
Edge.Cuts
6
CONTINUOUS
10
207.7685359999999832
20
-124.9949709999999925
11
207.7750680000000045
21
-124.9912509999999912
0
LINE
8
Edge.Cuts
6
CONTINUOUS
10
207.7750680000000045
20
-124.9912509999999912
11
207.7815619999999797
21
-124.9874599999999987
0
LINE
8
Edge.Cuts
6
CONTINUOUS
10
207.7815619999999797
20
-124.9874599999999987
11
207.7880189999999914
21
-124.9835980000000006
0
LINE
8
Edge.Cuts
6
CONTINUOUS
10
207.7880189999999914
20
-124.9835980000000006
11
207.7944359999999904
21
-124.9796669999999921
0
LINE
8
Edge.Cuts
6
CONTINUOUS
10
207.7944359999999904
20
-124.9796669999999921
11
207.8008140000000026
21
-124.9756659999999897
0
LINE
8
Edge.Cuts
6
CONTINUOUS
10
207.8008140000000026
20
-124.9756659999999897
11
207.8071510000000046
21
-124.971595999999991
0
LINE
8
Edge.Cuts
6
CONTINUOUS
10
207.8071510000000046
20
-124.971595999999991
11
207.813445999999999
21
-124.9674579999999935
0
LINE
8
Edge.Cuts
6
CONTINUOUS
10
207.813445999999999
20
-124.9674579999999935
11
207.8196999999999832
21
-124.9632519999999971
0
LINE
8
Edge.Cuts
6
CONTINUOUS
10
207.8196999999999832
20
-124.9632519999999971
11
207.8259099999999933
21
-124.9589789999999994
0
LINE
8
Edge.Cuts
6
CONTINUOUS
10
207.8259099999999933
20
-124.9589789999999994
11
207.8320769999999982
21
-124.9546390000000002
0
LINE
8
Edge.Cuts
6
CONTINUOUS
10
207.8320769999999982
20
-124.9546390000000002
11
207.838199000000003
21
-124.9502319999999997
0
LINE
8
Edge.Cuts
6
CONTINUOUS
10
207.838199000000003
20
-124.9502319999999997
11
207.8442759999999794
21
-124.9457589999999954
0
LINE
8
Edge.Cuts
6
CONTINUOUS
10
207.8442759999999794
20
-124.9457589999999954
11
207.8503059999999891
21
-124.9412209999999988
0
LINE
8
Edge.Cuts
6
CONTINUOUS
10
207.8503059999999891
20
-124.9412209999999988
11
207.8562900000000013
21
-124.9366179999999957
0
LINE
8
Edge.Cuts
6
CONTINUOUS
10
207.8562900000000013
20
-124.9366179999999957
11
207.8622259999999926
21
-124.931950999999998
0
LINE
8
Edge.Cuts
6
CONTINUOUS
10
207.8622259999999926
20
-124.931950999999998
11
207.8681139999999914
21
-124.9272199999999913
0
LINE
8
Edge.Cuts
6
CONTINUOUS
10
207.8681139999999914
20
-124.9272199999999913
11
207.8739530000000002
21
-124.9224259999999873
0
LINE
8
Edge.Cuts
6
CONTINUOUS
10
207.8739530000000002
20
-124.9224259999999873
11
207.8797409999999957
21
-124.9175699999999978
0
LINE
8
Edge.Cuts
6
CONTINUOUS
10
207.8797409999999957
20
-124.9175699999999978
11
207.8854790000000037
21
-124.9126519999999942
0
LINE
8
Edge.Cuts
6
CONTINUOUS
10
207.8854790000000037
20
-124.9126519999999942
11
207.8911650000000009
21
-124.9076729999999884
0
LINE
8
Edge.Cuts
6
CONTINUOUS
10
207.8911650000000009
20
-124.9076729999999884
11
207.8967989999999872
21
-124.9026329999999945
0
LINE
8
Edge.Cuts
6
CONTINUOUS
10
207.8967989999999872
20
-124.9026329999999945
11
207.9023799999999937
21
-124.8975329999999957
0
LINE
8
Edge.Cuts
6
CONTINUOUS
10
207.9023799999999937
20
-124.8975329999999957
11
207.9079069999999945
21
-124.8923739999999896
0
LINE
8
Edge.Cuts
6
CONTINUOUS
10
207.9079069999999945
20
-124.8923739999999896
11
207.9133799999999894
21
-124.8871569999999878
0
LINE
8
Edge.Cuts
6
CONTINUOUS
10
207.9133799999999894
20
-124.8871569999999878
11
207.9187969999999837
21
-124.8818819999999903
0
LINE
8
Edge.Cuts
6
CONTINUOUS
10
207.9187969999999837
20
-124.8818819999999903
11
207.9241590000000031
21
-124.8765489999999971
0
LINE
8
Edge.Cuts
6
CONTINUOUS
10
207.9241590000000031
20
-124.8765489999999971
11
207.9268179999999973
21
-124.8738609999999909
0
LINE
8
Edge.Cuts
6
CONTINUOUS
10
207.9268179999999973
20
-124.8738609999999909
11
207.9294629999999984
21
-124.8711599999999891
0
LINE
8
Edge.Cuts
6
CONTINUOUS
10
207.9294629999999984
20
-124.8711599999999891
11
207.932093999999978
21
-124.8684439999999967
0
LINE
8
Edge.Cuts
6
CONTINUOUS
10
207.932093999999978
20
-124.8684439999999967
11
207.934710999999993
21
-124.8657149999999945
0
LINE
8
Edge.Cuts
6
CONTINUOUS
10
207.934710999999993
20
-124.8657149999999945
11
207.937312999999989
21
-124.8629719999999992
0
LINE
8
Edge.Cuts
6
CONTINUOUS
10
207.937312999999989
20
-124.8629719999999992
11
207.9399009999999919
21
-124.8602149999999966
0
LINE
8
Edge.Cuts
6
CONTINUOUS
10
207.9399009999999919
20
-124.8602149999999966
11
207.9424729999999784
21
-124.8574449999999985
0
LINE
8
Edge.Cuts
6
CONTINUOUS
10
207.9424729999999784
20
-124.8574449999999985
11
207.9450310000000002
21
-124.854660999999993
0
LINE
8
Edge.Cuts
6
CONTINUOUS
10
207.9450310000000002
20
-124.854660999999993
11
207.947574000000003
21
-124.851863999999992
0
LINE
8
Edge.Cuts
6
CONTINUOUS
10
207.947574000000003
20
-124.851863999999992
11
207.9501029999999844
21
-124.8490529999999978
0
LINE
8
Edge.Cuts
6
CONTINUOUS
10
207.9501029999999844
20
-124.8490529999999978
11
207.9526159999999777
21
-124.8462289999999939
0
LINE
8
Edge.Cuts
6
CONTINUOUS
10
207.9526159999999777
20
-124.8462289999999939
11
207.9551139999999805
21
-124.8433919999999944
0
LINE
8
Edge.Cuts
6
CONTINUOUS
10
207.9551139999999805
20
-124.8433919999999944
11
207.9575969999999927
21
-124.8405419999999992
0
LINE
8
Edge.Cuts
6
CONTINUOUS
10
207.9575969999999927
20
-124.8405419999999992
11
207.960064999999986
21
-124.8376789999999943
0
LINE
8
Edge.Cuts
6
CONTINUOUS
10
207.960064999999986
20
-124.8376789999999943
11
207.9625169999999912
21
-124.8348039999999912
0
LINE
8
Edge.Cuts
6
CONTINUOUS
10
207.9625169999999912
20
-124.8348039999999912
11
207.9649539999999774
21
-124.8319149999999951
0
LINE
8
Edge.Cuts
6
CONTINUOUS
10
207.9649539999999774
20
-124.8319149999999951
11
207.9673750000000041
21
-124.8290140000000008
0
LINE
8
Edge.Cuts
6
CONTINUOUS
10
207.9673750000000041
20
-124.8290140000000008
11
207.9697809999999834
21
-124.8260999999999967
0
LINE
8
Edge.Cuts
6
CONTINUOUS
10
207.9697809999999834
20
-124.8260999999999967
11
207.972171000000003
21
-124.8231739999999945
0
LINE
8
Edge.Cuts
6
CONTINUOUS
10
207.972171000000003
20
-124.8231739999999945
11
207.9745460000000037
21
-124.8202349999999967
0
LINE
8
Edge.Cuts
6
CONTINUOUS
10
207.9745460000000037
20
-124.8202349999999967
11
207.9769049999999879
21
-124.8172849999999983
0
LINE
8
Edge.Cuts
6
CONTINUOUS
10
207.9769049999999879
20
-124.8172849999999983
11
207.9792479999999841
21
-124.8143209999999925
0
LINE
8
Edge.Cuts
6
CONTINUOUS
10
207.9792479999999841
20
-124.8143209999999925
11
207.9815739999999948
21
-124.8113460000000003
0
LINE
8
Edge.Cuts
6
CONTINUOUS
10
207.9815739999999948
20
-124.8113460000000003
11
207.9838849999999866
21
-124.8083589999999958
0
LINE
8
Edge.Cuts
6
CONTINUOUS
10
207.9838849999999866
20
-124.8083589999999958
11
207.9861799999999903
21
-124.8053599999999932
0
LINE
8
Edge.Cuts
6
CONTINUOUS
10
207.9861799999999903
20
-124.8053599999999932
11
207.9884589999999776
21
-124.8023489999999924
0
LINE
8
Edge.Cuts
6
CONTINUOUS
10
207.9884589999999776
20
-124.8023489999999924
11
207.9907209999999793
21
-124.799326999999991
0
LINE
8
Edge.Cuts
6
CONTINUOUS
10
207.9907209999999793
20
-124.799326999999991
11
207.992966999999993
21
-124.7962929999999915
0
LINE
8
Edge.Cuts
6
CONTINUOUS
10
207.992966999999993
20
-124.7962929999999915
11
207.9951959999999929
21
-124.7932479999999913
0
LINE
8
Edge.Cuts
6
CONTINUOUS
10
207.9951959999999929
20
-124.7932479999999913
11
207.9974100000000021
21
-124.7901899999999955
0
LINE
8
Edge.Cuts
6
CONTINUOUS
10
207.9974100000000021
20
-124.7901899999999955
11
207.999606
21
-124.7871219999999965
0
LINE
8
Edge.Cuts
6
CONTINUOUS
10
207.999606
20
-124.7871219999999965
11
208.0017859999999814
21
-124.7840419999999995
0
LINE
8
Edge.Cuts
6
CONTINUOUS
10
208.0017859999999814
20
-124.7840419999999995
11
208.0039500000000032
21
-124.7809519999999992
0
LINE
8
Edge.Cuts
6
CONTINUOUS
10
208.0039500000000032
20
-124.7809519999999992
11
208.0060969999999827
21
-124.7778500000000008
0
LINE
8
Edge.Cuts
6
CONTINUOUS
10
208.0060969999999827
20
-124.7778500000000008
11
208.0082259999999792
21
-124.7747379999999993
0
LINE
8
Edge.Cuts
6
CONTINUOUS
10
208.0082259999999792
20
-124.7747379999999993
11
208.0103389999999877
21
-124.7716149999999971
0
LINE
8
Edge.Cuts
6
CONTINUOUS
10
208.0103389999999877
20
-124.7716149999999971
11
208.0124349999999822
21
-124.7684809999999942
0
LINE
8
Edge.Cuts
6
CONTINUOUS
10
208.0124349999999822
20
-124.7684809999999942
11
208.0145149999999887
21
-124.7653359999999907
0
LINE
8
Edge.Cuts
6
CONTINUOUS
10
208.0145149999999887
20
-124.7653359999999907
11
208.0165769999999839
21
-124.7621809999999982
0
LINE
8
Edge.Cuts
6
CONTINUOUS
10
208.0165769999999839
20
-124.7621809999999982
11
208.0186219999999935
21
-124.7590149999999909
0
LINE
8
Edge.Cuts
6
CONTINUOUS
10
208.0186219999999935
20
-124.7590149999999909
11
208.0206489999999917
21
-124.7558399999999921
0
LINE
8
Edge.Cuts
6
CONTINUOUS
10
208.0206489999999917
20
-124.7558399999999921
11
208.0226600000000019
21
-124.7526529999999951
0
LINE
8
Edge.Cuts
6
CONTINUOUS
10
208.0226600000000019
20
-124.7526529999999951
11
208.0246530000000007
21
-124.74945799999999
0
LINE
8
Edge.Cuts
6
CONTINUOUS
10
208.0246530000000007
20
-124.74945799999999
11
208.0266299999999831
21
-124.7462510000000009
0
LINE
8
Edge.Cuts
6
CONTINUOUS
10
208.0266299999999831
20
-124.7462510000000009
11
208.028587999999985
21
-124.7430349999999919
0
LINE
8
Edge.Cuts
6
CONTINUOUS
10
208.028587999999985
20
-124.7430349999999919
11
208.0305290000000014
21
-124.7398089999999939
0
LINE
8
Edge.Cuts
6
CONTINUOUS
10
208.0305290000000014
20
-124.7398089999999939
11
208.0324530000000038
21
-124.7365739999999903
0
LINE
8
Edge.Cuts
6
CONTINUOUS
10
208.0324530000000038
20
-124.7365739999999903
11
208.0343589999999949
21
-124.7333280000000002
0
LINE
8
Edge.Cuts
6
CONTINUOUS
10
208.0343589999999949
20
-124.7333280000000002
11
208.036247000000003
21
-124.7300739999999877
0
LINE
8
Edge.Cuts
6
CONTINUOUS
10
208.036247000000003
20
-124.7300739999999877
11
208.0381179999999972
21
-124.7268089999999887
0
LINE
8
Edge.Cuts
6
CONTINUOUS
10
208.0381179999999972
20
-124.7268089999999887
11
208.03997099999998
21
-124.7235359999999957
0
LINE
8
Edge.Cuts
6
CONTINUOUS
10
208.03997099999998
20
-124.7235359999999957
11
208.0418069999999773
21
-124.7202519999999879
0
LINE
8
Edge.Cuts
6
CONTINUOUS
10
208.0418069999999773
20
-124.7202519999999879
11
208.0436239999999941
21
-124.7169609999999977
0
LINE
8
Edge.Cuts
6
CONTINUOUS
10
208.0436239999999941
20
-124.7169609999999977
11
208.045423999999997
21
-124.7136589999999927
0
LINE
8
Edge.Cuts
6
CONTINUOUS
10
208.045423999999997
20
-124.7136589999999927
11
208.0472049999999911
21
-124.7103499999999912
0
LINE
8
Edge.Cuts
6
CONTINUOUS
10
208.0472049999999911
20
-124.7103499999999912
11
208.0489689999999996
21
-124.7070310000000006
0
LINE
8
Edge.Cuts
6
CONTINUOUS
10
208.0489689999999996
20
-124.7070310000000006
11
208.0507149999999967
21
-124.7037039999999877
0
LINE
8
Edge.Cuts
6
CONTINUOUS
10
208.0507149999999967
20
-124.7037039999999877
11
208.0524429999999825
21
-124.700367
0
LINE
8
Edge.Cuts
6
CONTINUOUS
10
208.0524429999999825
20
-124.700367
11
208.0541519999999878
21
-124.6970229999999873
0
LINE
8
Edge.Cuts
6
CONTINUOUS
10
208.0541519999999878
20
-124.6970229999999873
11
208.0558439999999791
21
-124.6936689999999999
0
LINE
8
Edge.Cuts
6
CONTINUOUS
10
208.0558439999999791
20
-124.6936689999999999
11
208.0575159999999926
21
-124.6903079999999875
0
LINE
8
Edge.Cuts
6
CONTINUOUS
10
208.0575159999999926
20
-124.6903079999999875
11
208.0591719999999896
21
-124.6869370000000004
0
LINE
8
Edge.Cuts
6
CONTINUOUS
10
208.0591719999999896
20
-124.6869370000000004
11
208.0608079999999802
21
-124.6835599999999999
0
LINE
8
Edge.Cuts
6
CONTINUOUS
10
208.0608079999999802
20
-124.6835599999999999
11
208.0624269999999854
21
-124.6801729999999964
0
LINE
8
Edge.Cuts
6
CONTINUOUS
10
208.0624269999999854
20
-124.6801729999999964
11
208.0640259999999842
21
-124.6767799999999937
0
LINE
8
Edge.Cuts
6
CONTINUOUS
10
208.0640259999999842
20
-124.6767799999999937
11
208.0656079999999974
21
-124.6733769999999879
0
LINE
8
Edge.Cuts
6
CONTINUOUS
10
208.0656079999999974
20
-124.6733769999999879
11
208.0671710000000019
21
-124.6699679999999972
0
LINE
8
Edge.Cuts
6
CONTINUOUS
10
208.0671710000000019
20
-124.6699679999999972
11
208.0687159999999949
21
-124.6665500000000009
0
LINE
8
Edge.Cuts
6
CONTINUOUS
10
208.0687159999999949
20
-124.6665500000000009
11
208.0702409999999816
21
-124.6631259999999912
0
LINE
8
Edge.Cuts
6
CONTINUOUS
10
208.0702409999999816
20
-124.6631259999999912
11
208.0717489999999827
21
-124.6596919999999926
0
LINE
8
Edge.Cuts
6
CONTINUOUS
10
208.0717489999999827
20
-124.6596919999999926
11
208.0732380000000035
21
-124.6562529999999924
0
LINE
8
Edge.Cuts
6
CONTINUOUS
10
208.0732380000000035
20
-124.6562529999999924
11
208.0747079999999869
21
-124.6528050000000007
0
LINE
8
Edge.Cuts
6
CONTINUOUS
10
208.0747079999999869
20
-124.6528050000000007
11
208.0761589999999899
21
-124.6493509999999958
0
LINE
8
Edge.Cuts
6
CONTINUOUS
10
208.0761589999999899
20
-124.6493509999999958
11
208.0775929999999789
21
-124.6458889999999968
0
LINE
8
Edge.Cuts
6
CONTINUOUS
10
208.0775929999999789
20
-124.6458889999999968
11
208.0790059999999926
21
-124.6424209999999988
0
LINE
8
Edge.Cuts
6
CONTINUOUS
10
208.0790059999999926
20
-124.6424209999999988
11
208.0804019999999923
21
-124.6389439999999951
0
LINE
8
Edge.Cuts
6
CONTINUOUS
10
208.0804019999999923
20
-124.6389439999999951
11
208.0817779999999857
21
-124.6354619999999898
0
LINE
8
Edge.Cuts
6
CONTINUOUS
10
208.0817779999999857
20
-124.6354619999999898
11
208.0831359999999961
21
-124.6319719999999904
0
LINE
8
Edge.Cuts
6
CONTINUOUS
10
208.0831359999999961
20
-124.6319719999999904
11
208.0844749999999976
21
-124.6284769999999895
0
LINE
8
Edge.Cuts
6
CONTINUOUS
10
208.0844749999999976
20
-124.6284769999999895
11
208.0857949999999903
21
-124.6249729999999971
0
LINE
8
Edge.Cuts
6
CONTINUOUS
10
208.0857949999999903
20
-124.6249729999999971
11
208.0870949999999766
21
-124.6214650000000006
0
LINE
8
Edge.Cuts
6
CONTINUOUS
10
208.0870949999999766
20
-124.6214650000000006
11
208.0883779999999774
21
-124.6179479999999984
0
LINE
8
Edge.Cuts
6
CONTINUOUS
10
208.0883779999999774
20
-124.6179479999999984
11
208.0896400000000028
21
-124.6144269999999921
0
LINE
8
Edge.Cuts
6
CONTINUOUS
10
208.0896400000000028
20
-124.6144269999999921
11
208.0908849999999859
21
-124.6108979999999917
0
LINE
8
Edge.Cuts
6
CONTINUOUS
10
208.0908849999999859
20
-124.6108979999999917
11
208.0921089999999936
21
-124.6073639999999898
0
LINE
8
Edge.Cuts
6
CONTINUOUS
10
208.0921089999999936
20
-124.6073639999999898
11
208.0933149999999898
21
-124.6038219999999939
0
LINE
8
Edge.Cuts
6
CONTINUOUS
10
208.0933149999999898
20
-124.6038219999999939
11
208.0945019999999772
21
-124.6002769999999913
0
LINE
8
Edge.Cuts
6
CONTINUOUS
10
208.0945019999999772
20
-124.6002769999999913
11
208.0956699999999842
21
-124.5967229999999972
0
LINE
8
Edge.Cuts
6
CONTINUOUS
10
208.0956699999999842
20
-124.5967229999999972
11
208.0968179999999847
21
-124.5931659999999965
0
LINE
8
Edge.Cuts
6
CONTINUOUS
10
208.0968179999999847
20
-124.5931659999999965
11
208.0979469999999765
21
-124.5896009999999876
0
LINE
8
Edge.Cuts
6
CONTINUOUS
10
208.0979469999999765
20
-124.5896009999999876
11
208.0990569999999877
21
-124.5860319999999888
0
LINE
8
Edge.Cuts
6
CONTINUOUS
10
208.0990569999999877
20
-124.5860319999999888
11
208.1001479999999901
21
-124.5824559999999934
0
LINE
8
Edge.Cuts
6
CONTINUOUS
10
208.1001479999999901
20
-124.5824559999999934
11
208.1012189999999862
21
-124.578875999999994
0
LINE
8
Edge.Cuts
6
CONTINUOUS
10
208.1012189999999862
20
-124.578875999999994
11
208.1022719999999993
21
-124.5752880000000005
0
LINE
8
Edge.Cuts
6
CONTINUOUS
10
208.1022719999999993
20
-124.5752880000000005
11
208.1033039999999801
21
-124.5716979999999978
0
LINE
8
Edge.Cuts
6
CONTINUOUS
10
208.1033039999999801
20
-124.5716979999999978
11
208.1043179999999779
21
-124.5681000000000012
0
LINE
8
Edge.Cuts
6
CONTINUOUS
10
208.1043179999999779
20
-124.5681000000000012
11
208.1053119999999979
21
-124.5644989999999979
0
LINE
8
Edge.Cuts
6
CONTINUOUS
10
208.1053119999999979
20
-124.5644989999999979
11
208.1062869999999805
21
-124.5608900000000006
0
LINE
8
Edge.Cuts
6
CONTINUOUS
10
208.1062869999999805
20
-124.5608900000000006
11
208.1072429999999827
21
-124.5572789999999941
0
LINE
8
Edge.Cuts
6
CONTINUOUS
10
208.1072429999999827
20
-124.5572789999999941
11
208.1081789999999785
21
-124.5536609999999911
0
LINE
8
Edge.Cuts
6
CONTINUOUS
10
208.1081789999999785
20
-124.5536609999999911
11
208.1090949999999964
21
-124.5500399999999956
0
LINE
8
Edge.Cuts
6
CONTINUOUS
10
208.1090949999999964
20
-124.5500399999999956
11
208.1099930000000029
21
-124.5464119999999895
0
LINE
8
Edge.Cuts
6
CONTINUOUS
10
208.1099930000000029
20
-124.5464119999999895
11
208.1108699999999772
21
-124.5427809999999909
0
LINE
8
Edge.Cuts
6
CONTINUOUS
10
208.1108699999999772
20
-124.5427809999999909
11
208.1117289999999969
21
-124.5391439999999932
0
LINE
8
Edge.Cuts
6
CONTINUOUS
10
208.1117289999999969
20
-124.5391439999999932
11
208.1125679999999818
21
-124.5355039999999889
0
LINE
8
Edge.Cuts
6
CONTINUOUS
10
208.1125679999999818
20
-124.5355039999999889
11
208.1133869999999888
21
-124.5318579999999997
0
LINE
8
Edge.Cuts
6
CONTINUOUS
10
208.1133869999999888
20
-124.5318579999999997
11
208.1141869999999869
21
-124.5282089999999897
0
LINE
8
Edge.Cuts
6
CONTINUOUS
10
208.1141869999999869
20
-124.5282089999999897
11
208.1149669999999787
21
-124.5245539999999949
0
LINE
8
Edge.Cuts
6
CONTINUOUS
10
208.1149669999999787
20
-124.5245539999999949
11
208.1157269999999926
21
-124.5208969999999908
0
LINE
8
Edge.Cuts
6
CONTINUOUS
10
208.1157269999999926
20
-124.5208969999999908
11
208.116468999999995
21
-124.5172329999999903
0
LINE
8
Edge.Cuts
6
CONTINUOUS
10
208.116468999999995
20
-124.5172329999999903
11
208.1171899999999937
21
-124.5135679999999923
0
LINE
8
Edge.Cuts
6
CONTINUOUS
10
208.1171899999999937
20
-124.5135679999999923
11
208.1178919999999835
21
-124.5098959999999977
0
LINE
8
Edge.Cuts
6
CONTINUOUS
10
208.1178919999999835
20
-124.5098959999999977
11
208.1185739999999953
21
-124.506221999999994
0
LINE
8
Edge.Cuts
6
CONTINUOUS
10
208.1185739999999953
20
-124.506221999999994
11
208.1192369999999983
21
-124.5025419999999912
0
LINE
8
Edge.Cuts
6
CONTINUOUS
10
208.1192369999999983
20
-124.5025419999999912
11
208.1198799999999949
21
-124.4988609999999909
0
LINE
8
Edge.Cuts
6
CONTINUOUS
10
208.1198799999999949
20
-124.4988609999999909
11
208.1205029999999851
21
-124.4951729999999941
0
LINE
8
Edge.Cuts
6
CONTINUOUS
10
208.1205029999999851
20
-124.4951729999999941
11
208.1211059999999975
21
-124.4914849999999973
0
LINE
8
Edge.Cuts
6
CONTINUOUS
10
208.1211059999999975
20
-124.4914849999999973
11
208.121690000000001
21
-124.4877899999999897
0
LINE
8
Edge.Cuts
6
CONTINUOUS
10
208.121690000000001
20
-124.4877899999999897
11
208.1222539999999981
21
-124.4840939999999989
0
LINE
8
Edge.Cuts
6
CONTINUOUS
10
208.1222539999999981
20
-124.4840939999999989
11
208.1227989999999863
21
-124.4803919999999948
0
LINE
8
Edge.Cuts
6
CONTINUOUS
10
208.1227989999999863
20
-124.4803919999999948
11
208.1233229999999992
21
-124.4766889999999933
0
LINE
8
Edge.Cuts
6
CONTINUOUS
10
208.1233229999999992
20
-124.4766889999999933
11
208.1238290000000006
21
-124.4729799999999926
0
LINE
8
Edge.Cuts
6
CONTINUOUS
10
208.1238290000000006
20
-124.4729799999999926
11
208.1243139999999983
21
-124.4692699999999945
0
LINE
8
Edge.Cuts
6
CONTINUOUS
10
208.1243139999999983
20
-124.4692699999999945
11
208.1247789999999895
21
-124.4655549999999948
0
LINE
8
Edge.Cuts
6
CONTINUOUS
10
208.1247789999999895
20
-124.4655549999999948
11
208.1252250000000004
21
-124.4618389999999977
0
LINE
8
Edge.Cuts
6
CONTINUOUS
10
208.1252250000000004
20
-124.4618389999999977
11
208.1256509999999764
21
-124.4581170000000014
0
LINE
8
Edge.Cuts
6
CONTINUOUS
10
208.1256509999999764
20
-124.4581170000000014
11
208.1260559999999771
21
-124.4543939999999935
0
LINE
8
Edge.Cuts
6
CONTINUOUS
10
208.1260559999999771
20
-124.4543939999999935
11
208.1264429999999948
21
-124.4506669999999957
0
LINE
8
Edge.Cuts
6
CONTINUOUS
10
208.1264429999999948
20
-124.4506669999999957
11
208.1268089999999802
21
-124.4469379999999887
0
LINE
8
Edge.Cuts
6
CONTINUOUS
10
208.1268089999999802
20
-124.4469379999999887
11
208.1271559999999852
21
-124.4432049999999919
0
LINE
8
Edge.Cuts
6
CONTINUOUS
10
208.1271559999999852
20
-124.4432049999999919
11
208.1274819999999863
21
-124.4394709999999975
0
LINE
8
Edge.Cuts
6
CONTINUOUS
10
208.1274819999999863
20
-124.4394709999999975
11
208.1277889999999786
21
-124.4357309999999899
0
LINE
8
Edge.Cuts
6
CONTINUOUS
10
208.1277889999999786
20
-124.4357309999999899
11
208.128075999999993
21
-124.4319919999999939
0
LINE
8
Edge.Cuts
6
CONTINUOUS
10
208.128075999999993
20
-124.4319919999999939
11
208.128343000000001
21
-124.4282469999999989
0
LINE
8
Edge.Cuts
6
CONTINUOUS
10
208.128343000000001
20
-124.4282469999999989
11
208.1285900000000026
21
-124.4245030000000014
0
LINE
8
Edge.Cuts
6
CONTINUOUS
10
208.1285900000000026
20
-124.4245030000000014
11
208.128816999999998
21
-124.4207529999999906
0
LINE
8
Edge.Cuts
6
CONTINUOUS
10
208.128816999999998
20
-124.4207529999999906
11
208.1290239999999869
21
-124.417002999999994
0
LINE
8
Edge.Cuts
6
CONTINUOUS
10
208.1290239999999869
20
-124.417002999999994
11
208.1292119999999954
21
-124.4132479999999958
0
LINE
8
Edge.Cuts
6
CONTINUOUS
10
208.1292119999999954
20
-124.4132479999999958
11
208.1293790000000001
21
-124.4094939999999951
0
LINE
8
Edge.Cuts
6
CONTINUOUS
10
208.1293790000000001
20
-124.4094939999999951
11
208.129526999999996
21
-124.4057339999999954
0
LINE
8
Edge.Cuts
6
CONTINUOUS
10
208.129526999999996
20
-124.4057339999999954
11
208.1296539999999879
21
-124.4019749999999931
0
LINE
8
Edge.Cuts
6
CONTINUOUS
10
208.1296539999999879
20
-124.4019749999999931
11
208.1297619999999995
21
-124.3982109999999892
0
LINE
8
Edge.Cuts
6
CONTINUOUS
10
208.1297619999999995
20
-124.3982109999999892
11
208.1298489999999788
21
-124.394447999999997
0
LINE
8
Edge.Cuts
6
CONTINUOUS
10
208.1298489999999788
20
-124.394447999999997
11
208.1299169999999776
21
-124.390679999999989
0
LINE
8
Edge.Cuts
6
CONTINUOUS
10
208.1299169999999776
20
-124.390679999999989
11
208.1299649999999986
21
-124.3869119999999953
0
LINE
8
Edge.Cuts
6
CONTINUOUS
10
208.1299649999999986
20
-124.3869119999999953
11
208.1299919999999872
21
-124.3831399999999974
0
LINE
8
Edge.Cuts
6
CONTINUOUS
10
208.1299919999999872
20
-124.3831399999999974
11
208.1299999999999955
21
-124.3798269999999917
0
ARC
8
Edge.Cuts
10
208.5
20
-100.625
40
0.4
50
0.00000000
51
180.00000000
0
ARC
8
Edge.Cuts
10
208.5099999999999909
20
-81.4650000000000034
40
0.3999995657510143
50
1.20616636
51
176.49417205
0
LINE
8
Edge.Cuts
6
CONTINUOUS
10
208.110779999999977
20
-81.4405419999999935
11
208.0699999999999932
21
-95.5949999999999989
0
LINE
8
Edge.Cuts
6
CONTINUOUS
10
208.1299999999999955
20
-53.884999999999998
11
208.0699999999999932
21
-75.394999999999996
0
LINE
8
Edge.Cuts
6
CONTINUOUS
10
208.1299999999999955
20
-53.8903579999999991
11
208.1299899999999923
21
-53.8862489999999994
0
LINE
8
Edge.Cuts
6
CONTINUOUS
10
208.1299899999999923
20
-53.8862489999999994
11
208.1299599999999828
21
-53.8821480000000008
0
LINE
8
Edge.Cuts
6
CONTINUOUS
10
208.1299599999999828
20
-53.8821480000000008
11
208.1299099999999953
21
-53.8780560000000008
0
LINE
8
Edge.Cuts
6
CONTINUOUS
10
208.1299099999999953
20
-53.8780560000000008
11
208.1298400000000015
21
-53.8739739999999969
0
LINE
8
Edge.Cuts
6
CONTINUOUS
10
208.1298400000000015
20
-53.8739739999999969
11
208.1297509999999988
21
-53.8698999999999941
0
LINE
8
Edge.Cuts
6
CONTINUOUS
10
208.1297509999999988
20
-53.8698999999999941
11
208.1296419999999898
21
-53.865834999999997
0
LINE
8
Edge.Cuts
6
CONTINUOUS
10
208.1296419999999898
20
-53.865834999999997
11
208.129511999999977
21
-53.8617789999999985
0
LINE
8
Edge.Cuts
6
CONTINUOUS
10
208.129511999999977
20
-53.8617789999999985
11
208.1293639999999812
21
-53.8577319999999986
0
LINE
8
Edge.Cuts
6
CONTINUOUS
10
208.1293639999999812
20
-53.8577319999999986
11
208.1291949999999815
21
-53.8536939999999973
0
LINE
8
Edge.Cuts
6
CONTINUOUS
10
208.1291949999999815
20
-53.8536939999999973
11
208.1290070000000014
21
-53.8496649999999946
0
LINE
8
Edge.Cuts
6
CONTINUOUS
10
208.1290070000000014
20
-53.8496649999999946
11
208.1287989999999866
21
-53.8456449999999975
0
LINE
8
Edge.Cuts
6
CONTINUOUS
10
208.1287989999999866
20
-53.8456449999999975
11
208.1285719999999912
21
-53.8416339999999991
0
LINE
8
Edge.Cuts
6
CONTINUOUS
10
208.1285719999999912
20
-53.8416339999999991
11
208.1283259999999871
21
-53.8376309999999947
0
LINE
8
Edge.Cuts
6
CONTINUOUS
10
208.1283259999999871
20
-53.8376309999999947
11
208.1280589999999791
21
-53.8336380000000005
0
LINE
8
Edge.Cuts
6
CONTINUOUS
10
208.1280589999999791
20
-53.8336380000000005
11
208.1277739999999881
21
-53.8296539999999979
0
LINE
8
Edge.Cuts
6
CONTINUOUS
10
208.1277739999999881
20
-53.8296539999999979
11
208.1274689999999907
21
-53.8256790000000009
0
LINE
8
Edge.Cuts
6
CONTINUOUS
10
208.1274689999999907
20
-53.8256790000000009
11
208.127143999999987
21
-53.821711999999998
0
LINE
8
Edge.Cuts
6
CONTINUOUS
10
208.127143999999987
20
-53.821711999999998
11
208.1268010000000004
21
-53.8177549999999982
0
LINE
8
Edge.Cuts
6
CONTINUOUS
10
208.1268010000000004
20
-53.8177549999999982
11
208.126437999999979
21
-53.8138059999999996
0
LINE
8
Edge.Cuts
6
CONTINUOUS
10
208.126437999999979
20
-53.8138059999999996
11
208.1260559999999771
21
-53.809866999999997
0
LINE
8
Edge.Cuts
6
CONTINUOUS
10
208.1260559999999771
20
-53.809866999999997
11
208.1256539999999973
21
-53.8059370000000001
0
LINE
8
Edge.Cuts
6
CONTINUOUS
10
208.1256539999999973
20
-53.8059370000000001
11
208.1252339999999776
21
-53.8020159999999947
0
LINE
8
Edge.Cuts
6
CONTINUOUS
10
208.1252339999999776
20
-53.8020159999999947
11
208.1247939999999801
21
-53.7981029999999976
0
LINE
8
Edge.Cuts
6
CONTINUOUS
10
208.1247939999999801
20
-53.7981029999999976
11
208.1243350000000021
21
-53.7941999999999965
0
LINE
8
Edge.Cuts
6
CONTINUOUS
10
208.1243350000000021
20
-53.7941999999999965
11
208.1238579999999843
21
-53.7903049999999965
0
LINE
8
Edge.Cuts
6
CONTINUOUS
10
208.1238579999999843
20
-53.7903049999999965
11
208.1233609999999885
21
-53.7864199999999997
0
LINE
8
Edge.Cuts
6
CONTINUOUS
10
208.1233609999999885
20
-53.7864199999999997
11
208.1228449999999839
21
-53.7825439999999944
0
LINE
8
Edge.Cuts
6
CONTINUOUS
10
208.1228449999999839
20
-53.7825439999999944
11
208.1223099999999988
21
-53.7786769999999947
0
LINE
8
Edge.Cuts
6
CONTINUOUS
10
208.1223099999999988
20
-53.7786769999999947
11
208.1217570000000023
21
-53.7748190000000008
0
LINE
8
Edge.Cuts
6
CONTINUOUS
10
208.1217570000000023
20
-53.7748190000000008
11
208.1211839999999995
21
-53.7709699999999984
0
LINE
8
Edge.Cuts
6
CONTINUOUS
10
208.1211839999999995
20
-53.7709699999999984
11
208.1205929999999853
21
-53.7671289999999971
0
LINE
8
Edge.Cuts
6
CONTINUOUS
10
208.1205929999999853
20
-53.7671289999999971
11
208.1199819999999931
21
-53.7632989999999964
0
LINE
8
Edge.Cuts
6
CONTINUOUS
10
208.1199819999999931
20
-53.7632989999999964
11
208.1193529999999896
21
-53.7594769999999968
0
LINE
8
Edge.Cuts
6
CONTINUOUS
10
208.1193529999999896
20
-53.7594769999999968
11
208.1187060000000031
21
-53.7556639999999959
0
LINE
8
Edge.Cuts
6
CONTINUOUS
10
208.1187060000000031
20
-53.7556639999999959
11
208.1180389999999818
21
-53.7518600000000006
0
LINE
8
Edge.Cuts
6
CONTINUOUS
10
208.1180389999999818
20
-53.7518600000000006
11
208.1173539999999775
21
-53.7480659999999943
0
LINE
8
Edge.Cuts
6
CONTINUOUS
10
208.1173539999999775
20
-53.7480659999999943
11
208.1166499999999928
21
-53.7442799999999963
0
LINE
8
Edge.Cuts
6
CONTINUOUS
10
208.1166499999999928
20
-53.7442799999999963
11
208.1159279999999967
21
-53.7405039999999943
0
LINE
8
Edge.Cuts
6
CONTINUOUS
10
208.1159279999999967
20
-53.7405039999999943
11
208.1151869999999917
21
-53.7367360000000005
0
LINE
8
Edge.Cuts
6
CONTINUOUS
10
208.1151869999999917
20
-53.7367360000000005
11
208.1144269999999779
21
-53.7329790000000003
0
LINE
8
Edge.Cuts
6
CONTINUOUS
10
208.1144269999999779
20
-53.7329790000000003
11
208.113648999999981
21
-53.7292289999999966
0
LINE
8
Edge.Cuts
6
CONTINUOUS
10
208.113648999999981
20
-53.7292289999999966
11
208.1128520000000037
21
-53.7254900000000006
0
LINE
8
Edge.Cuts
6
CONTINUOUS
10
208.1128520000000037
20
-53.7254900000000006
11
208.1120369999999866
21
-53.7217589999999987
0
LINE
8
Edge.Cuts
6
CONTINUOUS
10
208.1120369999999866
20
-53.7217589999999987
11
208.1112039999999865
21
-53.718038
0
LINE
8
Edge.Cuts
6
CONTINUOUS
10
208.1112039999999865
20
-53.718038
11
208.1103519999999776
21
-53.7143249999999952
0
LINE
8
Edge.Cuts
6
CONTINUOUS
10
208.1103519999999776
20
-53.7143249999999952
11
208.1094809999999882
21
-53.7106220000000008
0
LINE
8
Edge.Cuts
6
CONTINUOUS
10
208.1094809999999882
20
-53.7106220000000008
11
208.1085919999999874
21
-53.7069279999999978
0
LINE
8
Edge.Cuts
6
CONTINUOUS
10
208.1085919999999874
20
-53.7069279999999978
11
208.1076850000000036
21
-53.703243999999998
0
LINE
8
Edge.Cuts
6
CONTINUOUS
10
208.1076850000000036
20
-53.703243999999998
11
208.10675999999998
21
-53.6995679999999993
0
LINE
8
Edge.Cuts
6
CONTINUOUS
10
208.10675999999998
20
-53.6995679999999993
11
208.1058160000000044
21
-53.6959019999999967
0
LINE
8
Edge.Cuts
6
CONTINUOUS
10
208.1058160000000044
20
-53.6959019999999967
11
208.1048539999999889
21
-53.6922439999999952
0
LINE
8
Edge.Cuts
6
CONTINUOUS
10
208.1048539999999889
20
-53.6922439999999952
11
208.1038739999999905
21
-53.6885969999999944
0
LINE
8
Edge.Cuts
6
CONTINUOUS
10
208.1038739999999905
20
-53.6885969999999944
11
208.1028759999999806
21
-53.6849579999999946
0
LINE
8
Edge.Cuts
6
CONTINUOUS
10
208.1028759999999806
20
-53.6849579999999946
11
208.1018589999999904
21
-53.6813289999999981
0
LINE
8
Edge.Cuts
6
CONTINUOUS
10
208.1018589999999904
20
-53.6813289999999981
11
208.1008249999999862
21
-53.6777090000000001
0
LINE
8
Edge.Cuts
6
CONTINUOUS
10
208.1008249999999862
20
-53.6777090000000001
11
208.0997720000000015
21
-53.6740980000000008
0
LINE
8
Edge.Cuts
6
CONTINUOUS
10
208.0997720000000015
20
-53.6740980000000008
11
208.0987009999999771
21
-53.6704969999999975
0
LINE
8
Edge.Cuts
6
CONTINUOUS
10
208.0987009999999771
20
-53.6704969999999975
11
208.097611999999998
21
-53.6669049999999999
0
LINE
8
Edge.Cuts
6
CONTINUOUS
10
208.097611999999998
20
-53.6669049999999999
11
208.0965049999999792
21
-53.6633220000000009
0
LINE
8
Edge.Cuts
6
CONTINUOUS
10
208.0965049999999792
20
-53.6633220000000009
11
208.0953799999999774
21
-53.6597489999999979
0
LINE
8
Edge.Cuts
6
CONTINUOUS
10
208.0953799999999774
20
-53.6597489999999979
11
208.0942369999999926
21
-53.6561839999999961
0
LINE
8
Edge.Cuts
6
CONTINUOUS
10
208.0942369999999926
20
-53.6561839999999961
11
208.0930759999999964
21
-53.6526299999999949
0
LINE
8
Edge.Cuts
6
CONTINUOUS
10
208.0930759999999964
20
-53.6526299999999949
11
208.0906999999999982
21
-53.6455489999999955
0
LINE
8
Edge.Cuts
6
CONTINUOUS
10
208.0906999999999982
20
-53.6455489999999955
11
208.0882529999999804
21
-53.638504999999995
0
LINE
8
Edge.Cuts
6
CONTINUOUS
10
208.0882529999999804
20
-53.638504999999995
11
208.0857340000000022
21
-53.631498999999998
0
LINE
8
Edge.Cuts
6
CONTINUOUS
10
208.0857340000000022
20
-53.631498999999998
11
208.0831429999999784
21
-53.6245309999999975
0
LINE
8
Edge.Cuts
6
CONTINUOUS
10
208.0831429999999784
20
-53.6245309999999975
11
208.0804819999999893
21
-53.6176010000000005
0
LINE
8
Edge.Cuts
6
CONTINUOUS
10
208.0804819999999893
20
-53.6176010000000005
11
208.0777499999999804
21
-53.6107099999999974
0
LINE
8
Edge.Cuts
6
CONTINUOUS
10
208.0777499999999804
20
-53.6107099999999974
11
208.0749469999999803
21
-53.6038560000000004
0
LINE
8
Edge.Cuts
6
CONTINUOUS
10
208.0749469999999803
20
-53.6038560000000004
11
208.072072999999989
21
-53.5970409999999973
0
LINE
8
Edge.Cuts
6
CONTINUOUS
10
208.072072999999989
20
-53.5970409999999973
11
208.0691290000000038
21
-53.5902639999999977
0
LINE
8
Edge.Cuts
6
CONTINUOUS
10
208.0691290000000038
20
-53.5902639999999977
11
208.0661139999999989
21
-53.5835259999999991
0
LINE
8
Edge.Cuts
6
CONTINUOUS
10
208.0661139999999989
20
-53.5835259999999991
11
208.0630299999999977
21
-53.5768269999999944
0
LINE
8
Edge.Cuts
6
CONTINUOUS
10
208.0630299999999977
20
-53.5768269999999944
11
208.0598749999999768
21
-53.5701669999999979
0
LINE
8
Edge.Cuts
6
CONTINUOUS
10
208.0598749999999768
20
-53.5701669999999979
11
208.056650999999988
21
-53.5635459999999952
0
LINE
8
Edge.Cuts
6
CONTINUOUS
10
208.056650999999988
20
-53.5635459999999952
11
208.053356999999977
21
-53.5569640000000007
0
LINE
8
Edge.Cuts
6
CONTINUOUS
10
208.053356999999977
20
-53.5569640000000007
11
208.0499930000000006
21
-53.5504219999999975
0
LINE
8
Edge.Cuts
6
CONTINUOUS
10
208.0499930000000006
20
-53.5504219999999975
11
208.0465599999999995
21
-53.54392
0
LINE
8
Edge.Cuts
6
CONTINUOUS
10
208.0465599999999995
20
-53.54392
11
208.0430570000000046
21
-53.5374569999999963
0
LINE
8
Edge.Cuts
6
CONTINUOUS
10
208.0430570000000046
20
-53.5374569999999963
11
208.0394849999999849
21
-53.5310349999999957
0
LINE
8
Edge.Cuts
6
CONTINUOUS
10
208.0394849999999849
20
-53.5310349999999957
11
208.0358449999999948
21
-53.5246530000000007
0
LINE
8
Edge.Cuts
6
CONTINUOUS
10
208.0358449999999948
20
-53.5246530000000007
11
208.0321349999999825
21
-53.5183109999999971
0
LINE
8
Edge.Cuts
6
CONTINUOUS
10
208.0321349999999825
20
-53.5183109999999971
11
208.0283569999999997
21
-53.5120110000000011
0
LINE
8
Edge.Cuts
6
CONTINUOUS
10
208.0283569999999997
20
-53.5120110000000011
11
208.0245099999999923
21
-53.5057509999999965
0
LINE
8
Edge.Cuts
6
CONTINUOUS
10
208.0245099999999923
20
-53.5057509999999965
11
208.0205939999999885
21
-53.499531999999995
0
LINE
8
Edge.Cuts
6
CONTINUOUS
10
208.0205939999999885
20
-53.499531999999995
11
208.0166099999999858
21
-53.4933550000000011
0
LINE
8
Edge.Cuts
6
CONTINUOUS
10
208.0166099999999858
20
-53.4933550000000011
11
208.0125579999999843
21
-53.4872189999999961
0
LINE
8
Edge.Cuts
6
CONTINUOUS
10
208.0125579999999843
20
-53.4872189999999961
11
208.0084369999999865
21
-53.4811249999999987
0
LINE
8
Edge.Cuts
6
CONTINUOUS
10
208.0084369999999865
20
-53.4811249999999987
11
208.0042489999999873
21
-53.4750729999999947
0
LINE
8
Edge.Cuts
6
CONTINUOUS
10
208.0042489999999873
20
-53.4750729999999947
11
207.9999929999999893
21
-53.4690639999999959
0
LINE
8
Edge.Cuts
6
CONTINUOUS
10
207.9999929999999893
20
-53.4690639999999959
11
207.9956689999999924
21
-53.4630969999999976
0
LINE
8
Edge.Cuts
6
CONTINUOUS
10
207.9956689999999924
20
-53.4630969999999976
11
207.9912769999999966
21
-53.4571729999999974
0
LINE
8
Edge.Cuts
6
CONTINUOUS
10
207.9912769999999966
20
-53.4571729999999974
11
207.9868179999999995
21
-53.4512929999999997
0
LINE
8
Edge.Cuts
6
CONTINUOUS
10
207.9868179999999995
20
-53.4512929999999997
11
207.9822910000000036
21
-53.4454560000000001
0
LINE
8
Edge.Cuts
6
CONTINUOUS
10
207.9822910000000036
20
-53.4454560000000001
11
207.9776980000000037
21
-53.4396619999999984
0
LINE
8
Edge.Cuts
6
CONTINUOUS
10
207.9776980000000037
20
-53.4396619999999984
11
207.9730369999999766
21
-53.4339129999999969
0
LINE
8
Edge.Cuts
6
CONTINUOUS
10
207.9730369999999766
20
-53.4339129999999969
11
207.9683089999999765
21
-53.4282079999999979
0
LINE
8
Edge.Cuts
6
CONTINUOUS
10
207.9683089999999765
20
-53.4282079999999979
11
207.9635140000000035
21
-53.422547999999999
0
LINE
8
Edge.Cuts
6
CONTINUOUS
10
207.9635140000000035
20
-53.422547999999999
11
207.9586529999999982
21
-53.4169330000000002
0
LINE
8
Edge.Cuts
6
CONTINUOUS
10
207.9586529999999982
20
-53.4169330000000002
11
207.9537249999999915
21
-53.4113629999999944
0
LINE
8
Edge.Cuts
6
CONTINUOUS
10
207.9537249999999915
20
-53.4113629999999944
11
207.9487309999999809
21
-53.4058379999999957
0
LINE
8
Edge.Cuts
6
CONTINUOUS
10
207.9487309999999809
20
-53.4058379999999957
11
207.9436699999999973
21
-53.4003599999999992
0
LINE
8
Edge.Cuts
6
CONTINUOUS
10
207.9436699999999973
20
-53.4003599999999992
11
207.938543999999979
21
-53.3949280000000002
0
LINE
8
Edge.Cuts
6
CONTINUOUS
10
207.938543999999979
20
-53.3949280000000002
11
207.9333509999999876
21
-53.3895419999999987
0
LINE
8
Edge.Cuts
6
CONTINUOUS
10
207.9333509999999876
20
-53.3895419999999987
11
207.9280929999999898
21
-53.3842039999999969
0
LINE
8
Edge.Cuts
6
CONTINUOUS
10
207.9280929999999898
20
-53.3842039999999969
11
207.9227689999999882
21
-53.3789129999999972
0
LINE
8
Edge.Cuts
6
CONTINUOUS
10
207.9227689999999882
20
-53.3789129999999972
11
207.9173789999999826
21
-53.3736689999999996
0
LINE
8
Edge.Cuts
6
CONTINUOUS
10
207.9173789999999826
20
-53.3736689999999996
11
207.9119249999999965
21
-53.3684739999999991
0
LINE
8
Edge.Cuts
6
CONTINUOUS
10
207.9119249999999965
20
-53.3684739999999991
11
207.9064049999999781
21
-53.3633269999999982
0
LINE
8
Edge.Cuts
6
CONTINUOUS
10
207.9064049999999781
20
-53.3633269999999982
11
207.9008199999999817
21
-53.3582289999999944
0
LINE
8
Edge.Cuts
6
CONTINUOUS
10
207.9008199999999817
20
-53.3582289999999944
11
207.8951709999999764
21
-53.3531799999999947
0
LINE
8
Edge.Cuts
6
CONTINUOUS
10
207.8951709999999764
20
-53.3531799999999947
11
207.8894569999999931
21
-53.3481809999999967
0
LINE
8
Edge.Cuts
6
CONTINUOUS
10
207.8894569999999931
20
-53.3481809999999967
11
207.8836790000000008
21
-53.3432320000000004
0
LINE
8
Edge.Cuts
6
CONTINUOUS
10
207.8836790000000008
20
-53.3432320000000004
11
207.8778360000000021
21
-53.3383329999999987
0
LINE
8
Edge.Cuts
6
CONTINUOUS
10
207.8778360000000021
20
-53.3383329999999987
11
207.8719299999999919
21
-53.333484999999996
0
LINE
8
Edge.Cuts
6
CONTINUOUS
10
207.8719299999999919
20
-53.333484999999996
11
207.8659600000000012
21
-53.3286879999999996
0
LINE
8
Edge.Cuts
6
CONTINUOUS
10
207.8659600000000012
20
-53.3286879999999996
11
207.8599260000000015
21
-53.3239429999999999
0
LINE
8
Edge.Cuts
6
CONTINUOUS
10
207.8599260000000015
20
-53.3239429999999999
11
207.8538289999999904
21
-53.3192489999999992
0
LINE
8
Edge.Cuts
6
CONTINUOUS
10
207.8538289999999904
20
-53.3192489999999992
11
207.8476689999999962
21
-53.3146089999999973
0
LINE
8
Edge.Cuts
6
CONTINUOUS
10
207.8476689999999962
20
-53.3146089999999973
11
207.8414469999999881
21
-53.310020999999999
0
LINE
8
Edge.Cuts
6
CONTINUOUS
10
207.8414469999999881
20
-53.310020999999999
11
207.8351619999999969
21
-53.3054859999999948
0
LINE
8
Edge.Cuts
6
CONTINUOUS
10
207.8351619999999969
20
-53.3054859999999948
11
207.8288139999999942
21
-53.3010049999999964
0
LINE
8
Edge.Cuts
6
CONTINUOUS
10
207.8288139999999942
20
-53.3010049999999964
11
207.8224050000000034
21
-53.2965779999999967
0
LINE
8
Edge.Cuts
6
CONTINUOUS
10
207.8224050000000034
20
-53.2965779999999967
11
207.8159339999999986
21
-53.2922060000000002
0
LINE
8
Edge.Cuts
6
CONTINUOUS
10
207.8159339999999986
20
-53.2922060000000002
11
207.8094009999999798
21
-53.2878889999999998
0
LINE
8
Edge.Cuts
6
CONTINUOUS
10
207.8094009999999798
20
-53.2878889999999998
11
207.8028070000000014
21
-53.2836280000000002
0
LINE
8
Edge.Cuts
6
CONTINUOUS
10
207.8028070000000014
20
-53.2836280000000002
11
207.796151999999978
21
-53.2794219999999967
0
LINE
8
Edge.Cuts
6
CONTINUOUS
10
207.796151999999978
20
-53.2794219999999967
11
207.7894369999999924
21
-53.2752729999999985
0
LINE
8
Edge.Cuts
6
CONTINUOUS
10
207.7894369999999924
20
-53.2752729999999985
11
207.7826609999999903
21
-53.2711800000000011
0
LINE
8
Edge.Cuts
6
CONTINUOUS
10
207.7826609999999903
20
-53.2711800000000011
11
207.775825999999995
21
-53.2671449999999993
0
LINE
8
Edge.Cuts
6
CONTINUOUS
10
207.775825999999995
20
-53.2671449999999993
11
207.7689309999999807
21
-53.2631669999999957
0
LINE
8
Edge.Cuts
6
CONTINUOUS
10
207.7689309999999807
20
-53.2631669999999957
11
207.7619760000000042
21
-53.2592479999999995
0
LINE
8
Edge.Cuts
6
CONTINUOUS
10
207.7619760000000042
20
-53.2592479999999995
11
207.7549630000000036
21
-53.2553869999999989
0
LINE
8
Edge.Cuts
6
CONTINUOUS
10
207.7549630000000036
20
-53.2553869999999989
11
207.7478909999999814
21
-53.2515859999999961
0
LINE
8
Edge.Cuts
6
CONTINUOUS
10
207.7478909999999814
20
-53.2515859999999961
11
207.740760999999992
21
-53.2478440000000006
0
LINE
8
Edge.Cuts
6
CONTINUOUS
10
207.740760999999992
20
-53.2478440000000006
11
207.733571999999981
21
-53.2441619999999958
0
LINE
8
Edge.Cuts
6
CONTINUOUS
10
207.733571999999981
20
-53.2441619999999958
11
207.7263269999999977
21
-53.2405399999999958
0
LINE
8
Edge.Cuts
6
CONTINUOUS
10
207.7263269999999977
20
-53.2405399999999958
11
207.7190239999999903
21
-53.2369799999999955
0
LINE
8
Edge.Cuts
6
CONTINUOUS
10
207.7190239999999903
20
-53.2369799999999955
11
207.7116649999999822
21
-53.2334800000000001
0
LINE
8
Edge.Cuts
6
CONTINUOUS
10
207.7116649999999822
20
-53.2334800000000001
11
207.7042490000000043
21
-53.2300429999999949
0
LINE
8
Edge.Cuts
6
CONTINUOUS
10
207.7042490000000043
20
-53.2300429999999949
11
207.6967769999999973
21
-53.2266679999999965
0
LINE
8
Edge.Cuts
6
CONTINUOUS
10
207.6967769999999973
20
-53.2266679999999965
11
207.689249999999987
21
-53.2233559999999954
0
LINE
8
Edge.Cuts
6
CONTINUOUS
10
207.689249999999987
20
-53.2233559999999954
11
207.6816680000000019
21
-53.2201069999999987
0
LINE
8
Edge.Cuts
6
CONTINUOUS
10
207.6816680000000019
20
-53.2201069999999987
11
207.6740309999999852
21
-53.2169209999999993
0
LINE
8
Edge.Cuts
6
CONTINUOUS
10
207.6740309999999852
20
-53.2169209999999993
11
207.6663399999999911
21
-53.2137999999999991
0
LINE
8
Edge.Cuts
6
CONTINUOUS
10
207.6663399999999911
20
-53.2137999999999991
11
207.6585949999999912
21
-53.2107439999999983
0
LINE
8
Edge.Cuts
6
CONTINUOUS
10
207.6585949999999912
20
-53.2107439999999983
11
207.650796999999983
21
-53.2077519999999993
0
LINE
8
Edge.Cuts
6
CONTINUOUS
10
207.650796999999983
20
-53.2077519999999993
11
207.6429469999999924
21
-53.2048259999999971
0
LINE
8
Edge.Cuts
6
CONTINUOUS
10
207.6429469999999924
20
-53.2048259999999971
11
207.6350439999999935
21
-53.2019659999999988
0
LINE
8
Edge.Cuts
6
CONTINUOUS
10
207.6350439999999935
20
-53.2019659999999988
11
207.6270889999999838
21
-53.1991719999999972
0
LINE
8
Edge.Cuts
6
CONTINUOUS
10
207.6270889999999838
20
-53.1991719999999972
11
207.6190819999999917
21
-53.1964449999999971
0
LINE
8
Edge.Cuts
6
CONTINUOUS
10
207.6190819999999917
20
-53.1964449999999971
11
207.6110249999999837
21
-53.1937859999999958
0
LINE
8
Edge.Cuts
6
CONTINUOUS
10
207.6110249999999837
20
-53.1937859999999958
11
207.6029179999999883
21
-53.1911939999999959
0
LINE
8
Edge.Cuts
6
CONTINUOUS
10
207.6029179999999883
20
-53.1911939999999959
11
207.594760999999977
21
-53.1886699999999948
0
LINE
8
Edge.Cuts
6
CONTINUOUS
10
207.594760999999977
20
-53.1886699999999948
11
207.5865539999999783
21
-53.1862149999999971
0
LINE
8
Edge.Cuts
6
CONTINUOUS
10
207.5865539999999783
20
-53.1862149999999971
11
207.578298999999987
21
-53.1838279999999983
0
LINE
8
Edge.Cuts
6
CONTINUOUS
10
207.578298999999987
20
-53.1838279999999983
11
207.5699960000000033
21
-53.1815119999999979
0
LINE
8
Edge.Cuts
6
CONTINUOUS
10
207.5699960000000033
20
-53.1815119999999979
11
207.5616449999999986
21
-53.1792650000000009
0
LINE
8
Edge.Cuts
6
CONTINUOUS
10
207.5616449999999986
20
-53.1792650000000009
11
207.5532460000000015
21
-53.1770879999999977
0
LINE
8
Edge.Cuts
6
CONTINUOUS
10
207.5532460000000015
20
-53.1770879999999977
11
207.5448020000000042
21
-53.174982
0
LINE
8
Edge.Cuts
6
CONTINUOUS
10
207.5448020000000042
20
-53.174982
11
207.5363109999999836
21
-53.1729470000000006
0
LINE
8
Edge.Cuts
6
CONTINUOUS
10
207.5363109999999836
20
-53.1729470000000006
11
207.5277749999999912
21
-53.1709829999999997
0
LINE
8
Edge.Cuts
6
CONTINUOUS
10
207.5277749999999912
20
-53.1709829999999997
11
207.5191939999999988
21
-53.1690919999999991
0
LINE
8
Edge.Cuts
6
CONTINUOUS
10
207.5191939999999988
20
-53.1690919999999991
11
207.5105690000000038
21
-53.167271999999997
0
LINE
8
Edge.Cuts
6
CONTINUOUS
10
207.5105690000000038
20
-53.167271999999997
11
207.5018999999999778
21
-53.1655249999999953
0
LINE
8
Edge.Cuts
6
CONTINUOUS
10
207.5018999999999778
20
-53.1655249999999953
11
207.4931880000000035
21
-53.1638519999999986
0
LINE
8
Edge.Cuts
6
CONTINUOUS
10
207.4931880000000035
20
-53.1638519999999986
11
207.4844339999999931
21
-53.1622509999999977
0
LINE
8
Edge.Cuts
6
CONTINUOUS
10
207.4844339999999931
20
-53.1622509999999977
11
207.4756380000000036
21
-53.1607249999999993
0
LINE
8
Edge.Cuts
6
CONTINUOUS
10
207.4756380000000036
20
-53.1607249999999993
11
207.4667999999999779
21
-53.1592719999999943
0
LINE
8
Edge.Cuts
6
CONTINUOUS
10
207.4667999999999779
20
-53.1592719999999943
11
207.4579219999999964
21
-53.1578939999999989
0
LINE
8
Edge.Cuts
6
CONTINUOUS
10
207.4579219999999964
20
-53.1578939999999989
11
207.4490040000000022
21
-53.1565909999999988
0
LINE
8
Edge.Cuts
6
CONTINUOUS
10
207.4490040000000022
20
-53.1565909999999988
11
207.4445299999999861
21
-53.1559679999999943
0
LINE
8
Edge.Cuts
6
CONTINUOUS
10
207.4445299999999861
20
-53.1559679999999943
11
207.4400469999999927
21
-53.1553629999999941
0
LINE
8
Edge.Cuts
6
CONTINUOUS
10
207.4400469999999927
20
-53.1553629999999941
11
207.4355529999999987
21
-53.1547780000000003
0
LINE
8
Edge.Cuts
6
CONTINUOUS
10
207.4355529999999987
20
-53.1547780000000003
11
207.4310509999999965
21
-53.1542109999999965
0
LINE
8
Edge.Cuts
6
CONTINUOUS
10
207.4310509999999965
20
-53.1542109999999965
11
207.4265379999999936
21
-53.1536629999999946
0
LINE
8
Edge.Cuts
6
CONTINUOUS
10
207.4265379999999936
20
-53.1536629999999946
11
207.4220169999999825
21
-53.1531339999999943
0
LINE
8
Edge.Cuts
6
CONTINUOUS
10
207.4220169999999825
20
-53.1531339999999943
11
207.4174849999999992
21
-53.1526250000000005
0
LINE
8
Edge.Cuts
6
CONTINUOUS
10
207.4174849999999992
20
-53.1526250000000005
11
207.4129449999999792
21
-53.1521339999999967
0
LINE
8
Edge.Cuts
6
CONTINUOUS
10
207.4129449999999792
20
-53.1521339999999967
11
207.4083949999999845
21
-53.1516629999999992
0
LINE
8
Edge.Cuts
6
CONTINUOUS
10
207.4083949999999845
20
-53.1516629999999992
11
207.4038369999999816
21
-53.151209999999999
0
LINE
8
Edge.Cuts
6
CONTINUOUS
10
207.4038369999999816
20
-53.151209999999999
11
207.3992690000000039
21
-53.1507769999999979
0
LINE
8
Edge.Cuts
6
CONTINUOUS
10
207.3992690000000039
20
-53.1507769999999979
11
207.394691999999992
21
-53.1503629999999987
0
LINE
8
Edge.Cuts
6
CONTINUOUS
10
207.394691999999992
20
-53.1503629999999987
11
207.3895689999999945
21
-53.1499239999999986
0
LINE
8
Edge.Cuts
6
CONTINUOUS
10
208.1299999999999955
20
-124.3798269999999917
11
208.0999999999999943
21
-100.625
0
ARC
8
Edge.Cuts
10
208.4699999999999989
20
-75.394999999999996
40
0.4
50
-180.00000000
51
-0.00000000
0
LINE
8
Edge.Cuts
6
CONTINUOUS
10
208.8700000000000045
20
-75.394999999999996
11
208.9299999999999784
21
-70.5349999999999966
0
ARC
8
Edge.Cuts
10
208.4699999999999989
20
-95.5949999999999989
40
0.4
50
-180.00000000
51
-0.00000000
0
LINE
8
Edge.Cuts
6
CONTINUOUS
10
208.9099109999999939
20
-81.4565800000000024
11
208.8700000000000045
21
-95.5949999999999989
0
LINE
8
Edge.Cuts
6
CONTINUOUS
10
208.9299999999999784
20
-110.7349999999999994
11
208.8999999999999773
21
-100.625
0
LINE
8
Edge.Cuts
6
CONTINUOUS
10
226.0895689999999831
20
-70.4849999999999994
11
208.9299999999999784
21
-70.5349999999999966
0
LINE
8
Edge.Cuts
6
CONTINUOUS
10
226.4799999999999898
20
-110.7349999999999994
11
208.9299999999999784
21
-110.7349999999999994
0
LINE
8
Edge.Cuts
6
CONTINUOUS
10
226.4799999999999898
20
-110.7349999999999994
11
226.4864179999999863
21
-110.7350599999999901
0
LINE
8
Edge.Cuts
6
CONTINUOUS
10
226.4864179999999863
20
-110.7350599999999901
11
226.4928449999999884
21
-110.7350399999999979
0
LINE
8
Edge.Cuts
6
CONTINUOUS
10
226.4928449999999884
20
-110.7350399999999979
11
226.4992819999999938
21
-110.7349399999999946
0
LINE
8
Edge.Cuts
6
CONTINUOUS
10
226.4992819999999938
20
-110.7349399999999946
11
226.5057279999999764
21
-110.7347599999999943
0
LINE
8
Edge.Cuts
6
CONTINUOUS
10
226.5057279999999764
20
-110.7347599999999943
11
226.5121819999999957
21
-110.734499999999997
0
LINE
8
Edge.Cuts
6
CONTINUOUS
10
226.5121819999999957
20
-110.734499999999997
11
226.5186449999999923
21
-110.7341599999999886
0
LINE
8
Edge.Cuts
6
CONTINUOUS
10
226.5186449999999923
20
-110.7341599999999886
11
226.5251149999999996
21
-110.7337389999999999
0
LINE
8
Edge.Cuts
6
CONTINUOUS
10
226.5251149999999996
20
-110.7337389999999999
11
226.5315919999999892
21
-110.7332380000000001
0
LINE
8
Edge.Cuts
6
CONTINUOUS
10
226.5315919999999892
20
-110.7332380000000001
11
226.5380759999999896
21
-110.7326559999999915
0
LINE
8
Edge.Cuts
6
CONTINUOUS
10
226.5380759999999896
20
-110.7326559999999915
11
226.5445670000000007
21
-110.7319929999999886
0
LINE
8
Edge.Cuts
6
CONTINUOUS
10
226.5445670000000007
20
-110.7319929999999886
11
226.5510629999999992
21
-110.7312499999999886
0
LINE
8
Edge.Cuts
6
CONTINUOUS
10
226.5510629999999992
20
-110.7312499999999886
11
226.5575639999999851
21
-110.7304249999999968
0
LINE
8
Edge.Cuts
6
CONTINUOUS
10
226.5575639999999851
20
-110.7304249999999968
11
226.5640699999999867
21
-110.7295189999999963
0
LINE
8
Edge.Cuts
6
CONTINUOUS
10
226.5640699999999867
20
-110.7295189999999963
11
226.5705809999999758
21
-110.7285320000000013
0
LINE
8
Edge.Cuts
6
CONTINUOUS
10
226.5705809999999758
20
-110.7285320000000013
11
226.5770949999999857
21
-110.7274639999999977
0
LINE
8
Edge.Cuts
6
CONTINUOUS
10
226.5770949999999857
20
-110.7274639999999977
11
226.583611999999988
21
-110.7263139999999879
0
LINE
8
Edge.Cuts
6
CONTINUOUS
10
226.583611999999988
20
-110.7263139999999879
11
226.5901309999999853
21
-110.7250820000000004
0
LINE
8
Edge.Cuts
6
CONTINUOUS
10
226.5901309999999853
20
-110.7250820000000004
11
226.5966519999999775
21
-110.7237689999999901
0
LINE
8
Edge.Cuts
6
CONTINUOUS
10
226.5966519999999775
20
-110.7237689999999901
11
226.6031749999999931
21
-110.7223740000000021
0
LINE
8
Edge.Cuts
6
CONTINUOUS
10
226.6031749999999931
20
-110.7223740000000021
11
226.6096979999999803
21
-110.7208969999999937
0
LINE
8
Edge.Cuts
6
CONTINUOUS
10
226.6096979999999803
20
-110.7208969999999937
11
226.6162209999999959
21
-110.7193379999999934
0
LINE
8
Edge.Cuts
6
CONTINUOUS
10
226.6162209999999959
20
-110.7193379999999934
11
226.6227429999999856
21
-110.7176979999999986
0
LINE
8
Edge.Cuts
6
CONTINUOUS
10
226.6227429999999856
20
-110.7176979999999986
11
226.6292639999999778
21
-110.7159750000000003
0
LINE
8
Edge.Cuts
6
CONTINUOUS
10
226.6292639999999778
20
-110.7159750000000003
11
226.6357819999999776
21
-110.7141699999999958
0
LINE
8
Edge.Cuts
6
CONTINUOUS
10
226.6357819999999776
20
-110.7141699999999958
11
226.642296999999985
21
-110.7122829999999993
0
LINE
8
Edge.Cuts
6
CONTINUOUS
10
226.642296999999985
20
-110.7122829999999993
11
226.648809
21
-110.7103139999999968
0
LINE
8
Edge.Cuts
6
CONTINUOUS
10
226.648809
20
-110.7103139999999968
11
226.6553159999999991
21
-110.7082629999999881
0
LINE
8
Edge.Cuts
6
CONTINUOUS
10
226.6553159999999991
20
-110.7082629999999881
11
226.661816999999985
21
-110.70612899999999
0
LINE
8
Edge.Cuts
6
CONTINUOUS
10
226.661816999999985
20
-110.70612899999999
11
226.6683129999999835
21
-110.7039139999999975
0
LINE
8
Edge.Cuts
6
CONTINUOUS
10
226.6683129999999835
20
-110.7039139999999975
11
226.6748019999999997
21
-110.7016160000000013
0
LINE
8
Edge.Cuts
6
CONTINUOUS
10
226.6748019999999997
20
-110.7016160000000013
11
226.6812819999999817
21
-110.6992369999999966
0
LINE
8
Edge.Cuts
6
CONTINUOUS
10
226.6812819999999817
20
-110.6992369999999966
11
226.687753999999984
21
-110.6967749999999882
0
LINE
8
Edge.Cuts
6
CONTINUOUS
10
226.687753999999984
20
-110.6967749999999882
11
226.6942169999999805
21
-110.6942319999999995
0
LINE
8
Edge.Cuts
6
CONTINUOUS
10
226.6942169999999805
20
-110.6942319999999995
11
226.700667999999979
21
-110.6916059999999931
0
LINE
8
Edge.Cuts
6
CONTINUOUS
10
226.700667999999979
20
-110.6916059999999931
11
226.7071090000000027
21
-110.6888989999999922
0
LINE
8
Edge.Cuts
6
CONTINUOUS
10
226.7071090000000027
20
-110.6888989999999922
11
226.7135370000000023
21
-110.6861109999999968
0
LINE
8
Edge.Cuts
6
CONTINUOUS
10
226.7135370000000023
20
-110.6861109999999968
11
226.7199519999999779
21
-110.6832409999999953
0
LINE
8
Edge.Cuts
6
CONTINUOUS
10
226.7199519999999779
20
-110.6832409999999953
11
226.7263519999999914
21
-110.6802899999999994
0
LINE
8
Edge.Cuts
6
CONTINUOUS
10
226.7263519999999914
20
-110.6802899999999994
11
226.732736999999986
21
-110.6772579999999948
0
LINE
8
Edge.Cuts
6
CONTINUOUS
10
226.732736999999986
20
-110.6772579999999948
11
226.7391059999999925
21
-110.6741449999999958
0
LINE
8
Edge.Cuts
6
CONTINUOUS
10
226.7391059999999925
20
-110.6741449999999958
11
226.7454579999999851
21
-110.6709509999999881
0
LINE
8
Edge.Cuts
6
CONTINUOUS
10
226.7454579999999851
20
-110.6709509999999881
11
226.7517909999999972
21
-110.6676779999999951
0
LINE
8
Edge.Cuts
6
CONTINUOUS
10
226.7517909999999972
20
-110.6676779999999951
11
226.7581059999999979
21
-110.6643239999999935
0
LINE
8
Edge.Cuts
6
CONTINUOUS
10
226.7581059999999979
20
-110.6643239999999935
11
226.7643989999999974
21
-110.6608899999999949
0
LINE
8
Edge.Cuts
6
CONTINUOUS
10
226.7643989999999974
20
-110.6608899999999949
11
226.7706719999999905
21
-110.6573769999999968
0
LINE
8
Edge.Cuts
6
CONTINUOUS
10
226.7706719999999905
20
-110.6573769999999968
11
226.7769219999999848
21
-110.6537849999999992
0
LINE
8
Edge.Cuts
6
CONTINUOUS
10
226.7769219999999848
20
-110.6537849999999992
11
226.7831479999999829
21
-110.6501140000000021
0
LINE
8
Edge.Cuts
6
CONTINUOUS
10
226.7831479999999829
20
-110.6501140000000021
11
226.7893499999999847
21
-110.6463649999999888
0
LINE
8
Edge.Cuts
6
CONTINUOUS
10
226.7893499999999847
20
-110.6463649999999888
11
226.7955259999999953
21
-110.6425369999999901
0
LINE
8
Edge.Cuts
6
CONTINUOUS
10
226.7955259999999953
20
-110.6425369999999901
11
226.8016749999999888
21
-110.6386329999999987
0
LINE
8
Edge.Cuts
6
CONTINUOUS
10
226.8016749999999888
20
-110.6386329999999987
11
226.8077969999999937
21
-110.634650999999991
0
LINE
8
Edge.Cuts
6
CONTINUOUS
10
226.8077969999999937
20
-110.634650999999991
11
226.813888999999989
21
-110.6305929999999904
0
LINE
8
Edge.Cuts
6
CONTINUOUS
10
226.813888999999989
20
-110.6305929999999904
11
226.8199520000000007
21
-110.6264579999999995
0
LINE
8
Edge.Cuts
6
CONTINUOUS
10
226.8199520000000007
20
-110.6264579999999995
11
226.8259829999999795
21
-110.622247999999999
0
LINE
8
Edge.Cuts
6
CONTINUOUS
10
226.8259829999999795
20
-110.622247999999999
11
226.8319819999999822
21
-110.6179629999999889
0
LINE
8
Edge.Cuts
6
CONTINUOUS
10
226.8319819999999822
20
-110.6179629999999889
11
226.8379469999999856
21
-110.6136039999999952
0
LINE
8
Edge.Cuts
6
CONTINUOUS
10
226.8379469999999856
20
-110.6136039999999952
11
226.8438779999999895
21
-110.6091709999999892
0
LINE
8
Edge.Cuts
6
CONTINUOUS
10
226.8438779999999895
20
-110.6091709999999892
11
226.849772999999999
21
-110.6046639999999996
0
LINE
8
Edge.Cuts
6
CONTINUOUS
10
226.849772999999999
20
-110.6046639999999996
11
226.8556309999999883
21
-110.6000849999999929
0
LINE
8
Edge.Cuts
6
CONTINUOUS
10
226.8556309999999883
20
-110.6000849999999929
11
226.8614509999999882
21
-110.5954349999999948
0
LINE
8
Edge.Cuts
6
CONTINUOUS
10
226.8614509999999882
20
-110.5954349999999948
11
226.8672320000000013
21
-110.5907119999999964
0
LINE
8
Edge.Cuts
6
CONTINUOUS
10
226.8672320000000013
20
-110.5907119999999964
11
226.8729739999999993
21
-110.5859200000000016
0
LINE
8
Edge.Cuts
6
CONTINUOUS
10
226.8729739999999993
20
-110.5859200000000016
11
226.8786739999999895
21
-110.5810570000000013
0
LINE
8
Edge.Cuts
6
CONTINUOUS
10
226.8786739999999895
20
-110.5810570000000013
11
226.8843310000000031
21
-110.5761259999999879
0
LINE
8
Edge.Cuts
6
CONTINUOUS
10
226.8843310000000031
20
-110.5761259999999879
11
226.8899449999999831
21
-110.5711259999999925
0
LINE
8
Edge.Cuts
6
CONTINUOUS
10
226.8899449999999831
20
-110.5711259999999925
11
226.895514999999989
21
-110.5660589999999956
0
LINE
8
Edge.Cuts
6
CONTINUOUS
10
226.895514999999989
20
-110.5660589999999956
11
226.9010389999999973
21
-110.5609249999999975
0
LINE
8
Edge.Cuts
6
CONTINUOUS
10
226.9010389999999973
20
-110.5609249999999975
11
226.9065159999999821
21
-110.5557249999999954
0
LINE
8
Edge.Cuts
6
CONTINUOUS
10
226.9065159999999821
20
-110.5557249999999954
11
226.9119460000000004
21
-110.5504600000000011
0
LINE
8
Edge.Cuts
6
CONTINUOUS
10
226.9119460000000004
20
-110.5504600000000011
11
226.9146419999999864
21
-110.5478030000000018
0
LINE
8
Edge.Cuts
6
CONTINUOUS
10
226.9146419999999864
20
-110.5478030000000018
11
226.9173260000000028
21
-110.5451300000000003
0
LINE
8
Edge.Cuts
6
CONTINUOUS
10
226.9173260000000028
20
-110.5451300000000003
11
226.9199979999999925
21
-110.5424419999999941
0
LINE
8
Edge.Cuts
6
CONTINUOUS
10
226.9199979999999925
20
-110.5424419999999941
11
226.9226569999999867
21
-110.5397379999999998
0
LINE
8
Edge.Cuts
6
CONTINUOUS
10
226.9226569999999867
20
-110.5397379999999998
11
226.9253039999999828
21
-110.5370179999999891
0
LINE
8
Edge.Cuts
6
CONTINUOUS
10
226.9253039999999828
20
-110.5370179999999891
11
226.9279379999999833
21
-110.5342830000000021
0
LINE
8
Edge.Cuts
6
CONTINUOUS
10
226.9279379999999833
20
-110.5342830000000021
11
226.9305579999999907
21
-110.5315319999999986
0
LINE
8
Edge.Cuts
6
CONTINUOUS
10
226.9305579999999907
20
-110.5315319999999986
11
226.9331659999999999
21
-110.5287659999999903
0
LINE
8
Edge.Cuts
6
CONTINUOUS
10
226.9331659999999999
20
-110.5287659999999903
11
226.9357599999999877
21
-110.5259849999999915
0
LINE
8
Edge.Cuts
6
CONTINUOUS
10
226.9357599999999877
20
-110.5259849999999915
11
226.9383419999999774
21
-110.5231889999999879
0
LINE
8
Edge.Cuts
6
CONTINUOUS
10
226.9383419999999774
20
-110.5231889999999879
11
226.9409089999999765
21
-110.5203779999999938
0
LINE
8
Edge.Cuts
6
CONTINUOUS
10
226.9409089999999765
20
-110.5203779999999938
11
226.94346299999998
21
-110.5175519999999949
0
LINE
8
Edge.Cuts
6
CONTINUOUS
10
226.94346299999998
20
-110.5175519999999949
11
226.9460039999999879
21
-110.5147119999999887
0
LINE
8
Edge.Cuts
6
CONTINUOUS
10
226.9460039999999879
20
-110.5147119999999887
11
226.9485299999999768
21
-110.511856999999992
0
LINE
8
Edge.Cuts
6
CONTINUOUS
10
226.9485299999999768
20
-110.511856999999992
11
226.9510429999999985
21
-110.508987999999988
0
LINE
8
Edge.Cuts
6
CONTINUOUS
10
226.9510429999999985
20
-110.508987999999988
11
226.9535410000000013
21
-110.506102999999996
0
LINE
8
Edge.Cuts
6
CONTINUOUS
10
226.9535410000000013
20
-110.506102999999996
11
226.9560259999999801
21
-110.5032059999999916
0
LINE
8
Edge.Cuts
6
CONTINUOUS
10
226.9560259999999801
20
-110.5032059999999916
11
226.9584959999999967
21
-110.5002929999999992
0
LINE
8
Edge.Cuts
6
CONTINUOUS
10
226.9584959999999967
20
-110.5002929999999992
11
226.9609519999999918
21
-110.497366999999997
0
LINE
8
Edge.Cuts
6
CONTINUOUS
10
226.9609519999999918
20
-110.497366999999997
11
226.9633929999999964
21
-110.4944270000000017
0
LINE
8
Edge.Cuts
6
CONTINUOUS
10
226.9633929999999964
20
-110.4944270000000017
11
226.965818999999982
21
-110.4914739999999966
0
LINE
8
Edge.Cuts
6
CONTINUOUS
10
226.965818999999982
20
-110.4914739999999966
11
226.9682320000000004
21
-110.488506000000001
0
LINE
8
Edge.Cuts
6
CONTINUOUS
10
226.9682320000000004
20
-110.488506000000001
11
226.9706279999999765
21
-110.485525999999993
0
LINE
8
Edge.Cuts
6
CONTINUOUS
10
226.9706279999999765
20
-110.485525999999993
11
226.9730109999999854
21
-110.4825309999999945
0
LINE
8
Edge.Cuts
6
CONTINUOUS
10
226.9730109999999854
20
-110.4825309999999945
11
226.9753779999999779
21
-110.4795239999999978
0
LINE
8
Edge.Cuts
6
CONTINUOUS
10
226.9753779999999779
20
-110.4795239999999978
11
226.9777299999999798
21
-110.4765029999999939
0
LINE
8
Edge.Cuts
6
CONTINUOUS
10
226.9777299999999798
20
-110.4765029999999939
11
226.9800659999999937
21
-110.4734699999999918
0
LINE
8
Edge.Cuts
6
CONTINUOUS
10
226.9800659999999937
20
-110.4734699999999918
11
226.9823879999999861
21
-110.4704229999999967
0
LINE
8
Edge.Cuts
6
CONTINUOUS
10
226.9823879999999861
20
-110.4704229999999967
11
226.9846929999999929
21
-110.4673650000000009
0
LINE
8
Edge.Cuts
6
CONTINUOUS
10
226.9846929999999929
20
-110.4673650000000009
11
226.9869839999999783
21
-110.4642929999999978
0
LINE
8
Edge.Cuts
6
CONTINUOUS
10
226.9869839999999783
20
-110.4642929999999978
11
226.9892579999999782
21
-110.4612089999999966
0
LINE
8
Edge.Cuts
6
CONTINUOUS
10
226.9892579999999782
20
-110.4612089999999966
11
226.9915169999999875
21
-110.4581119999999999
0
LINE
8
Edge.Cuts
6
CONTINUOUS
10
226.9915169999999875
20
-110.4581119999999999
11
226.9937599999999804
21
-110.4550039999999882
0
LINE
8
Edge.Cuts
6
CONTINUOUS
10
226.9937599999999804
20
-110.4550039999999882
11
226.9959869999999853
21
-110.4518829999999951
0
LINE
8
Edge.Cuts
6
CONTINUOUS
10
226.9959869999999853
20
-110.4518829999999951
11
226.9981980000000021
21
-110.4487510000000015
0
LINE
8
Edge.Cuts
6
CONTINUOUS
10
226.9981980000000021
20
-110.4487510000000015
11
227.0003930000000025
21
-110.4456050000000005
0
LINE
8
Edge.Cuts
6
CONTINUOUS
10
227.0003930000000025
20
-110.4456050000000005
11
227.002570999999989
21
-110.4424499999999938
0
LINE
8
Edge.Cuts
6
CONTINUOUS
10
227.002570999999989
20
-110.4424499999999938
11
227.0047339999999849
21
-110.439280999999994
0
LINE
8
Edge.Cuts
6
CONTINUOUS
10
227.0047339999999849
20
-110.439280999999994
11
227.0068789999999979
21
-110.4361029999999886
0
LINE
8
Edge.Cuts
6
CONTINUOUS
10
227.0068789999999979
20
-110.4361029999999886
11
227.0090089999999918
21
-110.4329109999999901
0
LINE
8
Edge.Cuts
6
CONTINUOUS
10
227.0090089999999918
20
-110.4329109999999901
11
227.0111210000000028
21
-110.42971
0
LINE
8
Edge.Cuts
6
CONTINUOUS
10
227.0111210000000028
20
-110.42971
11
227.0132179999999948
21
-110.4264969999999977
0
LINE
8
Edge.Cuts
6
CONTINUOUS
10
227.0132179999999948
20
-110.4264969999999977
11
227.0152970000000039
21
-110.4232739999999922
0
LINE
8
Edge.Cuts
6
CONTINUOUS
10
227.0152970000000039
20
-110.4232739999999922
11
227.0173599999999965
21
-110.420037999999991
0
LINE
8
Edge.Cuts
6
CONTINUOUS
10
227.0173599999999965
20
-110.420037999999991
11
227.0194049999999777
21
-110.4167939999999959
0
LINE
8
Edge.Cuts
6
CONTINUOUS
10
227.0194049999999777
20
-110.4167939999999959
11
227.0214339999999993
21
-110.4135369999999909
0
LINE
8
Edge.Cuts
6
CONTINUOUS
10
227.0214339999999993
20
-110.4135369999999909
11
227.0234439999999836
21
-110.4102709999999945
0
LINE
8
Edge.Cuts
6
CONTINUOUS
10
227.0234439999999836
20
-110.4102709999999945
11
227.0254389999999773
21
-110.4069939999999974
0
LINE
8
Edge.Cuts
6
CONTINUOUS
10
227.0254389999999773
20
-110.4069939999999974
11
227.0274159999999881
21
-110.4037079999999946
0
LINE
8
Edge.Cuts
6
CONTINUOUS
10
227.0274159999999881
20
-110.4037079999999946
11
227.029375999999985
21
-110.4004099999999937
0
LINE
8
Edge.Cuts
6
CONTINUOUS
10
227.029375999999985
20
-110.4004099999999937
11
227.0313179999999988
21
-110.3971039999999988
0
LINE
8
Edge.Cuts
6
CONTINUOUS
10
227.0313179999999988
20
-110.3971039999999988
11
227.0332429999999988
21
-110.3937859999999915
0
LINE
8
Edge.Cuts
6
CONTINUOUS
10
227.0332429999999988
20
-110.3937859999999915
11
227.0351499999999874
21
-110.3904610000000019
0
LINE
8
Edge.Cuts
6
CONTINUOUS
10
227.0351499999999874
20
-110.3904610000000019
11
227.0370399999999904
21
-110.387124
0
LINE
8
Edge.Cuts
6
CONTINUOUS
10
227.0370399999999904
20
-110.387124
11
227.0389109999999846
21
-110.3837800000000016
0
LINE
8
Edge.Cuts
6
CONTINUOUS
10
227.0389109999999846
20
-110.3837800000000016
11
227.0407659999999908
21
-110.3804239999999908
0
LINE
8
Edge.Cuts
6
CONTINUOUS
10
227.0407659999999908
20
-110.3804239999999908
11
227.042601999999988
21
-110.3770619999999951
0
LINE
8
Edge.Cuts
6
CONTINUOUS
10
227.042601999999988
20
-110.3770619999999951
11
227.0444209999999998
21
-110.3736880000000014
0
LINE
8
Edge.Cuts
6
CONTINUOUS
10
227.0444209999999998
20
-110.3736880000000014
11
227.0462210000000027
21
-110.3703069999999968
0
LINE
8
Edge.Cuts
6
CONTINUOUS
10
227.0462210000000027
20
-110.3703069999999968
11
227.0480049999999892
21
-110.3669149999999917
0
LINE
8
Edge.Cuts
6
CONTINUOUS
10
227.0480049999999892
20
-110.3669149999999917
11
227.0497689999999977
21
-110.3635170000000016
0
LINE
8
Edge.Cuts
6
CONTINUOUS
10
227.0497689999999977
20
-110.3635170000000016
11
227.0515159999999923
21
-110.3601079999999968
0
LINE
8
Edge.Cuts
6
CONTINUOUS
10
227.0515159999999923
20
-110.3601079999999968
11
227.0532429999999806
21
-110.3566929999999928
0
LINE
8
Edge.Cuts
6
CONTINUOUS
10
227.0532429999999806
20
-110.3566929999999928
11
227.0549539999999809
21
-110.3532669999999882
0
LINE
8
Edge.Cuts
6
CONTINUOUS
10
227.0549539999999809
20
-110.3532669999999882
11
227.0566450000000032
21
-110.3498359999999963
0
LINE
8
Edge.Cuts
6
CONTINUOUS
10
227.0566450000000032
20
-110.3498359999999963
11
227.0583189999999831
21
-110.3463939999999894
0
LINE
8
Edge.Cuts
6
CONTINUOUS
10
227.0583189999999831
20
-110.3463939999999894
11
227.0599739999999827
21
-110.3429459999999978
0
LINE
8
Edge.Cuts
6
CONTINUOUS
10
227.0599739999999827
20
-110.3429459999999978
11
227.0616109999999992
21
-110.3394879999999887
0
LINE
8
Edge.Cuts
6
CONTINUOUS
10
227.0616109999999992
20
-110.3394879999999887
11
227.063227999999981
21
-110.3360249999999922
0
LINE
8
Edge.Cuts
6
CONTINUOUS
10
227.063227999999981
20
-110.3360249999999922
11
227.0648279999999772
21
-110.3325519999999926
0
LINE
8
Edge.Cuts
6
CONTINUOUS
10
227.0648279999999772
20
-110.3325519999999926
11
227.0664089999999931
21
-110.3290739999999914
0
LINE
8
Edge.Cuts
6
CONTINUOUS
10
227.0664089999999931
20
-110.3290739999999914
11
227.0679719999999975
21
-110.3255849999999896
0
LINE
8
Edge.Cuts
6
CONTINUOUS
10
227.0679719999999975
20
-110.3255849999999896
11
227.0695139999999981
21
-110.3220929999999953
0
LINE
8
Edge.Cuts
6
CONTINUOUS
10
227.0695139999999981
20
-110.3220929999999953
11
227.0710399999999822
21
-110.3185900000000004
0
LINE
8
Edge.Cuts
6
CONTINUOUS
10
227.0710399999999822
20
-110.3185900000000004
11
227.072544999999991
21
-110.3150830000000013
0
LINE
8
Edge.Cuts
6
CONTINUOUS
10
227.072544999999991
20
-110.3150830000000013
11
227.0740329999999858
21
-110.3115659999999991
0
LINE
8
Edge.Cuts
6
CONTINUOUS
10
227.0740329999999858
20
-110.3115659999999991
11
227.0755010000000027
21
-110.3080459999999903
0
LINE
8
Edge.Cuts
6
CONTINUOUS
10
227.0755010000000027
20
-110.3080459999999903
11
227.0769509999999798
21
-110.304514999999995
0
LINE
8
Edge.Cuts
6
CONTINUOUS
10
227.0769509999999798
20
-110.304514999999995
11
227.0783809999999789
21
-110.3009809999999931
0
LINE
8
Edge.Cuts
6
CONTINUOUS
10
227.0783809999999789
20
-110.3009809999999931
11
227.0797929999999951
21
-110.2974379999999996
0
LINE
8
Edge.Cuts
6
CONTINUOUS
10
227.0797929999999951
20
-110.2974379999999996
11
227.0811849999999765
21
-110.2938909999999879
0
LINE
8
Edge.Cuts
6
CONTINUOUS
10
227.0811849999999765
20
-110.2938909999999879
11
227.0825590000000034
21
-110.2903349999999989
0
LINE
8
Edge.Cuts
6
CONTINUOUS
10
227.0825590000000034
20
-110.2903349999999989
11
227.0839129999999955
21
-110.286775999999989
0
LINE
8
Edge.Cuts
6
CONTINUOUS
10
227.0839129999999955
20
-110.286775999999989
11
227.0852479999999787
21
-110.2832080000000019
0
LINE
8
Edge.Cuts
6
CONTINUOUS
10
227.0852479999999787
20
-110.2832080000000019
11
227.0865639999999814
21
-110.2796369999999939
0
LINE
8
Edge.Cuts
6
CONTINUOUS
10
227.0865639999999814
20
-110.2796369999999939
11
227.0878610000000037
21
-110.2760569999999944
0
LINE
8
Edge.Cuts
6
CONTINUOUS
10
227.0878610000000037
20
-110.2760569999999944
11
227.0891379999999913
21
-110.272475
0
LINE
8
Edge.Cuts
6
CONTINUOUS
10
227.0891379999999913
20
-110.272475
11
227.0903969999999958
21
-110.2688829999999882
0
LINE
8
Edge.Cuts
6
CONTINUOUS
10
227.0903969999999958
20
-110.2688829999999882
11
227.0916349999999966
21
-110.2652899999999931
0
LINE
8
Edge.Cuts
6
CONTINUOUS
10
227.0916349999999966
20
-110.2652899999999931
11
227.0928559999999834
21
-110.2616869999999949
0
LINE
8
Edge.Cuts
6
CONTINUOUS
10
227.0928559999999834
20
-110.2616869999999949
11
227.0940549999999973
21
-110.2580829999999992
0
LINE
8
Edge.Cuts
6
CONTINUOUS
10
227.0940549999999973
20
-110.2580829999999992
11
227.0952369999999974
21
-110.2544699999999978
0
LINE
8
Edge.Cuts
6
CONTINUOUS
10
227.0952369999999974
20
-110.2544699999999978
11
227.0963979999999935
21
-110.2508550000000014
0
LINE
8
Edge.Cuts
6
CONTINUOUS
10
227.0963979999999935
20
-110.2508550000000014
11
227.0975409999999783
21
-110.2472319999999968
0
LINE
8
Edge.Cuts
6
CONTINUOUS
10
227.0975409999999783
20
-110.2472319999999968
11
227.0986629999999877
21
-110.2436079999999947
0
LINE
8
Edge.Cuts
6
CONTINUOUS
10
227.0986629999999877
20
-110.2436079999999947
11
227.0997659999999883
21
-110.2399750000000012
0
LINE
8
Edge.Cuts
6
CONTINUOUS
10
227.0997659999999883
20
-110.2399750000000012
11
227.1008499999999799
21
-110.2363409999999959
0
LINE
8
Edge.Cuts
6
CONTINUOUS
10
227.1008499999999799
20
-110.2363409999999959
11
227.1019139999999936
21
-110.2326979999999992
0
LINE
8
Edge.Cuts
6
CONTINUOUS
10
227.1019139999999936
20
-110.2326979999999992
11
227.102958000000001
21
-110.2290549999999882
0
LINE
8
Edge.Cuts
6
CONTINUOUS
10
227.102958000000001
20
-110.2290549999999882
11
227.103983999999997
21
-110.2254039999999975
0
LINE
8
Edge.Cuts
6
CONTINUOUS
10
227.103983999999997
20
-110.2254039999999975
11
227.1049889999999891
21
-110.2217519999999951
0
LINE
8
Edge.Cuts
6
CONTINUOUS
10
227.1049889999999891
20
-110.2217519999999951
11
227.1059750000000008
21
-110.2180919999999986
0
LINE
8
Edge.Cuts
6
CONTINUOUS
10
227.1059750000000008
20
-110.2180919999999986
11
227.1069409999999777
21
-110.2144309999999905
0
LINE
8
Edge.Cuts
6
CONTINUOUS
10
227.1069409999999777
20
-110.2144309999999905
11
227.1078880000000026
21
-110.210763
0
LINE
8
Edge.Cuts
6
CONTINUOUS
10
227.1078880000000026
20
-110.210763
11
227.1088139999999953
21
-110.2070949999999954
0
LINE
8
Edge.Cuts
6
CONTINUOUS
10
227.1088139999999953
20
-110.2070949999999954
11
227.1097219999999766
21
-110.2034189999999967
0
LINE
8
Edge.Cuts
6
CONTINUOUS
10
227.1097219999999766
20
-110.2034189999999967
11
227.1106089999999824
21
-110.1997420000000005
0
LINE
8
Edge.Cuts
6
CONTINUOUS
10
227.1106089999999824
20
-110.1997420000000005
11
227.1114769999999794
21
-110.1960589999999911
0
LINE
8
Edge.Cuts
6
CONTINUOUS
10
227.1114769999999794
20
-110.1960589999999911
11
227.1123249999999985
21
-110.1923749999999984
0
LINE
8
Edge.Cuts
6
CONTINUOUS
10
227.1123249999999985
20
-110.1923749999999984
11
227.1131539999999802
21
-110.188683999999995
0
LINE
8
Edge.Cuts
6
CONTINUOUS
10
227.1131539999999802
20
-110.188683999999995
11
227.1139619999999866
21
-110.184993999999989
0
LINE
8
Edge.Cuts
6
CONTINUOUS
10
227.1139619999999866
20
-110.184993999999989
11
227.1147509999999841
21
-110.181295999999989
0
LINE
8
Edge.Cuts
6
CONTINUOUS
10
227.1147509999999841
20
-110.181295999999989
11
227.1155200000000036
21
-110.177597999999989
0
LINE
8
Edge.Cuts
6
CONTINUOUS
10
227.1155200000000036
20
-110.177597999999989
11
227.1162699999999859
21
-110.17389399999999
0
LINE
8
Edge.Cuts
6
CONTINUOUS
10
227.1162699999999859
20
-110.17389399999999
11
227.1169989999999927
21
-110.170189999999991
0
LINE
8
Edge.Cuts
6
CONTINUOUS
10
227.1169989999999927
20
-110.170189999999991
11
227.1177089999999907
21
-110.1664799999999929
0
LINE
8
Edge.Cuts
6
CONTINUOUS
10
227.1177089999999907
20
-110.1664799999999929
11
227.1183979999999849
21
-110.1627699999999948
0
LINE
8
Edge.Cuts
6
CONTINUOUS
10
227.1183979999999849
20
-110.1627699999999948
11
227.1190689999999961
21
-110.1590530000000001
0
LINE
8
Edge.Cuts
6
CONTINUOUS
10
227.1190689999999961
20
-110.1590530000000001
11
227.1197179999999776
21
-110.1553380000000004
0
LINE
8
Edge.Cuts
6
CONTINUOUS
10
227.1197179999999776
20
-110.1553380000000004
11
227.1203489999999761
21
-110.15161599999999
0
LINE
8
Edge.Cuts
6
CONTINUOUS
10
227.1203489999999761
20
-110.15161599999999
11
227.1209589999999992
21
-110.1478939999999938
0
LINE
8
Edge.Cuts
6
CONTINUOUS
10
227.1209589999999992
20
-110.1478939999999938
11
227.1215499999999849
21
-110.1441669999999959
0
LINE
8
Edge.Cuts
6
CONTINUOUS
10
227.1215499999999849
20
-110.1441669999999959
11
227.1221199999999953
21
-110.1404409999999956
0
LINE
8
Edge.Cuts
6
CONTINUOUS
10
227.1221199999999953
20
-110.1404409999999956
11
227.1226709999999969
21
-110.1367079999999987
0
LINE
8
Edge.Cuts
6
CONTINUOUS
10
227.1226709999999969
20
-110.1367079999999987
11
227.123201999999992
21
-110.1329769999999968
0
LINE
8
Edge.Cuts
6
CONTINUOUS
10
227.123201999999992
20
-110.1329769999999968
11
227.1237129999999809
21
-110.1292389999999983
0
LINE
8
Edge.Cuts
6
CONTINUOUS
10
227.1237129999999809
20
-110.1292389999999983
11
227.1242039999999918
21
-110.1255039999999923
0
LINE
8
Edge.Cuts
6
CONTINUOUS
10
227.1242039999999918
20
-110.1255039999999923
11
227.1246749999999963
21
-110.1217619999999897
0
LINE
8
Edge.Cuts
6
CONTINUOUS
10
227.1246749999999963
20
-110.1217619999999897
11
227.1251259999999945
21
-110.1180219999999963
0
LINE
8
Edge.Cuts
6
CONTINUOUS
10
227.1251259999999945
20
-110.1180219999999963
11
227.1255579999999838
21
-110.1142749999999921
0
LINE
8
Edge.Cuts
6
CONTINUOUS
10
227.1255579999999838
20
-110.1142749999999921
11
227.1259689999999978
21
-110.1105309999999946
0
LINE
8
Edge.Cuts
6
CONTINUOUS
10
227.1259689999999978
20
-110.1105309999999946
11
227.1263599999999769
21
-110.106780999999998
0
LINE
8
Edge.Cuts
6
CONTINUOUS
10
227.1263599999999769
20
-110.106780999999998
11
227.1267319999999756
21
-110.1030329999999964
0
LINE
8
Edge.Cuts
6
CONTINUOUS
10
227.1267319999999756
20
-110.1030329999999964
11
227.1270829999999989
21
-110.0992789999999957
0
LINE
8
Edge.Cuts
6
CONTINUOUS
10
227.1270829999999989
20
-110.0992789999999957
11
227.127414999999985
21
-110.0955269999999899
0
LINE
8
Edge.Cuts
6
CONTINUOUS
10
227.127414999999985
20
-110.0955269999999899
11
227.1277259999999956
21
-110.0917699999999968
0
LINE
8
Edge.Cuts
6
CONTINUOUS
10
227.1277259999999956
20
-110.0917699999999968
11
227.1280179999999973
21
-110.0880149999999986
0
LINE
8
Edge.Cuts
6
CONTINUOUS
10
227.1280179999999973
20
-110.0880149999999986
11
227.1282889999999952
21
-110.0842549999999989
0
LINE
8
Edge.Cuts
6
CONTINUOUS
10
227.1282889999999952
20
-110.0842549999999989
11
227.1285409999999843
21
-110.0804959999999966
0
LINE
8
Edge.Cuts
6
CONTINUOUS
10
227.1285409999999843
20
-110.0804959999999966
11
227.1287729999999954
21
-110.0767329999999902
0
LINE
8
Edge.Cuts
6
CONTINUOUS
10
227.1287729999999954
20
-110.0767329999999902
11
227.1289840000000027
21
-110.0729719999999929
0
LINE
8
Edge.Cuts
6
CONTINUOUS
10
227.1289840000000027
20
-110.0729719999999929
11
227.1291760000000011
21
-110.0692059999999941
0
LINE
8
Edge.Cuts
6
CONTINUOUS
10
227.1291760000000011
20
-110.0692059999999941
11
227.1293469999999957
21
-110.0654419999999902
0
LINE
8
Edge.Cuts
6
CONTINUOUS
10
227.1293469999999957
20
-110.0654419999999902
11
227.1294989999999814
21
-110.061672999999999
0
LINE
8
Edge.Cuts
6
CONTINUOUS
10
227.1294989999999814
20
-110.061672999999999
11
227.1296309999999892
21
-110.0579070000000002
0
LINE
8
Edge.Cuts
6
CONTINUOUS
10
227.1296309999999892
20
-110.0579070000000002
11
227.1297419999999931
21
-110.0541359999999997
0
LINE
8
Edge.Cuts
6
CONTINUOUS
10
227.1297419999999931
20
-110.0541359999999997
11
227.1298339999999882
21
-110.0503669999999943
0
LINE
8
Edge.Cuts
6
CONTINUOUS
10
227.1298339999999882
20
-110.0503669999999943
11
227.1299049999999795
21
-110.0465939999999989
0
LINE
8
Edge.Cuts
6
CONTINUOUS
10
227.1299049999999795
20
-110.0465939999999989
11
227.1299569999999903
21
-110.042823999999996
0
LINE
8
Edge.Cuts
6
CONTINUOUS
10
227.1299569999999903
20
-110.042823999999996
11
227.1299879999999973
21
-110.0390489999999915
0
LINE
8
Edge.Cuts
6
CONTINUOUS
10
227.1299879999999973
20
-110.0390489999999915
11
227.1299999999999955
21
-110.0349999999999966
0
LINE
8
Edge.Cuts
6
CONTINUOUS
10
226.8799999999999955
20
-71.2349999999999994
11
226.8794759999999826
21
-71.2305489999999963
0
LINE
8
Edge.Cuts
6
CONTINUOUS
10
226.8794759999999826
20
-71.2305489999999963
11
226.8789319999999918
21
-71.2261089999999939
0
LINE
8
Edge.Cuts
6
CONTINUOUS
10
226.8789319999999918
20
-71.2261089999999939
11
226.8783699999999897
21
-71.2216799999999921
0
LINE
8
Edge.Cuts
6
CONTINUOUS
10
226.8783699999999897
20
-71.2216799999999921
11
226.8777899999999761
21
-71.217261999999991
0
LINE
8
Edge.Cuts
6
CONTINUOUS
10
226.8777899999999761
20
-71.217261999999991
11
226.8771899999999846
21
-71.2128549999999905
0
LINE
8
Edge.Cuts
6
CONTINUOUS
10
226.8771899999999846
20
-71.2128549999999905
11
226.8765719999999817
21
-71.2084579999999931
0
LINE
8
Edge.Cuts
6
CONTINUOUS
10
226.8765719999999817
20
-71.2084579999999931
11
226.8759349999999984
21
-71.204072999999994
0
LINE
8
Edge.Cuts
6
CONTINUOUS
10
226.8759349999999984
20
-71.204072999999994
11
226.8752789999999777
21
-71.1996979999999979
0
LINE
8
Edge.Cuts
6
CONTINUOUS
10
226.8752789999999777
20
-71.1996979999999979
11
226.8746050000000025
21
-71.1953340000000026
0
LINE
8
Edge.Cuts
6
CONTINUOUS
10
226.8746050000000025
20
-71.1953340000000026
11
226.8739129999999875
21
-71.1909809999999936
0
LINE
8
Edge.Cuts
6
CONTINUOUS
10
226.8739129999999875
20
-71.1909809999999936
11
226.873201999999992
21
-71.1866389999999996
0
LINE
8
Edge.Cuts
6
CONTINUOUS
10
226.873201999999992
20
-71.1866389999999996
11
226.8724719999999877
21
-71.1823079999999919
0
LINE
8
Edge.Cuts
6
CONTINUOUS
10
226.8724719999999877
20
-71.1823079999999919
11
226.8717240000000004
21
-71.1779879999999991
0
LINE
8
Edge.Cuts
6
CONTINUOUS
10
226.8717240000000004
20
-71.1779879999999991
11
226.8709580000000017
21
-71.1736789999999928
0
LINE
8
Edge.Cuts
6
CONTINUOUS
10
226.8709580000000017
20
-71.1736789999999928
11
226.8701729999999941
21
-71.1693810000000013
0
LINE
8
Edge.Cuts
6
CONTINUOUS
10
226.8701729999999941
20
-71.1693810000000013
11
226.8693700000000035
21
-71.1650939999999963
0
LINE
8
Edge.Cuts
6
CONTINUOUS
10
226.8693700000000035
20
-71.1650939999999963
11
226.8685490000000016
21
-71.1608179999999919
0
LINE
8
Edge.Cuts
6
CONTINUOUS
10
226.8685490000000016
20
-71.1608179999999919
11
226.8677089999999907
21
-71.1565530000000024
0
LINE
8
Edge.Cuts
6
CONTINUOUS
10
226.8677089999999907
20
-71.1565530000000024
11
226.8668519999999944
21
-71.1522989999999993
0
LINE
8
Edge.Cuts
6
CONTINUOUS
10
226.8668519999999944
20
-71.1522989999999993
11
226.8659759999999892
21
-71.1480559999999969
0
LINE
8
Edge.Cuts
6
CONTINUOUS
10
226.8659759999999892
20
-71.1480559999999969
11
226.865082000000001
21
-71.1438239999999951
0
LINE
8
Edge.Cuts
6
CONTINUOUS
10
226.865082000000001
20
-71.1438239999999951
11
226.8641700000000014
21
-71.1396029999999939
0
LINE
8
Edge.Cuts
6
CONTINUOUS
10
226.8641700000000014
20
-71.1396029999999939
11
226.8632399999999905
21
-71.1353929999999934
0
LINE
8
Edge.Cuts
6
CONTINUOUS
10
226.8632399999999905
20
-71.1353929999999934
11
226.8622919999999965
21
-71.1311949999999911
0
LINE
8
Edge.Cuts
6
CONTINUOUS
10
226.8622919999999965
20
-71.1311949999999911
11
226.8613259999999912
21
-71.1270069999999919
0
LINE
8
Edge.Cuts
6
CONTINUOUS
10
226.8613259999999912
20
-71.1270069999999919
11
226.8603420000000028
21
-71.1228309999999908
0
LINE
8
Edge.Cuts
6
CONTINUOUS
10
226.8603420000000028
20
-71.1228309999999908
11
226.8593400000000031
21
-71.1186659999999904
0
LINE
8
Edge.Cuts
6
CONTINUOUS
10
226.8593400000000031
20
-71.1186659999999904
11
226.858319999999992
21
-71.1145119999999906
0
LINE
8
Edge.Cuts
6
CONTINUOUS
10
226.858319999999992
20
-71.1145119999999906
11
226.8572819999999979
21
-71.1103689999999915
0
LINE
8
Edge.Cuts
6
CONTINUOUS
10
226.8572819999999979
20
-71.1103689999999915
11
226.8562269999999899
21
-71.106236999999993
0
LINE
8
Edge.Cuts
6
CONTINUOUS
10
226.8562269999999899
20
-71.106236999999993
11
226.8551539999999989
21
-71.1021169999999927
0
LINE
8
Edge.Cuts
6
CONTINUOUS
10
226.8551539999999989
20
-71.1021169999999927
11
226.8540629999999965
21
-71.098007999999993
0
LINE
8
Edge.Cuts
6
CONTINUOUS
10
226.8540629999999965
20
-71.098007999999993
11
226.8529539999999827
21
-71.0939099999999939
0
LINE
8
Edge.Cuts
6
CONTINUOUS
10
226.8529539999999827
20
-71.0939099999999939
11
226.8518279999999834
21
-71.0898229999999955
0
LINE
8
Edge.Cuts
6
CONTINUOUS
10
226.8518279999999834
20
-71.0898229999999955
11
226.8506840000000011
21
-71.0857479999999953
0
LINE
8
Edge.Cuts
6
CONTINUOUS
10
226.8506840000000011
20
-71.0857479999999953
11
226.8495229999999765
21
-71.0816839999999956
0
LINE
8
Edge.Cuts
6
CONTINUOUS
10
226.8495229999999765
20
-71.0816839999999956
11
226.8483439999999973
21
-71.0776309999999967
0
LINE
8
Edge.Cuts
6
CONTINUOUS
10
226.8483439999999973
20
-71.0776309999999967
11
226.8471469999999783
21
-71.0735899999999958
0
LINE
8
Edge.Cuts
6
CONTINUOUS
10
226.8471469999999783
20
-71.0735899999999958
11
226.8459330000000023
21
-71.0695599999999956
0
LINE
8
Edge.Cuts
6
CONTINUOUS
10
226.8459330000000023
20
-71.0695599999999956
11
226.8447019999999839
21
-71.0655409999999961
0
LINE
8
Edge.Cuts
6
CONTINUOUS
10
226.8447019999999839
20
-71.0655409999999961
11
226.8434529999999825
21
-71.0615339999999946
0
LINE
8
Edge.Cuts
6
CONTINUOUS
10
226.8434529999999825
20
-71.0615339999999946
11
226.8421869999999956
21
-71.0575379999999939
0
LINE
8
Edge.Cuts
6
CONTINUOUS
10
226.8421869999999956
20
-71.0575379999999939
11
226.8409029999999973
21
-71.0535529999999937
0
LINE
8
Edge.Cuts
6
CONTINUOUS
10
226.8409029999999973
20
-71.0535529999999937
11
226.8396029999999826
21
-71.0495799999999917
0
LINE
8
Edge.Cuts
6
CONTINUOUS
10
226.8396029999999826
20
-71.0495799999999917
11
226.8382839999999874
21
-71.0456179999999904
0
LINE
8
Edge.Cuts
6
CONTINUOUS
10
226.8382839999999874
20
-71.0456179999999904
11
226.8369489999999757
21
-71.0416680000000014
0
LINE
8
Edge.Cuts
6
CONTINUOUS
10
226.8369489999999757
20
-71.0416680000000014
11
226.8355959999999811
21
-71.0377299999999963
0
LINE
8
Edge.Cuts
6
CONTINUOUS
10
226.8355959999999811
20
-71.0377299999999963
11
226.8342269999999985
21
-71.0338019999999943
0
LINE
8
Edge.Cuts
6
CONTINUOUS
10
226.8342269999999985
20
-71.0338019999999943
11
226.832839999999976
21
-71.0298870000000022
0
LINE
8
Edge.Cuts
6
CONTINUOUS
10
226.832839999999976
20
-71.0298870000000022
11
226.831434999999999
21
-71.0259819999999991
0
LINE
8
Edge.Cuts
6
CONTINUOUS
10
226.831434999999999
20
-71.0259819999999991
11
226.8300139999999772
21
-71.0220899999999915
0
LINE
8
Edge.Cuts
6
CONTINUOUS
10
226.8300139999999772
20
-71.0220899999999915
11
226.8285759999999982
21
-71.0182089999999988
0
LINE
8
Edge.Cuts
6
CONTINUOUS
10
226.8285759999999982
20
-71.0182089999999988
11
226.8271209999999769
21
-71.0143389999999926
0
LINE
8
Edge.Cuts
6
CONTINUOUS
10
226.8271209999999769
20
-71.0143389999999926
11
226.8256489999999985
21
-71.0104809999999986
0
LINE
8
Edge.Cuts
6
CONTINUOUS
10
226.8256489999999985
20
-71.0104809999999986
11
226.8241589999999803
21
-71.0066350000000028
0
LINE
8
Edge.Cuts
6
CONTINUOUS
10
226.8241589999999803
20
-71.0066350000000028
11
226.8226530000000025
21
-71.0027999999999935
0
LINE
8
Edge.Cuts
6
CONTINUOUS
10
226.8226530000000025
20
-71.0027999999999935
11
226.8211299999999824
21
-70.9989769999999965
0
LINE
8
Edge.Cuts
6
CONTINUOUS
10
226.8211299999999824
20
-70.9989769999999965
11
226.8195899999999767
21
-70.9951659999999976
0
LINE
8
Edge.Cuts
6
CONTINUOUS
10
226.8195899999999767
20
-70.9951659999999976
11
226.8180329999999856
21
-70.9913659999999993
0
LINE
8
Edge.Cuts
6
CONTINUOUS
10
226.8180329999999856
20
-70.9913659999999993
11
226.816459999999978
21
-70.9875779999999992
0
LINE
8
Edge.Cuts
6
CONTINUOUS
10
226.816459999999978
20
-70.9875779999999992
11
226.8148699999999849
21
-70.9838009999999997
0
LINE
8
Edge.Cuts
6
CONTINUOUS
10
226.8148699999999849
20
-70.9838009999999997
11
226.8132629999999779
21
-70.9800369999999958
0
LINE
8
Edge.Cuts
6
CONTINUOUS
10
226.8132629999999779
20
-70.9800369999999958
11
226.8116389999999853
21
-70.9762839999999926
0
LINE
8
Edge.Cuts
6
CONTINUOUS
10
226.8116389999999853
20
-70.9762839999999926
11
226.8099979999999789
21
-70.9725430000000017
0
LINE
8
Edge.Cuts
6
CONTINUOUS
10
226.8099979999999789
20
-70.9725430000000017
11
226.8083409999999844
21
-70.9688129999999973
0
LINE
8
Edge.Cuts
6
CONTINUOUS
10
226.8083409999999844
20
-70.9688129999999973
11
226.806666999999976
21
-70.9650960000000026
0
LINE
8
Edge.Cuts
6
CONTINUOUS
10
226.806666999999976
20
-70.9650960000000026
11
226.8049769999999796
21
-70.9613899999999944
0
LINE
8
Edge.Cuts
6
CONTINUOUS
10
226.8049769999999796
20
-70.9613899999999944
11
226.8032699999999977
21
-70.957696999999996
0
LINE
8
Edge.Cuts
6
CONTINUOUS
10
226.8032699999999977
20
-70.957696999999996
11
226.8015469999999993
21
-70.9540140000000008
0
LINE
8
Edge.Cuts
6
CONTINUOUS
10
226.8015469999999993
20
-70.9540140000000008
11
226.7998069999999871
21
-70.9503449999999987
0
LINE
8
Edge.Cuts
6
CONTINUOUS
10
226.7998069999999871
20
-70.9503449999999987
11
226.7980499999999893
21
-70.9466859999999997
0
LINE
8
Edge.Cuts
6
CONTINUOUS
10
226.7980499999999893
20
-70.9466859999999997
11
226.7962770000000035
21
-70.9430399999999963
0
LINE
8
Edge.Cuts
6
CONTINUOUS
10
226.7962770000000035
20
-70.9430399999999963
11
226.7944880000000012
21
-70.9394059999999911
0
LINE
8
Edge.Cuts
6
CONTINUOUS
10
226.7944880000000012
20
-70.9394059999999911
11
226.792681999999985
21
-70.9357830000000007
0
LINE
8
Edge.Cuts
6
CONTINUOUS
10
226.792681999999985
20
-70.9357830000000007
11
226.7908599999999808
21
-70.9321729999999917
0
LINE
8
Edge.Cuts
6
CONTINUOUS
10
226.7908599999999808
20
-70.9321729999999917
11
226.7890219999999886
21
-70.928574999999995
0
LINE
8
Edge.Cuts
6
CONTINUOUS
10
226.7890219999999886
20
-70.928574999999995
11
226.7871669999999824
21
-70.924987999999999
0
LINE
8
Edge.Cuts
6
CONTINUOUS
10
226.7871669999999824
20
-70.924987999999999
11
226.7852959999999882
21
-70.9214139999999986
0
LINE
8
Edge.Cuts
6
CONTINUOUS
10
226.7852959999999882
20
-70.9214139999999986
11
226.7834089999999776
21
-70.9178519999999963
0
LINE
8
Edge.Cuts
6
CONTINUOUS
10
226.7834089999999776
20
-70.9178519999999963
11
226.7815059999999789
21
-70.9143019999999922
0
LINE
8
Edge.Cuts
6
CONTINUOUS
10
226.7815059999999789
20
-70.9143019999999922
11
226.7795859999999948
21
-70.9107630000000029
0
LINE
8
Edge.Cuts
6
CONTINUOUS
10
226.7795859999999948
20
-70.9107630000000029
11
226.7776509999999917
21
-70.9072379999999924
0
LINE
8
Edge.Cuts
6
CONTINUOUS
10
226.7776509999999917
20
-70.9072379999999924
11
226.775699000000003
21
-70.9037239999999969
0
LINE
8
Edge.Cuts
6
CONTINUOUS
10
226.775699000000003
20
-70.9037239999999969
11
226.7737309999999979
21
-70.9002219999999994
0
LINE
8
Edge.Cuts
6
CONTINUOUS
10
226.7737309999999979
20
-70.9002219999999994
11
226.7717469999999764
21
-70.8967329999999976
0
LINE
8
Edge.Cuts
6
CONTINUOUS
10
226.7717469999999764
20
-70.8967329999999976
11
226.7697469999999953
21
-70.8932559999999938
0
LINE
8
Edge.Cuts
6
CONTINUOUS
10
226.7697469999999953
20
-70.8932559999999938
11
226.7677300000000002
21
-70.8897899999999908
0
LINE
8
Edge.Cuts
6
CONTINUOUS
10
226.7677300000000002
20
-70.8897899999999908
11
226.7656979999999862
21
-70.886337999999995
0
LINE
8
Edge.Cuts
6
CONTINUOUS
10
226.7656979999999862
20
-70.886337999999995
11
226.7636499999999842
21
-70.8828969999999998
0
LINE
8
Edge.Cuts
6
CONTINUOUS
10
226.7636499999999842
20
-70.8828969999999998
11
226.7615859999999941
21
-70.8794690000000003
0
LINE
8
Edge.Cuts
6
CONTINUOUS
10
226.7615859999999941
20
-70.8794690000000003
11
226.7595059999999876
21
-70.8760529999999989
0
LINE
8
Edge.Cuts
6
CONTINUOUS
10
226.7595059999999876
20
-70.8760529999999989
11
226.7574109999999905
21
-70.872649999999993
0
LINE
8
Edge.Cuts
6
CONTINUOUS
10
226.7574109999999905
20
-70.872649999999993
11
226.7531709999999805
21
-70.86587999999999
0
LINE
8
Edge.Cuts
6
CONTINUOUS
10
226.7531709999999805
20
-70.86587999999999
11
226.7488689999999849
21
-70.8591600000000028
0
LINE
8
Edge.Cuts
6
CONTINUOUS
10
226.7488689999999849
20
-70.8591600000000028
11
226.7445039999999779
21
-70.8524900000000031
0
LINE
8
Edge.Cuts
6
CONTINUOUS
10
226.7445039999999779
20
-70.8524900000000031
11
226.7400759999999877
21
-70.8458699999999908
0
LINE
8
Edge.Cuts
6
CONTINUOUS
10
226.7400759999999877
20
-70.8458699999999908
11
226.7355849999999862
21
-70.8392999999999944
0
LINE
8
Edge.Cuts
6
CONTINUOUS
10
226.7355849999999862
20
-70.8392999999999944
11
226.731031999999999
21
-70.8327799999999996
0
LINE
8
Edge.Cuts
6
CONTINUOUS
10
226.731031999999999
20
-70.8327799999999996
11
226.7264169999999979
21
-70.8263120000000015
0
LINE
8
Edge.Cuts
6
CONTINUOUS
10
226.7264169999999979
20
-70.8263120000000015
11
226.7217399999999827
21
-70.8198939999999908
0
LINE
8
Edge.Cuts
6
CONTINUOUS
10
226.7217399999999827
20
-70.8198939999999908
11
226.717000999999982
21
-70.8135269999999934
0
LINE
8
Edge.Cuts
6
CONTINUOUS
10
226.717000999999982
20
-70.8135269999999934
11
226.7122009999999932
21
-70.8072109999999952
0
LINE
8
Edge.Cuts
6
CONTINUOUS
10
226.7122009999999932
20
-70.8072109999999952
11
226.7073389999999904
21
-70.8009469999999936
0
LINE
8
Edge.Cuts
6
CONTINUOUS
10
226.7073389999999904
20
-70.8009469999999936
11
226.7024159999999995
21
-70.7947339999999912
0
LINE
8
Edge.Cuts
6
CONTINUOUS
10
226.7024159999999995
20
-70.7947339999999912
11
226.6974329999999895
21
-70.788573999999997
0
LINE
8
Edge.Cuts
6
CONTINUOUS
10
226.6974329999999895
20
-70.788573999999997
11
226.6923889999999915
21
-70.782465000000002
0
LINE
8
Edge.Cuts
6
CONTINUOUS
10
226.6923889999999915
20
-70.782465000000002
11
226.6872839999999769
21
-70.776409000000001
0
LINE
8
Edge.Cuts
6
CONTINUOUS
10
226.6872839999999769
20
-70.776409000000001
11
226.6821190000000001
21
-70.7704059999999942
0
LINE
8
Edge.Cuts
6
CONTINUOUS
10
226.6821190000000001
20
-70.7704059999999942
11
226.6768939999999759
21
-70.7644549999999981
0
LINE
8
Edge.Cuts
6
CONTINUOUS
10
226.6768939999999759
20
-70.7644549999999981
11
226.6716099999999869
21
-70.7585579999999936
0
LINE
8
Edge.Cuts
6
CONTINUOUS
10
226.6716099999999869
20
-70.7585579999999936
11
226.6662649999999815
21
-70.7527139999999974
0
LINE
8
Edge.Cuts
6
CONTINUOUS
10
226.6662649999999815
20
-70.7527139999999974
11
226.6608619999999803
21
-70.7469229999999953
0
LINE
8
Edge.Cuts
6
CONTINUOUS
10
226.6608619999999803
20
-70.7469229999999953
11
226.6553989999999885
21
-70.741185999999999
0
LINE
8
Edge.Cuts
6
CONTINUOUS
10
226.6553989999999885
20
-70.741185999999999
11
226.6498770000000036
21
-70.7355029999999942
0
LINE
8
Edge.Cuts
6
CONTINUOUS
10
226.6498770000000036
20
-70.7355029999999942
11
226.6442969999999946
21
-70.7298749999999927
0
LINE
8
Edge.Cuts
6
CONTINUOUS
10
226.6442969999999946
20
-70.7298749999999927
11
226.6386579999999924
21
-70.724300999999997
0
LINE
8
Edge.Cuts
6
CONTINUOUS
10
226.6386579999999924
20
-70.724300999999997
11
226.6329599999999971
21
-70.7187819999999903
0
LINE
8
Edge.Cuts
6
CONTINUOUS
10
226.6329599999999971
20
-70.7187819999999903
11
226.6272050000000036
21
-70.7133170000000035
0
LINE
8
Edge.Cuts
6
CONTINUOUS
10
226.6272050000000036
20
-70.7133170000000035
11
226.6213909999999885
21
-70.7079090000000008
0
LINE
8
Edge.Cuts
6
CONTINUOUS
10
226.6213909999999885
20
-70.7079090000000008
11
226.6155200000000036
21
-70.7025550000000038
0
LINE
8
Edge.Cuts
6
CONTINUOUS
10
226.6155200000000036
20
-70.7025550000000038
11
226.6095919999999921
21
-70.6972579999999908
0
LINE
8
Edge.Cuts
6
CONTINUOUS
10
226.6095919999999921
20
-70.6972579999999908
11
226.603605999999985
21
-70.6920169999999928
0
LINE
8
Edge.Cuts
6
CONTINUOUS
10
226.603605999999985
20
-70.6920169999999928
11
226.5975629999999796
21
-70.6868319999999954
0
LINE
8
Edge.Cuts
6
CONTINUOUS
10
226.5975629999999796
20
-70.6868319999999954
11
226.591464000000002
21
-70.6817039999999963
0
LINE
8
Edge.Cuts
6
CONTINUOUS
10
226.591464000000002
20
-70.6817039999999963
11
226.5853079999999977
21
-70.6766329999999954
0
LINE
8
Edge.Cuts
6
CONTINUOUS
10
226.5853079999999977
20
-70.6766329999999954
11
226.5790949999999953
21
-70.6716189999999926
0
LINE
8
Edge.Cuts
6
CONTINUOUS
10
226.5790949999999953
20
-70.6716189999999926
11
226.5728269999999895
21
-70.6666629999999998
0
LINE
8
Edge.Cuts
6
CONTINUOUS
10
226.5728269999999895
20
-70.6666629999999998
11
226.5665029999999831
21
-70.6617639999999909
0
LINE
8
Edge.Cuts
6
CONTINUOUS
10
226.5665029999999831
20
-70.6617639999999909
11
226.5601229999999759
21
-70.6569240000000036
0
LINE
8
Edge.Cuts
6
CONTINUOUS
10
226.5601229999999759
20
-70.6569240000000036
11
226.5536869999999965
21
-70.6521419999999978
0
LINE
8
Edge.Cuts
6
CONTINUOUS
10
226.5536869999999965
20
-70.6521419999999978
11
226.5471969999999828
21
-70.6474180000000018
0
LINE
8
Edge.Cuts
6
CONTINUOUS
10
226.5471969999999828
20
-70.6474180000000018
11
226.5406519999999944
21
-70.6427539999999965
0
LINE
8
Edge.Cuts
6
CONTINUOUS
10
226.5406519999999944
20
-70.6427539999999965
11
226.5340520000000026
21
-70.6381489999999985
0
LINE
8
Edge.Cuts
6
CONTINUOUS
10
226.5340520000000026
20
-70.6381489999999985
11
226.5273969999999792
21
-70.6336029999999937
0
LINE
8
Edge.Cuts
6
CONTINUOUS
10
226.5273969999999792
20
-70.6336029999999937
11
226.520688999999976
21
-70.6291179999999912
0
LINE
8
Edge.Cuts
6
CONTINUOUS
10
226.520688999999976
20
-70.6291179999999912
11
226.5139259999999979
21
-70.624691999999996
0
LINE
8
Edge.Cuts
6
CONTINUOUS
10
226.5139259999999979
20
-70.624691999999996
11
226.5071099999999831
21
-70.6203280000000007
0
LINE
8
Edge.Cuts
6
CONTINUOUS
10
226.5071099999999831
20
-70.6203280000000007
11
226.5002409999999884
21
-70.6160239999999959
0
LINE
8
Edge.Cuts
6
CONTINUOUS
10
226.5002409999999884
20
-70.6160239999999959
11
226.4933179999999879
21
-70.6117809999999935
0
LINE
8
Edge.Cuts
6
CONTINUOUS
10
226.4933179999999879
20
-70.6117809999999935
11
226.4863419999999792
21
-70.6075989999999933
0
LINE
8
Edge.Cuts
6
CONTINUOUS
10
226.4863419999999792
20
-70.6075989999999933
11
226.479313999999988
21
-70.6034799999999905
0
LINE
8
Edge.Cuts
6
CONTINUOUS
10
226.479313999999988
20
-70.6034799999999905
11
226.4722339999999861
21
-70.5994219999999899
0
LINE
8
Edge.Cuts
6
CONTINUOUS
10
226.4722339999999861
20
-70.5994219999999899
11
226.4651009999999758
21
-70.5954270000000008
0
LINE
8
Edge.Cuts
6
CONTINUOUS
10
226.4651009999999758
20
-70.5954270000000008
11
226.4579169999999806
21
-70.5914939999999973
0
LINE
8
Edge.Cuts
6
CONTINUOUS
10
226.4579169999999806
20
-70.5914939999999973
11
226.450681000000003
21
-70.5876250000000027
0
LINE
8
Edge.Cuts
6
CONTINUOUS
10
226.450681000000003
20
-70.5876250000000027
11
226.4433939999999836
21
-70.5838189999999912
0
LINE
8
Edge.Cuts
6
CONTINUOUS
10
226.4433939999999836
20
-70.5838189999999912
11
226.4360549999999819
21
-70.5800759999999912
0
LINE
8
Edge.Cuts
6
CONTINUOUS
10
226.4360549999999819
20
-70.5800759999999912
11
226.4286669999999901
21
-70.5763979999999975
0
LINE
8
Edge.Cuts
6
CONTINUOUS
10
226.4286669999999901
20
-70.5763979999999975
11
226.4212279999999851
21
-70.5727839999999986
0
LINE
8
Edge.Cuts
6
CONTINUOUS
10
226.4212279999999851
20
-70.5727839999999986
11
226.4137379999999951
21
-70.5692339999999945
0
LINE
8
Edge.Cuts
6
CONTINUOUS
10
226.4137379999999951
20
-70.5692339999999945
11
226.4061989999999867
21
-70.5657499999999942
0
LINE
8
Edge.Cuts
6
CONTINUOUS
10
226.4061989999999867
20
-70.5657499999999942
11
226.3986109999999883
21
-70.5623300000000029
0
LINE
8
Edge.Cuts
6
CONTINUOUS
10
226.3986109999999883
20
-70.5623300000000029
11
226.3909730000000025
21
-70.5589769999999987
0
LINE
8
Edge.Cuts
6
CONTINUOUS
10
226.3909730000000025
20
-70.5589769999999987
11
226.3832869999999957
21
-70.555689000000001
0
LINE
8
Edge.Cuts
6
CONTINUOUS
10
226.3832869999999957
20
-70.555689000000001
11
226.3755510000000015
21
-70.5524679999999904
0
LINE
8
Edge.Cuts
6
CONTINUOUS
10
226.3755510000000015
20
-70.5524679999999904
11
226.3677679999999839
21
-70.5493129999999979
0
LINE
8
Edge.Cuts
6
CONTINUOUS
10
226.3677679999999839
20
-70.5493129999999979
11
226.3599370000000022
21
-70.5462259999999901
0
LINE
8
Edge.Cuts
6
CONTINUOUS
10
226.3599370000000022
20
-70.5462259999999901
11
226.3520579999999995
21
-70.5432050000000004
0
LINE
8
Edge.Cuts
6
CONTINUOUS
10
226.3520579999999995
20
-70.5432050000000004
11
226.3441320000000019
21
-70.5402519999999953
0
LINE
8
Edge.Cuts
6
CONTINUOUS
10
226.3441320000000019
20
-70.5402519999999953
11
226.3361579999999833
21
-70.5373670000000033
0
LINE
8
Edge.Cuts
6
CONTINUOUS
10
226.3361579999999833
20
-70.5373670000000033
11
226.3281389999999931
21
-70.5345509999999933
0
LINE
8
Edge.Cuts
6
CONTINUOUS
10
226.3281389999999931
20
-70.5345509999999933
11
226.3200729999999794
21
-70.5318029999999965
0
LINE
8
Edge.Cuts
6
CONTINUOUS
10
226.3200729999999794
20
-70.5318029999999965
11
226.3119609999999966
21
-70.5291239999999959
0
LINE
8
Edge.Cuts
6
CONTINUOUS
10
226.3119609999999966
20
-70.5291239999999959
11
226.3038029999999878
21
-70.5265139999999917
0
LINE
8
Edge.Cuts
6
CONTINUOUS
10
226.3038029999999878
20
-70.5265139999999917
11
226.295599999999979
21
-70.5239739999999955
0
LINE
8
Edge.Cuts
6
CONTINUOUS
10
226.295599999999979
20
-70.5239739999999955
11
226.2873519999999985
21
-70.5215029999999956
0
LINE
8
Edge.Cuts
6
CONTINUOUS
10
226.2873519999999985
20
-70.5215029999999956
11
226.279059999999987
21
-70.5191030000000012
0
LINE
8
Edge.Cuts
6
CONTINUOUS
10
226.279059999999987
20
-70.5191030000000012
11
226.2707230000000038
21
-70.5167739999999981
0
LINE
8
Edge.Cuts
6
CONTINUOUS
10
226.2707230000000038
20
-70.5167739999999981
11
226.2623429999999871
21
-70.5145150000000029
0
LINE
8
Edge.Cuts
6
CONTINUOUS
10
226.2623429999999871
20
-70.5145150000000029
11
226.2539189999999962
21
-70.5123269999999991
0
LINE
8
Edge.Cuts
6
CONTINUOUS
10
226.2539189999999962
20
-70.5123269999999991
11
226.2454520000000002
21
-70.5102109999999982
0
LINE
8
Edge.Cuts
6
CONTINUOUS
10
226.2454520000000002
20
-70.5102109999999982
11
226.2369419999999991
21
-70.5081670000000003
0
LINE
8
Edge.Cuts
6
CONTINUOUS
10
226.2369419999999991
20
-70.5081670000000003
11
226.2283899999999903
21
-70.5061949999999911
0
LINE
8
Edge.Cuts
6
CONTINUOUS
10
226.2283899999999903
20
-70.5061949999999911
11
226.2197960000000023
21
-70.5042959999999965
0
LINE
8
Edge.Cuts
6
CONTINUOUS
10
226.2197960000000023
20
-70.5042959999999965
11
226.2111599999999783
21
-70.5024689999999907
0
LINE
8
Edge.Cuts
6
CONTINUOUS
10
226.2111599999999783
20
-70.5024689999999907
11
226.2024830000000009
21
-70.5007159999999971
0
LINE
8
Edge.Cuts
6
CONTINUOUS
10
226.2024830000000009
20
-70.5007159999999971
11
226.1937649999999849
21
-70.4990360000000038
0
LINE
8
Edge.Cuts
6
CONTINUOUS
10
226.1937649999999849
20
-70.4990360000000038
11
226.1850059999999871
21
-70.4974299999999943
0
LINE
8
Edge.Cuts
6
CONTINUOUS
10
226.1850059999999871
20
-70.4974299999999943
11
226.1762080000000026
21
-70.4958979999999968
0
LINE
8
Edge.Cuts
6
CONTINUOUS
10
226.1762080000000026
20
-70.4958979999999968
11
226.1673699999999769
21
-70.4944399999999973
0
LINE
8
Edge.Cuts
6
CONTINUOUS
10
226.1673699999999769
20
-70.4944399999999973
11
226.1584919999999954
21
-70.4930569999999932
0
LINE
8
Edge.Cuts
6
CONTINUOUS
10
226.1584919999999954
20
-70.4930569999999932
11
226.1495759999999962
21
-70.4917489999999987
0
LINE
8
Edge.Cuts
6
CONTINUOUS
10
226.1495759999999962
20
-70.4917489999999987
11
226.1451029999999776
21
-70.4911230000000018
0
LINE
8
Edge.Cuts
6
CONTINUOUS
10
226.1451029999999776
20
-70.4911230000000018
11
226.1406209999999817
21
-70.4905159999999995
0
LINE
8
Edge.Cuts
6
CONTINUOUS
10
226.1406209999999817
20
-70.4905159999999995
11
226.1361289999999826
21
-70.4899279999999919
0
LINE
8
Edge.Cuts
6
CONTINUOUS
10
226.1361289999999826
20
-70.4899279999999919
11
226.1316279999999779
21
-70.4893589999999932
0
LINE
8
Edge.Cuts
6
CONTINUOUS
10
226.1316279999999779
20
-70.4893589999999932
11
226.1271169999999984
21
-70.4888079999999917
0
LINE
8
Edge.Cuts
6
CONTINUOUS
10
226.1271169999999984
20
-70.4888079999999917
11
226.1225969999999847
21
-70.4882769999999965
0
LINE
8
Edge.Cuts
6
CONTINUOUS
10
226.1225969999999847
20
-70.4882769999999965
11
226.1180669999999964
21
-70.487764999999996
0
LINE
8
Edge.Cuts
6
CONTINUOUS
10
226.1180669999999964
20
-70.487764999999996
11
226.1135289999999998
21
-70.4872719999999902
0
LINE
8
Edge.Cuts
6
CONTINUOUS
10
226.1135289999999998
20
-70.4872719999999902
11
226.108981
21
-70.4867979999999932
0
LINE
8
Edge.Cuts
6
CONTINUOUS
10
226.108981
20
-70.4867979999999932
11
226.1044239999999945
21
-70.4863440000000026
0
LINE
8
Edge.Cuts
6
CONTINUOUS
10
226.1044239999999945
20
-70.4863440000000026
11
226.0998579999999833
21
-70.4859079999999949
0
LINE
8
Edge.Cuts
6
CONTINUOUS
10
226.0998579999999833
20
-70.4859079999999949
11
226.0952829999999949
21
-70.4854919999999936
0
LINE
8
Edge.Cuts
6
CONTINUOUS
10
226.0952829999999949
20
-70.4854919999999936
11
226.0895689999999831
21
-70.4849999999999994
0
LINE
8
Edge.Cuts
6
CONTINUOUS
10
226.8799999999999955
20
-71.2349999999999994
11
227.1299999999999955
21
-110.0349999999999966
0
LINE
8
Edge.Cuts
6
CONTINUOUS
10
176.6999999999999886
20
-57.
11
176.6999999999999886
21
-56.2996470000000002
0
LINE
8
Edge.Cuts
6
CONTINUOUS
10
176.6999999999999886
20
-57.
11
176.6999999999999886
21
-57.7003529999999998
0
LINE
8
Edge.Cuts
6
CONTINUOUS
10
178.4000000000000057
20
-55.5
11
177.4996469999999817
21
-55.5
0
LINE
8
Edge.Cuts
6
CONTINUOUS
10
178.4000000000000057
20
-55.5
11
179.3003530000000012
21
-55.5
0
LINE
8
Edge.Cuts
6
CONTINUOUS
10
178.4000000000000057
20
-58.5
11
177.4996469999999817
21
-58.5
0
LINE
8
Edge.Cuts
6
CONTINUOUS
10
178.4000000000000057
20
-58.5
11
179.3003530000000012
21
-58.5
0
LINE
8
Edge.Cuts
6
CONTINUOUS
10
180.0999999999999943
20
-57.
11
180.0999999999999943
21
-56.2996470000000002
0
LINE
8
Edge.Cuts
6
CONTINUOUS
10
180.0999999999999943
20
-57.
11
180.0999999999999943
21
-57.7003529999999998
0
ARC
8
Edge.Cuts
10
176.4000010000000032
20
-56.2996459999999956
40
0.2999988113743119
50
-0.00019099
51
31.39971577
0
ARC
8
Edge.Cuts
10
177.0828419999999994
20
-55.8828419999999966
40
0.4999995671848126
50
-301.39978648
51
-148.60021352
0
ARC
8
Edge.Cuts
10
176.4000010000000032
20
-57.7003539999999973
40
0.2999990000016666
50
-31.39971577
51
0.00019099
0
ARC
8
Edge.Cuts
10
177.0828419999999994
20
-58.1171579999999963
40
0.4999995671848126
50
-211.39978648
51
-58.60021352
0
ARC
8
Edge.Cuts
10
177.4996459999999843
20
-58.7999989999999997
40
0.2999988113743119
50
89.99980901
51
121.39971577
0
ARC
8
Edge.Cuts
10
177.4996459999999843
20
-55.2000010000000003
40
0.2999990000016666
50
-121.39971577
51
-89.99980901
0
ARC
8
Edge.Cuts
10
179.3003499999999804
20
-58.7999999999999972
40
0.300000000015
50
58.59973167
51
89.99942704
0
ARC
8
Edge.Cuts
10
179.3003499999999804
20
-55.1999999999999957
40
0.3000017489632352
50
-89.99942704
51
-58.59973167
0
ARC
8
Edge.Cuts
10
179.7171599999999785
20
-55.8828399999999945
40
0.4999989020997946
50
-31.40010151
51
121.40010151
0
ARC
8
Edge.Cuts
10
180.4000000000000057
20
-56.2996499999999997
40
0.300000000015
50
148.59973167
51
179.99942704
0
ARC
8
Edge.Cuts
10
179.7171579999999835
20
-58.1171579999999963
40
0.4999995671848126
50
-121.39978648
51
31.39978648
0
ARC
8
Edge.Cuts
10
180.4000000000000057
20
-57.7003999999999948
40
0.2999757013176234
50
-180.00897634
51
-148.60788312
0
LINE
8
Edge.Cuts
6
CONTINUOUS
10
184.6500000000000057
20
-57.
11
184.6500000000000057
21
-56.2996470000000002
0
LINE
8
Edge.Cuts
6
CONTINUOUS
10
184.6500000000000057
20
-57.
11
184.6500000000000057
21
-57.7003529999999998
0
LINE
8
Edge.Cuts
6
CONTINUOUS
10
186.3499999999999943
20
-55.5
11
185.4496469999999988
21
-55.5
0
LINE
8
Edge.Cuts
6
CONTINUOUS
10
186.3499999999999943
20
-55.5
11
187.2503529999999898
21
-55.5
0
LINE
8
Edge.Cuts
6
CONTINUOUS
10
186.3499999999999943
20
-58.5
11
185.4496469999999988
21
-58.5
0
LINE
8
Edge.Cuts
6
CONTINUOUS
10
186.3499999999999943
20
-58.5
11
187.2503529999999898
21
-58.5
0
LINE
8
Edge.Cuts
6
CONTINUOUS
10
188.0499999999999829
20
-57.
11
188.0499999999999829
21
-56.2996470000000002
0
LINE
8
Edge.Cuts
6
CONTINUOUS
10
188.0499999999999829
20
-57.
11
188.0499999999999829
21
-57.7003529999999998
0
ARC
8
Edge.Cuts
10
184.3500009999999918
20
-56.2996459999999956
40
0.2999988113743119
50
-0.00019099
51
31.39971577
0
ARC
8
Edge.Cuts
10
185.032841999999988
20
-55.8828419999999966
40
0.4999995671848126
50
-301.39978648
51
-148.60021352
0
ARC
8
Edge.Cuts
10
184.3500009999999918
20
-57.7003539999999973
40
0.2999990000016666
50
-31.39971577
51
0.00019099
0
ARC
8
Edge.Cuts
10
185.032841999999988
20
-58.1171579999999963
40
0.4999995671848126
50
-211.39978648
51
-58.60021352
0
ARC
8
Edge.Cuts
10
185.4496460000000013
20
-58.7999989999999997
40
0.2999988113743119
50
89.99980901
51
121.39971577
0
ARC
8
Edge.Cuts
10
185.4496460000000013
20
-55.2000010000000003
40
0.2999990000016666
50
-121.39971577
51
-89.99980901
0
ARC
8
Edge.Cuts
10
187.2503499999999974
20
-58.7999999999999972
40
0.300000000015
50
58.59973167
51
89.99942704
0
ARC
8
Edge.Cuts
10
187.2503499999999974
20
-55.1999999999999957
40
0.3000017489632352
50
-89.99942704
51
-58.59973167
0
ARC
8
Edge.Cuts
10
187.6671599999999955
20
-55.8828399999999945
40
0.4999989020997946
50
-31.40010151
51
121.40010151
0
ARC
8
Edge.Cuts
10
188.3499999999999943
20
-56.2996499999999997
40
0.300000000015
50
148.59973167
51
179.99942704
0
ARC
8
Edge.Cuts
10
187.6671580000000006
20
-58.1171579999999963
40
0.4999995671848126
50
-121.39978648
51
31.39978648
0
ARC
8
Edge.Cuts
10
188.3499999999999943
20
-57.7003999999999948
40
0.2999757013176234
50
-180.00897634
51
-148.60788312
0
LINE
8
Edge.Cuts
6
CONTINUOUS
10
192.3999999999999773
20
-57.
11
192.3999999999999773
21
-56.2996470000000002
0
LINE
8
Edge.Cuts
6
CONTINUOUS
10
192.3999999999999773
20
-57.
11
192.3999999999999773
21
-57.7003529999999998
0
LINE
8
Edge.Cuts
6
CONTINUOUS
10
194.0999999999999943
20
-55.5
11
193.1996469999999988
21
-55.5
0
LINE
8
Edge.Cuts
6
CONTINUOUS
10
194.0999999999999943
20
-55.5
11
195.0003529999999898
21
-55.5
0
LINE
8
Edge.Cuts
6
CONTINUOUS
10
194.0999999999999943
20
-58.5
11
193.1996469999999988
21
-58.5
0
LINE
8
Edge.Cuts
6
CONTINUOUS
10
194.0999999999999943
20
-58.5
11
195.0003529999999898
21
-58.5
0
LINE
8
Edge.Cuts
6
CONTINUOUS
10
195.7999999999999829
20
-57.
11
195.7999999999999829
21
-56.2996470000000002
0
LINE
8
Edge.Cuts
6
CONTINUOUS
10
195.7999999999999829
20
-57.
11
195.7999999999999829
21
-57.7003529999999998
0
ARC
8
Edge.Cuts
10
192.1000009999999918
20
-56.2996459999999956
40
0.2999988113743119
50
-0.00019099
51
31.39971577
0
ARC
8
Edge.Cuts
10
192.782841999999988
20
-55.8828419999999966
40
0.4999995671848126
50
-301.39978648
51
-148.60021352
0
ARC
8
Edge.Cuts
10
192.1000009999999918
20
-57.7003539999999973
40
0.2999990000016666
50
-31.39971577
51
0.00019099
0
ARC
8
Edge.Cuts
10
192.782841999999988
20
-58.1171579999999963
40
0.4999995671848126
50
-211.39978648
51
-58.60021352
0
ARC
8
Edge.Cuts
10
193.1996460000000013
20
-58.7999989999999997
40
0.2999988113743119
50
89.99980901
51
121.39971577
0
ARC
8
Edge.Cuts
10
193.1996460000000013
20
-55.2000010000000003
40
0.2999990000016666
50
-121.39971577
51
-89.99980901
0
ARC
8
Edge.Cuts
10
195.0003499999999974
20
-58.7999999999999972
40
0.300000000015
50
58.59973167
51
89.99942704
0
ARC
8
Edge.Cuts
10
195.0003499999999974
20
-55.1999999999999957
40
0.3000017489632352
50
-89.99942704
51
-58.59973167
0
ARC
8
Edge.Cuts
10
195.4171599999999955
20
-55.8828399999999945
40
0.4999989020997946
50
-31.40010151
51
121.40010151
0
ARC
8
Edge.Cuts
10
196.0999999999999943
20
-56.2996499999999997
40
0.300000000015
50
148.59973167
51
179.99942704
0
ARC
8
Edge.Cuts
10
195.4171580000000006
20
-58.1171579999999963
40
0.4999995671848126
50
-121.39978648
51
31.39978648
0
ARC
8
Edge.Cuts
10
196.0999999999999943
20
-57.7003999999999948
40
0.2999757013176234
50
-180.00897634
51
-148.60788312
  0
ENDSEC
  0
EOF
