  0
SECTION
  2
HEADER
  9
$ACADVER
  1
AC1024
  9
$ACADMAINTVER
 70
     6
  9
$DWGCODEPAGE
  3
MAC-ROMAN
  9
$INSBASE
 10
0.0
 20
0.0
 30
0.0
  9
$EXTMIN
 10
1.000000000000000E+20
 20
1.000000000000000E+20
 30
1.000000000000000E+20
  9
$EXTMAX
 10
-1.000000000000000E+20
 20
-1.000000000000000E+20
 30
-1.000000000000000E+20
  9
$LIMMIN
 10
0.0
 20
0.0
  9
$LIMMAX
 10
420.0
 20
297.0
  9
$ORTHOMODE
 70
     0
  9
$REGENMODE
 70
     1
  9
$FILLMODE
 70
     1
  9
$QTEXTMODE
 70
     0
  9
$MIRRTEXT
 70
     1
  9
$LTSCALE
 40
1.0
  9
$ATTMODE
 70
     1
  9
$TEXTSIZE
 40
2.5
  9
$TRACEWID
 40
1.0
  9
$TEXTSTYLE
  7
Standard
  9
$CLAYER
  8
0
  9
$CELTYPE
  6
ByLayer
  9
$CECOLOR
 62
   256
  9
$CELTSCALE
 40
1.0
  9
$DISPSILH
 70
     0
  9
$DIMSCALE
 40
1.0
  9
$DIMASZ
 40
2.5
  9
$DIMEXO
 40
0.625
  9
$DIMDLI
 40
3.75
  9
$DIMRND
 40
0.0
  9
$DIMDLE
 40
0.0
  9
$DIMEXE
 40
1.25
  9
$DIMTP
 40
0.0
  9
$DIMTM
 40
0.0
  9
$DIMTXT
 40
2.5
  9
$DIMCEN
 40
2.5
  9
$DIMTSZ
 40
0.0
  9
$DIMTOL
 70
     0
  9
$DIMLIM
 70
     0
  9
$DIMTIH
 70
     0
  9
$DIMTOH
 70
     0
  9
$DIMSE1
 70
     0
  9
$DIMSE2
 70
     0
  9
$DIMTAD
 70
     1
  9
$DIMZIN
 70
     8
  9
$DIMBLK
  1

  9
$DIMASO
 70
     1
  9
$DIMSHO
 70
     1
  9
$DIMPOST
  1

  9
$DIMAPOST
  1

  9
$DIMALT
 70
     0
  9
$DIMALTD
 70
     3
  9
$DIMALTF
 40
0.03937007874016
  9
$DIMLFAC
 40
1.0
  9
$DIMTOFL
 70
     1
  9
$DIMTVP
 40
0.0
  9
$DIMTIX
 70
     0
  9
$DIMSOXD
 70
     0
  9
$DIMSAH
 70
     0
  9
$DIMBLK1
  1

  9
$DIMBLK2
  1

  9
$DIMSTYLE
  2
ISO-25
  9
$DIMCLRD
 70
     0
  9
$DIMCLRE
 70
     0
  9
$DIMCLRT
 70
     0
  9
$DIMTFAC
 40
1.0
  9
$DIMGAP
 40
0.625
  9
$DIMJUST
 70
     0
  9
$DIMSD1
 70
     0
  9
$DIMSD2
 70
     0
  9
$DIMTOLJ
 70
     0
  9
$DIMTZIN
 70
     8
  9
$DIMALTZ
 70
     0
  9
$DIMALTTZ
 70
     0
  9
$DIMUPT
 70
     0
  9
$DIMDEC
 70
     2
  9
$DIMTDEC
 70
     2
  9
$DIMALTU
 70
     2
  9
$DIMALTTD
 70
     3
  9
$DIMTXSTY
  7
Standard
  9
$DIMAUNIT
 70
     0
  9
$DIMADEC
 70
     0
  9
$DIMALTRND
 40
0.0
  9
$DIMAZIN
 70
     0
  9
$DIMDSEP
 70
    44
  9
$DIMATFIT
 70
     3
  9
$DIMFRAC
 70
     0
  9
$DIMLDRBLK
  1

  9
$DIMLUNIT
 70
     2
  9
$DIMLWD
 70
    -2
  9
$DIMLWE
 70
    -2
  9
$DIMTMOVE
 70
     0
  9
$DIMFXL
 40
1.0
  9
$DIMFXLON
 70
     0
  9
$DIMJOGANG
 40
0.7853981633974483
  9
$DIMTFILL
 70
     0
  9
$DIMTFILLCLR
 70
     0
  9
$DIMARCSYM
 70
     0
  9
$DIMLTYPE
  6

  9
$DIMLTEX1
  6

  9
$DIMLTEX2
  6

  9
$DIMTXTDIRECTION
 70
     0
  9
$LUNITS
 70
     2
  9
$LUPREC
 70
     4
  9
$SKETCHINC
 40
1.0
  9
$FILLETRAD
 40
0.0
  9
$AUNITS
 70
     0
  9
$AUPREC
 70
     0
  9
$MENU
  1
.
  9
$ELEVATION
 40
0.0
  9
$PELEVATION
 40
0.0
  9
$THICKNESS
 40
0.0
  9
$LIMCHECK
 70
     0
  9
$CHAMFERA
 40
0.0
  9
$CHAMFERB
 40
0.0
  9
$CHAMFERC
 40
0.0
  9
$CHAMFERD
 40
0.0
  9
$SKPOLY
 70
     0
  9
$TDCREATE
 40
2461272.852796436
  9
$TDUCREATE
 40
2461272.977796436
  9
$TDUPDATE
 40
2461272.852800348
  9
$TDUUPDATE
 40
2461272.977800348
  9
$TDINDWG
 40
0.0000000116
  9
$TDUSRTIMER
 40
0.0000000116
  9
$USRTIMER
 70
     1
  9
$ANGBASE
 50
0.0
  9
$ANGDIR
 70
     0
  9
$PDMODE
 70
     0
  9
$PDSIZE
 40
0.0
  9
$PLINEWID
 40
0.0
  9
$SPLFRAME
 70
     0
  9
$SPLINETYPE
 70
     6
  9
$SPLINESEGS
 70
     8
  9
$HANDSEED
  5
894
  9
$SURFTAB1
 70
     6
  9
$SURFTAB2
 70
     6
  9
$SURFTYPE
 70
     6
  9
$SURFU
 70
     6
  9
$SURFV
 70
     6
  9
$UCSBASE
  2

  9
$UCSNAME
  2

  9
$UCSORG
 10
0.0
 20
0.0
 30
0.0
  9
$UCSXDIR
 10
1.0
 20
0.0
 30
0.0
  9
$UCSYDIR
 10
0.0
 20
1.0
 30
0.0
  9
$UCSORTHOREF
  2

  9
$UCSORTHOVIEW
 70
     0
  9
$UCSORGTOP
 10
0.0
 20
0.0
 30
0.0
  9
$UCSORGBOTTOM
 10
0.0
 20
0.0
 30
0.0
  9
$UCSORGLEFT
 10
0.0
 20
0.0
 30
0.0
  9
$UCSORGRIGHT
 10
0.0
 20
0.0
 30
0.0
  9
$UCSORGFRONT
 10
0.0
 20
0.0
 30
0.0
  9
$UCSORGBACK
 10
0.0
 20
0.0
 30
0.0
  9
$PUCSBASE
  2

  9
$PUCSNAME
  2

  9
$PUCSORG
 10
0.0
 20
0.0
 30
0.0
  9
$PUCSXDIR
 10
1.0
 20
0.0
 30
0.0
  9
$PUCSYDIR
 10
0.0
 20
1.0
 30
0.0
  9
$PUCSORTHOREF
  2

  9
$PUCSORTHOVIEW
 70
     0
  9
$PUCSORGTOP
 10
0.0
 20
0.0
 30
0.0
  9
$PUCSORGBOTTOM
 10
0.0
 20
0.0
 30
0.0
  9
$PUCSORGLEFT
 10
0.0
 20
0.0
 30
0.0
  9
$PUCSORGRIGHT
 10
0.0
 20
0.0
 30
0.0
  9
$PUCSORGFRONT
 10
0.0
 20
0.0
 30
0.0
  9
$PUCSORGBACK
 10
0.0
 20
0.0
 30
0.0
  9
$USERI1
 70
     0
  9
$USERI2
 70
     0
  9
$USERI3
 70
     0
  9
$USERI4
 70
     0
  9
$USERI5
 70
     0
  9
$USERR1
 40
0.0
  9
$USERR2
 40
0.0
  9
$USERR3
 40
0.0
  9
$USERR4
 40
0.0
  9
$USERR5
 40
0.0
  9
$WORLDVIEW
 70
     1
  9
$SHADEDGE
 70
     3
  9
$SHADEDIF
 70
    70
  9
$TILEMODE
 70
     1
  9
$MAXACTVP
 70
    64
  9
$PINSBASE
 10
0.0
 20
0.0
 30
0.0
  9
$PLIMCHECK
 70
     0
  9
$PEXTMIN
 10
1.000000000000000E+20
 20
1.000000000000000E+20
 30
1.000000000000000E+20
  9
$PEXTMAX
 10
-1.000000000000000E+20
 20
-1.000000000000000E+20
 30
-1.000000000000000E+20
  9
$PLIMMIN
 10
0.0
 20
0.0
  9
$PLIMMAX
 10
420.0
 20
297.0
  9
$UNITMODE
 70
     0
  9
$VISRETAIN
 70
     1
  9
$PLINEGEN
 70
     0
  9
$PSLTSCALE
 70
     1
  9
$TREEDEPTH
 70
  3020
  9
$CMLSTYLE
  2
Standard
  9
$CMLJUST
 70
     0
  9
$CMLSCALE
 40
20.0
  9
$PROXYGRAPHICS
 70
     1
  9
$MEASUREMENT
 70
     1
  9
$CELWEIGHT
370
    -1
  9
$ENDCAPS
280
     0
  9
$JOINSTYLE
280
     0
  9
$LWDISPLAY
290
     0
  9
$INSUNITS
 70
     4
  9
$HYPERLINKBASE
  1

  9
$STYLESHEET
  1

  9
$XEDIT
290
     1
  9
$CEPSNTYPE
380
     0
  9
$PSTYLEMODE
290
     1
  9
$FINGERPRINTGUID
  2
{c7d1a610-fbd1-1c4b-845f-c6f882b1dee6}
  9
$VERSIONGUID
  2
{FAEB1C32-E019-11D5-929B-00C0DF256EC4}
  9
$EXTNAMES
290
     1
  9
$PSVPSCALE
 40
0.0
  9
$OLESTARTUP
290
     0
  9
$SORTENTS
280
   127
  9
$INDEXCTL
280
     0
  9
$HIDETEXT
280
     1
  9
$XCLIPFRAME
280
     2
  9
$HALOGAP
280
     0
  9
$OBSCOLOR
 70
   257
  9
$OBSLTYPE
280
     0
  9
$INTERSECTIONDISPLAY
280
     0
  9
$INTERSECTIONCOLOR
 70
   257
  9
$DIMASSOC
280
     2
  9
$PROJECTNAME
  1

  9
$CAMERADISPLAY
290
     0
  9
$LENSLENGTH
 40
50.0
  9
$CAMERAHEIGHT
 40
0.0
  9
$STEPSPERSEC
 40
2.0
  9
$STEPSIZE
 40
6.0
  9
$3DDWFPREC
 40
2.0
  9
$PSOLWIDTH
 40
5.0
  9
$PSOLHEIGHT
 40
80.0
  9
$LOFTANG1
 40
1.570796326794897
  9
$LOFTANG2
 40
1.570796326794897
  9
$LOFTMAG1
 40
0.0
  9
$LOFTMAG2
 40
0.0
  9
$LOFTPARAM
 70
     7
  9
$LOFTNORMALS
280
     1
  9
$LATITUDE
 40
37.795
  9
$LONGITUDE
 40
-122.394
  9
$NORTHDIRECTION
 40
0.0
  9
$TIMEZONE
 70
 -8000
  9
$LIGHTGLYPHDISPLAY
280
     1
  9
$TILEMODELIGHTSYNCH
280
     1
  9
$CMATERIAL
347
44
  9
$SOLIDHIST
280
     0
  9
$SHOWHIST
280
     1
  9
$DWFFRAME
280
     2
  9
$DGNFRAME
280
     2
  9
$REALWORLDSCALE
290
     1
  9
$INTERFERECOLOR
 62
   256
  9
$CSHADOW
280
     0
  9
$SHADOWPLANELOCATION
 40
0.0
  0
ENDSEC
  0
SECTION
  2
CLASSES
  0
CLASS
  1
ACDBDICTIONARYWDFLT
  2
AcDbDictionaryWithDefault
  3
ObjectDBX Classes
 90
        0
 91
        3
280
     0
281
     0
  0
CLASS
  1
VISUALSTYLE
  2
AcDbVisualStyle
  3
ObjectDBX Classes
 90
     4095
 91
        3
280
     0
281
     0
  0
CLASS
  1
MATERIAL
  2
AcDbMaterial
  3
ObjectDBX Classes
 90
     1153
 91
        3
280
     0
281
     0
  0
CLASS
  1
SCALE
  2
AcDbScale
  3
ObjectDBX Classes
 90
     1153
 91
        3
280
     0
281
     0
  0
CLASS
  1
TABLESTYLE
  2
AcDbTableStyle
  3
ObjectDBX Classes
 90
     4095
 91
        3
280
     0
281
     0
  0
CLASS
  1
MLEADERSTYLE
  2
AcDbMLeaderStyle
  3
ACDB_MLEADERSTYLE_CLASS
 90
     4095
 91
        3
280
     0
281
     0
  0
CLASS
  1
SUN
  2
AcDbSun
  3
SCENEOE
 90
     1153
 91
        3
280
     0
281
     0
  0
CLASS
  1
DICTIONARYVAR
  2
AcDbDictionaryVar
  3
ObjectDBX Classes
 90
        0
 91
        3
280
     0
281
     0
  0
CLASS
  1
CELLSTYLEMAP
  2
AcDbCellStyleMap
  3
ObjectDBX Classes
 90
     1152
 91
        3
280
     0
281
     0
  0
ENDSEC
  0
SECTION
  2
TABLES
  0
TABLE
  2
VPORT
  5
8
330
0
100
AcDbSymbolTable
 70
     1
  0
VPORT
  5
29
330
8
100
AcDbSymbolTableRecord
100
AcDbViewportTableRecord
  2
*Active
 70
     0
 10
0.0
 20
0.0
 11
1.0
 21
1.0
 12
344.1869158878504
 22
148.5
 13
0.0
 23
0.0
 14
10.0
 24
10.0
 15
10.0
 25
10.0
 16
0.0
 26
0.0
 36
1.0
 17
0.0
 27
0.0
 37
0.0
 40
297.0
 41
1.972972972850329
 42
50.0
 43
0.0
 44
0.0
 50
0.0
 51
0.0
 71
     0
 72
   100
 73
     1
 74
     3
 75
     0
 76
     0
 77
     0
 78
     0
281
     0
 65
     1
110
0.0
120
0.0
130
0.0
111
1.0
121
0.0
131
0.0
112
0.0
122
1.0
132
0.0
 79
     0
146
0.0
348
2F
 60
     3
 61
     5
292
     1
282
     1
141
0.0
142
0.0
 63
   250
361
5D
  0
ENDTAB
  0
TABLE
  2
LTYPE
  5
5
330
0
100
AcDbSymbolTable
 70
     1
  0
LTYPE
  5
14
330
5
100
AcDbSymbolTableRecord
100
AcDbLinetypeTableRecord
  2
ByBlock
 70
     0
  3

 72
    65
 73
     0
 40
0.0
  0
LTYPE
  5
15
330
5
100
AcDbSymbolTableRecord
100
AcDbLinetypeTableRecord
  2
ByLayer
 70
     0
  3

 72
    65
 73
     0
 40
0.0
  0
LTYPE
  5
16
330
5
100
AcDbSymbolTableRecord
100
AcDbLinetypeTableRecord
  2
Continuous
 70
     0
  3
Solid line
 72
    65
 73
     0
 40
0.0
  0
ENDTAB
  0
TABLE
  2
LAYER
  5
2
330
0
100
AcDbSymbolTable
 70
     6
  0
LAYER
  5
10
330
2
100
AcDbSymbolTableRecord
100
AcDbLayerTableRecord
  2
0
 70
     0
 62
     7
  6
Continuous
370
    -3
390
F
347
46
  0
LAYER
  5
5E
330
2
100
AcDbSymbolTableRecord
100
AcDbLayerTableRecord
  2
User.3
 70
     0
 62
     7
  6
Continuous
370
    -3
390
F
347
46
  0
LAYER
  5
2E0
330
2
100
AcDbSymbolTableRecord
100
AcDbLayerTableRecord
  2
User.2
 70
     0
 62
     7
  6
Continuous
370
    -3
390
F
347
46
  0
LAYER
  5
301
330
2
100
AcDbSymbolTableRecord
100
AcDbLayerTableRecord
  2
Edge.Cuts
 70
     0
 62
     7
  6
Continuous
370
    -3
390
F
347
46
  0
LAYER
  5
5DD
330
2
100
AcDbSymbolTableRecord
100
AcDbLayerTableRecord
  2
Dimensions
 70
     0
 62
     7
  6
Continuous
370
    -3
390
F
347
46
  0
LAYER
  5
5DF
330
2
100
AcDbSymbolTableRecord
100
AcDbLayerTableRecord
  2
Defpoints
 70
     0
 62
     7
  6
Continuous
290
     0
370
    -3
390
F
347
46
  0
ENDTAB
  0
TABLE
  2
STYLE
  5
3
330
0
100
AcDbSymbolTable
 70
     1
  0
STYLE
  5
11
330
3
100
AcDbSymbolTableRecord
100
AcDbTextStyleTableRecord
  2
Standard
 70
     0
 40
0.0
 41
1.0
 50
0.0
 71
     0
 42
2.5
  3
txt
  4

  0
ENDTAB
  0
TABLE
  2
VIEW
  5
6
330
0
100
AcDbSymbolTable
 70
     0
  0
ENDTAB
  0
TABLE
  2
UCS
  5
7
330
0
100
AcDbSymbolTable
 70
     0
  0
ENDTAB
  0
TABLE
  2
APPID
  5
9
330
0
100
AcDbSymbolTable
 70
     1
  0
APPID
  5
12
330
9
100
AcDbSymbolTableRecord
100
AcDbRegAppTableRecord
  2
ACAD
 70
     0
  0
ENDTAB
  0
TABLE
  2
DIMSTYLE
  5
A
330
0
100
AcDbSymbolTable
 70
     1
100
AcDbDimStyleTable
  0
DIMSTYLE
105
27
102
{ACAD_REACTORS
330
5DE
330
5EC
330
5F9
330
609
330
619
330
629
330
639
330
642
330
64B
330
654
330
65D
330
666
330
66F
330
678
330
681
330
68A
330
693
330
69C
330
6A5
330
6AE
330
6B7
330
6C0
330
6C9
330
6D2
330
6DB
330
6E4
330
6ED
330
6F6
330
6FF
330
708
330
711
330
721
330
731
330
73F
330
74F
330
75F
330
76D
330
77D
330
78D
330
79D
330
7AD
330
7BD
330
7CD
330
7DB
330
7EB
330
7F9
330
809
330
819
330
829
330
839
330
849
102
}
330
A
100
AcDbSymbolTableRecord
100
AcDbDimStyleTableRecord
  2
ISO-25
 70
     0
 41
2.5
 42
0.625
 43
3.75
 44
1.25
 73
     0
 74
     0
 77
     1
 78
     8
140
2.5
141
2.5
143
0.03937007874016
147
0.625
171
     3
172
     1
178
     0
271
     2
272
     2
274
     3
278
    44
283
     0
284
     8
340
11
  0
ENDTAB
  0
TABLE
  2
BLOCK_RECORD
  5
1
330
0
100
AcDbSymbolTable
 70
    52
  0
BLOCK_RECORD
  5
1F
330
1
100
AcDbSymbolTableRecord
100
AcDbBlockTableRecord
  2
*Model_Space
340
22
 70
     0
280
     1
281
     0
  0
BLOCK_RECORD
  5
1B
330
1
100
AcDbSymbolTableRecord
100
AcDbBlockTableRecord
  2
*Paper_Space
340
1E
 70
     0
280
     1
281
     0
  0
BLOCK_RECORD
  5
23
330
1
100
AcDbSymbolTableRecord
100
AcDbBlockTableRecord
  2
*Paper_Space0
340
26
 70
     0
280
     1
281
     0
  0
BLOCK_RECORD
  5
5E0
330
1
100
AcDbSymbolTableRecord
100
AcDbBlockTableRecord
  2
*D1
340
0
 70
     0
280
     1
281
     0
  0
BLOCK_RECORD
  5
5ED
330
1
100
AcDbSymbolTableRecord
100
AcDbBlockTableRecord
  2
*D2
340
0
 70
     0
280
     1
281
     0
  0
BLOCK_RECORD
  5
5FA
330
1
100
AcDbSymbolTableRecord
100
AcDbBlockTableRecord
  2
*D3
340
0
 70
     0
280
     1
281
     0
  0
BLOCK_RECORD
  5
60A
330
1
100
AcDbSymbolTableRecord
100
AcDbBlockTableRecord
  2
*D4
340
0
 70
     0
280
     1
281
     0
  0
BLOCK_RECORD
  5
61A
330
1
100
AcDbSymbolTableRecord
100
AcDbBlockTableRecord
  2
*D5
340
0
 70
     0
280
     1
281
     0
  0
BLOCK_RECORD
  5
62A
330
1
100
AcDbSymbolTableRecord
100
AcDbBlockTableRecord
  2
*D6
340
0
 70
     0
280
     1
281
     0
  0
BLOCK_RECORD
  5
63A
330
1
100
AcDbSymbolTableRecord
100
AcDbBlockTableRecord
  2
*D7
340
0
 70
     0
280
     1
281
     0
  0
BLOCK_RECORD
  5
643
330
1
100
AcDbSymbolTableRecord
100
AcDbBlockTableRecord
  2
*D8
340
0
 70
     0
280
     1
281
     0
  0
BLOCK_RECORD
  5
64C
330
1
100
AcDbSymbolTableRecord
100
AcDbBlockTableRecord
  2
*D9
340
0
 70
     0
280
     1
281
     0
  0
BLOCK_RECORD
  5
655
330
1
100
AcDbSymbolTableRecord
100
AcDbBlockTableRecord
  2
*D10
340
0
 70
     0
280
     1
281
     0
  0
BLOCK_RECORD
  5
65E
330
1
100
AcDbSymbolTableRecord
100
AcDbBlockTableRecord
  2
*D11
340
0
 70
     0
280
     1
281
     0
  0
BLOCK_RECORD
  5
667
330
1
100
AcDbSymbolTableRecord
100
AcDbBlockTableRecord
  2
*D12
340
0
 70
     0
280
     1
281
     0
  0
BLOCK_RECORD
  5
670
330
1
100
AcDbSymbolTableRecord
100
AcDbBlockTableRecord
  2
*D13
340
0
 70
     0
280
     1
281
     0
  0
BLOCK_RECORD
  5
679
330
1
100
AcDbSymbolTableRecord
100
AcDbBlockTableRecord
  2
*D14
340
0
 70
     0
280
     1
281
     0
  0
BLOCK_RECORD
  5
682
330
1
100
AcDbSymbolTableRecord
100
AcDbBlockTableRecord
  2
*D15
340
0
 70
     0
280
     1
281
     0
  0
BLOCK_RECORD
  5
68B
330
1
100
AcDbSymbolTableRecord
100
AcDbBlockTableRecord
  2
*D16
340
0
 70
     0
280
     1
281
     0
  0
BLOCK_RECORD
  5
694
330
1
100
AcDbSymbolTableRecord
100
AcDbBlockTableRecord
  2
*D17
340
0
 70
     0
280
     1
281
     0
  0
BLOCK_RECORD
  5
69D
330
1
100
AcDbSymbolTableRecord
100
AcDbBlockTableRecord
  2
*D18
340
0
 70
     0
280
     1
281
     0
  0
BLOCK_RECORD
  5
6A6
330
1
100
AcDbSymbolTableRecord
100
AcDbBlockTableRecord
  2
*D19
340
0
 70
     0
280
     1
281
     0
  0
BLOCK_RECORD
  5
6AF
330
1
100
AcDbSymbolTableRecord
100
AcDbBlockTableRecord
  2
*D20
340
0
 70
     0
280
     1
281
     0
  0
BLOCK_RECORD
  5
6B8
330
1
100
AcDbSymbolTableRecord
100
AcDbBlockTableRecord
  2
*D21
340
0
 70
     0
280
     1
281
     0
  0
BLOCK_RECORD
  5
6C1
330
1
100
AcDbSymbolTableRecord
100
AcDbBlockTableRecord
  2
*D22
340
0
 70
     0
280
     1
281
     0
  0
BLOCK_RECORD
  5
6CA
330
1
100
AcDbSymbolTableRecord
100
AcDbBlockTableRecord
  2
*D23
340
0
 70
     0
280
     1
281
     0
  0
BLOCK_RECORD
  5
6D3
330
1
100
AcDbSymbolTableRecord
100
AcDbBlockTableRecord
  2
*D24
340
0
 70
     0
280
     1
281
     0
  0
BLOCK_RECORD
  5
6DC
330
1
100
AcDbSymbolTableRecord
100
AcDbBlockTableRecord
  2
*D25
340
0
 70
     0
280
     1
281
     0
  0
BLOCK_RECORD
  5
6E5
330
1
100
AcDbSymbolTableRecord
100
AcDbBlockTableRecord
  2
*D26
340
0
 70
     0
280
     1
281
     0
  0
BLOCK_RECORD
  5
6EE
330
1
100
AcDbSymbolTableRecord
100
AcDbBlockTableRecord
  2
*D27
340
0
 70
     0
280
     1
281
     0
  0
BLOCK_RECORD
  5
6F7
330
1
100
AcDbSymbolTableRecord
100
AcDbBlockTableRecord
  2
*D28
340
0
 70
     0
280
     1
281
     0
  0
BLOCK_RECORD
  5
700
330
1
100
AcDbSymbolTableRecord
100
AcDbBlockTableRecord
  2
*D29
340
0
 70
     0
280
     1
281
     0
  0
BLOCK_RECORD
  5
709
330
1
100
AcDbSymbolTableRecord
100
AcDbBlockTableRecord
  2
*D30
340
0
 70
     0
280
     1
281
     0
  0
BLOCK_RECORD
  5
712
330
1
100
AcDbSymbolTableRecord
100
AcDbBlockTableRecord
  2
*D31
340
0
 70
     0
280
     1
281
     0
  0
BLOCK_RECORD
  5
722
330
1
100
AcDbSymbolTableRecord
100
AcDbBlockTableRecord
  2
*D32
340
0
 70
     0
280
     1
281
     0
  0
BLOCK_RECORD
  5
732
330
1
100
AcDbSymbolTableRecord
100
AcDbBlockTableRecord
  2
*D33
340
0
 70
     0
280
     1
281
     0
  0
BLOCK_RECORD
  5
740
330
1
100
AcDbSymbolTableRecord
100
AcDbBlockTableRecord
  2
*D34
340
0
 70
     0
280
     1
281
     0
  0
BLOCK_RECORD
  5
750
330
1
100
AcDbSymbolTableRecord
100
AcDbBlockTableRecord
  2
*D35
340
0
 70
     0
280
     1
281
     0
  0
BLOCK_RECORD
  5
760
330
1
100
AcDbSymbolTableRecord
100
AcDbBlockTableRecord
  2
*D36
340
0
 70
     0
280
     1
281
     0
  0
BLOCK_RECORD
  5
76E
330
1
100
AcDbSymbolTableRecord
100
AcDbBlockTableRecord
  2
*D37
340
0
 70
     0
280
     1
281
     0
  0
BLOCK_RECORD
  5
77E
330
1
100
AcDbSymbolTableRecord
100
AcDbBlockTableRecord
  2
*D38
340
0
 70
     0
280
     1
281
     0
  0
BLOCK_RECORD
  5
78E
330
1
100
AcDbSymbolTableRecord
100
AcDbBlockTableRecord
  2
*D39
340
0
 70
     0
280
     1
281
     0
  0
BLOCK_RECORD
  5
79E
330
1
100
AcDbSymbolTableRecord
100
AcDbBlockTableRecord
  2
*D40
340
0
 70
     0
280
     1
281
     0
  0
BLOCK_RECORD
  5
7AE
330
1
100
AcDbSymbolTableRecord
100
AcDbBlockTableRecord
  2
*D41
340
0
 70
     0
280
     1
281
     0
  0
BLOCK_RECORD
  5
7BE
330
1
100
AcDbSymbolTableRecord
100
AcDbBlockTableRecord
  2
*D42
340
0
 70
     0
280
     1
281
     0
  0
BLOCK_RECORD
  5
7CE
330
1
100
AcDbSymbolTableRecord
100
AcDbBlockTableRecord
  2
*D43
340
0
 70
     0
280
     1
281
     0
  0
BLOCK_RECORD
  5
7DC
330
1
100
AcDbSymbolTableRecord
100
AcDbBlockTableRecord
  2
*D44
340
0
 70
     0
280
     1
281
     0
  0
BLOCK_RECORD
  5
7EC
330
1
100
AcDbSymbolTableRecord
100
AcDbBlockTableRecord
  2
*D45
340
0
 70
     0
280
     1
281
     0
  0
BLOCK_RECORD
  5
7FA
330
1
100
AcDbSymbolTableRecord
100
AcDbBlockTableRecord
  2
*D46
340
0
 70
     0
280
     1
281
     0
  0
BLOCK_RECORD
  5
80A
330
1
100
AcDbSymbolTableRecord
100
AcDbBlockTableRecord
  2
*D47
340
0
 70
     0
280
     1
281
     0
  0
BLOCK_RECORD
  5
81A
330
1
100
AcDbSymbolTableRecord
100
AcDbBlockTableRecord
  2
*D48
340
0
 70
     0
280
     1
281
     0
  0
BLOCK_RECORD
  5
82A
330
1
100
AcDbSymbolTableRecord
100
AcDbBlockTableRecord
  2
*D49
340
0
 70
     0
280
     1
281
     0
  0
BLOCK_RECORD
  5
83A
330
1
100
AcDbSymbolTableRecord
100
AcDbBlockTableRecord
  2
*D50
340
0
 70
     0
280
     1
281
     0
  0
BLOCK_RECORD
  5
84A
330
1
100
AcDbSymbolTableRecord
100
AcDbBlockTableRecord
  2
*D51
340
0
 70
     0
280
     1
281
     0
  0
ENDTAB
  0
ENDSEC
  0
SECTION
  2
BLOCKS
  0
BLOCK
  5
20
330
1F
100
AcDbEntity
  8
0
100
AcDbBlockBegin
  2
*Model_Space
 70
     0
 10
0.0
 20
0.0
 30
0.0
  3
*Model_Space
  1

  0
ENDBLK
  5
21
330
1F
100
AcDbEntity
  8
0
100
AcDbBlockEnd
  0
BLOCK
  5
1C
330
1B
100
AcDbEntity
 67
     1
  8
0
100
AcDbBlockBegin
  2
*Paper_Space
 70
     0
 10
0.0
 20
0.0
 30
0.0
  3
*Paper_Space
  1

  0
ENDBLK
  5
1D
330
1B
100
AcDbEntity
 67
     1
  8
0
100
AcDbBlockEnd
  0
BLOCK
  5
24
330
23
100
AcDbEntity
  8
0
100
AcDbBlockBegin
  2
*Paper_Space0
 70
     0
 10
0.0
 20
0.0
 30
0.0
  3
*Paper_Space0
  1

  0
ENDBLK
  5
25
330
23
100
AcDbEntity
  8
0
100
AcDbBlockEnd
  0
BLOCK
  5
5E1
330
5E0
100
AcDbEntity
  8
0
100
AcDbBlockBegin
  2
*D1
 70
     1
 10
0.0
 20
0.0
 30
0.0
  3
*D1
  1

  0
LINE
  5
5E3
330
5E0
100
AcDbEntity
  8
Dimensions
 62
   140
370
    -2
100
AcDbLine
 10
186.384638355353
 20
-123.0875
 30
0.0
 11
191.4942763961779
 21
-123.0875
 31
0.0
  0
LINE
  5
5E4
330
5E0
100
AcDbEntity
  8
Dimensions
 62
   140
370
    -2
100
AcDbLine
 10
186.384638355353
 20
-168.0875
 30
0.0
 11
191.4942763961779
 21
-168.0875
 31
0.0
  0
LINE
  5
5E5
330
5E0
100
AcDbEntity
  8
Dimensions
 62
   140
370
    -2
100
AcDbLine
 10
190.2750003145281
 20
-125.5260521632996
 30
0.0
 11
190.2750003145281
 21
-165.6489478367003
 31
0.0
  0
SOLID
  5
5E6
330
5E0
100
AcDbEntity
  8
Dimensions
 62
   140
100
AcDbTrace
 10
190.681425675078
 20
-125.5260521632996
 30
0.0
 11
189.8685749539781
 21
-125.5260521632996
 31
0.0
 12
190.2750003145281
 22
-123.0875
 32
0.0
 13
190.2750003145281
 23
-123.0875
 33
0.0
  0
SOLID
  5
5E7
330
5E0
100
AcDbEntity
  8
Dimensions
 62
   140
100
AcDbTrace
 10
189.8685749539781
 20
-165.6489478367003
 30
0.0
 11
190.681425675078
 21
-165.6489478367003
 31
0.0
 12
190.2750003145281
 22
-168.0875
 32
0.0
 13
190.2750003145281
 23
-168.0875
 33
0.0
  0
MTEXT
  5
5E8
330
5E0
100
AcDbEntity
  8
Dimensions
 62
   140
100
AcDbMText
 10
188.4460861920533
 20
-145.5875
 30
0.0
 40
2.438552163299664
 41
0.0
 46
0.0
 71
     5
 72
     1
  1
45
 11
0.0
 21
1.0
 31
0.0
 73
     1
 44
1.0
  0
POINT
  5
5E9
330
5E0
100
AcDbEntity
  8
Defpoints
 62
     0
100
AcDbPoint
 10
185.7750003145281
 20
-123.0875
 30
0.0
  0
POINT
  5
5EA
330
5E0
100
AcDbEntity
  8
Defpoints
 62
     0
100
AcDbPoint
 10
185.7750003145281
 20
-168.0875
 30
0.0
  0
POINT
  5
5EB
330
5E0
100
AcDbEntity
  8
Defpoints
 62
     0
100
AcDbPoint
 10
190.2750003145281
 20
-168.0875
 30
0.0
  0
ENDBLK
  5
5E2
330
5E0
100
AcDbEntity
  8
0
100
AcDbBlockEnd
  0
BLOCK
  5
5EE
330
5ED
100
AcDbEntity
  8
0
100
AcDbBlockBegin
  2
*D2
 70
     1
 10
0.0
 20
0.0
 30
0.0
  3
*D2
  1

  0
LINE
  5
5F0
330
5ED
100
AcDbEntity
  8
Dimensions
 62
   140
370
    -2
100
AcDbLine
 10
218.4450119999999
 20
-122.4778619591751
 30
0.0
 11
218.4450119999999
 21
-119.2682239183502
 31
0.0
  0
LINE
  5
5F1
330
5ED
100
AcDbEntity
  8
Dimensions
 62
   140
370
    -2
100
AcDbLine
 10
244.4450119999999
 20
-122.4778619591751
 30
0.0
 11
244.4450119999999
 21
-119.2682239183502
 31
0.0
  0
LINE
  5
5F2
330
5ED
100
AcDbEntity
  8
Dimensions
 62
   140
370
    -2
100
AcDbLine
 10
220.8835641632996
 20
-120.4875
 30
0.0
 11
242.0064598367003
 21
-120.4875
 31
0.0
  0
SOLID
  5
5F3
330
5ED
100
AcDbEntity
  8
Dimensions
 62
   140
100
AcDbTrace
 10
220.8835641632996
 20
-120.0810746394501
 30
0.0
 11
220.8835641632996
 21
-120.8939253605499
 31
0.0
 12
218.4450119999999
 22
-120.4875
 32
0.0
 13
218.4450119999999
 23
-120.4875
 33
0.0
  0
SOLID
  5
5F4
330
5ED
100
AcDbEntity
  8
Dimensions
 62
   140
100
AcDbTrace
 10
242.0064598367003
 20
-120.8939253605499
 30
0.0
 11
242.0064598367003
 21
-120.0810746394501
 31
0.0
 12
244.4450119999999
 22
-120.4875
 32
0.0
 13
244.4450119999999
 23
-120.4875
 33
0.0
  0
MTEXT
  5
5F5
330
5ED
100
AcDbEntity
  8
Dimensions
 62
   140
100
AcDbMText
 10
231.4450119999999
 20
-118.6585858775252
 30
0.0
 40
2.438552163299664
 41
0.0
 46
0.0
 71
     5
 72
     1
  1
26
 73
     1
 44
1.0
  0
POINT
  5
5F6
330
5ED
100
AcDbEntity
  8
Defpoints
 62
     0
100
AcDbPoint
 10
218.4450119999999
 20
-123.0875
 30
0.0
  0
POINT
  5
5F7
330
5ED
100
AcDbEntity
  8
Defpoints
 62
     0
100
AcDbPoint
 10
244.4450119999999
 20
-123.0875
 30
0.0
  0
POINT
  5
5F8
330
5ED
100
AcDbEntity
  8
Defpoints
 62
     0
100
AcDbPoint
 10
244.4450119999999
 20
-120.4875
 30
0.0
  0
ENDBLK
  5
5EF
330
5ED
100
AcDbEntity
  8
0
100
AcDbBlockEnd
  0
BLOCK
  5
5FB
330
5FA
100
AcDbEntity
  8
0
100
AcDbBlockBegin
  2
*D3
 70
     1
 10
0.0
 20
0.0
 30
0.0
  3
*D3
  1

  0
LINE
  5
5FD
330
5FA
100
AcDbEntity
  8
Dimensions
 62
   140
370
    -2
100
AcDbLine
 10
357.569985
 20
-105.6328679591751
 30
0.0
 11
357.569985
 21
-104.8232299183502
 31
0.0
  0
LINE
  5
5FE
330
5FA
100
AcDbEntity
  8
Dimensions
 62
   140
370
    -2
100
AcDbLine
 10
359.569985
 20
-105.6328679591751
 30
0.0
 11
359.569985
 21
-104.8232299183502
 31
0.0
  0
LINE
  5
5FF
330
5FA
100
AcDbEntity
  8
Dimensions
 62
   140
370
    -2
100
AcDbLine
 10
357.569985
 20
-106.042506
 30
0.0
 11
359.569985
 21
-106.042506
 31
0.0
  0
LINE
  5
600
330
5FA
100
AcDbEntity
  8
Dimensions
 62
   140
370
    -2
100
AcDbLine
 10
355.1314328367004
 20
-106.042506
 30
0.0
 11
352.6928806734007
 21
-106.042506
 31
0.0
  0
LINE
  5
601
330
5FA
100
AcDbEntity
  8
Dimensions
 62
   140
370
    -2
100
AcDbLine
 10
362.0085371632997
 20
-106.042506
 30
0.0
 11
364.4470893265994
 21
-106.042506
 31
0.0
  0
LINE
  5
602
330
5FA
100
AcDbEntity
  8
Dimensions
 62
   140
370
    -2
100
AcDbLine
 10
357.569985
 20
-106.042506
 30
0.0
 11
359.569985
 21
-106.042506
 31
0.0
  0
SOLID
  5
603
330
5FA
100
AcDbEntity
  8
Dimensions
 62
   140
100
AcDbTrace
 10
355.1314328367004
 20
-106.4489313605499
 30
0.0
 11
355.1314328367004
 21
-105.63608063945
 31
0.0
 12
357.569985
 22
-106.042506
 32
0.0
 13
357.569985
 23
-106.042506
 33
0.0
  0
SOLID
  5
604
330
5FA
100
AcDbEntity
  8
Dimensions
 62
   140
100
AcDbTrace
 10
362.0085371632997
 20
-105.63608063945
 30
0.0
 11
362.0085371632997
 21
-106.4489313605499
 31
0.0
 12
359.569985
 22
-106.042506
 32
0.0
 13
359.569985
 23
-106.042506
 33
0.0
  0
MTEXT
  5
605
330
5FA
100
AcDbEntity
  8
Dimensions
 62
   140
100
AcDbMText
 10
358.569985
 20
-104.2135918775252
 30
0.0
 40
2.438552163299664
 41
0.0
 46
0.0
 71
     5
 72
     1
  1
2
 73
     1
 44
1.0
  0
POINT
  5
606
330
5FA
100
AcDbEntity
  8
Defpoints
 62
     0
100
AcDbPoint
 10
357.569985
 20
-106.242506
 30
0.0
  0
POINT
  5
607
330
5FA
100
AcDbEntity
  8
Defpoints
 62
     0
100
AcDbPoint
 10
359.569985
 20
-106.242506
 30
0.0
  0
POINT
  5
608
330
5FA
100
AcDbEntity
  8
Defpoints
 62
     0
100
AcDbPoint
 10
359.569985
 20
-106.042506
 30
0.0
  0
ENDBLK
  5
5FC
330
5FA
100
AcDbEntity
  8
0
100
AcDbBlockEnd
  0
BLOCK
  5
60B
330
60A
100
AcDbEntity
  8
0
100
AcDbBlockBegin
  2
*D4
 70
     1
 10
0.0
 20
0.0
 30
0.0
  3
*D4
  1

  0
LINE
  5
60D
330
60A
100
AcDbEntity
  8
Dimensions
 62
   140
370
    -2
100
AcDbLine
 10
340.85
 20
-106.8521440408249
 30
0.0
 11
340.85
 21
-107.6617820816498
 31
0.0
  0
LINE
  5
60E
330
60A
100
AcDbEntity
  8
Dimensions
 62
   140
370
    -2
100
AcDbLine
 10
338.85
 20
-106.8521440408249
 30
0.0
 11
338.85
 21
-107.6617820816498
 31
0.0
  0
LINE
  5
60F
330
60A
100
AcDbEntity
  8
Dimensions
 62
   140
370
    -2
100
AcDbLine
 10
340.85
 20
-106.442506
 30
0.0
 11
338.85
 21
-106.442506
 31
0.0
  0
LINE
  5
610
330
60A
100
AcDbEntity
  8
Dimensions
 62
   140
370
    -2
100
AcDbLine
 10
343.2885521632997
 20
-106.442506
 30
0.0
 11
345.7271043265994
 21
-106.442506
 31
0.0
  0
LINE
  5
611
330
60A
100
AcDbEntity
  8
Dimensions
 62
   140
370
    -2
100
AcDbLine
 10
336.4114478367003
 20
-106.442506
 30
0.0
 11
333.9728956734007
 21
-106.442506
 31
0.0
  0
LINE
  5
612
330
60A
100
AcDbEntity
  8
Dimensions
 62
   140
370
    -2
100
AcDbLine
 10
340.85
 20
-106.442506
 30
0.0
 11
338.85
 21
-106.442506
 31
0.0
  0
SOLID
  5
613
330
60A
100
AcDbEntity
  8
Dimensions
 62
   140
100
AcDbTrace
 10
343.2885521632997
 20
-106.03608063945
 30
0.0
 11
343.2885521632997
 21
-106.8489313605499
 31
0.0
 12
340.85
 22
-106.442506
 32
0.0
 13
340.85
 23
-106.442506
 33
0.0
  0
SOLID
  5
614
330
60A
100
AcDbEntity
  8
Dimensions
 62
   140
100
AcDbTrace
 10
336.4114478367003
 20
-106.8489313605499
 30
0.0
 11
336.4114478367003
 21
-106.03608063945
 31
0.0
 12
338.85
 22
-106.442506
 32
0.0
 13
338.85
 23
-106.442506
 33
0.0
  0
MTEXT
  5
615
330
60A
100
AcDbEntity
  8
Dimensions
 62
   140
100
AcDbMText
 10
339.85
 20
-104.6135918775252
 30
0.0
 40
2.438552163299664
 41
0.0
 46
0.0
 71
     5
 72
     1
  1
2
 73
     1
 44
1.0
  0
POINT
  5
616
330
60A
100
AcDbEntity
  8
Defpoints
 62
     0
100
AcDbPoint
 10
340.85
 20
-106.242506
 30
0.0
  0
POINT
  5
617
330
60A
100
AcDbEntity
  8
Defpoints
 62
     0
100
AcDbPoint
 10
338.85
 20
-106.242506
 30
0.0
  0
POINT
  5
618
330
60A
100
AcDbEntity
  8
Defpoints
 62
     0
100
AcDbPoint
 10
338.85
 20
-106.442506
 30
0.0
  0
ENDBLK
  5
60C
330
60A
100
AcDbEntity
  8
0
100
AcDbBlockEnd
  0
BLOCK
  5
61B
330
61A
100
AcDbEntity
  8
0
100
AcDbBlockBegin
  2
*D5
 70
     1
 10
0.0
 20
0.0
 30
0.0
  3
*D5
  1

  0
LINE
  5
61D
330
61A
100
AcDbEntity
  8
Dimensions
 62
   140
370
    -2
100
AcDbLine
 10
89.26999299999999
 20
-105.6328599591751
 30
0.0
 11
89.26999299999999
 21
-104.8232219183502
 31
0.0
  0
LINE
  5
61E
330
61A
100
AcDbEntity
  8
Dimensions
 62
   140
370
    -2
100
AcDbLine
 10
91.269993
 20
-105.6328599591751
 30
0.0
 11
91.269993
 21
-104.8232219183502
 31
0.0
  0
LINE
  5
61F
330
61A
100
AcDbEntity
  8
Dimensions
 62
   140
370
    -2
100
AcDbLine
 10
89.26999299999999
 20
-106.042498
 30
0.0
 11
91.269993
 21
-106.042498
 31
0.0
  0
LINE
  5
620
330
61A
100
AcDbEntity
  8
Dimensions
 62
   140
370
    -2
100
AcDbLine
 10
86.83144083670032
 20
-106.042498
 30
0.0
 11
84.39288867340066
 21
-106.042498
 31
0.0
  0
LINE
  5
621
330
61A
100
AcDbEntity
  8
Dimensions
 62
   140
370
    -2
100
AcDbLine
 10
93.70854516329966
 20
-106.042498
 30
0.0
 11
96.14709732659932
 21
-106.042498
 31
0.0
  0
LINE
  5
622
330
61A
100
AcDbEntity
  8
Dimensions
 62
   140
370
    -2
100
AcDbLine
 10
89.26999299999999
 20
-106.042498
 30
0.0
 11
91.269993
 21
-106.042498
 31
0.0
  0
SOLID
  5
623
330
61A
100
AcDbEntity
  8
Dimensions
 62
   140
100
AcDbTrace
 10
86.83144083670032
 20
-106.4489233605499
 30
0.0
 11
86.83144083670032
 21
-105.63607263945
 31
0.0
 12
89.26999299999999
 22
-106.042498
 32
0.0
 13
89.26999299999999
 23
-106.042498
 33
0.0
  0
SOLID
  5
624
330
61A
100
AcDbEntity
  8
Dimensions
 62
   140
100
AcDbTrace
 10
93.70854516329966
 20
-105.63607263945
 30
0.0
 11
93.70854516329966
 21
-106.4489233605499
 31
0.0
 12
91.269993
 22
-106.042498
 32
0.0
 13
91.269993
 23
-106.042498
 33
0.0
  0
MTEXT
  5
625
330
61A
100
AcDbEntity
  8
Dimensions
 62
   140
100
AcDbMText
 10
90.269993
 20
-104.2135838775252
 30
0.0
 40
2.438552163299664
 41
0.0
 46
0.0
 71
     5
 72
     1
  1
2
 73
     1
 44
1.0
  0
POINT
  5
626
330
61A
100
AcDbEntity
  8
Defpoints
 62
     0
100
AcDbPoint
 10
89.26999299999999
 20
-106.242498
 30
0.0
  0
POINT
  5
627
330
61A
100
AcDbEntity
  8
Defpoints
 62
     0
100
AcDbPoint
 10
91.269993
 20
-106.242498
 30
0.0
  0
POINT
  5
628
330
61A
100
AcDbEntity
  8
Defpoints
 62
     0
100
AcDbPoint
 10
91.269993
 20
-106.042498
 30
0.0
  0
ENDBLK
  5
61C
330
61A
100
AcDbEntity
  8
0
100
AcDbBlockEnd
  0
BLOCK
  5
62B
330
62A
100
AcDbEntity
  8
0
100
AcDbBlockBegin
  2
*D6
 70
     1
 10
0.0
 20
0.0
 30
0.0
  3
*D6
  1

  0
LINE
  5
62D
330
62A
100
AcDbEntity
  8
Dimensions
 62
   140
370
    -2
100
AcDbLine
 10
72.53
 20
-106.8521360408249
 30
0.0
 11
72.53
 21
-107.6617740816498
 31
0.0
  0
LINE
  5
62E
330
62A
100
AcDbEntity
  8
Dimensions
 62
   140
370
    -2
100
AcDbLine
 10
70.53
 20
-106.8521360408249
 30
0.0
 11
70.53
 21
-107.6617740816498
 31
0.0
  0
LINE
  5
62F
330
62A
100
AcDbEntity
  8
Dimensions
 62
   140
370
    -2
100
AcDbLine
 10
72.53
 20
-106.442498
 30
0.0
 11
70.53
 21
-106.442498
 31
0.0
  0
LINE
  5
630
330
62A
100
AcDbEntity
  8
Dimensions
 62
   140
370
    -2
100
AcDbLine
 10
74.96855216329966
 20
-106.442498
 30
0.0
 11
77.40710432659932
 21
-106.442498
 31
0.0
  0
LINE
  5
631
330
62A
100
AcDbEntity
  8
Dimensions
 62
   140
370
    -2
100
AcDbLine
 10
68.09144783670034
 20
-106.442498
 30
0.0
 11
65.65289567340068
 21
-106.442498
 31
0.0
  0
LINE
  5
632
330
62A
100
AcDbEntity
  8
Dimensions
 62
   140
370
    -2
100
AcDbLine
 10
72.53
 20
-106.442498
 30
0.0
 11
70.53
 21
-106.442498
 31
0.0
  0
SOLID
  5
633
330
62A
100
AcDbEntity
  8
Dimensions
 62
   140
100
AcDbTrace
 10
74.96855216329966
 20
-106.0360726394501
 30
0.0
 11
74.96855216329966
 21
-106.8489233605499
 31
0.0
 12
72.53
 22
-106.442498
 32
0.0
 13
72.53
 23
-106.442498
 33
0.0
  0
SOLID
  5
634
330
62A
100
AcDbEntity
  8
Dimensions
 62
   140
100
AcDbTrace
 10
68.09144783670034
 20
-106.8489233605499
 30
0.0
 11
68.09144783670034
 21
-106.0360726394501
 31
0.0
 12
70.53
 22
-106.442498
 32
0.0
 13
70.53
 23
-106.442498
 33
0.0
  0
MTEXT
  5
635
330
62A
100
AcDbEntity
  8
Dimensions
 62
   140
100
AcDbMText
 10
71.53
 20
-104.6135838775252
 30
0.0
 40
2.438552163299664
 41
0.0
 46
0.0
 71
     5
 72
     1
  1
2
 73
     1
 44
1.0
  0
POINT
  5
636
330
62A
100
AcDbEntity
  8
Defpoints
 62
     0
100
AcDbPoint
 10
72.53
 20
-106.242498
 30
0.0
  0
POINT
  5
637
330
62A
100
AcDbEntity
  8
Defpoints
 62
     0
100
AcDbPoint
 10
70.53
 20
-106.242498
 30
0.0
  0
POINT
  5
638
330
62A
100
AcDbEntity
  8
Defpoints
 62
     0
100
AcDbPoint
 10
70.53
 20
-106.442498
 30
0.0
  0
ENDBLK
  5
62C
330
62A
100
AcDbEntity
  8
0
100
AcDbBlockEnd
  0
BLOCK
  5
63B
330
63A
100
AcDbEntity
  8
0
100
AcDbBlockBegin
  2
*D7
 70
     1
 10
0.0
 20
0.0
 30
0.0
  3
*D7
  1

  0
LINE
  5
63D
330
63A
100
AcDbEntity
  8
Dimensions
 62
   140
370
    -2
100
AcDbLine
 10
89.26999299999999
 20
-108.6810501632997
 30
0.0
 11
89.26999299999999
 21
-112.1042403674243
 31
0.0
  0
MTEXT
  5
63E
330
63A
100
AcDbEntity
  8
Dimensions
 62
   140
100
AcDbMText
 10
87.20883581435383
 20
-106.617498
 30
0.0
 40
2.438552163299664
 41
0.0
 46
0.0
 71
     5
 72
     1
  1
R0,75
 11
0.0
 21
1.0
 31
0.0
 73
     1
 44
1.0
  0
SOLID
  5
63F
330
63A
100
AcDbEntity
  8
Dimensions
 62
   140
100
AcDbTrace
 10
89.67641836054993
 20
-108.6810501632997
 30
0.0
 11
88.86356763945004
 21
-108.6810501632997
 31
0.0
 12
89.26999299999999
 22
-106.242498
 32
0.0
 13
89.26999299999999
 23
-106.242498
 33
0.0
  0
POINT
  5
640
330
63A
100
AcDbEntity
  8
Defpoints
 62
     0
100
AcDbPoint
 10
89.26999299999999
 20
-106.242498
 30
0.0
  0
POINT
  5
641
330
63A
100
AcDbEntity
  8
Defpoints
 62
     0
100
AcDbPoint
 10
89.26999299999999
 20
-106.992498
 30
0.0
  0
ENDBLK
  5
63C
330
63A
100
AcDbEntity
  8
0
100
AcDbBlockEnd
  0
BLOCK
  5
644
330
643
100
AcDbEntity
  8
0
100
AcDbBlockBegin
  2
*D8
 70
     1
 10
0.0
 20
0.0
 30
0.0
  3
*D8
  1

  0
LINE
  5
646
330
643
100
AcDbEntity
  8
Dimensions
 62
   140
370
    -2
100
AcDbLine
 10
87.58144083670034
 20
-109.0125
 30
0.0
 11
74.1694039385522
 21
-109.0125
 31
0.0
  0
MTEXT
  5
647
330
643
100
AcDbEntity
  8
Dimensions
 62
   140
100
AcDbMText
 10
79.65614630597643
 20
-106.9513428143538
 30
0.0
 40
2.438552163299664
 41
0.0
 46
0.0
 71
     5
 72
     1
  1
R0,75
 73
     1
 44
1.0
  0
SOLID
  5
648
330
643
100
AcDbEntity
  8
Dimensions
 62
   140
100
AcDbTrace
 10
87.58144083670034
 20
-109.4189253605499
 30
0.0
 11
87.58144083670034
 21
-108.60607463945
 31
0.0
 12
90.019993
 22
-109.0125
 32
0.0
 13
90.019993
 23
-109.0125
 33
0.0
  0
POINT
  5
649
330
643
100
AcDbEntity
  8
Defpoints
 62
     0
100
AcDbPoint
 10
90.019993
 20
-109.0125
 30
0.0
  0
POINT
  5
64A
330
643
100
AcDbEntity
  8
Defpoints
 62
     0
100
AcDbPoint
 10
89.26999299999999
 20
-109.0125
 30
0.0
  0
ENDBLK
  5
645
330
643
100
AcDbEntity
  8
0
100
AcDbBlockEnd
  0
BLOCK
  5
64D
330
64C
100
AcDbEntity
  8
0
100
AcDbBlockBegin
  2
*D9
 70
     1
 10
0.0
 20
0.0
 30
0.0
  3
*D9
  1

  0
LINE
  5
64F
330
64C
100
AcDbEntity
  8
Dimensions
 62
   140
370
    -2
100
AcDbLine
 10
72.53
 20
-107.3239478367003
 30
0.0
 11
72.53
 21
-103.9007576325757
 31
0.0
  0
MTEXT
  5
650
330
64C
100
AcDbEntity
  8
Dimensions
 62
   140
100
AcDbMText
 10
74.59115718564615
 20
-109.3875
 30
0.0
 40
2.438552163299664
 41
0.0
 46
0.0
 71
     5
 72
     1
  1
R0,75
 11
0.0
 21
-1.0
 31
0.0
 73
     1
 44
1.0
  0
SOLID
  5
651
330
64C
100
AcDbEntity
  8
Dimensions
 62
   140
100
AcDbTrace
 10
72.12357463945006
 20
-107.3239478367003
 30
0.0
 11
72.93642536054995
 21
-107.3239478367003
 31
0.0
 12
72.53
 22
-109.7625
 32
0.0
 13
72.53
 23
-109.7625
 33
0.0
  0
POINT
  5
652
330
64C
100
AcDbEntity
  8
Defpoints
 62
     0
100
AcDbPoint
 10
72.53
 20
-109.7625
 30
0.0
  0
POINT
  5
653
330
64C
100
AcDbEntity
  8
Defpoints
 62
     0
100
AcDbPoint
 10
72.53
 20
-109.0125
 30
0.0
  0
ENDBLK
  5
64E
330
64C
100
AcDbEntity
  8
0
100
AcDbBlockEnd
  0
BLOCK
  5
656
330
655
100
AcDbEntity
  8
0
100
AcDbBlockBegin
  2
*D10
 70
     1
 10
0.0
 20
0.0
 30
0.0
  3
*D10
  1

  0
LINE
  5
658
330
655
100
AcDbEntity
  8
Dimensions
 62
   140
370
    -2
100
AcDbLine
 10
74.21855216329966
 20
-106.992498
 30
0.0
 11
77.64174236742424
 21
-106.992498
 31
0.0
  0
MTEXT
  5
659
330
655
100
AcDbEntity
  8
Dimensions
 62
   140
100
AcDbMText
 10
72.155
 20
-104.9313408143539
 30
0.0
 40
2.438552163299664
 41
0.0
 46
0.0
 71
     5
 72
     1
  1
R0,75
 73
     1
 44
1.0
  0
SOLID
  5
65A
330
655
100
AcDbEntity
  8
Dimensions
 62
   140
100
AcDbTrace
 10
74.21855216329966
 20
-106.5860726394501
 30
0.0
 11
74.21855216329966
 21
-107.39892336055
 31
0.0
 12
71.78
 22
-106.992498
 32
0.0
 13
71.78
 23
-106.992498
 33
0.0
  0
POINT
  5
65B
330
655
100
AcDbEntity
  8
Defpoints
 62
     0
100
AcDbPoint
 10
71.78
 20
-106.992498
 30
0.0
  0
POINT
  5
65C
330
655
100
AcDbEntity
  8
Defpoints
 62
     0
100
AcDbPoint
 10
72.53
 20
-106.992498
 30
0.0
  0
ENDBLK
  5
657
330
655
100
AcDbEntity
  8
0
100
AcDbBlockEnd
  0
BLOCK
  5
65F
330
65E
100
AcDbEntity
  8
0
100
AcDbBlockBegin
  2
*D11
 70
     1
 10
0.0
 20
0.0
 30
0.0
  3
*D11
  1

  0
LINE
  5
661
330
65E
100
AcDbEntity
  8
Dimensions
 62
   140
370
    -2
100
AcDbLine
 10
340.85
 20
-107.3239488367003
 30
0.0
 11
340.85
 21
-103.9007586325757
 31
0.0
  0
MTEXT
  5
662
330
65E
100
AcDbEntity
  8
Dimensions
 62
   140
100
AcDbMText
 10
342.9111571856462
 20
-109.387501
 30
0.0
 40
2.438552163299664
 41
0.0
 46
0.0
 71
     5
 72
     1
  1
R0,75
 11
0.0
 21
-1.0
 31
0.0
 73
     1
 44
1.0
  0
SOLID
  5
663
330
65E
100
AcDbEntity
  8
Dimensions
 62
   140
100
AcDbTrace
 10
340.4435746394501
 20
-107.3239488367003
 30
0.0
 11
341.2564253605499
 21
-107.3239488367003
 31
0.0
 12
340.85
 22
-109.762501
 32
0.0
 13
340.85
 23
-109.762501
 33
0.0
  0
POINT
  5
664
330
65E
100
AcDbEntity
  8
Defpoints
 62
     0
100
AcDbPoint
 10
340.85
 20
-109.762501
 30
0.0
  0
POINT
  5
665
330
65E
100
AcDbEntity
  8
Defpoints
 62
     0
100
AcDbPoint
 10
340.85
 20
-109.012501
 30
0.0
  0
ENDBLK
  5
660
330
65E
100
AcDbEntity
  8
0
100
AcDbBlockEnd
  0
BLOCK
  5
668
330
667
100
AcDbEntity
  8
0
100
AcDbBlockBegin
  2
*D12
 70
     1
 10
0.0
 20
0.0
 30
0.0
  3
*D12
  1

  0
LINE
  5
66A
330
667
100
AcDbEntity
  8
Dimensions
 62
   140
370
    -2
100
AcDbLine
 10
342.5385521632997
 20
-106.992506
 30
0.0
 11
345.9617423674243
 21
-106.992506
 31
0.0
  0
MTEXT
  5
66B
330
667
100
AcDbEntity
  8
Dimensions
 62
   140
100
AcDbMText
 10
340.475
 20
-104.9313488143539
 30
0.0
 40
2.438552163299664
 41
0.0
 46
0.0
 71
     5
 72
     1
  1
R0,75
 73
     1
 44
1.0
  0
SOLID
  5
66C
330
667
100
AcDbEntity
  8
Dimensions
 62
   140
100
AcDbTrace
 10
342.5385521632997
 20
-106.5860806394501
 30
0.0
 11
342.5385521632997
 21
-107.39893136055
 31
0.0
 12
340.1
 22
-106.992506
 32
0.0
 13
340.1
 23
-106.992506
 33
0.0
  0
POINT
  5
66D
330
667
100
AcDbEntity
  8
Defpoints
 62
     0
100
AcDbPoint
 10
340.1
 20
-106.992506
 30
0.0
  0
POINT
  5
66E
330
667
100
AcDbEntity
  8
Defpoints
 62
     0
100
AcDbPoint
 10
340.85
 20
-106.992506
 30
0.0
  0
ENDBLK
  5
669
330
667
100
AcDbEntity
  8
0
100
AcDbBlockEnd
  0
BLOCK
  5
671
330
670
100
AcDbEntity
  8
0
100
AcDbBlockBegin
  2
*D13
 70
     1
 10
0.0
 20
0.0
 30
0.0
  3
*D13
  1

  0
LINE
  5
673
330
670
100
AcDbEntity
  8
Dimensions
 62
   140
370
    -2
100
AcDbLine
 10
357.5699850000003
 20
-108.6810581632997
 30
0.0
 11
357.5699850000008
 21
-112.1042483674242
 31
0.0
  0
MTEXT
  5
674
330
670
100
AcDbEntity
  8
Dimensions
 62
   140
100
AcDbMText
 10
359.6311421856461
 20
-106.6175059999997
 30
0.0
 40
2.438552163299664
 41
0.0
 46
0.0
 71
     5
 72
     1
  1
R0,75
 11
1.515824502954967E-13
 21
-1.0
 31
0.0
 73
     1
 44
1.0
  0
SOLID
  5
675
330
670
100
AcDbEntity
  8
Dimensions
 62
   140
100
AcDbTrace
 10
357.9764103605502
 20
-108.6810581632996
 30
0.0
 11
357.1635596394504
 21
-108.6810581632997
 31
0.0
 12
357.5699849999999
 22
-106.242506
 32
0.0
 13
357.5699849999999
 23
-106.242506
 33
0.0
  0
POINT
  5
676
330
670
100
AcDbEntity
  8
Defpoints
 62
     0
100
AcDbPoint
 10
357.5699849999999
 20
-106.242506
 30
0.0
  0
POINT
  5
677
330
670
100
AcDbEntity
  8
Defpoints
 62
     0
100
AcDbPoint
 10
357.569985
 20
-106.992506
 30
0.0
  0
ENDBLK
  5
672
330
670
100
AcDbEntity
  8
0
100
AcDbBlockEnd
  0
BLOCK
  5
67A
330
679
100
AcDbEntity
  8
0
100
AcDbBlockBegin
  2
*D14
 70
     1
 10
0.0
 20
0.0
 30
0.0
  3
*D14
  1

  0
LINE
  5
67C
330
679
100
AcDbEntity
  8
Dimensions
 62
   140
370
    -2
100
AcDbLine
 10
355.8814328367002
 20
-109.0125010000002
 30
0.0
 11
342.4693959385521
 21
-109.012501000002
 31
0.0
  0
MTEXT
  5
67D
330
679
100
AcDbEntity
  8
Dimensions
 62
   140
100
AcDbMText
 10
347.956138305976
 20
-106.9513438143551
 30
0.0
 40
2.438552163299664
 41
0.0
 46
0.0
 71
     5
 72
     1
  1
R0,75
 73
     1
 44
1.0
  0
SOLID
  5
67E
330
679
100
AcDbEntity
  8
Dimensions
 62
   140
100
AcDbTrace
 10
355.8814328367003
 20
-109.4189263605501
 30
0.0
 11
355.8814328367002
 21
-108.6060756394503
 31
0.0
 12
358.3199849999999
 22
-109.0125009999999
 32
0.0
 13
358.3199849999999
 23
-109.0125009999999
 33
0.0
  0
POINT
  5
67F
330
679
100
AcDbEntity
  8
Defpoints
 62
     0
100
AcDbPoint
 10
358.3199849999999
 20
-109.0125009999999
 30
0.0
  0
POINT
  5
680
330
679
100
AcDbEntity
  8
Defpoints
 62
     0
100
AcDbPoint
 10
357.569985
 20
-109.012501
 30
0.0
  0
ENDBLK
  5
67B
330
679
100
AcDbEntity
  8
0
100
AcDbBlockEnd
  0
BLOCK
  5
683
330
682
100
AcDbEntity
  8
0
100
AcDbBlockBegin
  2
*D15
 70
     1
 10
0.0
 20
0.0
 30
0.0
  3
*D15
  1

  0
LINE
  5
685
330
682
100
AcDbEntity
  8
Dimensions
 62
   140
370
    -2
100
AcDbLine
 10
88.94144783670033
 20
-119.9525
 30
0.0
 11
77.96796310185184
 21
-119.9525
 31
0.0
  0
MTEXT
  5
686
330
682
100
AcDbEntity
  8
Dimensions
 62
   140
100
AcDbMText
 10
82.23542938762625
 20
-117.8913428143538
 30
0.0
 40
2.438552163299664
 41
0.0
 46
0.0
 71
     5
 72
     1
  1
%%c1,6
 73
     1
 44
1.0
  0
SOLID
  5
687
330
682
100
AcDbEntity
  8
Dimensions
 62
   140
100
AcDbTrace
 10
88.94144783670033
 20
-120.3589253605499
 30
0.0
 11
88.94144783670033
 21
-119.5460746394501
 31
0.0
 12
91.38
 22
-119.9525
 32
0.0
 13
91.38
 23
-119.9525
 33
0.0
  0
POINT
  5
688
330
682
100
AcDbEntity
  8
Defpoints
 62
     0
100
AcDbPoint
 10
91.38
 20
-119.9525
 30
0.0
  0
POINT
  5
689
330
682
100
AcDbEntity
  8
Defpoints
 62
     0
100
AcDbPoint
 10
89.78
 20
-119.9525
 30
0.0
  0
ENDBLK
  5
684
330
682
100
AcDbEntity
  8
0
100
AcDbBlockEnd
  0
BLOCK
  5
68C
330
68B
100
AcDbEntity
  8
0
100
AcDbBlockBegin
  2
*D16
 70
     1
 10
0.0
 20
0.0
 30
0.0
  3
*D16
  1

  0
LINE
  5
68E
330
68B
100
AcDbEntity
  8
Dimensions
 62
   140
370
    -2
100
AcDbLine
 10
88.94144783670033
 20
-139.2025
 30
0.0
 11
77.96796310185184
 21
-139.2025
 31
0.0
  0
MTEXT
  5
68F
330
68B
100
AcDbEntity
  8
Dimensions
 62
   140
100
AcDbMText
 10
82.23542938762625
 20
-137.1413428143539
 30
0.0
 40
2.438552163299664
 41
0.0
 46
0.0
 71
     5
 72
     1
  1
%%c1,6
 73
     1
 44
1.0
  0
SOLID
  5
690
330
68B
100
AcDbEntity
  8
Dimensions
 62
   140
100
AcDbTrace
 10
88.94144783670033
 20
-139.60892536055
 30
0.0
 11
88.94144783670033
 21
-138.7960746394501
 31
0.0
 12
91.38
 22
-139.2025
 32
0.0
 13
91.38
 23
-139.2025
 33
0.0
  0
POINT
  5
691
330
68B
100
AcDbEntity
  8
Defpoints
 62
     0
100
AcDbPoint
 10
91.38
 20
-139.2025
 30
0.0
  0
POINT
  5
692
330
68B
100
AcDbEntity
  8
Defpoints
 62
     0
100
AcDbPoint
 10
89.78
 20
-139.2025
 30
0.0
  0
ENDBLK
  5
68D
330
68B
100
AcDbEntity
  8
0
100
AcDbBlockEnd
  0
BLOCK
  5
695
330
694
100
AcDbEntity
  8
0
100
AcDbBlockBegin
  2
*D17
 70
     1
 10
0.0
 20
0.0
 30
0.0
  3
*D17
  1

  0
LINE
  5
697
330
694
100
AcDbEntity
  8
Dimensions
 62
   140
370
    -2
100
AcDbLine
 10
145.9914478367003
 20
-100.1525
 30
0.0
 11
135.0179631018519
 21
-100.1525
 31
0.0
  0
MTEXT
  5
698
330
694
100
AcDbEntity
  8
Dimensions
 62
   140
100
AcDbMText
 10
139.2854293876263
 20
-98.09134281435384
 30
0.0
 40
2.438552163299664
 41
0.0
 46
0.0
 71
     5
 72
     1
  1
%%c1,6
 73
     1
 44
1.0
  0
SOLID
  5
699
330
694
100
AcDbEntity
  8
Dimensions
 62
   140
100
AcDbTrace
 10
145.9914478367003
 20
-100.5589253605499
 30
0.0
 11
145.9914478367003
 21
-99.74607463945004
 31
0.0
 12
148.43
 22
-100.1525
 32
0.0
 13
148.43
 23
-100.1525
 33
0.0
  0
POINT
  5
69A
330
694
100
AcDbEntity
  8
Defpoints
 62
     0
100
AcDbPoint
 10
148.43
 20
-100.1525
 30
0.0
  0
POINT
  5
69B
330
694
100
AcDbEntity
  8
Defpoints
 62
     0
100
AcDbPoint
 10
146.83
 20
-100.1525
 30
0.0
  0
ENDBLK
  5
696
330
694
100
AcDbEntity
  8
0
100
AcDbBlockEnd
  0
BLOCK
  5
69E
330
69D
100
AcDbEntity
  8
0
100
AcDbBlockBegin
  2
*D18
 70
     1
 10
0.0
 20
0.0
 30
0.0
  3
*D18
  1

  0
LINE
  5
6A0
330
69D
100
AcDbEntity
  8
Dimensions
 62
   140
370
    -2
100
AcDbLine
 10
165.6414478367003
 20
-162.0525
 30
0.0
 11
154.6679631018519
 21
-162.0525
 31
0.0
  0
MTEXT
  5
6A1
330
69D
100
AcDbEntity
  8
Dimensions
 62
   140
100
AcDbMText
 10
158.9354293876262
 20
-159.9913428143539
 30
0.0
 40
2.438552163299664
 41
0.0
 46
0.0
 71
     5
 72
     1
  1
%%c1,6
 73
     1
 44
1.0
  0
SOLID
  5
6A2
330
69D
100
AcDbEntity
  8
Dimensions
 62
   140
100
AcDbTrace
 10
165.6414478367003
 20
-162.4589253605499
 30
0.0
 11
165.6414478367003
 21
-161.64607463945
 31
0.0
 12
168.08
 22
-162.0525
 32
0.0
 13
168.08
 23
-162.0525
 33
0.0
  0
POINT
  5
6A3
330
69D
100
AcDbEntity
  8
Defpoints
 62
     0
100
AcDbPoint
 10
168.08
 20
-162.0525
 30
0.0
  0
POINT
  5
6A4
330
69D
100
AcDbEntity
  8
Defpoints
 62
     0
100
AcDbPoint
 10
166.48
 20
-162.0525
 30
0.0
  0
ENDBLK
  5
69F
330
69D
100
AcDbEntity
  8
0
100
AcDbBlockEnd
  0
BLOCK
  5
6A7
330
6A6
100
AcDbEntity
  8
0
100
AcDbBlockBegin
  2
*D19
 70
     1
 10
0.0
 20
0.0
 30
0.0
  3
*D19
  1

  0
LINE
  5
6A9
330
6A6
100
AcDbEntity
  8
Dimensions
 62
   140
370
    -2
100
AcDbLine
 10
280.8414478367003
 20
-100.1525
 30
0.0
 11
269.8679631018518
 21
-100.1525
 31
0.0
  0
MTEXT
  5
6AA
330
6A6
100
AcDbEntity
  8
Dimensions
 62
   140
100
AcDbMText
 10
274.1354293876262
 20
-98.09134281435384
 30
0.0
 40
2.438552163299664
 41
0.0
 46
0.0
 71
     5
 72
     1
  1
%%c1,6
 73
     1
 44
1.0
  0
SOLID
  5
6AB
330
6A6
100
AcDbEntity
  8
Dimensions
 62
   140
100
AcDbTrace
 10
280.8414478367003
 20
-100.5589253605499
 30
0.0
 11
280.8414478367003
 21
-99.74607463945004
 31
0.0
 12
283.28
 22
-100.1525
 32
0.0
 13
283.28
 23
-100.1525
 33
0.0
  0
POINT
  5
6AC
330
6A6
100
AcDbEntity
  8
Defpoints
 62
     0
100
AcDbPoint
 10
283.28
 20
-100.1525
 30
0.0
  0
POINT
  5
6AD
330
6A6
100
AcDbEntity
  8
Defpoints
 62
     0
100
AcDbPoint
 10
281.6799999999999
 20
-100.1525
 30
0.0
  0
ENDBLK
  5
6A8
330
6A6
100
AcDbEntity
  8
0
100
AcDbBlockEnd
  0
BLOCK
  5
6B0
330
6AF
100
AcDbEntity
  8
0
100
AcDbBlockBegin
  2
*D20
 70
     1
 10
0.0
 20
0.0
 30
0.0
  3
*D20
  1

  0
LINE
  5
6B2
330
6AF
100
AcDbEntity
  8
Dimensions
 62
   140
370
    -2
100
AcDbLine
 10
337.5414478367003
 20
-119.9525
 30
0.0
 11
326.5679631018519
 21
-119.9525
 31
0.0
  0
MTEXT
  5
6B3
330
6AF
100
AcDbEntity
  8
Dimensions
 62
   140
100
AcDbMText
 10
330.8354293876263
 20
-117.8913428143538
 30
0.0
 40
2.438552163299664
 41
0.0
 46
0.0
 71
     5
 72
     1
  1
%%c1,6
 73
     1
 44
1.0
  0
SOLID
  5
6B4
330
6AF
100
AcDbEntity
  8
Dimensions
 62
   140
100
AcDbTrace
 10
337.5414478367003
 20
-120.3589253605499
 30
0.0
 11
337.5414478367003
 21
-119.5460746394501
 31
0.0
 12
339.98
 22
-119.9525
 32
0.0
 13
339.98
 23
-119.9525
 33
0.0
  0
POINT
  5
6B5
330
6AF
100
AcDbEntity
  8
Defpoints
 62
     0
100
AcDbPoint
 10
339.98
 20
-119.9525
 30
0.0
  0
POINT
  5
6B6
330
6AF
100
AcDbEntity
  8
Defpoints
 62
     0
100
AcDbPoint
 10
338.38
 20
-119.9525
 30
0.0
  0
ENDBLK
  5
6B1
330
6AF
100
AcDbEntity
  8
0
100
AcDbBlockEnd
  0
BLOCK
  5
6B9
330
6B8
100
AcDbEntity
  8
0
100
AcDbBlockBegin
  2
*D21
 70
     1
 10
0.0
 20
0.0
 30
0.0
  3
*D21
  1

  0
LINE
  5
6BB
330
6B8
100
AcDbEntity
  8
Dimensions
 62
   140
370
    -2
100
AcDbLine
 10
337.5414558374716
 20
-139.2076204782882
 30
0.0
 11
326.5680246842805
 21
-139.2419126366886
 31
0.0
  0
MTEXT
  5
6BC
330
6B8
100
AcDbEntity
  8
Dimensions
 62
   140
100
AcDbMText
 10
330.8290290130441
 20
-137.1674296759441
 30
0.0
 40
2.438552163299664
 41
0.0
 46
0.0
 71
     5
 72
     1
  1
%%c1,6
 11
0.9999951171702811
 21
0.003125001695352066
 31
0.0
 73
     1
 44
1.0
  0
SOLID
  5
6BD
330
6B8
100
AcDbEntity
  8
Dimensions
 62
   140
100
AcDbTrace
 10
337.5427259174123
 20
-139.6140438543324
 30
0.0
 11
337.5401857575308
 21
-138.8011971022441
 31
0.0
 12
339.9799960937362
 22
-139.1999999986437
 32
0.0
 13
339.9799960937362
 23
-139.1999999986437
 33
0.0
  0
POINT
  5
6BE
330
6B8
100
AcDbEntity
  8
Defpoints
 62
     0
100
AcDbPoint
 10
339.9799960937362
 20
-139.1999999986437
 30
0.0
  0
POINT
  5
6BF
330
6B8
100
AcDbEntity
  8
Defpoints
 62
     0
100
AcDbPoint
 10
338.3800039062638
 20
-139.2050000013563
 30
0.0
  0
ENDBLK
  5
6BA
330
6B8
100
AcDbEntity
  8
0
100
AcDbBlockEnd
  0
BLOCK
  5
6C2
330
6C1
100
AcDbEntity
  8
0
100
AcDbBlockBegin
  2
*D22
 70
     1
 10
0.0
 20
0.0
 30
0.0
  3
*D22
  1

  0
LINE
  5
6C4
330
6C1
100
AcDbEntity
  8
Dimensions
 62
   140
370
    -2
100
AcDbLine
 10
261.1914478367003
 20
-162.0525
 30
0.0
 11
250.2179631018519
 21
-162.0525
 31
0.0
  0
MTEXT
  5
6C5
330
6C1
100
AcDbEntity
  8
Dimensions
 62
   140
100
AcDbMText
 10
254.4854293876263
 20
-159.9913428143539
 30
0.0
 40
2.438552163299664
 41
0.0
 46
0.0
 71
     5
 72
     1
  1
%%c1,6
 73
     1
 44
1.0
  0
SOLID
  5
6C6
330
6C1
100
AcDbEntity
  8
Dimensions
 62
   140
100
AcDbTrace
 10
261.1914478367003
 20
-162.4589253605499
 30
0.0
 11
261.1914478367003
 21
-161.64607463945
 31
0.0
 12
263.63
 22
-162.0525
 32
0.0
 13
263.63
 23
-162.0525
 33
0.0
  0
POINT
  5
6C7
330
6C1
100
AcDbEntity
  8
Defpoints
 62
     0
100
AcDbPoint
 10
263.63
 20
-162.0525
 30
0.0
  0
POINT
  5
6C8
330
6C1
100
AcDbEntity
  8
Defpoints
 62
     0
100
AcDbPoint
 10
262.03
 20
-162.0525
 30
0.0
  0
ENDBLK
  5
6C3
330
6C1
100
AcDbEntity
  8
0
100
AcDbBlockEnd
  0
BLOCK
  5
6CB
330
6CA
100
AcDbEntity
  8
0
100
AcDbBlockBegin
  2
*D23
 70
     1
 10
0.0
 20
0.0
 30
0.0
  3
*D23
  1

  0
LINE
  5
6CD
330
6CA
100
AcDbEntity
  8
Dimensions
 62
   140
370
    -2
100
AcDbLine
 10
90.14144783670034
 20
-119.9525
 30
0.0
 11
82.5354875178371
 21
-119.9525
 31
0.0
  0
MTEXT
  5
6CE
330
6CA
100
AcDbEntity
  8
Dimensions
 62
   140
100
AcDbMText
 10
85.11919159561889
 20
-118.1235858775252
 30
0.0
 40
2.438552163299664
 41
0.0
 46
0.0
 71
     5
 72
     1
  1
%%c4
 73
     1
 44
1.0
  0
SOLID
  5
6CF
330
6CA
100
AcDbEntity
  8
Dimensions
 62
   140
100
AcDbTrace
 10
90.14144783670034
 20
-120.3589253605499
 30
0.0
 11
90.14144783670034
 21
-119.5460746394501
 31
0.0
 12
92.58
 22
-119.9525
 32
0.0
 13
92.58
 23
-119.9525
 33
0.0
  0
POINT
  5
6D0
330
6CA
100
AcDbEntity
  8
Defpoints
 62
     0
100
AcDbPoint
 10
92.58
 20
-119.9525
 30
0.0
  0
POINT
  5
6D1
330
6CA
100
AcDbEntity
  8
Defpoints
 62
     0
100
AcDbPoint
 10
88.58
 20
-119.9525
 30
0.0
  0
ENDBLK
  5
6CC
330
6CA
100
AcDbEntity
  8
0
100
AcDbBlockEnd
  0
BLOCK
  5
6D4
330
6D3
100
AcDbEntity
  8
0
100
AcDbBlockBegin
  2
*D24
 70
     1
 10
0.0
 20
0.0
 30
0.0
  3
*D24
  1

  0
LINE
  5
6D6
330
6D3
100
AcDbEntity
  8
Dimensions
 62
   140
370
    -2
100
AcDbLine
 10
90.14144783670034
 20
-139.2025
 30
0.0
 11
82.5354875178371
 21
-139.2025
 31
0.0
  0
MTEXT
  5
6D7
330
6D3
100
AcDbEntity
  8
Dimensions
 62
   140
100
AcDbMText
 10
85.11919159561889
 20
-137.3735858775253
 30
0.0
 40
2.438552163299664
 41
0.0
 46
0.0
 71
     5
 72
     1
  1
%%c4
 73
     1
 44
1.0
  0
SOLID
  5
6D8
330
6D3
100
AcDbEntity
  8
Dimensions
 62
   140
100
AcDbTrace
 10
90.14144783670034
 20
-139.60892536055
 30
0.0
 11
90.14144783670034
 21
-138.7960746394501
 31
0.0
 12
92.58
 22
-139.2025
 32
0.0
 13
92.58
 23
-139.2025
 33
0.0
  0
POINT
  5
6D9
330
6D3
100
AcDbEntity
  8
Defpoints
 62
     0
100
AcDbPoint
 10
92.58
 20
-139.2025
 30
0.0
  0
POINT
  5
6DA
330
6D3
100
AcDbEntity
  8
Defpoints
 62
     0
100
AcDbPoint
 10
88.58
 20
-139.2025
 30
0.0
  0
ENDBLK
  5
6D5
330
6D3
100
AcDbEntity
  8
0
100
AcDbBlockEnd
  0
BLOCK
  5
6DD
330
6DC
100
AcDbEntity
  8
0
100
AcDbBlockBegin
  2
*D25
 70
     1
 10
0.0
 20
0.0
 30
0.0
  3
*D25
  1

  0
LINE
  5
6DF
330
6DC
100
AcDbEntity
  8
Dimensions
 62
   140
370
    -2
100
AcDbLine
 10
166.8414478367003
 20
-162.0525
 30
0.0
 11
159.235487517837
 21
-162.0525
 31
0.0
  0
MTEXT
  5
6E0
330
6DC
100
AcDbEntity
  8
Dimensions
 62
   140
100
AcDbMText
 10
161.8191915956188
 20
-160.2235858775252
 30
0.0
 40
2.438552163299664
 41
0.0
 46
0.0
 71
     5
 72
     1
  1
%%c4
 73
     1
 44
1.0
  0
SOLID
  5
6E1
330
6DC
100
AcDbEntity
  8
Dimensions
 62
   140
100
AcDbTrace
 10
166.8414478367003
 20
-162.4589253605499
 30
0.0
 11
166.8414478367003
 21
-161.64607463945
 31
0.0
 12
169.28
 22
-162.0525
 32
0.0
 13
169.28
 23
-162.0525
 33
0.0
  0
POINT
  5
6E2
330
6DC
100
AcDbEntity
  8
Defpoints
 62
     0
100
AcDbPoint
 10
169.28
 20
-162.0525
 30
0.0
  0
POINT
  5
6E3
330
6DC
100
AcDbEntity
  8
Defpoints
 62
     0
100
AcDbPoint
 10
165.28
 20
-162.0525
 30
0.0
  0
ENDBLK
  5
6DE
330
6DC
100
AcDbEntity
  8
0
100
AcDbBlockEnd
  0
BLOCK
  5
6E6
330
6E5
100
AcDbEntity
  8
0
100
AcDbBlockBegin
  2
*D26
 70
     1
 10
0.0
 20
0.0
 30
0.0
  3
*D26
  1

  0
LINE
  5
6E8
330
6E5
100
AcDbEntity
  8
Dimensions
 62
   140
370
    -2
100
AcDbLine
 10
147.1914478367003
 20
-100.1525
 30
0.0
 11
139.5854875178371
 21
-100.1525
 31
0.0
  0
MTEXT
  5
6E9
330
6E5
100
AcDbEntity
  8
Dimensions
 62
   140
100
AcDbMText
 10
142.1691915956189
 20
-98.32358587752523
 30
0.0
 40
2.438552163299664
 41
0.0
 46
0.0
 71
     5
 72
     1
  1
%%c4
 73
     1
 44
1.0
  0
SOLID
  5
6EA
330
6E5
100
AcDbEntity
  8
Dimensions
 62
   140
100
AcDbTrace
 10
147.1914478367003
 20
-100.5589253605499
 30
0.0
 11
147.1914478367003
 21
-99.74607463945004
 31
0.0
 12
149.63
 22
-100.1525
 32
0.0
 13
149.63
 23
-100.1525
 33
0.0
  0
POINT
  5
6EB
330
6E5
100
AcDbEntity
  8
Defpoints
 62
     0
100
AcDbPoint
 10
149.63
 20
-100.1525
 30
0.0
  0
POINT
  5
6EC
330
6E5
100
AcDbEntity
  8
Defpoints
 62
     0
100
AcDbPoint
 10
145.63
 20
-100.1525
 30
0.0
  0
ENDBLK
  5
6E7
330
6E5
100
AcDbEntity
  8
0
100
AcDbBlockEnd
  0
BLOCK
  5
6EF
330
6EE
100
AcDbEntity
  8
0
100
AcDbBlockBegin
  2
*D27
 70
     1
 10
0.0
 20
0.0
 30
0.0
  3
*D27
  1

  0
LINE
  5
6F1
330
6EE
100
AcDbEntity
  8
Dimensions
 62
   140
370
    -2
100
AcDbLine
 10
282.0414478367003
 20
-100.1525
 30
0.0
 11
274.4354875178371
 21
-100.1525
 31
0.0
  0
MTEXT
  5
6F2
330
6EE
100
AcDbEntity
  8
Dimensions
 62
   140
100
AcDbMText
 10
277.0191915956188
 20
-98.32358587752523
 30
0.0
 40
2.438552163299664
 41
0.0
 46
0.0
 71
     5
 72
     1
  1
%%c4
 73
     1
 44
1.0
  0
SOLID
  5
6F3
330
6EE
100
AcDbEntity
  8
Dimensions
 62
   140
100
AcDbTrace
 10
282.0414478367003
 20
-100.5589253605499
 30
0.0
 11
282.0414478367003
 21
-99.74607463945004
 31
0.0
 12
284.48
 22
-100.1525
 32
0.0
 13
284.48
 23
-100.1525
 33
0.0
  0
POINT
  5
6F4
330
6EE
100
AcDbEntity
  8
Defpoints
 62
     0
100
AcDbPoint
 10
284.48
 20
-100.1525
 30
0.0
  0
POINT
  5
6F5
330
6EE
100
AcDbEntity
  8
Defpoints
 62
     0
100
AcDbPoint
 10
280.48
 20
-100.1525
 30
0.0
  0
ENDBLK
  5
6F0
330
6EE
100
AcDbEntity
  8
0
100
AcDbBlockEnd
  0
BLOCK
  5
6F8
330
6F7
100
AcDbEntity
  8
0
100
AcDbBlockBegin
  2
*D28
 70
     1
 10
0.0
 20
0.0
 30
0.0
  3
*D28
  1

  0
LINE
  5
6FA
330
6F7
100
AcDbEntity
  8
Dimensions
 62
   140
370
    -2
100
AcDbLine
 10
338.7414478367003
 20
-119.9525
 30
0.0
 11
331.1354875178371
 21
-119.9525
 31
0.0
  0
MTEXT
  5
6FB
330
6F7
100
AcDbEntity
  8
Dimensions
 62
   140
100
AcDbMText
 10
333.7191915956189
 20
-118.1235858775252
 30
0.0
 40
2.438552163299664
 41
0.0
 46
0.0
 71
     5
 72
     1
  1
%%c4
 73
     1
 44
1.0
  0
SOLID
  5
6FC
330
6F7
100
AcDbEntity
  8
Dimensions
 62
   140
100
AcDbTrace
 10
338.7414478367003
 20
-120.3589253605499
 30
0.0
 11
338.7414478367003
 21
-119.5460746394501
 31
0.0
 12
341.18
 22
-119.9525
 32
0.0
 13
341.18
 23
-119.9525
 33
0.0
  0
POINT
  5
6FD
330
6F7
100
AcDbEntity
  8
Defpoints
 62
     0
100
AcDbPoint
 10
341.18
 20
-119.9525
 30
0.0
  0
POINT
  5
6FE
330
6F7
100
AcDbEntity
  8
Defpoints
 62
     0
100
AcDbPoint
 10
337.18
 20
-119.9525
 30
0.0
  0
ENDBLK
  5
6F9
330
6F7
100
AcDbEntity
  8
0
100
AcDbBlockEnd
  0
BLOCK
  5
701
330
700
100
AcDbEntity
  8
0
100
AcDbBlockBegin
  2
*D29
 70
     1
 10
0.0
 20
0.0
 30
0.0
  3
*D29
  1

  0
LINE
  5
703
330
700
100
AcDbEntity
  8
Dimensions
 62
   140
370
    -2
100
AcDbLine
 10
338.7414478367003
 20
-139.2025
 30
0.0
 11
331.1354875178371
 21
-139.2025
 31
0.0
  0
MTEXT
  5
704
330
700
100
AcDbEntity
  8
Dimensions
 62
   140
100
AcDbMText
 10
333.7191915956189
 20
-137.3735858775253
 30
0.0
 40
2.438552163299664
 41
0.0
 46
0.0
 71
     5
 72
     1
  1
%%c4
 73
     1
 44
1.0
  0
SOLID
  5
705
330
700
100
AcDbEntity
  8
Dimensions
 62
   140
100
AcDbTrace
 10
338.7414478367003
 20
-139.60892536055
 30
0.0
 11
338.7414478367003
 21
-138.7960746394501
 31
0.0
 12
341.18
 22
-139.2025
 32
0.0
 13
341.18
 23
-139.2025
 33
0.0
  0
POINT
  5
706
330
700
100
AcDbEntity
  8
Defpoints
 62
     0
100
AcDbPoint
 10
341.18
 20
-139.2025
 30
0.0
  0
POINT
  5
707
330
700
100
AcDbEntity
  8
Defpoints
 62
     0
100
AcDbPoint
 10
337.18
 20
-139.2025
 30
0.0
  0
ENDBLK
  5
702
330
700
100
AcDbEntity
  8
0
100
AcDbBlockEnd
  0
BLOCK
  5
70A
330
709
100
AcDbEntity
  8
0
100
AcDbBlockBegin
  2
*D30
 70
     1
 10
0.0
 20
0.0
 30
0.0
  3
*D30
  1

  0
LINE
  5
70C
330
709
100
AcDbEntity
  8
Dimensions
 62
   140
370
    -2
100
AcDbLine
 10
262.3914478367003
 20
-162.0525
 30
0.0
 11
254.7854875178371
 21
-162.0525
 31
0.0
  0
MTEXT
  5
70D
330
709
100
AcDbEntity
  8
Dimensions
 62
   140
100
AcDbMText
 10
257.3691915956189
 20
-160.2235858775252
 30
0.0
 40
2.438552163299664
 41
0.0
 46
0.0
 71
     5
 72
     1
  1
%%c4
 73
     1
 44
1.0
  0
SOLID
  5
70E
330
709
100
AcDbEntity
  8
Dimensions
 62
   140
100
AcDbTrace
 10
262.3914478367003
 20
-162.4589253605499
 30
0.0
 11
262.3914478367003
 21
-161.64607463945
 31
0.0
 12
264.83
 22
-162.0525
 32
0.0
 13
264.83
 23
-162.0525
 33
0.0
  0
POINT
  5
70F
330
709
100
AcDbEntity
  8
Defpoints
 62
     0
100
AcDbPoint
 10
264.83
 20
-162.0525
 30
0.0
  0
POINT
  5
710
330
709
100
AcDbEntity
  8
Defpoints
 62
     0
100
AcDbPoint
 10
260.83
 20
-162.0525
 30
0.0
  0
ENDBLK
  5
70B
330
709
100
AcDbEntity
  8
0
100
AcDbBlockEnd
  0
BLOCK
  5
713
330
712
100
AcDbEntity
  8
0
100
AcDbBlockBegin
  2
*D31
 70
     1
 10
0.0
 20
0.0
 30
0.0
  3
*D31
  1

  0
LINE
  5
715
330
712
100
AcDbEntity
  8
Dimensions
 62
   140
370
    -2
100
AcDbLine
 10
211.8996245130043
 20
-177.5132810861385
 30
0.0
 11
213.3238381672667
 21
-178.2898991445712
 31
0.0
  0
LINE
  5
716
330
712
100
AcDbEntity
  8
Dimensions
 62
   140
370
    -2
100
AcDbLine
 10
212.3843966381159
 20
-175.7170668754445
 30
0.0
 11
214.0059575174901
 21
-175.7624591231832
 31
0.0
  0
ARC
  5
717
330
712
100
AcDbEntity
  8
Dimensions
 62
   140
370
    -2
100
AcDbCircle
 10
208.4011254619072
 20
-175.6055634256877
 30
0.0
 40
4.38775152940946
100
AcDbArc
 50
266.8612537498897
 51
299.1288970226296
  0
ARC
  5
718
330
712
100
AcDbEntity
  8
Dimensions
 62
   140
370
    -2
100
AcDbCircle
 10
208.4011254619072
 20
-175.6055634256877
 30
0.0
 40
4.38775152940946
100
AcDbArc
 50
30.66418499887302
 51
62.93182827161302
  0
ARC
  5
719
330
712
100
AcDbEntity
  8
Dimensions
 62
   140
370
    -2
100
AcDbCircle
 10
208.4011254619072
 20
-175.6055634256877
 30
0.0
 40
4.38775152940946
100
AcDbArc
 50
331.3965402953697
 51
358.396541726133
  0
SOLID
  5
71A
330
712
100
AcDbEntity
  8
Dimensions
 62
   140
100
AcDbTrace
 10
210.8256784738446
 20
-179.7244474667548
 30
0.0
 11
210.2482767619364
 21
-179.1523167492803
 31
0.0
 12
212.2533697703143
 22
-177.7061769722927
 32
0.0
 13
212.2533697703143
 23
-177.7061769722927
 33
0.0
  0
SOLID
  5
71B
330
712
100
AcDbEntity
  8
Dimensions
 62
   140
100
AcDbTrace
 10
211.7819173586986
 20
-173.4697560340431
 30
0.0
 11
212.5687689014615
 21
-173.265817453965
 31
0.0
 12
212.7871588703143
 22
-175.7283413722927
 32
0.0
 13
212.7871588703143
 23
-175.7283413722927
 33
0.0
  0
MTEXT
  5
71C
330
712
100
AcDbEntity
  8
Dimensions
 62
   140
100
AcDbMText
 10
210.8155175311257
 20
-176.2571727756636
 30
0.0
 40
2.438552163299664
 41
0.0
 46
0.0
 71
     5
 72
     1
  1
27%%d
 11
0.2605627944758596
 21
0.9654569022669687
 31
0.0
 73
     1
 44
1.0
  0
POINT
  5
71D
330
712
100
AcDbEntity
  8
Defpoints
 62
     0
100
AcDbPoint
 10
208.4011254619072
 20
-175.6055634256877
 30
0.0
  0
POINT
  5
71E
330
712
100
AcDbEntity
  8
Defpoints
 62
     0
100
AcDbPoint
 10
211.3643903145281
 20
-177.2214199999993
 30
0.0
  0
POINT
  5
71F
330
712
100
AcDbEntity
  8
Defpoints
 62
     0
100
AcDbPoint
 10
211.774997314528
 20
-175.7000079999993
 30
0.0
  0
POINT
  5
720
330
712
100
AcDbEntity
  8
Defpoints
 62
     0
100
AcDbPoint
 10
212.5345506191181
 20
-177.0776911217698
 30
0.0
  0
ENDBLK
  5
714
330
712
100
AcDbEntity
  8
0
100
AcDbBlockEnd
  0
BLOCK
  5
723
330
722
100
AcDbEntity
  8
0
100
AcDbBlockBegin
  2
*D32
 70
     1
 10
0.0
 20
0.0
 30
0.0
  3
*D32
  1

  0
LINE
  5
725
330
722
100
AcDbEntity
  8
Dimensions
 62
   140
370
    -2
100
AcDbLine
 10
217.8356122858837
 20
-175.7017406778253
 30
0.0
 11
216.2518159796003
 21
-175.7471417037642
 31
0.0
  0
LINE
  5
726
330
722
100
AcDbEntity
  8
Dimensions
 62
   140
370
    -2
100
AcDbLine
 10
218.3062461847378
 20
-177.4409189387781
 30
0.0
 11
216.9156849773085
 21
-178.2004000256698
 31
0.0
  0
ARC
  5
727
330
722
100
AcDbEntity
  8
Dimensions
 62
   140
370
    -2
100
AcDbCircle
 10
221.6930286405572
 20
-175.5911641729548
 30
0.0
 40
4.224171742282651
100
AcDbArc
 50
114.5351471976369
 51
148.0885677469509
  0
ARC
  5
728
330
722
100
AcDbEntity
  8
Dimensions
 62
   140
370
    -2
100
AcDbCircle
 10
221.6930286405572
 20
-175.5911641729548
 30
0.0
 40
4.224171742282651
100
AcDbArc
 50
242.1954088455791
 51
275.7488293948931
  0
ARC
  5
729
330
722
100
AcDbEntity
  8
Dimensions
 62
   140
370
    -2
100
AcDbCircle
 10
221.6930286405572
 20
-175.5911641729548
 30
0.0
 40
4.224171742282651
100
AcDbArc
 50
181.6419882962649
 51
208.6419882962651
  0
SOLID
  5
72A
330
722
100
AcDbEntity
  8
Dimensions
 62
   140
100
AcDbTrace
 10
217.7149435657361
 20
-173.2521209654292
 30
0.0
 11
218.4996002218552
 21
-173.4643477940835
 31
0.0
 12
217.4705914078328
 22
-175.7122043481135
 32
0.0
 13
217.4705914078328
 23
-175.7122043481135
 33
0.0
  0
SOLID
  5
72B
330
722
100
AcDbEntity
  8
Dimensions
 62
   140
100
AcDbTrace
 10
220.0079103125383
 20
-179.0381496958986
 30
0.0
 11
219.4373536102996
 21
-179.6171068137606
 31
0.0
 12
217.9857606078328
 22
-177.6159581481135
 32
0.0
 13
217.9857606078328
 23
-177.6159581481135
 33
0.0
  0
MTEXT
  5
72C
330
722
100
AcDbEntity
  8
Dimensions
 62
   140
100
AcDbMText
 10
219.4369758371348
 20
-176.2016679670361
 30
0.0
 40
2.438552163299664
 41
0.0
 46
0.0
 71
     5
 72
     1
  1
27%%d
 11
0.2612119698144194
 21
-0.9652814650793161
 31
0.0
 73
     1
 44
1.0
  0
POINT
  5
72D
330
722
100
AcDbEntity
  8
Defpoints
 62
     0
100
AcDbPoint
 10
221.6930286405572
 20
-175.5911641729548
 30
0.0
  0
POINT
  5
72E
330
722
100
AcDbEntity
  8
Defpoints
 62
     0
100
AcDbPoint
 10
218.445
 20
-175.684272
 30
0.0
  0
POINT
  5
72F
330
722
100
AcDbEntity
  8
Defpoints
 62
     0
100
AcDbPoint
 10
218.841284
 20
-177.148698
 30
0.0
  0
POINT
  5
730
330
722
100
AcDbEntity
  8
Defpoints
 62
     0
100
AcDbPoint
 10
217.5415114719499
 20
-176.3712488523699
 30
0.0
  0
ENDBLK
  5
724
330
722
100
AcDbEntity
  8
0
100
AcDbBlockEnd
  0
BLOCK
  5
733
330
732
100
AcDbEntity
  8
0
100
AcDbBlockBegin
  2
*D33
 70
     1
 10
0.0
 20
0.0
 30
0.0
  3
*D33
  1

  0
LINE
  5
735
330
732
100
AcDbEntity
  8
Dimensions
 62
   140
370
    -2
100
AcDbLine
 10
198.0804957568534
 20
-194.4317818698575
 30
0.0
 11
197.3087123491787
 21
-195.8242873897156
 31
0.0
  0
LINE
  5
736
330
732
100
AcDbEntity
  8
Dimensions
 62
   140
370
    -2
100
AcDbLine
 10
203.3610481843862
 20
-192.9173095576739
 30
0.0
 11
204.7535537042444
 21
-193.6890929653486
 31
0.0
  0
ARC
  5
737
330
732
100
AcDbEntity
  8
Dimensions
 62
   140
370
    -2
100
AcDbCircle
 10
199.9635358145281
 20
-191.0342694999993
 30
0.0
 40
4.257251925762515
100
AcDbArc
 50
274.2880689553395
 51
297.7179118358971
  0
SOLID
  5
738
330
732
100
AcDbEntity
  8
Dimensions
 62
   140
100
AcDbTrace
 10
200.3688135453084
 20
-194.8825905985418
 30
0.0
 11
200.194896692766
 21
-195.6766178167115
 31
0.0
 12
197.8997734645281
 22
-194.7578536499993
 32
0.0
 13
197.8997734645281
 23
-194.7578536499993
 33
0.0
  0
SOLID
  5
739
330
732
100
AcDbEntity
  8
Dimensions
 62
   140
100
AcDbTrace
 10
202.2278242069459
 20
-195.0935704035567
 30
0.0
 11
201.6595033656614
 21
-194.5124183441486
 31
0.0
 12
203.6871199645281
 22
-193.0980318499993
 32
0.0
 13
203.6871199645281
 23
-193.0980318499993
 33
0.0
  0
MTEXT
  5
73A
330
732
100
AcDbEntity
  8
Dimensions
 62
   140
100
AcDbMText
 10
200.6169916265784
 20
-193.3126919226798
 30
0.0
 40
2.438552163299664
 41
0.0
 46
0.0
 71
     5
 72
     1
  1
90%%d
 11
0.9612473084954311
 21
0.2756875258518049
 31
0.0
 73
     1
 44
1.0
  0
POINT
  5
73B
330
732
100
AcDbEntity
  8
Defpoints
 62
     0
100
AcDbPoint
 10
199.9635358145281
 20
-191.0342694999993
 30
0.0
  0
POINT
  5
73C
330
732
100
AcDbEntity
  8
Defpoints
 62
     0
100
AcDbPoint
 10
198.3760263145281
 20
-193.8985649999993
 30
0.0
  0
POINT
  5
73D
330
732
100
AcDbEntity
  8
Defpoints
 62
     0
100
AcDbPoint
 10
202.8278313145281
 20
-192.6217789999993
 30
0.0
  0
POINT
  5
73E
330
732
100
AcDbEntity
  8
Defpoints
 62
     0
100
AcDbPoint
 10
200.0380572670542
 20
-195.2908691420284
 30
0.0
  0
ENDBLK
  5
734
330
732
100
AcDbEntity
  8
0
100
AcDbBlockEnd
  0
BLOCK
  5
741
330
740
100
AcDbEntity
  8
0
100
AcDbBlockBegin
  2
*D34
 70
     1
 10
0.0
 20
0.0
 30
0.0
  3
*D34
  1

  0
LINE
  5
743
330
740
100
AcDbEntity
  8
Dimensions
 62
   140
370
    -2
100
AcDbLine
 10
284.1265998525229
 20
-181.3440564155742
 30
0.0
 11
284.1983776486554
 21
-182.9874924283987
 31
0.0
  0
LINE
  5
744
330
740
100
AcDbEntity
  8
Dimensions
 62
   140
370
    -2
100
AcDbLine
 10
286.9434242718887
 20
-180.0304999854801
 30
0.0
 11
288.1562635873871
 21
-181.1418301682106
 31
0.0
  0
ARC
  5
745
330
740
100
AcDbEntity
  8
Dimensions
 62
   140
370
    -2
100
AcDbCircle
 10
283.9494091879681
 20
-177.2870703424989
 30
0.0
 40
4.486580317860397
100
AcDbArc
 50
209.4245732836638
 51
240.9627012522429
  0
ARC
  5
746
330
740
100
AcDbEntity
  8
Dimensions
 62
   140
370
    -2
100
AcDbCircle
 10
283.9494091879681
 20
-177.2870703424989
 30
0.0
 40
4.486580317860397
100
AcDbArc
 50
349.0389571894016
 51
20.57708515798064
  0
ARC
  5
747
330
740
100
AcDbEntity
  8
Dimensions
 62
   140
370
    -2
100
AcDbCircle
 10
283.9494091879681
 20
-177.2870703424989
 30
0.0
 40
4.486580317860397
100
AcDbArc
 50
272.5008292208219
 51
317.5008292208225
  0
SOLID
  5
748
330
740
100
AcDbEntity
  8
Dimensions
 62
   140
100
AcDbTrace
 10
281.6784390954304
 20
-181.6052814404794
 30
0.0
 11
281.864996597528
 21
-180.814128741436
 31
0.0
 12
284.1451759436095
 22
-181.7693775972504
 32
0.0
 13
284.1451759436095
 23
-181.7693775972504
 33
0.0
  0
SOLID
  5
749
330
740
100
AcDbEntity
  8
Dimensions
 62
   140
100
AcDbTrace
 10
287.9911466647596
 20
-177.9573501090124
 30
0.0
 11
288.7171322273692
 21
-178.3229609098306
 31
0.0
 12
287.2573070436095
 22
-180.3181121972504
 32
0.0
 13
287.2573070436095
 23
-180.3181121972504
 33
0.0
  0
MTEXT
  5
74A
330
740
100
AcDbEntity
  8
Dimensions
 62
   140
100
AcDbMText
 10
285.0480840138612
 20
-179.6430970860901
 30
0.0
 40
2.438552163299664
 41
0.0
 46
0.0
 71
     5
 72
     1
  1
45%%d
 11
0.9063016705424819
 21
0.4226313783569637
 31
0.0
 73
     1
 44
1.0
  0
POINT
  5
74B
330
740
100
AcDbEntity
  8
Defpoints
 62
     0
100
AcDbPoint
 10
283.9494091879681
 20
-177.2870703424989
 30
0.0
  0
POINT
  5
74C
330
740
100
AcDbEntity
  8
Defpoints
 62
     0
100
AcDbPoint
 10
284.099999
 20
-180.734999
 30
0.0
  0
POINT
  5
74D
330
740
100
AcDbEntity
  8
Defpoints
 62
     0
100
AcDbPoint
 10
286.4939459999999
 20
-179.618641
 30
0.0
  0
POINT
  5
74E
330
740
100
AcDbEntity
  8
Defpoints
 62
     0
100
AcDbPoint
 10
285.2986118367018
 20
-181.5659785164683
 30
0.0
  0
ENDBLK
  5
742
330
740
100
AcDbEntity
  8
0
100
AcDbBlockEnd
  0
BLOCK
  5
751
330
750
100
AcDbEntity
  8
0
100
AcDbBlockBegin
  2
*D35
 70
     1
 10
0.0
 20
0.0
 30
0.0
  3
*D35
  1

  0
LINE
  5
753
330
750
100
AcDbEntity
  8
Dimensions
 62
   140
370
    -2
100
AcDbLine
 10
303.7794709716234
 20
-160.227860959242
 30
0.0
 11
303.7794473925555
 21
-158.6356924602996
 31
0.0
  0
LINE
  5
754
330
750
100
AcDbEntity
  8
Dimensions
 62
   140
370
    -2
100
AcDbLine
 10
300.8036083632348
 20
-161.6155821371448
 30
0.0
 11
299.5839213757783
 21
-160.5921740161053
 31
0.0
  0
ARC
  5
755
330
750
100
AcDbEntity
  8
Dimensions
 62
   140
370
    -2
100
AcDbCircle
 10
303.7795285023043
 20
-164.1126005272809
 30
0.0
 40
4.257631985932094
100
AcDbArc
 50
23.43680676175462
 51
56.71882763907427
  0
ARC
  5
756
330
750
100
AcDbEntity
  8
Dimensions
 62
   140
370
    -2
100
AcDbCircle
 10
303.7795285023043
 20
-164.1126005272809
 30
0.0
 40
4.257631985932094
100
AcDbArc
 50
173.2828693937126
 51
206.5648902710322
  0
ARC
  5
757
330
750
100
AcDbEntity
  8
Dimensions
 62
   140
370
    -2
100
AcDbCircle
 10
303.7795285023043
 20
-164.1126005272809
 30
0.0
 40
4.257631985932094
100
AcDbArc
 50
90.00084851639393
 51
140.0008485163929
  0
SOLID
  5
758
330
750
100
AcDbEntity
  8
Dimensions
 62
   140
100
AcDbTrace
 10
306.2322801117349
 20
-160.1638673255915
 30
0.0
 11
305.9995121460548
 21
-160.9426775521203
 31
0.0
 12
303.7794654493086
 22
-159.8549685418157
 32
0.0
 13
303.7794654493086
 23
-159.8549685418157
 33
0.0
  0
SOLID
  5
759
330
750
100
AcDbEntity
  8
Dimensions
 62
   140
100
AcDbTrace
 10
299.9242386628703
 20
-163.7757336382452
 30
0.0
 11
299.1780055065386
 21
-163.4534567833771
 31
0.0
 12
300.5179526493087
 22
-161.3758957418157
 32
0.0
 13
300.5179526493087
 23
-161.3758957418157
 33
0.0
  0
MTEXT
  5
75A
330
750
100
AcDbEntity
  8
Dimensions
 62
   140
100
AcDbMText
 10
301.1826229541655
 20
-158.5437339269296
 30
0.0
 40
2.438552163299664
 41
0.0
 46
0.0
 71
     5
 72
     1
  1
50%%d
 11
0.9063015282123466
 21
0.4226316835732565
 31
0.0
 73
     1
 44
1.0
  0
POINT
  5
75B
330
750
100
AcDbEntity
  8
Defpoints
 62
     0
100
AcDbPoint
 10
303.7795285023043
 20
-164.1126005272809
 30
0.0
  0
POINT
  5
75C
330
750
100
AcDbEntity
  8
Defpoints
 62
     0
100
AcDbPoint
 10
303.7794799999999
 20
-160.837499
 30
0.0
  0
POINT
  5
75D
330
750
100
AcDbEntity
  8
Defpoints
 62
     0
100
AcDbPoint
 10
301.270624
 20
-162.007443
 30
0.0
  0
POINT
  5
75E
330
750
100
AcDbEntity
  8
Defpoints
 62
     0
100
AcDbPoint
 10
302.5583654810702
 20
-160.0338518217093
 30
0.0
  0
ENDBLK
  5
752
330
750
100
AcDbEntity
  8
0
100
AcDbBlockEnd
  0
BLOCK
  5
761
330
760
100
AcDbEntity
  8
0
100
AcDbBlockBegin
  2
*D36
 70
     1
 10
0.0
 20
0.0
 30
0.0
  3
*D36
  1

  0
LINE
  5
763
330
760
100
AcDbEntity
  8
Dimensions
 62
   140
370
    -2
100
AcDbLine
 10
360.4218760408248
 20
-104.2924996098316
 30
0.0
 11
361.9690140816497
 21
-104.2924986196632
 31
0.0
  0
LINE
  5
764
330
760
100
AcDbEntity
  8
Dimensions
 62
   140
370
    -2
100
AcDbLine
 10
356.6872356098316
 20
-100.5578639591751
 30
0.0
 11
356.6872346196632
 21
-99.01072591835029
 31
0.0
  0
ARC
  5
765
330
760
100
AcDbEntity
  8
Dimensions
 62
   140
370
    -2
100
AcDbCircle
 10
356.687238
 20
-104.292502
 30
0.0
 40
4.062500000000942
100
AcDbArc
 50
34.93079902594441
 51
55.06927431265544
  0
SOLID
  5
766
330
760
100
AcDbEntity
  8
Dimensions
 62
   140
100
AcDbTrace
 10
359.6301666268033
 20
-102.088349185711
 30
0.0
 11
360.4055435272859
 21
-101.8443882113925
 31
0.0
 12
360.7497380000001
 22
-104.2924993999999
 32
0.0
 13
360.7497380000001
 23
-104.2924993999999
 33
0.0
  0
SOLID
  5
767
330
760
100
AcDbEntity
  8
Dimensions
 62
   140
100
AcDbTrace
 10
359.1353470291742
 20
-100.5741933391313
 30
0.0
 11
358.8913870473384
 21
-101.3495705518834
 31
0.0
 12
356.6872353999999
 22
-100.2300019999999
 32
0.0
 13
356.6872353999999
 23
-100.2300019999999
 33
0.0
  0
MTEXT
  5
768
330
760
100
AcDbEntity
  8
Dimensions
 62
   140
100
AcDbMText
 10
360.8941493455678
 20
-100.085585269582
 30
0.0
 40
2.438552163299664
 41
0.0
 46
0.0
 71
     5
 72
     1
  1
90%%d
 11
0.7071072337347616
 21
-0.7071063286380438
 31
0.0
 73
     1
 44
1.0
  0
POINT
  5
769
330
760
100
AcDbEntity
  8
Defpoints
 62
     0
100
AcDbPoint
 10
356.687238
 20
-104.292502
 30
0.0
  0
POINT
  5
76A
330
760
100
AcDbEntity
  8
Defpoints
 62
     0
100
AcDbPoint
 10
359.812238
 20
-104.2924999999999
 30
0.0
  0
POINT
  5
76B
330
760
100
AcDbEntity
  8
Defpoints
 62
     0
100
AcDbPoint
 10
356.6872359999999
 20
-101.1675019999999
 30
0.0
  0
POINT
  5
76C
330
760
100
AcDbEntity
  8
Defpoints
 62
     0
100
AcDbPoint
 10
360.2054649028743
 20
-102.2612497483338
 30
0.0
  0
ENDBLK
  5
762
330
760
100
AcDbEntity
  8
0
100
AcDbBlockEnd
  0
BLOCK
  5
76F
330
76E
100
AcDbEntity
  8
0
100
AcDbBlockBegin
  2
*D37
 70
     1
 10
0.0
 20
0.0
 30
0.0
  3
*D37
  1

  0
LINE
  5
771
330
76E
100
AcDbEntity
  8
Dimensions
 62
   140
370
    -2
100
AcDbLine
 10
321.3156972246676
 20
-99.89816519316767
 30
0.0
 11
319.9546559029253
 21
-100.6982390055547
 31
0.0
  0
LINE
  5
772
330
76E
100
AcDbEntity
  8
Dimensions
 62
   140
370
    -2
100
AcDbLine
 10
324.6562701319687
 20
-101.7921213472035
 30
0.0
 11
324.6686337175272
 21
-103.3708546136263
 31
0.0
  0
ARC
  5
773
330
76E
100
AcDbEntity
  8
Dimensions
 62
   140
370
    -2
100
AcDbCircle
 10
324.626197821367
 20
-97.95212226926884
 30
0.0
 40
4.199622424971992
100
AcDbArc
 50
142.9378553982541
 51
176.6932742705634
  0
ARC
  5
774
330
76E
100
AcDbEntity
  8
Dimensions
 62
   140
370
    -2
100
AcDbCircle
 10
324.626197821367
 20
-97.95212226926884
 30
0.0
 40
4.199622424971992
100
AcDbArc
 50
304.2041120151817
 51
337.9595308874909
  0
ARC
  5
775
330
76E
100
AcDbEntity
  8
Dimensions
 62
   140
370
    -2
100
AcDbCircle
 10
324.626197821367
 20
-97.95212226926884
 30
0.0
 40
4.199622424971992
100
AcDbArc
 50
210.4486931428727
 51
270.4486931428723
  0
SOLID
  5
776
330
76E
100
AcDbEntity
  8
Dimensions
 62
   140
100
AcDbTrace
 10
320.0384895993906
 20
-97.8052505835644
 30
0.0
 11
320.8286454949652
 21
-97.61451528142706
 31
0.0
 12
321.0057734535899
 22
-100.0803506192193
 32
0.0
 13
321.0057734535899
 23
-100.0803506192193
 33
0.0
  0
SOLID
  5
777
330
76E
100
AcDbEntity
  8
Dimensions
 62
   140
100
AcDbTrace
 10
326.8659455645932
 20
-101.0373957088059
 30
0.0
 11
327.1080245457541
 21
-101.8133622426672
 31
0.0
 12
324.6590854535898
 22
-102.1516159192193
 32
0.0
 13
324.6590854535898
 23
-102.1516159192193
 33
0.0
  0
MTEXT
  5
778
330
76E
100
AcDbEntity
  8
Dimensions
 62
   140
100
AcDbMText
 10
323.4855937124302
 20
-99.96392765143219
 30
0.0
 40
2.438552163299664
 41
0.0
 46
0.0
 71
     5
 72
     1
  1
60%%d
 11
0.8699143947504543
 21
-0.4932027431046496
 31
0.0
 73
     1
 44
1.0
  0
POINT
  5
779
330
76E
100
AcDbEntity
  8
Defpoints
 62
     0
100
AcDbPoint
 10
324.626197821367
 20
-97.95212226926884
 30
0.0
  0
POINT
  5
77A
330
76E
100
AcDbEntity
  8
Defpoints
 62
     0
100
AcDbPoint
 10
321.841256
 20
-99.589221
 30
0.0
  0
POINT
  5
77B
330
76E
100
AcDbEntity
  8
Defpoints
 62
     0
100
AcDbPoint
 10
324.651496
 20
-101.182502
 30
0.0
  0
POINT
  5
77C
330
76E
100
AcDbEntity
  8
Defpoints
 62
     0
100
AcDbPoint
 10
321.9520087241332
 20
-101.1902608062316
 30
0.0
  0
ENDBLK
  5
770
330
76E
100
AcDbEntity
  8
0
100
AcDbBlockEnd
  0
BLOCK
  5
77F
330
77E
100
AcDbEntity
  8
0
100
AcDbBlockBegin
  2
*D38
 70
     1
 10
0.0
 20
0.0
 30
0.0
  3
*D38
  1

  0
LINE
  5
781
330
77E
100
AcDbEntity
  8
Dimensions
 62
   140
370
    -2
100
AcDbLine
 10
321.380065633822
 20
-97.63136656610303
 30
0.0
 11
322.7028386136714
 21
-96.853787580364
 31
0.0
  0
LINE
  5
782
330
77E
100
AcDbEntity
  8
Dimensions
 62
   140
370
    -2
100
AcDbLine
 10
318.1682105887984
 20
-95.81038965498338
 30
0.0
 11
318.1561939236241
 21
-94.27604515812466
 31
0.0
  0
ARC
  5
783
330
77E
100
AcDbEntity
  8
Dimensions
 62
   140
370
    -2
100
AcDbCircle
 10
318.1971258465757
 20
-99.50242617280688
 30
0.0
 40
4.007265215704211
100
AcDbArc
 50
319.5925872471825
 51
355.0206533170365
  0
ARC
  5
784
330
77E
100
AcDbEntity
  8
Dimensions
 62
   140
370
    -2
100
AcDbCircle
 10
318.1971258465757
 20
-99.50242617280688
 30
0.0
 40
4.007265215704211
100
AcDbArc
 50
125.8767854567445
 51
161.3048515265986
  0
ARC
  5
785
330
77E
100
AcDbEntity
  8
Dimensions
 62
   140
370
    -2
100
AcDbCircle
 10
318.1971258465757
 20
-99.50242617280688
 30
0.0
 40
4.007265215704211
100
AcDbArc
 50
30.44871938689056
 51
90.44871938689047
  0
SOLID
  5
786
330
77E
100
AcDbEntity
  8
Dimensions
 62
   140
100
AcDbTrace
 10
322.5856956585189
 20
-99.76065224760129
 30
0.0
 11
321.7928400309972
 21
-99.93983441384489
 31
0.0
 12
321.6517213460272
 22
-97.47167644815794
 32
0.0
 13
321.6517213460272
 23
-97.47167644815794
 33
0.0
  0
SOLID
  5
787
330
77E
100
AcDbEntity
  8
Dimensions
 62
   140
100
AcDbTrace
 10
315.975381503197
 20
-96.64159787700807
 30
0.0
 11
315.7220018853445
 21
-95.86924752642257
 31
0.0
 12
318.1657427460272
 22
-95.49528384815794
 32
0.0
 13
318.1657427460272
 23
-95.49528384815794
 33
0.0
  0
MTEXT
  5
788
330
77E
100
AcDbEntity
  8
Dimensions
 62
   140
100
AcDbMText
 10
321.1041788857556
 20
-94.37494052868614
 30
0.0
 40
2.438552163299664
 41
0.0
 46
0.0
 71
     5
 72
     1
  1
60%%d
 11
0.8699146206591741
 21
-0.4932023446450811
 31
0.0
 73
     1
 44
1.0
  0
POINT
  5
789
330
77E
100
AcDbEntity
  8
Defpoints
 62
     0
100
AcDbPoint
 10
318.1971258465757
 20
-99.50242617280688
 30
0.0
  0
POINT
  5
78A
330
77E
100
AcDbEntity
  8
Defpoints
 62
     0
100
AcDbPoint
 10
320.854507
 20
-97.940311
 30
0.0
  0
POINT
  5
78B
330
77E
100
AcDbEntity
  8
Defpoints
 62
     0
100
AcDbPoint
 10
318.1729849999999
 20
-96.42000900000002
 30
0.0
  0
POINT
  5
78C
330
77E
100
AcDbEntity
  8
Defpoints
 62
     0
100
AcDbPoint
 10
320.7488264333275
 20
-96.41260439403662
 30
0.0
  0
ENDBLK
  5
780
330
77E
100
AcDbEntity
  8
0
100
AcDbBlockEnd
  0
BLOCK
  5
78F
330
78E
100
AcDbEntity
  8
0
100
AcDbBlockBegin
  2
*D39
 70
     1
 10
0.0
 20
0.0
 30
0.0
  3
*D39
  1

  0
LINE
  5
791
330
78E
100
AcDbEntity
  8
Dimensions
 62
   140
370
    -2
100
AcDbLine
 10
302.347357786796
 20
-95.81358603150257
 30
0.0
 11
301.1786513277511
 21
-96.94719869978167
 31
0.0
  0
LINE
  5
792
330
78E
100
AcDbEntity
  8
Dimensions
 62
   140
370
    -2
100
AcDbLine
 10
305.1609444884128
 20
-97.02957623060975
 30
0.0
 11
305.1361294309848
 21
-98.65756169799607
 31
0.0
  0
ARC
  5
793
330
78E
100
AcDbEntity
  8
Dimensions
 62
   140
370
    -2
100
AcDbCircle
 10
305.2219811528031
 20
-93.02528154407817
 30
0.0
 40
4.413658344593434
100
AcDbArc
 50
159.9804799498109
 51
192.0535997259885
  0
ARC
  5
794
330
78E
100
AcDbEntity
  8
Dimensions
 62
   140
370
    -2
100
AcDbCircle
 10
305.2219811528031
 20
-93.02528154407817
 30
0.0
 40
4.413658344593434
100
AcDbArc
 50
301.1998392783439
 51
333.2729590545215
  0
ARC
  5
795
330
78E
100
AcDbEntity
  8
Dimensions
 62
   140
370
    -2
100
AcDbCircle
 10
305.2219811528031
 20
-93.02528154407817
 30
0.0
 40
4.413658344593434
100
AcDbArc
 50
224.1267195021662
 51
269.1267195021662
  0
SOLID
  5
796
330
78E
100
AcDbEntity
  8
Dimensions
 62
   140
100
AcDbTrace
 10
300.5470805745559
 20
-94.13834062079908
 30
0.0
 11
301.2641837786352
 21
-93.75560142827791
 31
0.0
 12
302.053849754159
 22
-96.09828063677652
 32
0.0
 13
302.053849754159
 23
-96.09828063677652
 33
0.0
  0
SOLID
  5
797
330
78E
100
AcDbEntity
  8
Dimensions
 62
   140
100
AcDbTrace
 10
307.4020558495393
 20
-96.40829817201224
 30
0.0
 11
307.6146737410639
 21
-97.1928489523931
 31
0.0
 12
305.154712454159
 22
-97.43842723677652
 32
0.0
 13
305.154712454159
 23
-97.43842723677652
 33
0.0
  0
MTEXT
  5
798
330
78E
100
AcDbEntity
  8
Dimensions
 62
   140
100
AcDbMText
 10
304.219595648888
 20
-95.34462468169528
 30
0.0
 40
2.438552163299664
 41
0.0
 46
0.0
 71
     5
 72
     1
  1
45%%d
 11
0.9179397331353006
 21
-0.3967198587561419
 31
0.0
 73
     1
 44
1.0
  0
POINT
  5
799
330
78E
100
AcDbEntity
  8
Defpoints
 62
     0
100
AcDbPoint
 10
305.2219811528031
 20
-93.02528154407817
 30
0.0
  0
POINT
  5
79A
330
78E
100
AcDbEntity
  8
Defpoints
 62
     0
100
AcDbPoint
 10
302.784957
 20
-95.38912699999999
 30
0.0
  0
POINT
  5
79B
330
78E
100
AcDbEntity
  8
Defpoints
 62
     0
100
AcDbPoint
 10
305.1702359999999
 20
-96.42000899999998
 30
0.0
  0
POINT
  5
79C
330
78E
100
AcDbEntity
  8
Defpoints
 62
     0
100
AcDbPoint
 10
302.9571519045487
 20
-96.81354347523475
 30
0.0
  0
ENDBLK
  5
790
330
78E
100
AcDbEntity
  8
0
100
AcDbBlockEnd
  0
BLOCK
  5
79F
330
79E
100
AcDbEntity
  8
0
100
AcDbBlockBegin
  2
*D40
 70
     1
 10
0.0
 20
0.0
 30
0.0
  3
*D40
  1

  0
LINE
  5
7A1
330
79E
100
AcDbEntity
  8
Dimensions
 62
   140
370
    -2
100
AcDbLine
 10
300.4815309435121
 20
-92.05132541256259
 30
0.0
 11
301.6198601843827
 21
-90.93328581010414
 31
0.0
  0
LINE
  5
7A2
330
79E
100
AcDbEntity
  8
Dimensions
 62
   140
370
    -2
100
AcDbLine
 10
297.7369877435505
 20
-90.88547660504504
 30
0.0
 11
297.7513346844596
 21
-89.28998289506902
 31
0.0
  0
ARC
  5
7A3
330
79E
100
AcDbEntity
  8
Dimensions
 62
   140
370
    -2
100
AcDbCircle
 10
297.7019553421386
 20
-94.78135771673688
 30
0.0
 40
4.272320749099467
100
AcDbArc
 50
338.1562382118008
 51
11.32051952933656
  0
ARC
  5
7A4
330
79E
100
AcDbEntity
  8
Dimensions
 62
   140
370
    -2
100
AcDbCircle
 10
297.7019553421386
 20
-94.78135771673688
 30
0.0
 40
4.272320749099467
100
AcDbArc
 50
122.649082164408
 51
155.8133634819437
  0
ARC
  5
7A5
330
79E
100
AcDbEntity
  8
Dimensions
 62
   140
370
    -2
100
AcDbCircle
 10
297.7019553421386
 20
-94.78135771673688
 30
0.0
 40
4.272320749099467
100
AcDbArc
 50
44.4848008468723
 51
89.48480084687226
  0
SOLID
  5
7A6
330
79E
100
AcDbEntity
  8
Dimensions
 62
   140
100
AcDbTrace
 10
302.2503315512471
 20
-93.7525173730421
 30
0.0
 11
301.5319796819354
 21
-94.13290781278643
 31
0.0
 12
300.7499842973583
 22
-91.78765698497892
 32
0.0
 13
300.7499842973583
 23
-91.78765698497892
 33
0.0
  0
SOLID
  5
7A7
330
79E
100
AcDbEntity
  8
Dimensions
 62
   140
100
AcDbTrace
 10
295.5095537095983
 20
-91.57465398813895
 30
0.0
 11
295.2845889349388
 21
-90.79355402977572
 31
0.0
 12
297.7403711973582
 22
-90.5092096849789
 32
0.0
 13
297.7403711973582
 23
-90.5092096849789
 33
0.0
  0
MTEXT
  5
7A8
330
79E
100
AcDbEntity
  8
Dimensions
 62
   140
100
AcDbMText
 10
300.1100878134978
 20
-89.11233480719818
 30
0.0
 40
2.438552163299664
 41
0.0
 46
0.0
 71
     5
 72
     1
  1
45%%d
 11
0.9204011697613603
 21
-0.3909753019078313
 31
0.0
 73
     1
 44
1.0
  0
POINT
  5
7A9
330
79E
100
AcDbEntity
  8
Defpoints
 62
     0
100
AcDbPoint
 10
297.7019553421386
 20
-94.78135771673688
 30
0.0
  0
POINT
  5
7AA
330
79E
100
AcDbEntity
  8
Defpoints
 62
     0
100
AcDbPoint
 10
300.0465929999999
 20
-92.47851099999998
 30
0.0
  0
POINT
  5
7AB
330
79E
100
AcDbEntity
  8
Defpoints
 62
     0
100
AcDbPoint
 10
297.7315059999999
 20
-91.49508999999998
 30
0.0
  0
POINT
  5
7AC
330
79E
100
AcDbEntity
  8
Defpoints
 62
     0
100
AcDbPoint
 10
299.8712984645459
 20
-91.10077692011659
 30
0.0
  0
ENDBLK
  5
7A0
330
79E
100
AcDbEntity
  8
0
100
AcDbBlockEnd
  0
BLOCK
  5
7AF
330
7AE
100
AcDbEntity
  8
0
100
AcDbBlockBegin
  2
*D41
 70
     1
 10
0.0
 20
0.0
 30
0.0
  3
*D41
  1

  0
LINE
  5
7B1
330
7AE
100
AcDbEntity
  8
Dimensions
 62
   140
370
    -2
100
AcDbLine
 10
286.0550861555613
 20
-91.03135951650744
 30
0.0
 11
286.0361799298567
 21
-89.48495757887032
 31
0.0
  0
LINE
  5
7B2
330
7AE
100
AcDbEntity
  8
Dimensions
 62
   140
370
    -2
100
AcDbLine
 10
283.4293230643203
 20
-92.15678797800368
 30
0.0
 11
282.3224830473746
 21
-91.07668540186282
 31
0.0
  0
ARC
  5
7B3
330
7AE
100
AcDbEntity
  8
Dimensions
 62
   140
370
    -2
100
AcDbCircle
 10
286.1007169375532
 20
-94.76365018048189
 30
0.0
 40
4.059811018187718
100
AcDbArc
 50
20.79117313863638
 51
55.74581665683522
  0
ARC
  5
7B4
330
7AE
100
AcDbEntity
  8
Dimensions
 62
   140
370
    -2
100
AcDbCircle
 10
286.1007169375532
 20
-94.76365018048189
 30
0.0
 40
4.059811018187718
100
AcDbArc
 50
170.6551036932333
 51
205.6097472114321
  0
ARC
  5
7B5
330
7AE
100
AcDbEntity
  8
Dimensions
 62
   140
370
    -2
100
AcDbCircle
 10
286.1007169375532
 20
-94.76365018048189
 30
0.0
 40
4.059811018187718
100
AcDbArc
 50
90.70046017503405
 51
135.7004601750344
  0
SOLID
  5
7B6
330
7AE
100
AcDbEntity
  8
Dimensions
 62
   140
100
AcDbTrace
 10
288.5031563117543
 20
-91.01889251529451
 30
0.0
 11
288.2685308788
 21
-91.79714517414226
 31
0.0
 12
286.0510856187339
 22
-90.70414254585542
 32
0.0
 13
286.0510856187339
 23
-90.70414254585542
 33
0.0
  0
SOLID
  5
7B7
330
7AE
100
AcDbEntity
  8
Dimensions
 62
   140
100
AcDbTrace
 10
282.4574829802655
 20
-94.28781873031507
 30
0.0
 11
281.7320861279256
 21
-93.92104127543563
 31
0.0
 12
283.1951169187338
 22
-91.92823944585537
 32
0.0
 13
283.1951169187338
 23
-91.92823944585537
 33
0.0
  0
MTEXT
  5
7B8
330
7AE
100
AcDbEntity
  8
Dimensions
 62
   140
100
AcDbMText
 10
283.7579848419468
 20
-89.29776791451317
 30
0.0
 40
2.438552163299664
 41
0.0
 46
0.0
 71
     5
 72
     1
  1
45%%d
 11
0.9191321752537672
 21
0.3939492916775944
 31
0.0
 73
     1
 44
1.0
  0
POINT
  5
7B9
330
7AE
100
AcDbEntity
  8
Defpoints
 62
     0
100
AcDbPoint
 10
286.1007169375532
 20
-94.76365018048189
 30
0.0
  0
POINT
  5
7BA
330
7AE
100
AcDbEntity
  8
Defpoints
 62
     0
100
AcDbPoint
 10
286.0625389999998
 20
-91.64095199999998
 30
0.0
  0
POINT
  5
7BB
330
7AE
100
AcDbEntity
  8
Defpoints
 62
     0
100
AcDbPoint
 10
283.8656399999999
 20
-92.58256499999996
 30
0.0
  0
POINT
  5
7BC
330
7AE
100
AcDbEntity
  8
Defpoints
 62
     0
100
AcDbPoint
 10
285.0020988753324
 20
-90.85531244472253
 30
0.0
  0
ENDBLK
  5
7B0
330
7AE
100
AcDbEntity
  8
0
100
AcDbBlockEnd
  0
BLOCK
  5
7BF
330
7BE
100
AcDbEntity
  8
0
100
AcDbBlockBegin
  2
*D42
 70
     1
 10
0.0
 20
0.0
 30
0.0
  3
*D42
  1

  0
LINE
  5
7C1
330
7BE
100
AcDbEntity
  8
Dimensions
 62
   140
370
    -2
100
AcDbLine
 10
265.7062819411566
 20
-95.81039165130224
 30
0.0
 11
265.7182974372481
 21
-94.27604536153196
 31
0.0
  0
LINE
  5
7C2
330
7BE
100
AcDbEntity
  8
Dimensions
 62
   140
370
    -2
100
AcDbLine
 10
262.4944231279675
 20
-97.63137397133316
 30
0.0
 11
261.1716480108698
 21
-96.85379510159382
 31
0.0
  0
ARC
  5
7C3
330
7BE
100
AcDbEntity
  8
Dimensions
 62
   140
370
    -2
100
AcDbCircle
 10
265.6773694835512
 20
-99.5024341369084
 30
0.0
 40
4.007272945076574
100
AcDbArc
 50
18.69533384866533
 51
54.1233293197365
  0
ARC
  5
7C4
330
7BE
100
AcDbEntity
  8
Dimensions
 62
   140
370
    -2
100
AcDbCircle
 10
265.6773694835512
 20
-99.5024341369084
 30
0.0
 40
4.007272945076574
100
AcDbArc
 50
184.9793202618789
 51
220.4073157329501
  0
ARC
  5
7C5
330
7BE
100
AcDbEntity
  8
Dimensions
 62
   140
370
    -2
100
AcDbCircle
 10
265.6773694835512
 20
-99.5024341369084
 30
0.0
 40
4.007272945076574
100
AcDbArc
 50
89.55132479080767
 51
149.5513247908077
  0
SOLID
  5
7C6
330
7BE
100
AcDbEntity
  8
Dimensions
 62
   140
100
AcDbTrace
 10
268.1524909343537
 20
-95.86924434738864
 30
0.0
 11
267.8991123878571
 21
-96.64159504944561
 31
0.0
 12
265.7087495549345
 22
-95.49528405892747
 32
0.0
 13
265.7087495549345
 23
-95.49528405892747
 33
0.0
  0
SOLID
  5
7C7
330
7BE
100
AcDbEntity
  8
Dimensions
 62
   140
100
AcDbTrace
 10
262.0816474524196
 20
-99.93984114648154
 30
0.0
 11
261.2887917971327
 21
-99.7606591030954
 31
0.0
 12
262.2227657549345
 22
-97.47168315892748
 32
0.0
 13
262.2227657549345
 23
-97.47168315892748
 33
0.0
  0
MTEXT
  5
7C8
330
7BE
100
AcDbEntity
  8
Dimensions
 62
   140
100
AcDbMText
 10
262.7703086786937
 20
-94.37494401037056
 30
0.0
 40
2.438552163299664
 41
0.0
 46
0.0
 71
     5
 72
     1
  1
60%%d
 11
0.8699142403770835
 21
0.4932030153893649
 31
0.0
 73
     1
 44
1.0
  0
POINT
  5
7C9
330
7BE
100
AcDbEntity
  8
Defpoints
 62
     0
100
AcDbPoint
 10
265.6773694835512
 20
-99.5024341369084
 30
0.0
  0
POINT
  5
7CA
330
7BE
100
AcDbEntity
  8
Defpoints
 62
     0
100
AcDbPoint
 10
265.7015079999999
 20
-96.42001099999999
 30
0.0
  0
POINT
  5
7CB
330
7BE
100
AcDbEntity
  8
Defpoints
 62
     0
100
AcDbPoint
 10
263.0199819999999
 20
-97.94031799999999
 30
0.0
  0
POINT
  5
7CC
330
7BE
100
AcDbEntity
  8
Defpoints
 62
     0
100
AcDbPoint
 10
264.3363310610712
 20
-95.72621216173597
 30
0.0
  0
ENDBLK
  5
7C0
330
7BE
100
AcDbEntity
  8
0
100
AcDbBlockEnd
  0
BLOCK
  5
7CF
330
7CE
100
AcDbEntity
  8
0
100
AcDbBlockBegin
  2
*D43
 70
     1
 10
0.0
 20
0.0
 30
0.0
  3
*D43
  1

  0
LINE
  5
7D1
330
7CE
100
AcDbEntity
  8
Dimensions
 62
   140
370
    -2
100
AcDbLine
 10
221.5782118084292
 20
-100.5728721690063
 30
0.0
 11
221.5794967168585
 21
-99.02420523801264
 31
0.0
  0
LINE
  5
7D2
330
7CE
100
AcDbEntity
  8
Dimensions
 62
   140
370
    -2
100
AcDbLine
 10
217.8353741690063
 20
-104.3095041915707
 30
0.0
 11
216.2867072380126
 21
-104.3082192831414
 31
0.0
  0
ARC
  5
7D3
330
7CE
100
AcDbEntity
  8
Dimensions
 62
   140
370
    -2
100
AcDbCircle
 10
221.575109
 20
-104.312607
 30
0.0
 40
4.069127500552466
100
AcDbArc
 50
124.8245066308073
 51
145.0804182930837
  0
SOLID
  5
7D4
330
7CE
100
AcDbEntity
  8
Dimensions
 62
   140
100
AcDbTrace
 10
219.3728335805414
 20
-101.3600916654603
 30
0.0
 11
219.1299139549575
 21
-100.5843878880435
 31
0.0
 12
221.5784850999999
 22
-100.2434809
 32
0.0
 13
221.5784850999999
 23
-100.2434809
 33
0.0
  0
SOLID
  5
7D5
330
7CE
100
AcDbEntity
  8
Dimensions
 62
   140
100
AcDbTrace
 10
217.8509525099595
 20
-101.8612288176814
 30
0.0
 11
218.6262521253082
 21
-102.1054352902261
 31
0.0
 12
217.5059829
 22
-104.3092309
 32
0.0
 13
217.5059829
 23
-104.3092309
 33
0.0
  0
MTEXT
  5
7D6
330
7CE
100
AcDbEntity
  8
Dimensions
 62
   140
100
AcDbMText
 10
217.3670043688405
 20
-100.0975137531877
 30
0.0
 40
2.438552163299664
 41
0.0
 46
0.0
 71
     5
 72
     1
  1
90%%d
 11
0.7076932147311999
 21
0.7065198608839103
 31
0.0
 73
     1
 44
1.0
  0
POINT
  5
7D7
330
7CE
100
AcDbEntity
  8
Defpoints
 62
     0
100
AcDbPoint
 10
221.575109
 20
-104.312607
 30
0.0
  0
POINT
  5
7D8
330
7CE
100
AcDbEntity
  8
Defpoints
 62
     0
100
AcDbPoint
 10
221.5777059999999
 20
-101.18251
 30
0.0
  0
POINT
  5
7D9
330
7CE
100
AcDbEntity
  8
Defpoints
 62
     0
100
AcDbPoint
 10
218.445012
 20
-104.31001
 30
0.0
  0
POINT
  5
7DA
330
7CE
100
AcDbEntity
  8
Defpoints
 62
     0
100
AcDbPoint
 10
219.5434697383657
 20
-100.7869523761977
 30
0.0
  0
ENDBLK
  5
7D0
330
7CE
100
AcDbEntity
  8
0
100
AcDbBlockEnd
  0
BLOCK
  5
7DD
330
7DC
100
AcDbEntity
  8
0
100
AcDbBlockBegin
  2
*D44
 70
     1
 10
0.0
 20
0.0
 30
0.0
  3
*D44
  1

  0
LINE
  5
7DF
330
7DC
100
AcDbEntity
  8
Dimensions
 62
   140
370
    -2
100
AcDbLine
 10
259.2149591838607
 20
-101.7921271010314
 30
0.0
 11
259.201867476825
 21
-103.3716281695321
 31
0.0
  0
LINE
  5
7E0
330
7DC
100
AcDbEntity
  8
Dimensions
 62
   140
370
    -2
100
AcDbLine
 10
262.558641488005
 20
-99.89842741765283
 30
0.0
 11
263.9199836851135
 21
-100.6995157027751
 31
0.0
  0
ARC
  5
7E1
330
7DC
100
AcDbEntity
  8
Dimensions
 62
   140
370
    -2
100
AcDbCircle
 10
259.2468083029885
 20
-97.94956344176869
 30
0.0
 40
4.202974889110634
100
AcDbArc
 50
202.0697375483753
 51
235.7974259517946
  0
ARC
  5
7E2
330
7DC
100
AcDbEntity
  8
Dimensions
 62
   140
370
    -2
100
AcDbCircle
 10
259.2468083029885
 20
-97.94956344176869
 30
0.0
 40
4.202974889110634
100
AcDbArc
 50
3.252802758633115
 51
36.98049116205239
  0
ARC
  5
7E3
330
7DC
100
AcDbEntity
  8
Dimensions
 62
   140
370
    -2
100
AcDbCircle
 10
259.2468083029885
 20
-97.94956344176869
 30
0.0
 40
4.202974889110634
100
AcDbArc
 50
269.5251143552139
 51
329.5251143552139
  0
SOLID
  5
7E4
330
7DC
100
AcDbEntity
  8
Dimensions
 62
   140
100
AcDbTrace
 10
256.763106849373
 20
-101.8136134060636
 30
0.0
 11
257.0053527752198
 21
-101.0376989737946
 31
0.0
 12
259.2119731091033
 22
-102.1523939674694
 32
0.0
 13
259.2119731091033
 23
-102.1523939674694
 33
0.0
  0
SOLID
  5
7E5
330
7DC
100
AcDbEntity
  8
Dimensions
 62
   140
100
AcDbTrace
 10
263.0480005869127
 20
-97.61543596944514
 30
0.0
 11
263.8380229388228
 21
-97.80672365403328
 31
0.0
 12
262.8691487091034
 22
-100.0811468674694
 32
0.0
 13
262.8691487091034
 23
-100.0811468674694
 33
0.0
  0
MTEXT
  5
7E6
330
7DC
100
AcDbEntity
  8
Dimensions
 62
   140
100
AcDbMText
 10
260.3881447163405
 20
-99.96480714798928
 30
0.0
 40
2.438552163299664
 41
0.0
 46
0.0
 71
     5
 72
     1
  1
60%%d
 11
0.8701397692085626
 21
0.4928050142213138
 31
0.0
 73
     1
 44
1.0
  0
POINT
  5
7E7
330
7DC
100
AcDbEntity
  8
Defpoints
 62
     0
100
AcDbPoint
 10
259.2468083029885
 20
-97.94956344176869
 30
0.0
  0
POINT
  5
7E8
330
7DC
100
AcDbEntity
  8
Defpoints
 62
     0
100
AcDbPoint
 10
259.2200119999999
 20
-101.18251
 30
0.0
  0
POINT
  5
7E9
330
7DC
100
AcDbEntity
  8
Defpoints
 62
     0
100
AcDbPoint
 10
262.033224
 20
-99.58924300000001
 30
0.0
  0
POINT
  5
7EA
330
7DC
100
AcDbEntity
  8
Defpoints
 62
     0
100
AcDbPoint
 10
260.6515266271246
 20
-101.9108466111888
 30
0.0
  0
ENDBLK
  5
7DE
330
7DC
100
AcDbEntity
  8
0
100
AcDbBlockEnd
  0
BLOCK
  5
7ED
330
7EC
100
AcDbEntity
  8
0
100
AcDbBlockBegin
  2
*D45
 70
     1
 10
0.0
 20
0.0
 30
0.0
  3
*D45
  1

  0
LINE
  5
7EF
330
7EC
100
AcDbEntity
  8
Dimensions
 62
   140
370
    -2
100
AcDbLine
 10
212.3846266470263
 20
-104.3065666747973
 30
0.0
 11
213.9782639795245
 21
-104.3041373495953
 31
0.0
  0
LINE
  5
7F0
330
7EC
100
AcDbEntity
  8
Dimensions
 62
   140
370
    -2
100
AcDbLine
 10
208.4890599893261
 20
-100.4228586675011
 30
0.0
 11
208.4866306641241
 21
-98.82922133500284
 31
0.0
  0
ARC
  5
7F1
330
7EC
100
AcDbEntity
  8
Dimensions
 62
   140
370
    -2
100
AcDbCircle
 10
208.4949893145281
 20
-104.3124959999993
 30
0.0
 40
4.264004954265437
100
AcDbArc
 50
33.31817457855547
 51
56.85650754075097
  0
SOLID
  5
7F2
330
7EC
100
AcDbEntity
  8
Dimensions
 62
   140
100
AcDbTrace
 10
211.6688555428302
 20
-102.087138954889
 30
0.0
 11
212.4474110045793
 21
-101.8535202746146
 31
0.0
 12
212.7589893145281
 22
-104.3059959999992
 32
0.0
 13
212.7589893145281
 23
-104.3059959999992
 33
0.0
  0
SOLID
  5
7F3
330
7EC
100
AcDbEntity
  8
Dimensions
 62
   140
100
AcDbTrace
 10
210.9419035736461
 20
-100.352595819118
 30
0.0
 11
210.7106596183039
 21
-101.1318599129336
 31
0.0
 12
208.4884893145281
 22
-100.0484959999992
 32
0.0
 13
208.4884893145281
 23
-100.0484959999992
 33
0.0
  0
MTEXT
  5
7F4
330
7EC
100
AcDbEntity
  8
Dimensions
 62
   140
100
AcDbMText
 10
212.8377536440922
 20
-99.9564713213372
 30
0.0
 40
2.438552163299664
 41
0.0
 46
0.0
 71
     5
 72
     1
  1
90%%d
 11
0.7081838650390062
 21
-0.7060280541865279
 31
0.0
 73
     1
 44
1.0
  0
POINT
  5
7F5
330
7EC
100
AcDbEntity
  8
Defpoints
 62
     0
100
AcDbPoint
 10
208.4949893145281
 20
-104.3124959999993
 30
0.0
  0
POINT
  5
7F6
330
7EC
100
AcDbEntity
  8
Defpoints
 62
     0
100
AcDbPoint
 10
211.7749893145281
 20
-104.3074959999992
 30
0.0
  0
POINT
  5
7F7
330
7EC
100
AcDbEntity
  8
Defpoints
 62
     0
100
AcDbPoint
 10
208.4899893145281
 20
-101.0324959999993
 30
0.0
  0
POINT
  5
7F8
330
7EC
100
AcDbEntity
  8
Defpoints
 62
     0
100
AcDbPoint
 10
212.1844716362649
 20
-102.1748668348746
 30
0.0
  0
ENDBLK
  5
7EE
330
7EC
100
AcDbEntity
  8
0
100
AcDbBlockEnd
  0
BLOCK
  5
7FB
330
7FA
100
AcDbEntity
  8
0
100
AcDbBlockBegin
  2
*D46
 70
     1
 10
0.0
 20
0.0
 30
0.0
  3
*D46
  1

  0
LINE
  5
7FD
330
7FA
100
AcDbEntity
  8
Dimensions
 62
   140
370
    -2
100
AcDbLine
 10
167.6444034424958
 20
-99.82113302866608
 30
0.0
 11
166.321628325398
 21
-100.5987118984054
 31
0.0
  0
LINE
  5
7FE
330
7FA
100
AcDbEntity
  8
Dimensions
 62
   140
370
    -2
100
AcDbLine
 10
170.8562622556849
 20
-101.642115348697
 30
0.0
 11
170.8682777517764
 21
-103.1764616384673
 31
0.0
  0
ARC
  5
7FF
330
7FA
100
AcDbEntity
  8
Dimensions
 62
   140
370
    -2
100
AcDbCircle
 10
170.8273497980795
 20
-97.9500728630908
 30
0.0
 40
4.007272945076646
100
AcDbArc
 50
139.5926842670515
 51
175.020679738122
  0
ARC
  5
800
330
7FA
100
AcDbEntity
  8
Dimensions
 62
   140
370
    -2
100
AcDbCircle
 10
170.8273497980795
 20
-97.9500728630908
 30
0.0
 40
4.007272945076646
100
AcDbArc
 50
305.8766706802633
 51
341.3046661513338
  0
ARC
  5
801
330
7FA
100
AcDbEntity
  8
Dimensions
 62
   140
370
    -2
100
AcDbCircle
 10
170.8273497980795
 20
-97.9500728630908
 30
0.0
 40
4.007272945076646
100
AcDbArc
 50
210.4486752091925
 51
270.4486752091928
  0
SOLID
  5
802
330
7FA
100
AcDbEntity
  8
Dimensions
 62
   140
100
AcDbTrace
 10
166.4387721116609
 20
-97.69184789690384
 30
0.0
 11
167.2316277669478
 21
-97.5126658535177
 31
0.0
 12
167.3727460694627
 22
-99.98082384107177
 32
0.0
 13
167.3727460694627
 23
-99.98082384107177
 33
0.0
  0
SOLID
  5
803
330
7FA
100
AcDbEntity
  8
Dimensions
 62
   140
100
AcDbTrace
 10
173.0490927023854
 20
-100.8109119505537
 30
0.0
 11
173.3024712488819
 21
-101.5832626526106
 31
0.0
 12
170.8587298694627
 22
-101.9572229410718
 32
0.0
 13
170.8587298694627
 23
-101.9572229410718
 33
0.0
  0
MTEXT
  5
804
330
7FA
100
AcDbEntity
  8
Dimensions
 62
   140
100
AcDbMText
 10
169.781612402937
 20
-99.79455033655283
 30
0.0
 40
2.438552163299664
 41
0.0
 46
0.0
 71
     5
 72
     1
  1
60%%d
 11
0.8699142403770808
 21
-0.4932030153893695
 31
0.0
 73
     1
 44
1.0
  0
POINT
  5
805
330
7FA
100
AcDbEntity
  8
Defpoints
 62
     0
100
AcDbPoint
 10
170.8273497980795
 20
-97.9500728630908
 30
0.0
  0
POINT
  5
806
330
7FA
100
AcDbEntity
  8
Defpoints
 62
     0
100
AcDbPoint
 10
168.1699623145281
 20
-99.51218899999924
 30
0.0
  0
POINT
  5
807
330
7FA
100
AcDbEntity
  8
Defpoints
 62
     0
100
AcDbPoint
 10
170.8514883145281
 20
-101.0324959999993
 30
0.0
  0
POINT
  5
808
330
7FA
100
AcDbEntity
  8
Defpoints
 62
     0
100
AcDbPoint
 10
168.2756419071066
 20
-101.0398986341482
 30
0.0
  0
ENDBLK
  5
7FC
330
7FA
100
AcDbEntity
  8
0
100
AcDbBlockEnd
  0
BLOCK
  5
80B
330
80A
100
AcDbEntity
  8
0
100
AcDbBlockBegin
  2
*D47
 70
     1
 10
0.0
 20
0.0
 30
0.0
  3
*D47
  1

  0
LINE
  5
80D
330
80A
100
AcDbEntity
  8
Dimensions
 62
   140
370
    -2
100
AcDbLine
 10
167.7087740898604
 20
-97.55433480683156
 30
0.0
 11
169.0698154116029
 21
-96.75426099444454
 31
0.0
  0
LINE
  5
80E
330
80A
100
AcDbEntity
  8
Dimensions
 62
   140
370
    -2
100
AcDbLine
 10
164.3682011825594
 20
-95.66037865279576
 30
0.0
 11
164.3558375970008
 21
-94.08164538637293
 31
0.0
  0
ARC
  5
80F
330
80A
100
AcDbEntity
  8
Dimensions
 62
   140
370
    -2
100
AcDbCircle
 10
164.398273493161
 20
-99.5003777307304
 30
0.0
 40
4.199622424972048
100
AcDbArc
 50
322.937855398255
 51
356.6932742705638
  0
ARC
  5
810
330
80A
100
AcDbEntity
  8
Dimensions
 62
   140
370
    -2
100
AcDbCircle
 10
164.398273493161
 20
-99.5003777307304
 30
0.0
 40
4.199622424972048
100
AcDbArc
 50
124.2041120151816
 51
157.9595308874905
  0
ARC
  5
811
330
80A
100
AcDbEntity
  8
Dimensions
 62
   140
370
    -2
100
AcDbCircle
 10
164.398273493161
 20
-99.5003777307304
 30
0.0
 40
4.199622424972048
100
AcDbArc
 50
30.4486931428727
 51
90.44869314287276
  0
SOLID
  5
812
330
80A
100
AcDbEntity
  8
Dimensions
 62
   140
100
AcDbTrace
 10
168.9859817151375
 20
-99.6472494164348
 30
0.0
 11
168.195825819563
 21
-99.83798471857214
 31
0.0
 12
168.0186978609383
 22
-97.37214938077989
 32
0.0
 13
168.0186978609383
 23
-97.37214938077989
 33
0.0
  0
SOLID
  5
813
330
80A
100
AcDbEntity
  8
Dimensions
 62
   140
100
AcDbTrace
 10
162.1585257499348
 20
-96.41510429119323
 30
0.0
 11
161.9164467687739
 21
-95.63913775733194
 31
0.0
 12
164.3653858609383
 22
-95.30088408077987
 32
0.0
 13
164.3653858609383
 23
-95.30088408077987
 33
0.0
  0
MTEXT
  5
814
330
80A
100
AcDbEntity
  8
Dimensions
 62
   140
100
AcDbMText
 10
167.4001999842242
 20
-94.20555911289381
 30
0.0
 40
2.438552163299664
 41
0.0
 46
0.0
 71
     5
 72
     1
  1
60%%d
 11
0.869914394750453
 21
-0.4932027431046517
 31
0.0
 73
     1
 44
1.0
  0
POINT
  5
815
330
80A
100
AcDbEntity
  8
Defpoints
 62
     0
100
AcDbPoint
 10
164.398273493161
 20
-99.5003777307304
 30
0.0
  0
POINT
  5
816
330
80A
100
AcDbEntity
  8
Defpoints
 62
     0
100
AcDbPoint
 10
167.1832153145281
 20
-97.86327899999924
 30
0.0
  0
POINT
  5
817
330
80A
100
AcDbEntity
  8
Defpoints
 62
     0
100
AcDbPoint
 10
164.3729753145281
 20
-96.26999799999923
 30
0.0
  0
POINT
  5
818
330
80A
100
AcDbEntity
  8
Defpoints
 62
     0
100
AcDbPoint
 10
167.072462590395
 20
-96.26223919376761
 30
0.0
  0
ENDBLK
  5
80C
330
80A
100
AcDbEntity
  8
0
100
AcDbBlockEnd
  0
BLOCK
  5
81B
330
81A
100
AcDbEntity
  8
0
100
AcDbBlockBegin
  2
*D48
 70
     1
 10
0.0
 20
0.0
 30
0.0
  3
*D48
  1

  0
LINE
  5
81D
330
81A
100
AcDbEntity
  8
Dimensions
 62
   140
370
    -2
100
AcDbLine
 10
148.6655731915118
 20
-95.75663987339973
 30
0.0
 11
147.555457159581
 21
-96.85356895105289
 31
0.0
  0
LINE
  5
81E
330
81A
100
AcDbEntity
  8
Dimensions
 62
   140
370
    -2
100
AcDbLine
 10
151.3315338565163
 20
-96.87962515911742
 30
0.0
 11
151.3222092717233
 21
-98.44024172248886
 31
0.0
  0
ARC
  5
81F
330
81A
100
AcDbEntity
  8
Dimensions
 62
   140
370
    -2
100
AcDbCircle
 10
151.3541166775766
 20
-93.10003331915513
 30
0.0
 40
4.121027643194344
100
AcDbArc
 50
155.8195306218178
 51
190.2385980269777
  0
ARC
  5
820
330
81A
100
AcDbEntity
  8
Dimensions
 62
   140
370
    -2
100
AcDbCircle
 10
151.3541166775766
 20
-93.10003331915513
 30
0.0
 40
4.121027643194344
100
AcDbArc
 50
304.0767328372976
 51
338.4958002424575
  0
ARC
  5
821
330
81A
100
AcDbEntity
  8
Dimensions
 62
   140
370
    -2
100
AcDbCircle
 10
151.3541166775766
 20
-93.10003331915513
 30
0.0
 40
4.121027643194344
100
AcDbArc
 50
224.6576654321377
 51
269.6576654321377
  0
SOLID
  5
822
330
81A
100
AcDbEntity
  8
Dimensions
 62
   140
100
AcDbTrace
 10
146.9380384716076
 20
-94.01987648577668
 30
0.0
 11
147.6593853497085
 21
-93.64519665412485
 31
0.0
 12
148.4227514056136
 22
-95.99657720425354
 32
0.0
 13
148.4227514056136
 23
-95.99657720425354
 33
0.0
  0
SOLID
  5
823
330
81A
100
AcDbEntity
  8
Dimensions
 62
   140
100
AcDbTrace
 10
153.5452134195556
 20
-96.12448991732512
 30
0.0
 11
153.7810656217612
 21
-96.90237167794649
 31
0.0
 12
151.3294942387943
 22
-97.22098740425245
 32
0.0
 13
151.3294942387943
 23
-97.22098740425245
 33
0.0
  0
MTEXT
  5
824
330
81A
100
AcDbEntity
  8
Dimensions
 62
   140
100
AcDbMText
 10
150.4868649388467
 20
-95.15888400180937
 30
0.0
 40
2.438552163299664
 41
0.0
 46
0.0
 71
     5
 72
     1
  1
45%%d
 11
0.9215765733883672
 21
-0.388196624639828
 31
0.0
 73
     1
 44
1.0
  0
POINT
  5
825
330
81A
100
AcDbEntity
  8
Defpoints
 62
     0
100
AcDbPoint
 10
151.3541166775766
 20
-93.10003331915513
 30
0.0
  0
POINT
  5
826
330
81A
100
AcDbEntity
  8
Defpoints
 62
     0
100
AcDbPoint
 10
149.0992203145281
 20
-95.32814400000007
 30
0.0
  0
POINT
  5
827
330
81A
100
AcDbEntity
  8
Defpoints
 62
     0
100
AcDbPoint
 10
151.3351763400518
 20
-96.26999799999922
 30
0.0
  0
POINT
  5
828
330
81A
100
AcDbEntity
  8
Defpoints
 62
     0
100
AcDbPoint
 10
149.2723159775393
 20
-96.65657302528753
 30
0.0
  0
ENDBLK
  5
81C
330
81A
100
AcDbEntity
  8
0
100
AcDbBlockEnd
  0
BLOCK
  5
82B
330
82A
100
AcDbEntity
  8
0
100
AcDbBlockBegin
  2
*D49
 70
     1
 10
0.0
 20
0.0
 30
0.0
  3
*D49
  1

  0
LINE
  5
82D
330
82A
100
AcDbEntity
  8
Dimensions
 62
   140
370
    -2
100
AcDbLine
 10
124.9135407782585
 20
-96.87957023133932
 30
0.0
 11
124.9376447116658
 21
-98.46091073676756
 31
0.0
  0
LINE
  5
82E
330
82A
100
AcDbEntity
  8
Dimensions
 62
   140
370
    -2
100
AcDbLine
 10
127.6178784942811
 20
-95.71079606599314
 30
0.0
 11
128.7530991438
 21
-96.8119286059808
 31
0.0
  0
ARC
  5
82F
330
82A
100
AcDbEntity
  8
Dimensions
 62
   140
370
    -2
100
AcDbCircle
 10
124.8548744156048
 20
-93.03075875303675
 30
0.0
 40
4.211506687742227
100
AcDbArc
 50
203.5586270555509
 51
237.2159515275641
  0
ARC
  5
830
330
82A
100
AcDbEntity
  8
Dimensions
 62
   140
370
    -2
100
AcDbCircle
 10
124.8548744156048
 20
-93.03075875303675
 30
0.0
 40
4.211506687742227
100
AcDbArc
 50
349.5306004715905
 51
23.18792494360372
  0
ARC
  5
831
330
82A
100
AcDbEntity
  8
Dimensions
 62
   140
370
    -2
100
AcDbCircle
 10
124.8548744156048
 20
-93.03075875303675
 30
0.0
 40
4.211506687742227
100
AcDbArc
 50
270.8732759995773
 51
315.8732759995773
  0
SOLID
  5
832
330
82A
100
AcDbEntity
  8
Dimensions
 62
   140
100
AcDbTrace
 10
122.4627305565096
 20
-96.96221388985327
 30
0.0
 11
122.6861740988399
 21
-96.18067740434316
 31
0.0
 12
124.9190617842051
 22
-97.24177627408908
 32
0.0
 13
124.9190617842051
 23
-97.24177627408908
 33
0.0
  0
SOLID
  5
833
330
82A
100
AcDbEntity
  8
Dimensions
 62
   140
100
AcDbTrace
 10
128.6351054573254
 20
-93.60963857216593
 30
0.0
 11
129.3574312270176
 21
-93.98242775820977
 31
0.0
 12
127.8779007840401
 22
-95.96301047426437
 32
0.0
 13
127.8779007840401
 23
-95.96301047426437
 33
0.0
  0
MTEXT
  5
834
330
82A
100
AcDbEntity
  8
Dimensions
 62
   140
100
AcDbMText
 10
125.7770621752447
 20
-95.1645389251114
 30
0.0
 40
2.438552163299664
 41
0.0
 46
0.0
 71
     5
 72
     1
  1
45%%d
 11
0.9179397642815282
 21
0.3967197866892611
 31
0.0
 73
     1
 44
1.0
  0
POINT
  5
835
330
82A
100
AcDbEntity
  8
Defpoints
 62
     0
100
AcDbPoint
 10
124.8548744156048
 20
-93.03075875303675
 30
0.0
  0
POINT
  5
836
330
82A
100
AcDbEntity
  8
Defpoints
 62
     0
100
AcDbPoint
 10
124.9042493145281
 20
-96.27000300000007
 30
0.0
  0
POINT
  5
837
330
82A
100
AcDbEntity
  8
Defpoints
 62
     0
100
AcDbPoint
 10
127.1802793144011
 20
-95.28633700013492
 30
0.0
  0
POINT
  5
838
330
82A
100
AcDbEntity
  8
Defpoints
 62
     0
100
AcDbPoint
 10
126.0067661863661
 20
-97.08167641812818
 30
0.0
  0
ENDBLK
  5
82C
330
82A
100
AcDbEntity
  8
0
100
AcDbBlockEnd
  0
BLOCK
  5
83B
330
83A
100
AcDbEntity
  8
0
100
AcDbBlockBegin
  2
*D50
 70
     1
 10
0.0
 20
0.0
 30
0.0
  3
*D50
  1

  0
LINE
  5
83D
330
83A
100
AcDbEntity
  8
Dimensions
 62
   140
370
    -2
100
AcDbLine
 10
111.9062734506197
 20
-95.6603836527966
 30
0.0
 11
111.9186370361784
 21
-94.08165038637377
 31
0.0
  0
LINE
  5
83E
330
83A
100
AcDbEntity
  8
Dimensions
 62
   140
370
    -2
100
AcDbLine
 10
108.5657005433186
 20
-97.55433980683237
 30
0.0
 11
107.2046592215762
 21
-96.75426599444533
 31
0.0
  0
ARC
  5
83F
330
83A
100
AcDbEntity
  8
Dimensions
 62
   140
370
    -2
100
AcDbCircle
 10
111.876201140018
 20
-99.50038273073129
 30
0.0
 40
4.199622424972087
100
AcDbArc
 50
22.04046911250941
 51
55.79588798481795
  0
ARC
  5
840
330
83A
100
AcDbEntity
  8
Dimensions
 62
   140
370
    -2
100
AcDbCircle
 10
111.876201140018
 20
-99.50038273073129
 30
0.0
 40
4.199622424972087
100
AcDbArc
 50
183.3067257294349
 51
217.0621446017434
  0
ARC
  5
841
330
83A
100
AcDbEntity
  8
Dimensions
 62
   140
370
    -2
100
AcDbCircle
 10
111.876201140018
 20
-99.50038273073129
 30
0.0
 40
4.199622424972087
100
AcDbArc
 50
89.55130685712649
 51
149.5513068571264
  0
SOLID
  5
842
330
83A
100
AcDbEntity
  8
Dimensions
 62
   140
100
AcDbTrace
 10
114.3580278644052
 20
-95.6391427573328
 30
0.0
 11
114.1159488832443
 21
-96.4151092911941
 31
0.0
 12
111.9090887722409
 22
-95.3008890807807
 32
0.0
 13
111.9090887722409
 23
-95.3008890807807
 33
0.0
  0
SOLID
  5
843
330
83A
100
AcDbEntity
  8
Dimensions
 62
   140
100
AcDbTrace
 10
108.0786488136161
 20
-99.83798971857296
 30
0.0
 11
107.2884929180415
 21
-99.64725441643562
 31
0.0
 12
108.2557767722408
 22
-97.3721543807807
 32
0.0
 13
108.2557767722408
 23
-97.3721543807807
 33
0.0
  0
MTEXT
  5
844
330
83A
100
AcDbEntity
  8
Dimensions
 62
   140
100
AcDbMText
 10
108.8742746489549
 20
-94.2055641128946
 30
0.0
 40
2.438552163299664
 41
0.0
 46
0.0
 71
     5
 72
     1
  1
60%%d
 11
0.8699143947504601
 21
0.4932027431046394
 31
0.0
 73
     1
 44
1.0
  0
POINT
  5
845
330
83A
100
AcDbEntity
  8
Defpoints
 62
     0
100
AcDbPoint
 10
111.876201140018
 20
-99.50038273073129
 30
0.0
  0
POINT
  5
846
330
83A
100
AcDbEntity
  8
Defpoints
 62
     0
100
AcDbPoint
 10
111.901499318651
 20
-96.27000300000007
 30
0.0
  0
POINT
  5
847
330
83A
100
AcDbEntity
  8
Defpoints
 62
     0
100
AcDbPoint
 10
109.091259318651
 20
-97.86328400000006
 30
0.0
  0
POINT
  5
848
330
83A
100
AcDbEntity
  8
Defpoints
 62
     0
100
AcDbPoint
 10
110.4707939852816
 20
-95.54290130414894
 30
0.0
  0
ENDBLK
  5
83C
330
83A
100
AcDbEntity
  8
0
100
AcDbBlockEnd
  0
BLOCK
  5
84B
330
84A
100
AcDbEntity
  8
0
100
AcDbBlockBegin
  2
*D51
 70
     1
 10
0.0
 20
0.0
 30
0.0
  3
*D51
  1

  0
LINE
  5
84D
330
84A
100
AcDbEntity
  8
Dimensions
 62
   140
370
    -2
100
AcDbLine
 10
105.4182093777158
 20
-101.6421213486995
 30
0.0
 11
105.4061938821781
 21
-103.1764676390677
 31
0.0
  0
LINE
  5
84E
330
84A
100
AcDbEntity
  8
Dimensions
 62
   140
370
    -2
100
AcDbLine
 10
108.6300681919637
 20
-99.82113902652401
 30
0.0
 11
109.9528433098561
 21
-100.5987178960829
 31
0.0
  0
ARC
  5
84F
330
84A
100
AcDbEntity
  8
Dimensions
 62
   140
370
    -2
100
AcDbCircle
 10
105.4471218339934
 20
-97.95007886110416
 30
0.0
 40
4.007272947648882
100
AcDbArc
 50
198.6953339165023
 51
234.1233293640785
  0
ARC
  5
850
330
84A
100
AcDbEntity
  8
Dimensions
 62
   140
370
    -2
100
AcDbCircle
 10
105.4471218339934
 20
-97.95007886110416
 30
0.0
 40
4.007272947648882
100
AcDbArc
 50
4.97932025923119
 51
40.40731570680736
  0
ARC
  5
851
330
84A
100
AcDbEntity
  8
Dimensions
 62
   140
370
    -2
100
AcDbCircle
 10
105.4471218339934
 20
-97.95007886110416
 30
0.0
 40
4.007272947648882
100
AcDbArc
 50
269.5513248116547
 51
329.551324811655
  0
SOLID
  5
852
330
84A
100
AcDbEntity
  8
Dimensions
 62
   140
100
AcDbTrace
 10
102.9720003844161
 20
-101.5832686545978
 30
0.0
 11
103.2253789304733
 21
-100.8109179523967
 31
0.0
 12
105.4157417640481
 22
-101.9572289416687
 32
0.0
 13
105.4157417640481
 23
-101.9572289416687
 33
0.0
  0
SOLID
  5
853
330
84A
100
AcDbEntity
  8
Dimensions
 62
   140
100
AcDbTrace
 10
109.0428438676894
 20
-97.5126718515552
 30
0.0
 11
109.8356995230049
 21
-97.6918538948154
 31
0.0
 12
108.9017255655666
 22
-99.98082983913167
 32
0.0
 13
108.9017255655666
 23
-99.98082983913167
 33
0.0
  0
MTEXT
  5
854
330
84A
100
AcDbEntity
  8
Dimensions
 62
   140
100
AcDbMText
 10
106.4928592310756
 20
-99.79455633642334
 30
0.0
 40
2.438552163299664
 41
0.0
 46
0.0
 71
     5
 72
     1
  1
60%%d
 11
0.8699142401976278
 21
0.4932030157058896
 31
0.0
 73
     1
 44
1.0
  0
POINT
  5
855
330
84A
100
AcDbEntity
  8
Defpoints
 62
     0
100
AcDbPoint
 10
105.4471218339934
 20
-97.95007886110416
 30
0.0
  0
POINT
  5
856
330
84A
100
AcDbEntity
  8
Defpoints
 62
     0
100
AcDbPoint
 10
105.4229833186508
 20
-101.032502
 30
0.0
  0
POINT
  5
857
330
84A
100
AcDbEntity
  8
Defpoints
 62
     0
100
AcDbPoint
 10
108.1045093198189
 20
-99.5121949980484
 30
0.0
  0
POINT
  5
858
330
84A
100
AcDbEntity
  8
Defpoints
 62
     0
100
AcDbPoint
 10
106.7881602587082
 20
-101.7263008382127
 30
0.0
  0
ENDBLK
  5
84C
330
84A
100
AcDbEntity
  8
0
100
AcDbBlockEnd
  0
ENDSEC
  0
SECTION
  2
ENTITIES
  0
LINE
  5
5F
330
1F
100
AcDbEntity
  8
User.3
100
AcDbLine
 10
194.296464
 20
-171.142629
 30
0.0
 11
206.541141
 21
-177.929963
 31
0.0
  0
LINE
  5
60
330
1F
100
AcDbEntity
  8
User.3
100
AcDbLine
 10
206.541141
 20
-177.929963
 30
0.0
 11
206.55603
 21
-177.942568
 31
0.0
  0
LINE
  5
61
330
1F
100
AcDbEntity
  8
User.3
100
AcDbLine
 10
206.55603
 20
-177.942568
 30
0.0
 11
206.566579
 21
-177.979354
 31
0.0
  0
LINE
  5
62
330
1F
100
AcDbEntity
  8
User.3
100
AcDbLine
 10
206.566579
 20
-177.979354
 30
0.0
 11
206.560631
 21
-177.997934
 31
0.0
  0
LINE
  5
63
330
1F
100
AcDbEntity
  8
User.3
100
AcDbLine
 10
206.560631
 20
-177.997934
 30
0.0
 11
199.773297
 21
-190.24261
 31
0.0
  0
LINE
  5
64
330
1F
100
AcDbEntity
  8
User.3
100
AcDbLine
 10
199.773297
 20
-190.24261
 30
0.0
 11
199.760692
 21
-190.2575
 31
0.0
  0
LINE
  5
65
330
1F
100
AcDbEntity
  8
User.3
100
AcDbLine
 10
199.760692
 20
-190.2575
 30
0.0
 11
199.723906
 21
-190.268049
 31
0.0
  0
LINE
  5
66
330
1F
100
AcDbEntity
  8
User.3
100
AcDbLine
 10
199.723906
 20
-190.268049
 30
0.0
 11
199.705326
 21
-190.262101
 31
0.0
  0
LINE
  5
67
330
1F
100
AcDbEntity
  8
User.3
100
AcDbLine
 10
199.705326
 20
-190.262101
 30
0.0
 11
187.46065
 21
-183.474767
 31
0.0
  0
LINE
  5
68
330
1F
100
AcDbEntity
  8
User.3
100
AcDbLine
 10
187.46065
 20
-183.474767
 30
0.0
 11
187.44576
 21
-183.462162
 31
0.0
  0
LINE
  5
69
330
1F
100
AcDbEntity
  8
User.3
100
AcDbLine
 10
187.44576
 20
-183.462162
 30
0.0
 11
187.435211
 21
-183.425376
 31
0.0
  0
LINE
  5
6A
330
1F
100
AcDbEntity
  8
User.3
100
AcDbLine
 10
187.435211
 20
-183.425376
 30
0.0
 11
187.441159
 21
-183.406796
 31
0.0
  0
LINE
  5
6B
330
1F
100
AcDbEntity
  8
User.3
100
AcDbLine
 10
187.441159
 20
-183.406796
 30
0.0
 11
194.228493
 21
-171.162119
 31
0.0
  0
LINE
  5
6C
330
1F
100
AcDbEntity
  8
User.3
100
AcDbLine
 10
194.228493
 20
-171.162119
 30
0.0
 11
194.241098
 21
-171.14723
 31
0.0
  0
LINE
  5
6D
330
1F
100
AcDbEntity
  8
User.3
100
AcDbLine
 10
194.241098
 20
-171.14723
 30
0.0
 11
194.277884
 21
-171.136681
 31
0.0
  0
LINE
  5
6E
330
1F
100
AcDbEntity
  8
User.3
100
AcDbLine
 10
194.277884
 20
-171.136681
 30
0.0
 11
194.296464
 21
-171.142629
 31
0.0
  0
LINE
  5
6F
330
1F
100
AcDbEntity
  8
User.3
100
AcDbLine
 10
235.833384
 20
-171.14723
 30
0.0
 11
235.845989
 21
-171.16212
 31
0.0
  0
LINE
  5
70
330
1F
100
AcDbEntity
  8
User.3
100
AcDbLine
 10
235.845989
 20
-171.16212
 30
0.0
 11
242.633323
 21
-183.406796
 31
0.0
  0
LINE
  5
71
330
1F
100
AcDbEntity
  8
User.3
100
AcDbLine
 10
242.633323
 20
-183.406796
 30
0.0
 11
242.639271
 21
-183.425376
 31
0.0
  0
LINE
  5
72
330
1F
100
AcDbEntity
  8
User.3
100
AcDbLine
 10
242.639271
 20
-183.425376
 30
0.0
 11
242.628722
 21
-183.462162
 31
0.0
  0
LINE
  5
73
330
1F
100
AcDbEntity
  8
User.3
100
AcDbLine
 10
242.628722
 20
-183.462162
 30
0.0
 11
242.613833
 21
-183.474767
 31
0.0
  0
LINE
  5
74
330
1F
100
AcDbEntity
  8
User.3
100
AcDbLine
 10
242.613833
 20
-183.474767
 30
0.0
 11
230.369156
 21
-190.262101
 31
0.0
  0
LINE
  5
75
330
1F
100
AcDbEntity
  8
User.3
100
AcDbLine
 10
230.369156
 20
-190.262101
 30
0.0
 11
230.350576
 21
-190.268049
 31
0.0
  0
LINE
  5
76
330
1F
100
AcDbEntity
  8
User.3
100
AcDbLine
 10
230.350576
 20
-190.268049
 30
0.0
 11
230.31379
 21
-190.2575
 31
0.0
  0
LINE
  5
77
330
1F
100
AcDbEntity
  8
User.3
100
AcDbLine
 10
230.31379
 20
-190.2575
 30
0.0
 11
230.301185
 21
-190.242611
 31
0.0
  0
LINE
  5
78
330
1F
100
AcDbEntity
  8
User.3
100
AcDbLine
 10
230.301185
 20
-190.242611
 30
0.0
 11
223.513851
 21
-177.997934
 31
0.0
  0
LINE
  5
79
330
1F
100
AcDbEntity
  8
User.3
100
AcDbLine
 10
223.513851
 20
-177.997934
 30
0.0
 11
223.507903
 21
-177.979354
 31
0.0
  0
LINE
  5
7A
330
1F
100
AcDbEntity
  8
User.3
100
AcDbLine
 10
223.507903
 20
-177.979354
 30
0.0
 11
223.518452
 21
-177.942568
 31
0.0
  0
LINE
  5
7B
330
1F
100
AcDbEntity
  8
User.3
100
AcDbLine
 10
223.518452
 20
-177.942568
 30
0.0
 11
223.533342
 21
-177.929963
 31
0.0
  0
LINE
  5
7C
330
1F
100
AcDbEntity
  8
User.3
100
AcDbLine
 10
223.533342
 20
-177.929963
 30
0.0
 11
235.778018
 21
-171.142629
 31
0.0
  0
LINE
  5
7D
330
1F
100
AcDbEntity
  8
User.3
100
AcDbLine
 10
235.778018
 20
-171.142629
 30
0.0
 11
235.796598
 21
-171.136681
 31
0.0
  0
LINE
  5
7E
330
1F
100
AcDbEntity
  8
User.3
100
AcDbLine
 10
235.796598
 20
-171.136681
 30
0.0
 11
235.833384
 21
-171.14723
 31
0.0
  0
LINE
  5
7F
330
1F
100
AcDbEntity
  8
User.3
100
AcDbLine
 10
258.215667
 20
-164.097118
 30
0.0
 11
258.231654
 21
-164.106348
 31
0.0
  0
LINE
  5
80
330
1F
100
AcDbEntity
  8
User.3
100
AcDbLine
 10
258.231654
 20
-164.106348
 30
0.0
 11
258.240282
 21
-164.123845
 31
0.0
  0
LINE
  5
81
330
1F
100
AcDbEntity
  8
User.3
100
AcDbLine
 10
258.240282
 20
-164.123845
 30
0.0
 11
261.863749
 21
-177.646806
 31
0.0
  0
LINE
  5
82
330
1F
100
AcDbEntity
  8
User.3
100
AcDbLine
 10
261.863749
 20
-177.646806
 30
0.0
 11
261.865024
 21
-177.666267
 31
0.0
  0
LINE
  5
83
330
1F
100
AcDbEntity
  8
User.3
100
AcDbLine
 10
261.865024
 20
-177.666267
 30
0.0
 11
261.845889
 21
-177.699417
 31
0.0
  0
LINE
  5
84
330
1F
100
AcDbEntity
  8
User.3
100
AcDbLine
 10
261.845889
 20
-177.699417
 30
0.0
 11
261.828392
 21
-177.708045
 31
0.0
  0
LINE
  5
85
330
1F
100
AcDbEntity
  8
User.3
100
AcDbLine
 10
261.828392
 20
-177.708045
 30
0.0
 11
248.305431
 21
-181.331512
 31
0.0
  0
LINE
  5
86
330
1F
100
AcDbEntity
  8
User.3
100
AcDbLine
 10
248.305431
 20
-181.331512
 30
0.0
 11
248.285968
 21
-181.332787
 31
0.0
  0
LINE
  5
87
330
1F
100
AcDbEntity
  8
User.3
100
AcDbLine
 10
248.285968
 20
-181.332787
 30
0.0
 11
248.252826
 21
-181.313652
 31
0.0
  0
LINE
  5
88
330
1F
100
AcDbEntity
  8
User.3
100
AcDbLine
 10
248.252826
 20
-181.313652
 30
0.0
 11
248.244198
 21
-181.296155
 31
0.0
  0
LINE
  5
89
330
1F
100
AcDbEntity
  8
User.3
100
AcDbLine
 10
248.244198
 20
-181.296155
 30
0.0
 11
244.620731
 21
-167.773194
 31
0.0
  0
LINE
  5
8A
330
1F
100
AcDbEntity
  8
User.3
100
AcDbLine
 10
244.620731
 20
-167.773194
 30
0.0
 11
244.619455
 21
-167.753727
 31
0.0
  0
LINE
  5
8B
330
1F
100
AcDbEntity
  8
User.3
100
AcDbLine
 10
244.619455
 20
-167.753727
 30
0.0
 11
244.638589
 21
-167.720585
 31
0.0
  0
LINE
  5
8C
330
1F
100
AcDbEntity
  8
User.3
100
AcDbLine
 10
244.638589
 20
-167.720585
 30
0.0
 11
244.656086
 21
-167.711957
 31
0.0
  0
LINE
  5
8D
330
1F
100
AcDbEntity
  8
User.3
100
AcDbLine
 10
244.656086
 20
-167.711957
 30
0.0
 11
258.1790469999999
 21
-164.08849
 31
0.0
  0
LINE
  5
8E
330
1F
100
AcDbEntity
  8
User.3
100
AcDbLine
 10
258.1790469999999
 20
-164.08849
 30
0.0
 11
258.1985129999999
 21
-164.087214
 31
0.0
  0
LINE
  5
8F
330
1F
100
AcDbEntity
  8
User.3
100
AcDbLine
 10
258.1985129999999
 20
-164.087214
 30
0.0
 11
258.215667
 21
-164.097118
 31
0.0
  0
LINE
  5
90
330
1F
100
AcDbEntity
  8
User.3
100
AcDbLine
 10
171.875968
 20
-164.087213
 30
0.0
 11
171.895431
 21
-164.088489
 31
0.0
  0
LINE
  5
91
330
1F
100
AcDbEntity
  8
User.3
100
AcDbLine
 10
171.895431
 20
-164.088489
 30
0.0
 11
185.418392
 21
-167.711956
 31
0.0
  0
LINE
  5
92
330
1F
100
AcDbEntity
  8
User.3
100
AcDbLine
 10
185.418392
 20
-167.711956
 30
0.0
 11
185.435889
 21
-167.720584
 31
0.0
  0
LINE
  5
93
330
1F
100
AcDbEntity
  8
User.3
100
AcDbLine
 10
185.435889
 20
-167.720584
 30
0.0
 11
185.455024
 21
-167.753726
 31
0.0
  0
LINE
  5
94
330
1F
100
AcDbEntity
  8
User.3
100
AcDbLine
 10
185.455024
 20
-167.753726
 30
0.0
 11
185.453749
 21
-167.773193
 31
0.0
  0
LINE
  5
95
330
1F
100
AcDbEntity
  8
User.3
100
AcDbLine
 10
185.453749
 20
-167.773193
 30
0.0
 11
181.830282
 21
-181.296154
 31
0.0
  0
LINE
  5
96
330
1F
100
AcDbEntity
  8
User.3
100
AcDbLine
 10
181.830282
 20
-181.296154
 30
0.0
 11
181.821654
 21
-181.313651
 31
0.0
  0
LINE
  5
97
330
1F
100
AcDbEntity
  8
User.3
100
AcDbLine
 10
181.821654
 20
-181.313651
 30
0.0
 11
181.788513
 21
-181.332785
 31
0.0
  0
LINE
  5
98
330
1F
100
AcDbEntity
  8
User.3
100
AcDbLine
 10
181.788513
 20
-181.332785
 30
0.0
 11
181.769047
 21
-181.33151
 31
0.0
  0
LINE
  5
99
330
1F
100
AcDbEntity
  8
User.3
100
AcDbLine
 10
181.769047
 20
-181.33151
 30
0.0
 11
168.246086
 21
-177.708043
 31
0.0
  0
LINE
  5
9A
330
1F
100
AcDbEntity
  8
User.3
100
AcDbLine
 10
168.246086
 20
-177.708043
 30
0.0
 11
168.228589
 21
-177.699415
 31
0.0
  0
LINE
  5
9B
330
1F
100
AcDbEntity
  8
User.3
100
AcDbLine
 10
168.228589
 20
-177.699415
 30
0.0
 11
168.209455
 21
-177.666273
 31
0.0
  0
LINE
  5
9C
330
1F
100
AcDbEntity
  8
User.3
100
AcDbLine
 10
168.209455
 20
-177.666273
 30
0.0
 11
168.210731
 21
-177.646806
 31
0.0
  0
LINE
  5
9D
330
1F
100
AcDbEntity
  8
User.3
100
AcDbLine
 10
168.210731
 20
-177.646806
 30
0.0
 11
171.834198
 21
-164.123845
 31
0.0
  0
LINE
  5
9E
330
1F
100
AcDbEntity
  8
User.3
100
AcDbLine
 10
171.834198
 20
-164.123845
 30
0.0
 11
171.842826
 21
-164.106348
 31
0.0
  0
LINE
  5
9F
330
1F
100
AcDbEntity
  8
User.3
100
AcDbLine
 10
171.842826
 20
-164.106348
 30
0.0
 11
171.875968
 21
-164.087213
 31
0.0
  0
LINE
  5
A0
330
1F
100
AcDbEntity
  8
User.3
100
AcDbLine
 10
162.301375
 20
-162.963806
 30
0.0
 11
162.328435
 21
-162.990866
 31
0.0
  0
LINE
  5
A1
330
1F
100
AcDbEntity
  8
User.3
100
AcDbLine
 10
162.328435
 20
-162.990866
 30
0.0
 11
162.332241
 21
-163.01
 31
0.0
  0
LINE
  5
A2
330
1F
100
AcDbEntity
  8
User.3
100
AcDbLine
 10
162.332241
 20
-163.01
 30
0.0
 11
162.332241
 21
-177.01
 31
0.0
  0
LINE
  5
A3
330
1F
100
AcDbEntity
  8
User.3
100
AcDbLine
 10
162.332241
 20
-177.01
 30
0.0
 11
162.328435
 21
-177.029134
 31
0.0
  0
LINE
  5
A4
330
1F
100
AcDbEntity
  8
User.3
100
AcDbLine
 10
162.328435
 20
-177.029134
 30
0.0
 11
162.301375
 21
-177.056194
 31
0.0
  0
LINE
  5
A5
330
1F
100
AcDbEntity
  8
User.3
100
AcDbLine
 10
162.301375
 20
-177.056194
 30
0.0
 11
162.282241
 21
-177.06
 31
0.0
  0
LINE
  5
A6
330
1F
100
AcDbEntity
  8
User.3
100
AcDbLine
 10
162.282241
 20
-177.06
 30
0.0
 11
148.282241
 21
-177.06
 31
0.0
  0
LINE
  5
A7
330
1F
100
AcDbEntity
  8
User.3
100
AcDbLine
 10
148.282241
 20
-177.06
 30
0.0
 11
148.263107
 21
-177.056194
 31
0.0
  0
LINE
  5
A8
330
1F
100
AcDbEntity
  8
User.3
100
AcDbLine
 10
148.263107
 20
-177.056194
 30
0.0
 11
148.236047
 21
-177.029134
 31
0.0
  0
LINE
  5
A9
330
1F
100
AcDbEntity
  8
User.3
100
AcDbLine
 10
148.236047
 20
-177.029134
 30
0.0
 11
148.232241
 21
-177.01
 31
0.0
  0
LINE
  5
AA
330
1F
100
AcDbEntity
  8
User.3
100
AcDbLine
 10
148.232241
 20
-177.01
 30
0.0
 11
148.232241
 21
-163.01
 31
0.0
  0
LINE
  5
AB
330
1F
100
AcDbEntity
  8
User.3
100
AcDbLine
 10
148.232241
 20
-163.01
 30
0.0
 11
148.236047
 21
-162.990866
 31
0.0
  0
LINE
  5
AC
330
1F
100
AcDbEntity
  8
User.3
100
AcDbLine
 10
148.236047
 20
-162.990866
 30
0.0
 11
148.263107
 21
-162.963806
 31
0.0
  0
LINE
  5
AD
330
1F
100
AcDbEntity
  8
User.3
100
AcDbLine
 10
148.263107
 20
-162.963806
 30
0.0
 11
148.282241
 21
-162.96
 31
0.0
  0
LINE
  5
AE
330
1F
100
AcDbEntity
  8
User.3
100
AcDbLine
 10
148.282241
 20
-162.96
 30
0.0
 11
162.282241
 21
-162.96
 31
0.0
  0
LINE
  5
AF
330
1F
100
AcDbEntity
  8
User.3
100
AcDbLine
 10
162.282241
 20
-162.96
 30
0.0
 11
162.301375
 21
-162.963806
 31
0.0
  0
LINE
  5
B0
330
1F
100
AcDbEntity
  8
User.3
100
AcDbLine
 10
281.811375
 20
-162.963806
 30
0.0
 11
281.838435
 21
-162.990866
 31
0.0
  0
LINE
  5
B1
330
1F
100
AcDbEntity
  8
User.3
100
AcDbLine
 10
281.838435
 20
-162.990866
 30
0.0
 11
281.842241
 21
-163.01
 31
0.0
  0
LINE
  5
B2
330
1F
100
AcDbEntity
  8
User.3
100
AcDbLine
 10
281.842241
 20
-163.01
 30
0.0
 11
281.842241
 21
-177.01
 31
0.0
  0
LINE
  5
B3
330
1F
100
AcDbEntity
  8
User.3
100
AcDbLine
 10
281.842241
 20
-177.01
 30
0.0
 11
281.838435
 21
-177.029134
 31
0.0
  0
LINE
  5
B4
330
1F
100
AcDbEntity
  8
User.3
100
AcDbLine
 10
281.838435
 20
-177.029134
 30
0.0
 11
281.811375
 21
-177.056194
 31
0.0
  0
LINE
  5
B5
330
1F
100
AcDbEntity
  8
User.3
100
AcDbLine
 10
281.811375
 20
-177.056194
 30
0.0
 11
281.792241
 21
-177.06
 31
0.0
  0
LINE
  5
B6
330
1F
100
AcDbEntity
  8
User.3
100
AcDbLine
 10
281.792241
 20
-177.06
 30
0.0
 11
267.792241
 21
-177.06
 31
0.0
  0
LINE
  5
B7
330
1F
100
AcDbEntity
  8
User.3
100
AcDbLine
 10
267.792241
 20
-177.06
 30
0.0
 11
267.773107
 21
-177.056194
 31
0.0
  0
LINE
  5
B8
330
1F
100
AcDbEntity
  8
User.3
100
AcDbLine
 10
267.773107
 20
-177.056194
 30
0.0
 11
267.746047
 21
-177.029134
 31
0.0
  0
LINE
  5
B9
330
1F
100
AcDbEntity
  8
User.3
100
AcDbLine
 10
267.746047
 20
-177.029134
 30
0.0
 11
267.742241
 21
-177.01
 31
0.0
  0
LINE
  5
BA
330
1F
100
AcDbEntity
  8
User.3
100
AcDbLine
 10
267.742241
 20
-177.01
 30
0.0
 11
267.742241
 21
-163.01
 31
0.0
  0
LINE
  5
BB
330
1F
100
AcDbEntity
  8
User.3
100
AcDbLine
 10
267.742241
 20
-163.01
 30
0.0
 11
267.746047
 21
-162.990866
 31
0.0
  0
LINE
  5
BC
330
1F
100
AcDbEntity
  8
User.3
100
AcDbLine
 10
267.746047
 20
-162.990866
 30
0.0
 11
267.773107
 21
-162.963806
 31
0.0
  0
LINE
  5
BD
330
1F
100
AcDbEntity
  8
User.3
100
AcDbLine
 10
267.773107
 20
-162.963806
 30
0.0
 11
267.792241
 21
-162.96
 31
0.0
  0
LINE
  5
BE
330
1F
100
AcDbEntity
  8
User.3
100
AcDbLine
 10
267.792241
 20
-162.96
 30
0.0
 11
281.792241
 21
-162.96
 31
0.0
  0
LINE
  5
BF
330
1F
100
AcDbEntity
  8
User.3
100
AcDbLine
 10
281.792241
 20
-162.96
 30
0.0
 11
281.811375
 21
-162.963806
 31
0.0
  0
LINE
  5
C0
330
1F
100
AcDbEntity
  8
User.3
100
AcDbLine
 10
107.056375
 20
-142.961306
 30
0.0
 11
107.083435
 21
-142.988366
 31
0.0
  0
LINE
  5
C1
330
1F
100
AcDbEntity
  8
User.3
100
AcDbLine
 10
107.083435
 20
-142.988366
 30
0.0
 11
107.087241
 21
-143.0075
 31
0.0
  0
LINE
  5
C2
330
1F
100
AcDbEntity
  8
User.3
100
AcDbLine
 10
107.087241
 20
-143.0075
 30
0.0
 11
107.087241
 21
-157.0075
 31
0.0
  0
LINE
  5
C3
330
1F
100
AcDbEntity
  8
User.3
100
AcDbLine
 10
107.087241
 20
-157.0075
 30
0.0
 11
107.083435
 21
-157.026634
 31
0.0
  0
LINE
  5
C4
330
1F
100
AcDbEntity
  8
User.3
100
AcDbLine
 10
107.083435
 20
-157.026634
 30
0.0
 11
107.056375
 21
-157.053694
 31
0.0
  0
LINE
  5
C5
330
1F
100
AcDbEntity
  8
User.3
100
AcDbLine
 10
107.056375
 20
-157.053694
 30
0.0
 11
107.037241
 21
-157.0575
 31
0.0
  0
LINE
  5
C6
330
1F
100
AcDbEntity
  8
User.3
100
AcDbLine
 10
107.037241
 20
-157.0575
 30
0.0
 11
93.03724100000001
 21
-157.0575
 31
0.0
  0
LINE
  5
C7
330
1F
100
AcDbEntity
  8
User.3
100
AcDbLine
 10
93.03724100000001
 20
-157.0575
 30
0.0
 11
93.01810699999999
 21
-157.053694
 31
0.0
  0
LINE
  5
C8
330
1F
100
AcDbEntity
  8
User.3
100
AcDbLine
 10
93.01810699999999
 20
-157.053694
 30
0.0
 11
92.991047
 21
-157.026634
 31
0.0
  0
LINE
  5
C9
330
1F
100
AcDbEntity
  8
User.3
100
AcDbLine
 10
92.991047
 20
-157.026634
 30
0.0
 11
92.98724099999998
 21
-157.0075
 31
0.0
  0
LINE
  5
CA
330
1F
100
AcDbEntity
  8
User.3
100
AcDbLine
 10
92.98724099999998
 20
-157.0075
 30
0.0
 11
92.98724099999998
 21
-143.0075
 31
0.0
  0
LINE
  5
CB
330
1F
100
AcDbEntity
  8
User.3
100
AcDbLine
 10
92.98724099999998
 20
-143.0075
 30
0.0
 11
92.991047
 21
-142.988366
 31
0.0
  0
LINE
  5
CC
330
1F
100
AcDbEntity
  8
User.3
100
AcDbLine
 10
92.991047
 20
-142.988366
 30
0.0
 11
93.01810699999999
 21
-142.961306
 31
0.0
  0
LINE
  5
CD
330
1F
100
AcDbEntity
  8
User.3
100
AcDbLine
 10
93.01810699999999
 20
-142.961306
 30
0.0
 11
93.03724100000001
 21
-142.9575
 31
0.0
  0
LINE
  5
CE
330
1F
100
AcDbEntity
  8
User.3
100
AcDbLine
 10
93.03724100000001
 20
-142.9575
 30
0.0
 11
107.037241
 21
-142.9575
 31
0.0
  0
LINE
  5
CF
330
1F
100
AcDbEntity
  8
User.3
100
AcDbLine
 10
107.037241
 20
-142.9575
 30
0.0
 11
107.056375
 21
-142.961306
 31
0.0
  0
LINE
  5
D0
330
1F
100
AcDbEntity
  8
User.3
100
AcDbLine
 10
183.256375
 20
-142.961306
 30
0.0
 11
183.283435
 21
-142.988366
 31
0.0
  0
LINE
  5
D1
330
1F
100
AcDbEntity
  8
User.3
100
AcDbLine
 10
183.283435
 20
-142.988366
 30
0.0
 11
183.287241
 21
-143.0075
 31
0.0
  0
LINE
  5
D2
330
1F
100
AcDbEntity
  8
User.3
100
AcDbLine
 10
183.287241
 20
-143.0075
 30
0.0
 11
183.287241
 21
-157.0075
 31
0.0
  0
LINE
  5
D3
330
1F
100
AcDbEntity
  8
User.3
100
AcDbLine
 10
183.287241
 20
-157.0075
 30
0.0
 11
183.283435
 21
-157.026634
 31
0.0
  0
LINE
  5
D4
330
1F
100
AcDbEntity
  8
User.3
100
AcDbLine
 10
183.283435
 20
-157.026634
 30
0.0
 11
183.256375
 21
-157.053694
 31
0.0
  0
LINE
  5
D5
330
1F
100
AcDbEntity
  8
User.3
100
AcDbLine
 10
183.256375
 20
-157.053694
 30
0.0
 11
183.237241
 21
-157.0575
 31
0.0
  0
LINE
  5
D6
330
1F
100
AcDbEntity
  8
User.3
100
AcDbLine
 10
183.237241
 20
-157.0575
 30
0.0
 11
169.237241
 21
-157.0575
 31
0.0
  0
LINE
  5
D7
330
1F
100
AcDbEntity
  8
User.3
100
AcDbLine
 10
169.237241
 20
-157.0575
 30
0.0
 11
169.218107
 21
-157.053694
 31
0.0
  0
LINE
  5
D8
330
1F
100
AcDbEntity
  8
User.3
100
AcDbLine
 10
169.218107
 20
-157.053694
 30
0.0
 11
169.191047
 21
-157.026634
 31
0.0
  0
LINE
  5
D9
330
1F
100
AcDbEntity
  8
User.3
100
AcDbLine
 10
169.191047
 20
-157.026634
 30
0.0
 11
169.187241
 21
-157.0075
 31
0.0
  0
LINE
  5
DA
330
1F
100
AcDbEntity
  8
User.3
100
AcDbLine
 10
169.187241
 20
-157.0075
 30
0.0
 11
169.187241
 21
-143.0075
 31
0.0
  0
LINE
  5
DB
330
1F
100
AcDbEntity
  8
User.3
100
AcDbLine
 10
169.187241
 20
-143.0075
 30
0.0
 11
169.191047
 21
-142.988366
 31
0.0
  0
LINE
  5
DC
330
1F
100
AcDbEntity
  8
User.3
100
AcDbLine
 10
169.191047
 20
-142.988366
 30
0.0
 11
169.218107
 21
-142.961306
 31
0.0
  0
LINE
  5
DD
330
1F
100
AcDbEntity
  8
User.3
100
AcDbLine
 10
169.218107
 20
-142.961306
 30
0.0
 11
169.237241
 21
-142.9575
 31
0.0
  0
LINE
  5
DE
330
1F
100
AcDbEntity
  8
User.3
100
AcDbLine
 10
169.237241
 20
-142.9575
 30
0.0
 11
183.237241
 21
-142.9575
 31
0.0
  0
LINE
  5
DF
330
1F
100
AcDbEntity
  8
User.3
100
AcDbLine
 10
183.237241
 20
-142.9575
 30
0.0
 11
183.256375
 21
-142.961306
 31
0.0
  0
LINE
  5
E0
330
1F
100
AcDbEntity
  8
User.3
100
AcDbLine
 10
260.856375
 20
-142.961306
 30
0.0
 11
260.883435
 21
-142.988366
 31
0.0
  0
LINE
  5
E1
330
1F
100
AcDbEntity
  8
User.3
100
AcDbLine
 10
260.883435
 20
-142.988366
 30
0.0
 11
260.887241
 21
-143.0075
 31
0.0
  0
LINE
  5
E2
330
1F
100
AcDbEntity
  8
User.3
100
AcDbLine
 10
260.887241
 20
-143.0075
 30
0.0
 11
260.887241
 21
-157.0075
 31
0.0
  0
LINE
  5
E3
330
1F
100
AcDbEntity
  8
User.3
100
AcDbLine
 10
260.887241
 20
-157.0075
 30
0.0
 11
260.883435
 21
-157.026634
 31
0.0
  0
LINE
  5
E4
330
1F
100
AcDbEntity
  8
User.3
100
AcDbLine
 10
260.883435
 20
-157.026634
 30
0.0
 11
260.856375
 21
-157.053694
 31
0.0
  0
LINE
  5
E5
330
1F
100
AcDbEntity
  8
User.3
100
AcDbLine
 10
260.856375
 20
-157.053694
 30
0.0
 11
260.837241
 21
-157.0575
 31
0.0
  0
LINE
  5
E6
330
1F
100
AcDbEntity
  8
User.3
100
AcDbLine
 10
260.837241
 20
-157.0575
 30
0.0
 11
246.837241
 21
-157.0575
 31
0.0
  0
LINE
  5
E7
330
1F
100
AcDbEntity
  8
User.3
100
AcDbLine
 10
246.837241
 20
-157.0575
 30
0.0
 11
246.818107
 21
-157.053694
 31
0.0
  0
LINE
  5
E8
330
1F
100
AcDbEntity
  8
User.3
100
AcDbLine
 10
246.818107
 20
-157.053694
 30
0.0
 11
246.791047
 21
-157.026634
 31
0.0
  0
LINE
  5
E9
330
1F
100
AcDbEntity
  8
User.3
100
AcDbLine
 10
246.791047
 20
-157.026634
 30
0.0
 11
246.787241
 21
-157.0075
 31
0.0
  0
LINE
  5
EA
330
1F
100
AcDbEntity
  8
User.3
100
AcDbLine
 10
246.787241
 20
-157.0075
 30
0.0
 11
246.787241
 21
-143.0075
 31
0.0
  0
LINE
  5
EB
330
1F
100
AcDbEntity
  8
User.3
100
AcDbLine
 10
246.787241
 20
-143.0075
 30
0.0
 11
246.791047
 21
-142.988366
 31
0.0
  0
LINE
  5
EC
330
1F
100
AcDbEntity
  8
User.3
100
AcDbLine
 10
246.791047
 20
-142.988366
 30
0.0
 11
246.818107
 21
-142.961306
 31
0.0
  0
LINE
  5
ED
330
1F
100
AcDbEntity
  8
User.3
100
AcDbLine
 10
246.818107
 20
-142.961306
 30
0.0
 11
246.837241
 21
-142.9575
 31
0.0
  0
LINE
  5
EE
330
1F
100
AcDbEntity
  8
User.3
100
AcDbLine
 10
246.837241
 20
-142.9575
 30
0.0
 11
260.837241
 21
-142.9575
 31
0.0
  0
LINE
  5
EF
330
1F
100
AcDbEntity
  8
User.3
100
AcDbLine
 10
260.837241
 20
-142.9575
 30
0.0
 11
260.856375
 21
-142.961306
 31
0.0
  0
LINE
  5
F0
330
1F
100
AcDbEntity
  8
User.3
100
AcDbLine
 10
337.056375
 20
-142.961306
 30
0.0
 11
337.083435
 21
-142.988366
 31
0.0
  0
LINE
  5
F1
330
1F
100
AcDbEntity
  8
User.3
100
AcDbLine
 10
337.083435
 20
-142.988366
 30
0.0
 11
337.087241
 21
-143.0075
 31
0.0
  0
LINE
  5
F2
330
1F
100
AcDbEntity
  8
User.3
100
AcDbLine
 10
337.087241
 20
-143.0075
 30
0.0
 11
337.087241
 21
-157.0075
 31
0.0
  0
LINE
  5
F3
330
1F
100
AcDbEntity
  8
User.3
100
AcDbLine
 10
337.087241
 20
-157.0075
 30
0.0
 11
337.083435
 21
-157.026634
 31
0.0
  0
LINE
  5
F4
330
1F
100
AcDbEntity
  8
User.3
100
AcDbLine
 10
337.083435
 20
-157.026634
 30
0.0
 11
337.056375
 21
-157.053694
 31
0.0
  0
LINE
  5
F5
330
1F
100
AcDbEntity
  8
User.3
100
AcDbLine
 10
337.056375
 20
-157.053694
 30
0.0
 11
337.037241
 21
-157.0575
 31
0.0
  0
LINE
  5
F6
330
1F
100
AcDbEntity
  8
User.3
100
AcDbLine
 10
337.037241
 20
-157.0575
 30
0.0
 11
323.037241
 21
-157.0575
 31
0.0
  0
LINE
  5
F7
330
1F
100
AcDbEntity
  8
User.3
100
AcDbLine
 10
323.037241
 20
-157.0575
 30
0.0
 11
323.018107
 21
-157.053694
 31
0.0
  0
LINE
  5
F8
330
1F
100
AcDbEntity
  8
User.3
100
AcDbLine
 10
323.018107
 20
-157.053694
 30
0.0
 11
322.991047
 21
-157.026634
 31
0.0
  0
LINE
  5
F9
330
1F
100
AcDbEntity
  8
User.3
100
AcDbLine
 10
322.991047
 20
-157.026634
 30
0.0
 11
322.987241
 21
-157.0075
 31
0.0
  0
LINE
  5
FA
330
1F
100
AcDbEntity
  8
User.3
100
AcDbLine
 10
322.987241
 20
-157.0075
 30
0.0
 11
322.987241
 21
-143.0075
 31
0.0
  0
LINE
  5
FB
330
1F
100
AcDbEntity
  8
User.3
100
AcDbLine
 10
322.987241
 20
-143.0075
 30
0.0
 11
322.991047
 21
-142.988366
 31
0.0
  0
LINE
  5
FC
330
1F
100
AcDbEntity
  8
User.3
100
AcDbLine
 10
322.991047
 20
-142.988366
 30
0.0
 11
323.018107
 21
-142.961306
 31
0.0
  0
LINE
  5
FD
330
1F
100
AcDbEntity
  8
User.3
100
AcDbLine
 10
323.018107
 20
-142.961306
 30
0.0
 11
323.037241
 21
-142.9575
 31
0.0
  0
LINE
  5
FE
330
1F
100
AcDbEntity
  8
User.3
100
AcDbLine
 10
323.037241
 20
-142.9575
 30
0.0
 11
337.037241
 21
-142.9575
 31
0.0
  0
LINE
  5
FF
330
1F
100
AcDbEntity
  8
User.3
100
AcDbLine
 10
337.037241
 20
-142.9575
 30
0.0
 11
337.056375
 21
-142.961306
 31
0.0
  0
LINE
  5
100
330
1F
100
AcDbEntity
  8
User.3
100
AcDbLine
 10
126.106375
 20
-138.198806
 30
0.0
 11
126.133435
 21
-138.225866
 31
0.0
  0
LINE
  5
101
330
1F
100
AcDbEntity
  8
User.3
100
AcDbLine
 10
126.133435
 20
-138.225866
 30
0.0
 11
126.137241
 21
-138.245
 31
0.0
  0
LINE
  5
102
330
1F
100
AcDbEntity
  8
User.3
100
AcDbLine
 10
126.137241
 20
-138.245
 30
0.0
 11
126.137241
 21
-152.245
 31
0.0
  0
LINE
  5
103
330
1F
100
AcDbEntity
  8
User.3
100
AcDbLine
 10
126.137241
 20
-152.245
 30
0.0
 11
126.133435
 21
-152.264134
 31
0.0
  0
LINE
  5
104
330
1F
100
AcDbEntity
  8
User.3
100
AcDbLine
 10
126.133435
 20
-152.264134
 30
0.0
 11
126.106375
 21
-152.291194
 31
0.0
  0
LINE
  5
105
330
1F
100
AcDbEntity
  8
User.3
100
AcDbLine
 10
126.106375
 20
-152.291194
 30
0.0
 11
126.087241
 21
-152.295
 31
0.0
  0
LINE
  5
106
330
1F
100
AcDbEntity
  8
User.3
100
AcDbLine
 10
126.087241
 20
-152.295
 30
0.0
 11
112.087241
 21
-152.295
 31
0.0
  0
LINE
  5
107
330
1F
100
AcDbEntity
  8
User.3
100
AcDbLine
 10
112.087241
 20
-152.295
 30
0.0
 11
112.068107
 21
-152.291194
 31
0.0
  0
LINE
  5
108
330
1F
100
AcDbEntity
  8
User.3
100
AcDbLine
 10
112.068107
 20
-152.291194
 30
0.0
 11
112.041047
 21
-152.264134
 31
0.0
  0
LINE
  5
109
330
1F
100
AcDbEntity
  8
User.3
100
AcDbLine
 10
112.041047
 20
-152.264134
 30
0.0
 11
112.037241
 21
-152.245
 31
0.0
  0
LINE
  5
10A
330
1F
100
AcDbEntity
  8
User.3
100
AcDbLine
 10
112.037241
 20
-152.245
 30
0.0
 11
112.037241
 21
-138.245
 31
0.0
  0
LINE
  5
10B
330
1F
100
AcDbEntity
  8
User.3
100
AcDbLine
 10
112.037241
 20
-138.245
 30
0.0
 11
112.041047
 21
-138.225866
 31
0.0
  0
LINE
  5
10C
330
1F
100
AcDbEntity
  8
User.3
100
AcDbLine
 10
112.041047
 20
-138.225866
 30
0.0
 11
112.068107
 21
-138.198806
 31
0.0
  0
LINE
  5
10D
330
1F
100
AcDbEntity
  8
User.3
100
AcDbLine
 10
112.068107
 20
-138.198806
 30
0.0
 11
112.087241
 21
-138.195
 31
0.0
  0
LINE
  5
10E
330
1F
100
AcDbEntity
  8
User.3
100
AcDbLine
 10
112.087241
 20
-138.195
 30
0.0
 11
126.087241
 21
-138.195
 31
0.0
  0
LINE
  5
10F
330
1F
100
AcDbEntity
  8
User.3
100
AcDbLine
 10
126.087241
 20
-138.195
 30
0.0
 11
126.106375
 21
-138.198806
 31
0.0
  0
LINE
  5
110
330
1F
100
AcDbEntity
  8
User.3
100
AcDbLine
 10
164.206375
 20
-138.198806
 30
0.0
 11
164.233435
 21
-138.225866
 31
0.0
  0
LINE
  5
111
330
1F
100
AcDbEntity
  8
User.3
100
AcDbLine
 10
164.233435
 20
-138.225866
 30
0.0
 11
164.237241
 21
-138.245
 31
0.0
  0
LINE
  5
112
330
1F
100
AcDbEntity
  8
User.3
100
AcDbLine
 10
164.237241
 20
-138.245
 30
0.0
 11
164.237241
 21
-152.245
 31
0.0
  0
LINE
  5
113
330
1F
100
AcDbEntity
  8
User.3
100
AcDbLine
 10
164.237241
 20
-152.245
 30
0.0
 11
164.233435
 21
-152.264134
 31
0.0
  0
LINE
  5
114
330
1F
100
AcDbEntity
  8
User.3
100
AcDbLine
 10
164.233435
 20
-152.264134
 30
0.0
 11
164.206375
 21
-152.291194
 31
0.0
  0
LINE
  5
115
330
1F
100
AcDbEntity
  8
User.3
100
AcDbLine
 10
164.206375
 20
-152.291194
 30
0.0
 11
164.187241
 21
-152.295
 31
0.0
  0
LINE
  5
116
330
1F
100
AcDbEntity
  8
User.3
100
AcDbLine
 10
164.187241
 20
-152.295
 30
0.0
 11
150.187241
 21
-152.295
 31
0.0
  0
LINE
  5
117
330
1F
100
AcDbEntity
  8
User.3
100
AcDbLine
 10
150.187241
 20
-152.295
 30
0.0
 11
150.168107
 21
-152.291194
 31
0.0
  0
LINE
  5
118
330
1F
100
AcDbEntity
  8
User.3
100
AcDbLine
 10
150.168107
 20
-152.291194
 30
0.0
 11
150.141047
 21
-152.264134
 31
0.0
  0
LINE
  5
119
330
1F
100
AcDbEntity
  8
User.3
100
AcDbLine
 10
150.141047
 20
-152.264134
 30
0.0
 11
150.137241
 21
-152.245
 31
0.0
  0
LINE
  5
11A
330
1F
100
AcDbEntity
  8
User.3
100
AcDbLine
 10
150.137241
 20
-152.245
 30
0.0
 11
150.137241
 21
-138.245
 31
0.0
  0
LINE
  5
11B
330
1F
100
AcDbEntity
  8
User.3
100
AcDbLine
 10
150.137241
 20
-138.245
 30
0.0
 11
150.141047
 21
-138.225866
 31
0.0
  0
LINE
  5
11C
330
1F
100
AcDbEntity
  8
User.3
100
AcDbLine
 10
150.141047
 20
-138.225866
 30
0.0
 11
150.168107
 21
-138.198806
 31
0.0
  0
LINE
  5
11D
330
1F
100
AcDbEntity
  8
User.3
100
AcDbLine
 10
150.168107
 20
-138.198806
 30
0.0
 11
150.187241
 21
-138.195
 31
0.0
  0
LINE
  5
11E
330
1F
100
AcDbEntity
  8
User.3
100
AcDbLine
 10
150.187241
 20
-138.195
 30
0.0
 11
164.187241
 21
-138.195
 31
0.0
  0
LINE
  5
11F
330
1F
100
AcDbEntity
  8
User.3
100
AcDbLine
 10
164.187241
 20
-138.195
 30
0.0
 11
164.206375
 21
-138.198806
 31
0.0
  0
LINE
  5
120
330
1F
100
AcDbEntity
  8
User.3
100
AcDbLine
 10
279.906375
 20
-138.198806
 30
0.0
 11
279.933435
 21
-138.225866
 31
0.0
  0
LINE
  5
121
330
1F
100
AcDbEntity
  8
User.3
100
AcDbLine
 10
279.933435
 20
-138.225866
 30
0.0
 11
279.937241
 21
-138.245
 31
0.0
  0
LINE
  5
122
330
1F
100
AcDbEntity
  8
User.3
100
AcDbLine
 10
279.937241
 20
-138.245
 30
0.0
 11
279.937241
 21
-152.245
 31
0.0
  0
LINE
  5
123
330
1F
100
AcDbEntity
  8
User.3
100
AcDbLine
 10
279.937241
 20
-152.245
 30
0.0
 11
279.933435
 21
-152.264134
 31
0.0
  0
LINE
  5
124
330
1F
100
AcDbEntity
  8
User.3
100
AcDbLine
 10
279.933435
 20
-152.264134
 30
0.0
 11
279.906375
 21
-152.291194
 31
0.0
  0
LINE
  5
125
330
1F
100
AcDbEntity
  8
User.3
100
AcDbLine
 10
279.906375
 20
-152.291194
 30
0.0
 11
279.887241
 21
-152.295
 31
0.0
  0
LINE
  5
126
330
1F
100
AcDbEntity
  8
User.3
100
AcDbLine
 10
279.887241
 20
-152.295
 30
0.0
 11
265.887241
 21
-152.295
 31
0.0
  0
LINE
  5
127
330
1F
100
AcDbEntity
  8
User.3
100
AcDbLine
 10
265.887241
 20
-152.295
 30
0.0
 11
265.868107
 21
-152.291194
 31
0.0
  0
LINE
  5
128
330
1F
100
AcDbEntity
  8
User.3
100
AcDbLine
 10
265.868107
 20
-152.291194
 30
0.0
 11
265.841047
 21
-152.264134
 31
0.0
  0
LINE
  5
129
330
1F
100
AcDbEntity
  8
User.3
100
AcDbLine
 10
265.841047
 20
-152.264134
 30
0.0
 11
265.8372409999999
 21
-152.245
 31
0.0
  0
LINE
  5
12A
330
1F
100
AcDbEntity
  8
User.3
100
AcDbLine
 10
265.8372409999999
 20
-152.245
 30
0.0
 11
265.8372409999999
 21
-138.245
 31
0.0
  0
LINE
  5
12B
330
1F
100
AcDbEntity
  8
User.3
100
AcDbLine
 10
265.8372409999999
 20
-138.245
 30
0.0
 11
265.841047
 21
-138.225866
 31
0.0
  0
LINE
  5
12C
330
1F
100
AcDbEntity
  8
User.3
100
AcDbLine
 10
265.841047
 20
-138.225866
 30
0.0
 11
265.868107
 21
-138.198806
 31
0.0
  0
LINE
  5
12D
330
1F
100
AcDbEntity
  8
User.3
100
AcDbLine
 10
265.868107
 20
-138.198806
 30
0.0
 11
265.887241
 21
-138.195
 31
0.0
  0
LINE
  5
12E
330
1F
100
AcDbEntity
  8
User.3
100
AcDbLine
 10
265.887241
 20
-138.195
 30
0.0
 11
279.887241
 21
-138.195
 31
0.0
  0
LINE
  5
12F
330
1F
100
AcDbEntity
  8
User.3
100
AcDbLine
 10
279.887241
 20
-138.195
 30
0.0
 11
279.906375
 21
-138.198806
 31
0.0
  0
LINE
  5
130
330
1F
100
AcDbEntity
  8
User.3
100
AcDbLine
 10
318.006375
 20
-138.198806
 30
0.0
 11
318.033435
 21
-138.225866
 31
0.0
  0
LINE
  5
131
330
1F
100
AcDbEntity
  8
User.3
100
AcDbLine
 10
318.033435
 20
-138.225866
 30
0.0
 11
318.037241
 21
-138.245
 31
0.0
  0
LINE
  5
132
330
1F
100
AcDbEntity
  8
User.3
100
AcDbLine
 10
318.037241
 20
-138.245
 30
0.0
 11
318.037241
 21
-152.245
 31
0.0
  0
LINE
  5
133
330
1F
100
AcDbEntity
  8
User.3
100
AcDbLine
 10
318.037241
 20
-152.245
 30
0.0
 11
318.033435
 21
-152.264134
 31
0.0
  0
LINE
  5
134
330
1F
100
AcDbEntity
  8
User.3
100
AcDbLine
 10
318.033435
 20
-152.264134
 30
0.0
 11
318.006375
 21
-152.291194
 31
0.0
  0
LINE
  5
135
330
1F
100
AcDbEntity
  8
User.3
100
AcDbLine
 10
318.006375
 20
-152.291194
 30
0.0
 11
317.987241
 21
-152.295
 31
0.0
  0
LINE
  5
136
330
1F
100
AcDbEntity
  8
User.3
100
AcDbLine
 10
317.987241
 20
-152.295
 30
0.0
 11
303.987241
 21
-152.295
 31
0.0
  0
LINE
  5
137
330
1F
100
AcDbEntity
  8
User.3
100
AcDbLine
 10
303.987241
 20
-152.295
 30
0.0
 11
303.968107
 21
-152.291194
 31
0.0
  0
LINE
  5
138
330
1F
100
AcDbEntity
  8
User.3
100
AcDbLine
 10
303.968107
 20
-152.291194
 30
0.0
 11
303.941047
 21
-152.264134
 31
0.0
  0
LINE
  5
139
330
1F
100
AcDbEntity
  8
User.3
100
AcDbLine
 10
303.941047
 20
-152.264134
 30
0.0
 11
303.937241
 21
-152.245
 31
0.0
  0
LINE
  5
13A
330
1F
100
AcDbEntity
  8
User.3
100
AcDbLine
 10
303.937241
 20
-152.245
 30
0.0
 11
303.937241
 21
-138.245
 31
0.0
  0
LINE
  5
13B
330
1F
100
AcDbEntity
  8
User.3
100
AcDbLine
 10
303.937241
 20
-138.245
 30
0.0
 11
303.941047
 21
-138.225866
 31
0.0
  0
LINE
  5
13C
330
1F
100
AcDbEntity
  8
User.3
100
AcDbLine
 10
303.941047
 20
-138.225866
 30
0.0
 11
303.968107
 21
-138.198806
 31
0.0
  0
LINE
  5
13D
330
1F
100
AcDbEntity
  8
User.3
100
AcDbLine
 10
303.968107
 20
-138.198806
 30
0.0
 11
303.987241
 21
-138.195
 31
0.0
  0
LINE
  5
13E
330
1F
100
AcDbEntity
  8
User.3
100
AcDbLine
 10
303.987241
 20
-138.195
 30
0.0
 11
317.987241
 21
-138.195
 31
0.0
  0
LINE
  5
13F
330
1F
100
AcDbEntity
  8
User.3
100
AcDbLine
 10
317.987241
 20
-138.195
 30
0.0
 11
318.006375
 21
-138.198806
 31
0.0
  0
LINE
  5
140
330
1F
100
AcDbEntity
  8
User.3
100
AcDbLine
 10
88.00637499999999
 20
-133.436306
 30
0.0
 11
88.033435
 21
-133.463366
 31
0.0
  0
LINE
  5
141
330
1F
100
AcDbEntity
  8
User.3
100
AcDbLine
 10
88.033435
 20
-133.463366
 30
0.0
 11
88.03724100000001
 21
-133.4825
 31
0.0
  0
LINE
  5
142
330
1F
100
AcDbEntity
  8
User.3
100
AcDbLine
 10
88.03724100000001
 20
-133.4825
 30
0.0
 11
88.03724100000001
 21
-147.4825
 31
0.0
  0
LINE
  5
143
330
1F
100
AcDbEntity
  8
User.3
100
AcDbLine
 10
88.03724100000001
 20
-147.4825
 30
0.0
 11
88.033435
 21
-147.501634
 31
0.0
  0
LINE
  5
144
330
1F
100
AcDbEntity
  8
User.3
100
AcDbLine
 10
88.033435
 20
-147.501634
 30
0.0
 11
88.00637499999999
 21
-147.528694
 31
0.0
  0
LINE
  5
145
330
1F
100
AcDbEntity
  8
User.3
100
AcDbLine
 10
88.00637499999999
 20
-147.528694
 30
0.0
 11
87.987241
 21
-147.5325
 31
0.0
  0
LINE
  5
146
330
1F
100
AcDbEntity
  8
User.3
100
AcDbLine
 10
87.987241
 20
-147.5325
 30
0.0
 11
73.987241
 21
-147.5325
 31
0.0
  0
LINE
  5
147
330
1F
100
AcDbEntity
  8
User.3
100
AcDbLine
 10
73.987241
 20
-147.5325
 30
0.0
 11
73.96810699999999
 21
-147.528694
 31
0.0
  0
LINE
  5
148
330
1F
100
AcDbEntity
  8
User.3
100
AcDbLine
 10
73.96810699999999
 20
-147.528694
 30
0.0
 11
73.941047
 21
-147.501634
 31
0.0
  0
LINE
  5
149
330
1F
100
AcDbEntity
  8
User.3
100
AcDbLine
 10
73.941047
 20
-147.501634
 30
0.0
 11
73.937241
 21
-147.4825
 31
0.0
  0
LINE
  5
14A
330
1F
100
AcDbEntity
  8
User.3
100
AcDbLine
 10
73.937241
 20
-147.4825
 30
0.0
 11
73.937241
 21
-133.4825
 31
0.0
  0
LINE
  5
14B
330
1F
100
AcDbEntity
  8
User.3
100
AcDbLine
 10
73.937241
 20
-133.4825
 30
0.0
 11
73.941047
 21
-133.463366
 31
0.0
  0
LINE
  5
14C
330
1F
100
AcDbEntity
  8
User.3
100
AcDbLine
 10
73.941047
 20
-133.463366
 30
0.0
 11
73.96810699999999
 21
-133.436306
 31
0.0
  0
LINE
  5
14D
330
1F
100
AcDbEntity
  8
User.3
100
AcDbLine
 10
73.96810699999999
 20
-133.436306
 30
0.0
 11
73.987241
 21
-133.4325
 31
0.0
  0
LINE
  5
14E
330
1F
100
AcDbEntity
  8
User.3
100
AcDbLine
 10
73.987241
 20
-133.4325
 30
0.0
 11
87.987241
 21
-133.4325
 31
0.0
  0
LINE
  5
14F
330
1F
100
AcDbEntity
  8
User.3
100
AcDbLine
 10
87.987241
 20
-133.4325
 30
0.0
 11
88.00637499999999
 21
-133.436306
 31
0.0
  0
LINE
  5
150
330
1F
100
AcDbEntity
  8
User.3
100
AcDbLine
 10
145.156375
 20
-133.436306
 30
0.0
 11
145.183435
 21
-133.463366
 31
0.0
  0
LINE
  5
151
330
1F
100
AcDbEntity
  8
User.3
100
AcDbLine
 10
145.183435
 20
-133.463366
 30
0.0
 11
145.187241
 21
-133.4825
 31
0.0
  0
LINE
  5
152
330
1F
100
AcDbEntity
  8
User.3
100
AcDbLine
 10
145.187241
 20
-133.4825
 30
0.0
 11
145.187241
 21
-147.4825
 31
0.0
  0
LINE
  5
153
330
1F
100
AcDbEntity
  8
User.3
100
AcDbLine
 10
145.187241
 20
-147.4825
 30
0.0
 11
145.183435
 21
-147.501634
 31
0.0
  0
LINE
  5
154
330
1F
100
AcDbEntity
  8
User.3
100
AcDbLine
 10
145.183435
 20
-147.501634
 30
0.0
 11
145.156375
 21
-147.528694
 31
0.0
  0
LINE
  5
155
330
1F
100
AcDbEntity
  8
User.3
100
AcDbLine
 10
145.156375
 20
-147.528694
 30
0.0
 11
145.137241
 21
-147.5325
 31
0.0
  0
LINE
  5
156
330
1F
100
AcDbEntity
  8
User.3
100
AcDbLine
 10
145.137241
 20
-147.5325
 30
0.0
 11
131.137241
 21
-147.5325
 31
0.0
  0
LINE
  5
157
330
1F
100
AcDbEntity
  8
User.3
100
AcDbLine
 10
131.137241
 20
-147.5325
 30
0.0
 11
131.118107
 21
-147.528694
 31
0.0
  0
LINE
  5
158
330
1F
100
AcDbEntity
  8
User.3
100
AcDbLine
 10
131.118107
 20
-147.528694
 30
0.0
 11
131.091047
 21
-147.501634
 31
0.0
  0
LINE
  5
159
330
1F
100
AcDbEntity
  8
User.3
100
AcDbLine
 10
131.091047
 20
-147.501634
 30
0.0
 11
131.087241
 21
-147.4825
 31
0.0
  0
LINE
  5
15A
330
1F
100
AcDbEntity
  8
User.3
100
AcDbLine
 10
131.087241
 20
-147.4825
 30
0.0
 11
131.087241
 21
-133.4825
 31
0.0
  0
LINE
  5
15B
330
1F
100
AcDbEntity
  8
User.3
100
AcDbLine
 10
131.087241
 20
-133.4825
 30
0.0
 11
131.091047
 21
-133.463366
 31
0.0
  0
LINE
  5
15C
330
1F
100
AcDbEntity
  8
User.3
100
AcDbLine
 10
131.091047
 20
-133.463366
 30
0.0
 11
131.118107
 21
-133.436306
 31
0.0
  0
LINE
  5
15D
330
1F
100
AcDbEntity
  8
User.3
100
AcDbLine
 10
131.118107
 20
-133.436306
 30
0.0
 11
131.137241
 21
-133.4325
 31
0.0
  0
LINE
  5
15E
330
1F
100
AcDbEntity
  8
User.3
100
AcDbLine
 10
131.137241
 20
-133.4325
 30
0.0
 11
145.137241
 21
-133.4325
 31
0.0
  0
LINE
  5
15F
330
1F
100
AcDbEntity
  8
User.3
100
AcDbLine
 10
145.137241
 20
-133.4325
 30
0.0
 11
145.156375
 21
-133.436306
 31
0.0
  0
LINE
  5
160
330
1F
100
AcDbEntity
  8
User.3
100
AcDbLine
 10
298.956375
 20
-133.436306
 30
0.0
 11
298.983435
 21
-133.463366
 31
0.0
  0
LINE
  5
161
330
1F
100
AcDbEntity
  8
User.3
100
AcDbLine
 10
298.983435
 20
-133.463366
 30
0.0
 11
298.987241
 21
-133.4825
 31
0.0
  0
LINE
  5
162
330
1F
100
AcDbEntity
  8
User.3
100
AcDbLine
 10
298.987241
 20
-133.4825
 30
0.0
 11
298.987241
 21
-147.4825
 31
0.0
  0
LINE
  5
163
330
1F
100
AcDbEntity
  8
User.3
100
AcDbLine
 10
298.987241
 20
-147.4825
 30
0.0
 11
298.983435
 21
-147.501634
 31
0.0
  0
LINE
  5
164
330
1F
100
AcDbEntity
  8
User.3
100
AcDbLine
 10
298.983435
 20
-147.501634
 30
0.0
 11
298.956375
 21
-147.528694
 31
0.0
  0
LINE
  5
165
330
1F
100
AcDbEntity
  8
User.3
100
AcDbLine
 10
298.956375
 20
-147.528694
 30
0.0
 11
298.937241
 21
-147.5325
 31
0.0
  0
LINE
  5
166
330
1F
100
AcDbEntity
  8
User.3
100
AcDbLine
 10
298.937241
 20
-147.5325
 30
0.0
 11
284.937241
 21
-147.5325
 31
0.0
  0
LINE
  5
167
330
1F
100
AcDbEntity
  8
User.3
100
AcDbLine
 10
284.937241
 20
-147.5325
 30
0.0
 11
284.918107
 21
-147.528694
 31
0.0
  0
LINE
  5
168
330
1F
100
AcDbEntity
  8
User.3
100
AcDbLine
 10
284.918107
 20
-147.528694
 30
0.0
 11
284.891047
 21
-147.501634
 31
0.0
  0
LINE
  5
169
330
1F
100
AcDbEntity
  8
User.3
100
AcDbLine
 10
284.891047
 20
-147.501634
 30
0.0
 11
284.887241
 21
-147.4825
 31
0.0
  0
LINE
  5
16A
330
1F
100
AcDbEntity
  8
User.3
100
AcDbLine
 10
284.887241
 20
-147.4825
 30
0.0
 11
284.887241
 21
-133.4825
 31
0.0
  0
LINE
  5
16B
330
1F
100
AcDbEntity
  8
User.3
100
AcDbLine
 10
284.887241
 20
-133.4825
 30
0.0
 11
284.891047
 21
-133.463366
 31
0.0
  0
LINE
  5
16C
330
1F
100
AcDbEntity
  8
User.3
100
AcDbLine
 10
284.891047
 20
-133.463366
 30
0.0
 11
284.918107
 21
-133.436306
 31
0.0
  0
LINE
  5
16D
330
1F
100
AcDbEntity
  8
User.3
100
AcDbLine
 10
284.918107
 20
-133.436306
 30
0.0
 11
284.937241
 21
-133.4325
 31
0.0
  0
LINE
  5
16E
330
1F
100
AcDbEntity
  8
User.3
100
AcDbLine
 10
284.937241
 20
-133.4325
 30
0.0
 11
298.937241
 21
-133.4325
 31
0.0
  0
LINE
  5
16F
330
1F
100
AcDbEntity
  8
User.3
100
AcDbLine
 10
298.937241
 20
-133.4325
 30
0.0
 11
298.956375
 21
-133.436306
 31
0.0
  0
LINE
  5
170
330
1F
100
AcDbEntity
  8
User.3
100
AcDbLine
 10
356.106375
 20
-133.436306
 30
0.0
 11
356.133435
 21
-133.463366
 31
0.0
  0
LINE
  5
171
330
1F
100
AcDbEntity
  8
User.3
100
AcDbLine
 10
356.133435
 20
-133.463366
 30
0.0
 11
356.137241
 21
-133.4825
 31
0.0
  0
LINE
  5
172
330
1F
100
AcDbEntity
  8
User.3
100
AcDbLine
 10
356.137241
 20
-133.4825
 30
0.0
 11
356.137241
 21
-147.4825
 31
0.0
  0
LINE
  5
173
330
1F
100
AcDbEntity
  8
User.3
100
AcDbLine
 10
356.137241
 20
-147.4825
 30
0.0
 11
356.133435
 21
-147.501634
 31
0.0
  0
LINE
  5
174
330
1F
100
AcDbEntity
  8
User.3
100
AcDbLine
 10
356.133435
 20
-147.501634
 30
0.0
 11
356.106375
 21
-147.528694
 31
0.0
  0
LINE
  5
175
330
1F
100
AcDbEntity
  8
User.3
100
AcDbLine
 10
356.106375
 20
-147.528694
 30
0.0
 11
356.087241
 21
-147.5325
 31
0.0
  0
LINE
  5
176
330
1F
100
AcDbEntity
  8
User.3
100
AcDbLine
 10
356.087241
 20
-147.5325
 30
0.0
 11
342.087241
 21
-147.5325
 31
0.0
  0
LINE
  5
177
330
1F
100
AcDbEntity
  8
User.3
100
AcDbLine
 10
342.087241
 20
-147.5325
 30
0.0
 11
342.0681069999999
 21
-147.528694
 31
0.0
  0
LINE
  5
178
330
1F
100
AcDbEntity
  8
User.3
100
AcDbLine
 10
342.0681069999999
 20
-147.528694
 30
0.0
 11
342.041047
 21
-147.501634
 31
0.0
  0
LINE
  5
179
330
1F
100
AcDbEntity
  8
User.3
100
AcDbLine
 10
342.041047
 20
-147.501634
 30
0.0
 11
342.037241
 21
-147.4825
 31
0.0
  0
LINE
  5
17A
330
1F
100
AcDbEntity
  8
User.3
100
AcDbLine
 10
342.037241
 20
-147.4825
 30
0.0
 11
342.037241
 21
-133.4825
 31
0.0
  0
LINE
  5
17B
330
1F
100
AcDbEntity
  8
User.3
100
AcDbLine
 10
342.037241
 20
-133.4825
 30
0.0
 11
342.041047
 21
-133.463366
 31
0.0
  0
LINE
  5
17C
330
1F
100
AcDbEntity
  8
User.3
100
AcDbLine
 10
342.041047
 20
-133.463366
 30
0.0
 11
342.0681069999999
 21
-133.436306
 31
0.0
  0
LINE
  5
17D
330
1F
100
AcDbEntity
  8
User.3
100
AcDbLine
 10
342.0681069999999
 20
-133.436306
 30
0.0
 11
342.087241
 21
-133.4325
 31
0.0
  0
LINE
  5
17E
330
1F
100
AcDbEntity
  8
User.3
100
AcDbLine
 10
342.087241
 20
-133.4325
 30
0.0
 11
356.087241
 21
-133.4325
 31
0.0
  0
LINE
  5
17F
330
1F
100
AcDbEntity
  8
User.3
100
AcDbLine
 10
356.087241
 20
-133.4325
 30
0.0
 11
356.106375
 21
-133.436306
 31
0.0
  0
LINE
  5
180
330
1F
100
AcDbEntity
  8
User.3
100
AcDbLine
 10
107.056375
 20
-123.911306
 30
0.0
 11
107.083435
 21
-123.938366
 31
0.0
  0
LINE
  5
181
330
1F
100
AcDbEntity
  8
User.3
100
AcDbLine
 10
107.083435
 20
-123.938366
 30
0.0
 11
107.087241
 21
-123.9575
 31
0.0
  0
LINE
  5
182
330
1F
100
AcDbEntity
  8
User.3
100
AcDbLine
 10
107.087241
 20
-123.9575
 30
0.0
 11
107.087241
 21
-137.9575
 31
0.0
  0
LINE
  5
183
330
1F
100
AcDbEntity
  8
User.3
100
AcDbLine
 10
107.087241
 20
-137.9575
 30
0.0
 11
107.083435
 21
-137.976634
 31
0.0
  0
LINE
  5
184
330
1F
100
AcDbEntity
  8
User.3
100
AcDbLine
 10
107.083435
 20
-137.976634
 30
0.0
 11
107.056375
 21
-138.003694
 31
0.0
  0
LINE
  5
185
330
1F
100
AcDbEntity
  8
User.3
100
AcDbLine
 10
107.056375
 20
-138.003694
 30
0.0
 11
107.037241
 21
-138.0075
 31
0.0
  0
LINE
  5
186
330
1F
100
AcDbEntity
  8
User.3
100
AcDbLine
 10
107.037241
 20
-138.0075
 30
0.0
 11
93.03724100000001
 21
-138.0075
 31
0.0
  0
LINE
  5
187
330
1F
100
AcDbEntity
  8
User.3
100
AcDbLine
 10
93.03724100000001
 20
-138.0075
 30
0.0
 11
93.01810699999999
 21
-138.003694
 31
0.0
  0
LINE
  5
188
330
1F
100
AcDbEntity
  8
User.3
100
AcDbLine
 10
93.01810699999999
 20
-138.003694
 30
0.0
 11
92.991047
 21
-137.976634
 31
0.0
  0
LINE
  5
189
330
1F
100
AcDbEntity
  8
User.3
100
AcDbLine
 10
92.991047
 20
-137.976634
 30
0.0
 11
92.98724099999998
 21
-137.9575
 31
0.0
  0
LINE
  5
18A
330
1F
100
AcDbEntity
  8
User.3
100
AcDbLine
 10
92.98724099999998
 20
-137.9575
 30
0.0
 11
92.98724099999998
 21
-123.9575
 31
0.0
  0
LINE
  5
18B
330
1F
100
AcDbEntity
  8
User.3
100
AcDbLine
 10
92.98724099999998
 20
-123.9575
 30
0.0
 11
92.991047
 21
-123.938366
 31
0.0
  0
LINE
  5
18C
330
1F
100
AcDbEntity
  8
User.3
100
AcDbLine
 10
92.991047
 20
-123.938366
 30
0.0
 11
93.01810699999999
 21
-123.911306
 31
0.0
  0
LINE
  5
18D
330
1F
100
AcDbEntity
  8
User.3
100
AcDbLine
 10
93.01810699999999
 20
-123.911306
 30
0.0
 11
93.03724100000001
 21
-123.9075
 31
0.0
  0
LINE
  5
18E
330
1F
100
AcDbEntity
  8
User.3
100
AcDbLine
 10
93.03724100000001
 20
-123.9075
 30
0.0
 11
107.037241
 21
-123.9075
 31
0.0
  0
LINE
  5
18F
330
1F
100
AcDbEntity
  8
User.3
100
AcDbLine
 10
107.037241
 20
-123.9075
 30
0.0
 11
107.056375
 21
-123.911306
 31
0.0
  0
LINE
  5
190
330
1F
100
AcDbEntity
  8
User.3
100
AcDbLine
 10
183.256375
 20
-123.911306
 30
0.0
 11
183.283435
 21
-123.938366
 31
0.0
  0
LINE
  5
191
330
1F
100
AcDbEntity
  8
User.3
100
AcDbLine
 10
183.283435
 20
-123.938366
 30
0.0
 11
183.287241
 21
-123.9575
 31
0.0
  0
LINE
  5
192
330
1F
100
AcDbEntity
  8
User.3
100
AcDbLine
 10
183.287241
 20
-123.9575
 30
0.0
 11
183.287241
 21
-137.9575
 31
0.0
  0
LINE
  5
193
330
1F
100
AcDbEntity
  8
User.3
100
AcDbLine
 10
183.287241
 20
-137.9575
 30
0.0
 11
183.283435
 21
-137.976634
 31
0.0
  0
LINE
  5
194
330
1F
100
AcDbEntity
  8
User.3
100
AcDbLine
 10
183.283435
 20
-137.976634
 30
0.0
 11
183.256375
 21
-138.003694
 31
0.0
  0
LINE
  5
195
330
1F
100
AcDbEntity
  8
User.3
100
AcDbLine
 10
183.256375
 20
-138.003694
 30
0.0
 11
183.237241
 21
-138.0075
 31
0.0
  0
LINE
  5
196
330
1F
100
AcDbEntity
  8
User.3
100
AcDbLine
 10
183.237241
 20
-138.0075
 30
0.0
 11
169.237241
 21
-138.0075
 31
0.0
  0
LINE
  5
197
330
1F
100
AcDbEntity
  8
User.3
100
AcDbLine
 10
169.237241
 20
-138.0075
 30
0.0
 11
169.218107
 21
-138.003694
 31
0.0
  0
LINE
  5
198
330
1F
100
AcDbEntity
  8
User.3
100
AcDbLine
 10
169.218107
 20
-138.003694
 30
0.0
 11
169.191047
 21
-137.976634
 31
0.0
  0
LINE
  5
199
330
1F
100
AcDbEntity
  8
User.3
100
AcDbLine
 10
169.191047
 20
-137.976634
 30
0.0
 11
169.187241
 21
-137.9575
 31
0.0
  0
LINE
  5
19A
330
1F
100
AcDbEntity
  8
User.3
100
AcDbLine
 10
169.187241
 20
-137.9575
 30
0.0
 11
169.187241
 21
-123.9575
 31
0.0
  0
LINE
  5
19B
330
1F
100
AcDbEntity
  8
User.3
100
AcDbLine
 10
169.187241
 20
-123.9575
 30
0.0
 11
169.191047
 21
-123.938366
 31
0.0
  0
LINE
  5
19C
330
1F
100
AcDbEntity
  8
User.3
100
AcDbLine
 10
169.191047
 20
-123.938366
 30
0.0
 11
169.218107
 21
-123.911306
 31
0.0
  0
LINE
  5
19D
330
1F
100
AcDbEntity
  8
User.3
100
AcDbLine
 10
169.218107
 20
-123.911306
 30
0.0
 11
169.237241
 21
-123.9075
 31
0.0
  0
LINE
  5
19E
330
1F
100
AcDbEntity
  8
User.3
100
AcDbLine
 10
169.237241
 20
-123.9075
 30
0.0
 11
183.237241
 21
-123.9075
 31
0.0
  0
LINE
  5
19F
330
1F
100
AcDbEntity
  8
User.3
100
AcDbLine
 10
183.237241
 20
-123.9075
 30
0.0
 11
183.256375
 21
-123.911306
 31
0.0
  0
LINE
  5
1A0
330
1F
100
AcDbEntity
  8
User.3
100
AcDbLine
 10
260.856375
 20
-123.911306
 30
0.0
 11
260.883435
 21
-123.938366
 31
0.0
  0
LINE
  5
1A1
330
1F
100
AcDbEntity
  8
User.3
100
AcDbLine
 10
260.883435
 20
-123.938366
 30
0.0
 11
260.887241
 21
-123.9575
 31
0.0
  0
LINE
  5
1A2
330
1F
100
AcDbEntity
  8
User.3
100
AcDbLine
 10
260.887241
 20
-123.9575
 30
0.0
 11
260.887241
 21
-137.9575
 31
0.0
  0
LINE
  5
1A3
330
1F
100
AcDbEntity
  8
User.3
100
AcDbLine
 10
260.887241
 20
-137.9575
 30
0.0
 11
260.883435
 21
-137.976634
 31
0.0
  0
LINE
  5
1A4
330
1F
100
AcDbEntity
  8
User.3
100
AcDbLine
 10
260.883435
 20
-137.976634
 30
0.0
 11
260.856375
 21
-138.003694
 31
0.0
  0
LINE
  5
1A5
330
1F
100
AcDbEntity
  8
User.3
100
AcDbLine
 10
260.856375
 20
-138.003694
 30
0.0
 11
260.837241
 21
-138.0075
 31
0.0
  0
LINE
  5
1A6
330
1F
100
AcDbEntity
  8
User.3
100
AcDbLine
 10
260.837241
 20
-138.0075
 30
0.0
 11
246.837241
 21
-138.0075
 31
0.0
  0
LINE
  5
1A7
330
1F
100
AcDbEntity
  8
User.3
100
AcDbLine
 10
246.837241
 20
-138.0075
 30
0.0
 11
246.818107
 21
-138.003694
 31
0.0
  0
LINE
  5
1A8
330
1F
100
AcDbEntity
  8
User.3
100
AcDbLine
 10
246.818107
 20
-138.003694
 30
0.0
 11
246.791047
 21
-137.976634
 31
0.0
  0
LINE
  5
1A9
330
1F
100
AcDbEntity
  8
User.3
100
AcDbLine
 10
246.791047
 20
-137.976634
 30
0.0
 11
246.787241
 21
-137.9575
 31
0.0
  0
LINE
  5
1AA
330
1F
100
AcDbEntity
  8
User.3
100
AcDbLine
 10
246.787241
 20
-137.9575
 30
0.0
 11
246.787241
 21
-123.9575
 31
0.0
  0
LINE
  5
1AB
330
1F
100
AcDbEntity
  8
User.3
100
AcDbLine
 10
246.787241
 20
-123.9575
 30
0.0
 11
246.791047
 21
-123.938366
 31
0.0
  0
LINE
  5
1AC
330
1F
100
AcDbEntity
  8
User.3
100
AcDbLine
 10
246.791047
 20
-123.938366
 30
0.0
 11
246.818107
 21
-123.911306
 31
0.0
  0
LINE
  5
1AD
330
1F
100
AcDbEntity
  8
User.3
100
AcDbLine
 10
246.818107
 20
-123.911306
 30
0.0
 11
246.837241
 21
-123.9075
 31
0.0
  0
LINE
  5
1AE
330
1F
100
AcDbEntity
  8
User.3
100
AcDbLine
 10
246.837241
 20
-123.9075
 30
0.0
 11
260.837241
 21
-123.9075
 31
0.0
  0
LINE
  5
1AF
330
1F
100
AcDbEntity
  8
User.3
100
AcDbLine
 10
260.837241
 20
-123.9075
 30
0.0
 11
260.856375
 21
-123.911306
 31
0.0
  0
LINE
  5
1B0
330
1F
100
AcDbEntity
  8
User.3
100
AcDbLine
 10
337.056375
 20
-123.911306
 30
0.0
 11
337.083435
 21
-123.938366
 31
0.0
  0
LINE
  5
1B1
330
1F
100
AcDbEntity
  8
User.3
100
AcDbLine
 10
337.083435
 20
-123.938366
 30
0.0
 11
337.087241
 21
-123.9575
 31
0.0
  0
LINE
  5
1B2
330
1F
100
AcDbEntity
  8
User.3
100
AcDbLine
 10
337.087241
 20
-123.9575
 30
0.0
 11
337.087241
 21
-137.9575
 31
0.0
  0
LINE
  5
1B3
330
1F
100
AcDbEntity
  8
User.3
100
AcDbLine
 10
337.087241
 20
-137.9575
 30
0.0
 11
337.083435
 21
-137.976634
 31
0.0
  0
LINE
  5
1B4
330
1F
100
AcDbEntity
  8
User.3
100
AcDbLine
 10
337.083435
 20
-137.976634
 30
0.0
 11
337.056375
 21
-138.003694
 31
0.0
  0
LINE
  5
1B5
330
1F
100
AcDbEntity
  8
User.3
100
AcDbLine
 10
337.056375
 20
-138.003694
 30
0.0
 11
337.037241
 21
-138.0075
 31
0.0
  0
LINE
  5
1B6
330
1F
100
AcDbEntity
  8
User.3
100
AcDbLine
 10
337.037241
 20
-138.0075
 30
0.0
 11
323.037241
 21
-138.0075
 31
0.0
  0
LINE
  5
1B7
330
1F
100
AcDbEntity
  8
User.3
100
AcDbLine
 10
323.037241
 20
-138.0075
 30
0.0
 11
323.018107
 21
-138.003694
 31
0.0
  0
LINE
  5
1B8
330
1F
100
AcDbEntity
  8
User.3
100
AcDbLine
 10
323.018107
 20
-138.003694
 30
0.0
 11
322.991047
 21
-137.976634
 31
0.0
  0
LINE
  5
1B9
330
1F
100
AcDbEntity
  8
User.3
100
AcDbLine
 10
322.991047
 20
-137.976634
 30
0.0
 11
322.987241
 21
-137.9575
 31
0.0
  0
LINE
  5
1BA
330
1F
100
AcDbEntity
  8
User.3
100
AcDbLine
 10
322.987241
 20
-137.9575
 30
0.0
 11
322.987241
 21
-123.9575
 31
0.0
  0
LINE
  5
1BB
330
1F
100
AcDbEntity
  8
User.3
100
AcDbLine
 10
322.987241
 20
-123.9575
 30
0.0
 11
322.991047
 21
-123.938366
 31
0.0
  0
LINE
  5
1BC
330
1F
100
AcDbEntity
  8
User.3
100
AcDbLine
 10
322.991047
 20
-123.938366
 30
0.0
 11
323.018107
 21
-123.911306
 31
0.0
  0
LINE
  5
1BD
330
1F
100
AcDbEntity
  8
User.3
100
AcDbLine
 10
323.018107
 20
-123.911306
 30
0.0
 11
323.037241
 21
-123.9075
 31
0.0
  0
LINE
  5
1BE
330
1F
100
AcDbEntity
  8
User.3
100
AcDbLine
 10
323.037241
 20
-123.9075
 30
0.0
 11
337.037241
 21
-123.9075
 31
0.0
  0
LINE
  5
1BF
330
1F
100
AcDbEntity
  8
User.3
100
AcDbLine
 10
337.037241
 20
-123.9075
 30
0.0
 11
337.056375
 21
-123.911306
 31
0.0
  0
LINE
  5
1C0
330
1F
100
AcDbEntity
  8
User.3
100
AcDbLine
 10
126.106375
 20
-119.148806
 30
0.0
 11
126.133435
 21
-119.175866
 31
0.0
  0
LINE
  5
1C1
330
1F
100
AcDbEntity
  8
User.3
100
AcDbLine
 10
126.133435
 20
-119.175866
 30
0.0
 11
126.137241
 21
-119.195
 31
0.0
  0
LINE
  5
1C2
330
1F
100
AcDbEntity
  8
User.3
100
AcDbLine
 10
126.137241
 20
-119.195
 30
0.0
 11
126.137241
 21
-133.195
 31
0.0
  0
LINE
  5
1C3
330
1F
100
AcDbEntity
  8
User.3
100
AcDbLine
 10
126.137241
 20
-133.195
 30
0.0
 11
126.133435
 21
-133.214134
 31
0.0
  0
LINE
  5
1C4
330
1F
100
AcDbEntity
  8
User.3
100
AcDbLine
 10
126.133435
 20
-133.214134
 30
0.0
 11
126.106375
 21
-133.241194
 31
0.0
  0
LINE
  5
1C5
330
1F
100
AcDbEntity
  8
User.3
100
AcDbLine
 10
126.106375
 20
-133.241194
 30
0.0
 11
126.087241
 21
-133.245
 31
0.0
  0
LINE
  5
1C6
330
1F
100
AcDbEntity
  8
User.3
100
AcDbLine
 10
126.087241
 20
-133.245
 30
0.0
 11
112.087241
 21
-133.245
 31
0.0
  0
LINE
  5
1C7
330
1F
100
AcDbEntity
  8
User.3
100
AcDbLine
 10
112.087241
 20
-133.245
 30
0.0
 11
112.068107
 21
-133.241194
 31
0.0
  0
LINE
  5
1C8
330
1F
100
AcDbEntity
  8
User.3
100
AcDbLine
 10
112.068107
 20
-133.241194
 30
0.0
 11
112.041047
 21
-133.214134
 31
0.0
  0
LINE
  5
1C9
330
1F
100
AcDbEntity
  8
User.3
100
AcDbLine
 10
112.041047
 20
-133.214134
 30
0.0
 11
112.037241
 21
-133.195
 31
0.0
  0
LINE
  5
1CA
330
1F
100
AcDbEntity
  8
User.3
100
AcDbLine
 10
112.037241
 20
-133.195
 30
0.0
 11
112.037241
 21
-119.195
 31
0.0
  0
LINE
  5
1CB
330
1F
100
AcDbEntity
  8
User.3
100
AcDbLine
 10
112.037241
 20
-119.195
 30
0.0
 11
112.041047
 21
-119.175866
 31
0.0
  0
LINE
  5
1CC
330
1F
100
AcDbEntity
  8
User.3
100
AcDbLine
 10
112.041047
 20
-119.175866
 30
0.0
 11
112.068107
 21
-119.148806
 31
0.0
  0
LINE
  5
1CD
330
1F
100
AcDbEntity
  8
User.3
100
AcDbLine
 10
112.068107
 20
-119.148806
 30
0.0
 11
112.087241
 21
-119.145
 31
0.0
  0
LINE
  5
1CE
330
1F
100
AcDbEntity
  8
User.3
100
AcDbLine
 10
112.087241
 20
-119.145
 30
0.0
 11
126.087241
 21
-119.145
 31
0.0
  0
LINE
  5
1CF
330
1F
100
AcDbEntity
  8
User.3
100
AcDbLine
 10
126.087241
 20
-119.145
 30
0.0
 11
126.106375
 21
-119.148806
 31
0.0
  0
LINE
  5
1D0
330
1F
100
AcDbEntity
  8
User.3
100
AcDbLine
 10
164.206375
 20
-119.148806
 30
0.0
 11
164.233435
 21
-119.175866
 31
0.0
  0
LINE
  5
1D1
330
1F
100
AcDbEntity
  8
User.3
100
AcDbLine
 10
164.233435
 20
-119.175866
 30
0.0
 11
164.237241
 21
-119.195
 31
0.0
  0
LINE
  5
1D2
330
1F
100
AcDbEntity
  8
User.3
100
AcDbLine
 10
164.237241
 20
-119.195
 30
0.0
 11
164.237241
 21
-133.195
 31
0.0
  0
LINE
  5
1D3
330
1F
100
AcDbEntity
  8
User.3
100
AcDbLine
 10
164.237241
 20
-133.195
 30
0.0
 11
164.233435
 21
-133.214134
 31
0.0
  0
LINE
  5
1D4
330
1F
100
AcDbEntity
  8
User.3
100
AcDbLine
 10
164.233435
 20
-133.214134
 30
0.0
 11
164.206375
 21
-133.241194
 31
0.0
  0
LINE
  5
1D5
330
1F
100
AcDbEntity
  8
User.3
100
AcDbLine
 10
164.206375
 20
-133.241194
 30
0.0
 11
164.187241
 21
-133.245
 31
0.0
  0
LINE
  5
1D6
330
1F
100
AcDbEntity
  8
User.3
100
AcDbLine
 10
164.187241
 20
-133.245
 30
0.0
 11
150.187241
 21
-133.245
 31
0.0
  0
LINE
  5
1D7
330
1F
100
AcDbEntity
  8
User.3
100
AcDbLine
 10
150.187241
 20
-133.245
 30
0.0
 11
150.168107
 21
-133.241194
 31
0.0
  0
LINE
  5
1D8
330
1F
100
AcDbEntity
  8
User.3
100
AcDbLine
 10
150.168107
 20
-133.241194
 30
0.0
 11
150.141047
 21
-133.214134
 31
0.0
  0
LINE
  5
1D9
330
1F
100
AcDbEntity
  8
User.3
100
AcDbLine
 10
150.141047
 20
-133.214134
 30
0.0
 11
150.137241
 21
-133.195
 31
0.0
  0
LINE
  5
1DA
330
1F
100
AcDbEntity
  8
User.3
100
AcDbLine
 10
150.137241
 20
-133.195
 30
0.0
 11
150.137241
 21
-119.195
 31
0.0
  0
LINE
  5
1DB
330
1F
100
AcDbEntity
  8
User.3
100
AcDbLine
 10
150.137241
 20
-119.195
 30
0.0
 11
150.141047
 21
-119.175866
 31
0.0
  0
LINE
  5
1DC
330
1F
100
AcDbEntity
  8
User.3
100
AcDbLine
 10
150.141047
 20
-119.175866
 30
0.0
 11
150.168107
 21
-119.148806
 31
0.0
  0
LINE
  5
1DD
330
1F
100
AcDbEntity
  8
User.3
100
AcDbLine
 10
150.168107
 20
-119.148806
 30
0.0
 11
150.187241
 21
-119.145
 31
0.0
  0
LINE
  5
1DE
330
1F
100
AcDbEntity
  8
User.3
100
AcDbLine
 10
150.187241
 20
-119.145
 30
0.0
 11
164.187241
 21
-119.145
 31
0.0
  0
LINE
  5
1DF
330
1F
100
AcDbEntity
  8
User.3
100
AcDbLine
 10
164.187241
 20
-119.145
 30
0.0
 11
164.206375
 21
-119.148806
 31
0.0
  0
LINE
  5
1E0
330
1F
100
AcDbEntity
  8
User.3
100
AcDbLine
 10
279.906375
 20
-119.148806
 30
0.0
 11
279.933435
 21
-119.175866
 31
0.0
  0
LINE
  5
1E1
330
1F
100
AcDbEntity
  8
User.3
100
AcDbLine
 10
279.933435
 20
-119.175866
 30
0.0
 11
279.937241
 21
-119.195
 31
0.0
  0
LINE
  5
1E2
330
1F
100
AcDbEntity
  8
User.3
100
AcDbLine
 10
279.937241
 20
-119.195
 30
0.0
 11
279.937241
 21
-133.195
 31
0.0
  0
LINE
  5
1E3
330
1F
100
AcDbEntity
  8
User.3
100
AcDbLine
 10
279.937241
 20
-133.195
 30
0.0
 11
279.933435
 21
-133.214134
 31
0.0
  0
LINE
  5
1E4
330
1F
100
AcDbEntity
  8
User.3
100
AcDbLine
 10
279.933435
 20
-133.214134
 30
0.0
 11
279.906375
 21
-133.241194
 31
0.0
  0
LINE
  5
1E5
330
1F
100
AcDbEntity
  8
User.3
100
AcDbLine
 10
279.906375
 20
-133.241194
 30
0.0
 11
279.887241
 21
-133.245
 31
0.0
  0
LINE
  5
1E6
330
1F
100
AcDbEntity
  8
User.3
100
AcDbLine
 10
279.887241
 20
-133.245
 30
0.0
 11
265.887241
 21
-133.245
 31
0.0
  0
LINE
  5
1E7
330
1F
100
AcDbEntity
  8
User.3
100
AcDbLine
 10
265.887241
 20
-133.245
 30
0.0
 11
265.868107
 21
-133.241194
 31
0.0
  0
LINE
  5
1E8
330
1F
100
AcDbEntity
  8
User.3
100
AcDbLine
 10
265.868107
 20
-133.241194
 30
0.0
 11
265.841047
 21
-133.214134
 31
0.0
  0
LINE
  5
1E9
330
1F
100
AcDbEntity
  8
User.3
100
AcDbLine
 10
265.841047
 20
-133.214134
 30
0.0
 11
265.8372409999999
 21
-133.195
 31
0.0
  0
LINE
  5
1EA
330
1F
100
AcDbEntity
  8
User.3
100
AcDbLine
 10
265.8372409999999
 20
-133.195
 30
0.0
 11
265.8372409999999
 21
-119.195
 31
0.0
  0
LINE
  5
1EB
330
1F
100
AcDbEntity
  8
User.3
100
AcDbLine
 10
265.8372409999999
 20
-119.195
 30
0.0
 11
265.841047
 21
-119.175866
 31
0.0
  0
LINE
  5
1EC
330
1F
100
AcDbEntity
  8
User.3
100
AcDbLine
 10
265.841047
 20
-119.175866
 30
0.0
 11
265.868107
 21
-119.148806
 31
0.0
  0
LINE
  5
1ED
330
1F
100
AcDbEntity
  8
User.3
100
AcDbLine
 10
265.868107
 20
-119.148806
 30
0.0
 11
265.887241
 21
-119.145
 31
0.0
  0
LINE
  5
1EE
330
1F
100
AcDbEntity
  8
User.3
100
AcDbLine
 10
265.887241
 20
-119.145
 30
0.0
 11
279.887241
 21
-119.145
 31
0.0
  0
LINE
  5
1EF
330
1F
100
AcDbEntity
  8
User.3
100
AcDbLine
 10
279.887241
 20
-119.145
 30
0.0
 11
279.906375
 21
-119.148806
 31
0.0
  0
LINE
  5
1F0
330
1F
100
AcDbEntity
  8
User.3
100
AcDbLine
 10
318.006375
 20
-119.148806
 30
0.0
 11
318.033435
 21
-119.175866
 31
0.0
  0
LINE
  5
1F1
330
1F
100
AcDbEntity
  8
User.3
100
AcDbLine
 10
318.033435
 20
-119.175866
 30
0.0
 11
318.037241
 21
-119.195
 31
0.0
  0
LINE
  5
1F2
330
1F
100
AcDbEntity
  8
User.3
100
AcDbLine
 10
318.037241
 20
-119.195
 30
0.0
 11
318.037241
 21
-133.195
 31
0.0
  0
LINE
  5
1F3
330
1F
100
AcDbEntity
  8
User.3
100
AcDbLine
 10
318.037241
 20
-133.195
 30
0.0
 11
318.033435
 21
-133.214134
 31
0.0
  0
LINE
  5
1F4
330
1F
100
AcDbEntity
  8
User.3
100
AcDbLine
 10
318.033435
 20
-133.214134
 30
0.0
 11
318.006375
 21
-133.241194
 31
0.0
  0
LINE
  5
1F5
330
1F
100
AcDbEntity
  8
User.3
100
AcDbLine
 10
318.006375
 20
-133.241194
 30
0.0
 11
317.987241
 21
-133.245
 31
0.0
  0
LINE
  5
1F6
330
1F
100
AcDbEntity
  8
User.3
100
AcDbLine
 10
317.987241
 20
-133.245
 30
0.0
 11
303.987241
 21
-133.245
 31
0.0
  0
LINE
  5
1F7
330
1F
100
AcDbEntity
  8
User.3
100
AcDbLine
 10
303.987241
 20
-133.245
 30
0.0
 11
303.968107
 21
-133.241194
 31
0.0
  0
LINE
  5
1F8
330
1F
100
AcDbEntity
  8
User.3
100
AcDbLine
 10
303.968107
 20
-133.241194
 30
0.0
 11
303.941047
 21
-133.214134
 31
0.0
  0
LINE
  5
1F9
330
1F
100
AcDbEntity
  8
User.3
100
AcDbLine
 10
303.941047
 20
-133.214134
 30
0.0
 11
303.937241
 21
-133.195
 31
0.0
  0
LINE
  5
1FA
330
1F
100
AcDbEntity
  8
User.3
100
AcDbLine
 10
303.937241
 20
-133.195
 30
0.0
 11
303.937241
 21
-119.195
 31
0.0
  0
LINE
  5
1FB
330
1F
100
AcDbEntity
  8
User.3
100
AcDbLine
 10
303.937241
 20
-119.195
 30
0.0
 11
303.941047
 21
-119.175866
 31
0.0
  0
LINE
  5
1FC
330
1F
100
AcDbEntity
  8
User.3
100
AcDbLine
 10
303.941047
 20
-119.175866
 30
0.0
 11
303.968107
 21
-119.148806
 31
0.0
  0
LINE
  5
1FD
330
1F
100
AcDbEntity
  8
User.3
100
AcDbLine
 10
303.968107
 20
-119.148806
 30
0.0
 11
303.987241
 21
-119.145
 31
0.0
  0
LINE
  5
1FE
330
1F
100
AcDbEntity
  8
User.3
100
AcDbLine
 10
303.987241
 20
-119.145
 30
0.0
 11
317.987241
 21
-119.145
 31
0.0
  0
LINE
  5
1FF
330
1F
100
AcDbEntity
  8
User.3
100
AcDbLine
 10
317.987241
 20
-119.145
 30
0.0
 11
318.006375
 21
-119.148806
 31
0.0
  0
LINE
  5
200
330
1F
100
AcDbEntity
  8
User.3
100
AcDbLine
 10
88.00637499999999
 20
-114.386306
 30
0.0
 11
88.033435
 21
-114.413366
 31
0.0
  0
LINE
  5
201
330
1F
100
AcDbEntity
  8
User.3
100
AcDbLine
 10
88.033435
 20
-114.413366
 30
0.0
 11
88.03724100000001
 21
-114.4325
 31
0.0
  0
LINE
  5
202
330
1F
100
AcDbEntity
  8
User.3
100
AcDbLine
 10
88.03724100000001
 20
-114.4325
 30
0.0
 11
88.03724100000001
 21
-128.4325
 31
0.0
  0
LINE
  5
203
330
1F
100
AcDbEntity
  8
User.3
100
AcDbLine
 10
88.03724100000001
 20
-128.4325
 30
0.0
 11
88.033435
 21
-128.451634
 31
0.0
  0
LINE
  5
204
330
1F
100
AcDbEntity
  8
User.3
100
AcDbLine
 10
88.033435
 20
-128.451634
 30
0.0
 11
88.00637499999999
 21
-128.478694
 31
0.0
  0
LINE
  5
205
330
1F
100
AcDbEntity
  8
User.3
100
AcDbLine
 10
88.00637499999999
 20
-128.478694
 30
0.0
 11
87.987241
 21
-128.4825
 31
0.0
  0
LINE
  5
206
330
1F
100
AcDbEntity
  8
User.3
100
AcDbLine
 10
87.987241
 20
-128.4825
 30
0.0
 11
73.987241
 21
-128.4825
 31
0.0
  0
LINE
  5
207
330
1F
100
AcDbEntity
  8
User.3
100
AcDbLine
 10
73.987241
 20
-128.4825
 30
0.0
 11
73.96810699999999
 21
-128.478694
 31
0.0
  0
LINE
  5
208
330
1F
100
AcDbEntity
  8
User.3
100
AcDbLine
 10
73.96810699999999
 20
-128.478694
 30
0.0
 11
73.941047
 21
-128.451634
 31
0.0
  0
LINE
  5
209
330
1F
100
AcDbEntity
  8
User.3
100
AcDbLine
 10
73.941047
 20
-128.451634
 30
0.0
 11
73.937241
 21
-128.4325
 31
0.0
  0
LINE
  5
20A
330
1F
100
AcDbEntity
  8
User.3
100
AcDbLine
 10
73.937241
 20
-128.4325
 30
0.0
 11
73.937241
 21
-114.4325
 31
0.0
  0
LINE
  5
20B
330
1F
100
AcDbEntity
  8
User.3
100
AcDbLine
 10
73.937241
 20
-114.4325
 30
0.0
 11
73.941047
 21
-114.413366
 31
0.0
  0
LINE
  5
20C
330
1F
100
AcDbEntity
  8
User.3
100
AcDbLine
 10
73.941047
 20
-114.413366
 30
0.0
 11
73.96810699999999
 21
-114.386306
 31
0.0
  0
LINE
  5
20D
330
1F
100
AcDbEntity
  8
User.3
100
AcDbLine
 10
73.96810699999999
 20
-114.386306
 30
0.0
 11
73.987241
 21
-114.3825
 31
0.0
  0
LINE
  5
20E
330
1F
100
AcDbEntity
  8
User.3
100
AcDbLine
 10
73.987241
 20
-114.3825
 30
0.0
 11
87.987241
 21
-114.3825
 31
0.0
  0
LINE
  5
20F
330
1F
100
AcDbEntity
  8
User.3
100
AcDbLine
 10
87.987241
 20
-114.3825
 30
0.0
 11
88.00637499999999
 21
-114.386306
 31
0.0
  0
LINE
  5
210
330
1F
100
AcDbEntity
  8
User.3
100
AcDbLine
 10
145.156375
 20
-114.386306
 30
0.0
 11
145.183435
 21
-114.413366
 31
0.0
  0
LINE
  5
211
330
1F
100
AcDbEntity
  8
User.3
100
AcDbLine
 10
145.183435
 20
-114.413366
 30
0.0
 11
145.187241
 21
-114.4325
 31
0.0
  0
LINE
  5
212
330
1F
100
AcDbEntity
  8
User.3
100
AcDbLine
 10
145.187241
 20
-114.4325
 30
0.0
 11
145.187241
 21
-128.4325
 31
0.0
  0
LINE
  5
213
330
1F
100
AcDbEntity
  8
User.3
100
AcDbLine
 10
145.187241
 20
-128.4325
 30
0.0
 11
145.183435
 21
-128.451634
 31
0.0
  0
LINE
  5
214
330
1F
100
AcDbEntity
  8
User.3
100
AcDbLine
 10
145.183435
 20
-128.451634
 30
0.0
 11
145.156375
 21
-128.478694
 31
0.0
  0
LINE
  5
215
330
1F
100
AcDbEntity
  8
User.3
100
AcDbLine
 10
145.156375
 20
-128.478694
 30
0.0
 11
145.137241
 21
-128.4825
 31
0.0
  0
LINE
  5
216
330
1F
100
AcDbEntity
  8
User.3
100
AcDbLine
 10
145.137241
 20
-128.4825
 30
0.0
 11
131.137241
 21
-128.4825
 31
0.0
  0
LINE
  5
217
330
1F
100
AcDbEntity
  8
User.3
100
AcDbLine
 10
131.137241
 20
-128.4825
 30
0.0
 11
131.118107
 21
-128.478694
 31
0.0
  0
LINE
  5
218
330
1F
100
AcDbEntity
  8
User.3
100
AcDbLine
 10
131.118107
 20
-128.478694
 30
0.0
 11
131.091047
 21
-128.451634
 31
0.0
  0
LINE
  5
219
330
1F
100
AcDbEntity
  8
User.3
100
AcDbLine
 10
131.091047
 20
-128.451634
 30
0.0
 11
131.087241
 21
-128.4325
 31
0.0
  0
LINE
  5
21A
330
1F
100
AcDbEntity
  8
User.3
100
AcDbLine
 10
131.087241
 20
-128.4325
 30
0.0
 11
131.087241
 21
-114.4325
 31
0.0
  0
LINE
  5
21B
330
1F
100
AcDbEntity
  8
User.3
100
AcDbLine
 10
131.087241
 20
-114.4325
 30
0.0
 11
131.091047
 21
-114.413366
 31
0.0
  0
LINE
  5
21C
330
1F
100
AcDbEntity
  8
User.3
100
AcDbLine
 10
131.091047
 20
-114.413366
 30
0.0
 11
131.118107
 21
-114.386306
 31
0.0
  0
LINE
  5
21D
330
1F
100
AcDbEntity
  8
User.3
100
AcDbLine
 10
131.118107
 20
-114.386306
 30
0.0
 11
131.137241
 21
-114.3825
 31
0.0
  0
LINE
  5
21E
330
1F
100
AcDbEntity
  8
User.3
100
AcDbLine
 10
131.137241
 20
-114.3825
 30
0.0
 11
145.137241
 21
-114.3825
 31
0.0
  0
LINE
  5
21F
330
1F
100
AcDbEntity
  8
User.3
100
AcDbLine
 10
145.137241
 20
-114.3825
 30
0.0
 11
145.156375
 21
-114.386306
 31
0.0
  0
LINE
  5
220
330
1F
100
AcDbEntity
  8
User.3
100
AcDbLine
 10
298.956375
 20
-114.386306
 30
0.0
 11
298.983435
 21
-114.413366
 31
0.0
  0
LINE
  5
221
330
1F
100
AcDbEntity
  8
User.3
100
AcDbLine
 10
298.983435
 20
-114.413366
 30
0.0
 11
298.987241
 21
-114.4325
 31
0.0
  0
LINE
  5
222
330
1F
100
AcDbEntity
  8
User.3
100
AcDbLine
 10
298.987241
 20
-114.4325
 30
0.0
 11
298.987241
 21
-128.4325
 31
0.0
  0
LINE
  5
223
330
1F
100
AcDbEntity
  8
User.3
100
AcDbLine
 10
298.987241
 20
-128.4325
 30
0.0
 11
298.983435
 21
-128.451634
 31
0.0
  0
LINE
  5
224
330
1F
100
AcDbEntity
  8
User.3
100
AcDbLine
 10
298.983435
 20
-128.451634
 30
0.0
 11
298.956375
 21
-128.478694
 31
0.0
  0
LINE
  5
225
330
1F
100
AcDbEntity
  8
User.3
100
AcDbLine
 10
298.956375
 20
-128.478694
 30
0.0
 11
298.937241
 21
-128.4825
 31
0.0
  0
LINE
  5
226
330
1F
100
AcDbEntity
  8
User.3
100
AcDbLine
 10
298.937241
 20
-128.4825
 30
0.0
 11
284.937241
 21
-128.4825
 31
0.0
  0
LINE
  5
227
330
1F
100
AcDbEntity
  8
User.3
100
AcDbLine
 10
284.937241
 20
-128.4825
 30
0.0
 11
284.918107
 21
-128.478694
 31
0.0
  0
LINE
  5
228
330
1F
100
AcDbEntity
  8
User.3
100
AcDbLine
 10
284.918107
 20
-128.478694
 30
0.0
 11
284.891047
 21
-128.451634
 31
0.0
  0
LINE
  5
229
330
1F
100
AcDbEntity
  8
User.3
100
AcDbLine
 10
284.891047
 20
-128.451634
 30
0.0
 11
284.887241
 21
-128.4325
 31
0.0
  0
LINE
  5
22A
330
1F
100
AcDbEntity
  8
User.3
100
AcDbLine
 10
284.887241
 20
-128.4325
 30
0.0
 11
284.887241
 21
-114.4325
 31
0.0
  0
LINE
  5
22B
330
1F
100
AcDbEntity
  8
User.3
100
AcDbLine
 10
284.887241
 20
-114.4325
 30
0.0
 11
284.891047
 21
-114.413366
 31
0.0
  0
LINE
  5
22C
330
1F
100
AcDbEntity
  8
User.3
100
AcDbLine
 10
284.891047
 20
-114.413366
 30
0.0
 11
284.918107
 21
-114.386306
 31
0.0
  0
LINE
  5
22D
330
1F
100
AcDbEntity
  8
User.3
100
AcDbLine
 10
284.918107
 20
-114.386306
 30
0.0
 11
284.937241
 21
-114.3825
 31
0.0
  0
LINE
  5
22E
330
1F
100
AcDbEntity
  8
User.3
100
AcDbLine
 10
284.937241
 20
-114.3825
 30
0.0
 11
298.937241
 21
-114.3825
 31
0.0
  0
LINE
  5
22F
330
1F
100
AcDbEntity
  8
User.3
100
AcDbLine
 10
298.937241
 20
-114.3825
 30
0.0
 11
298.956375
 21
-114.386306
 31
0.0
  0
LINE
  5
230
330
1F
100
AcDbEntity
  8
User.3
100
AcDbLine
 10
356.106375
 20
-114.386306
 30
0.0
 11
356.133435
 21
-114.413366
 31
0.0
  0
LINE
  5
231
330
1F
100
AcDbEntity
  8
User.3
100
AcDbLine
 10
356.133435
 20
-114.413366
 30
0.0
 11
356.137241
 21
-114.4325
 31
0.0
  0
LINE
  5
232
330
1F
100
AcDbEntity
  8
User.3
100
AcDbLine
 10
356.137241
 20
-114.4325
 30
0.0
 11
356.137241
 21
-128.4325
 31
0.0
  0
LINE
  5
233
330
1F
100
AcDbEntity
  8
User.3
100
AcDbLine
 10
356.137241
 20
-128.4325
 30
0.0
 11
356.133435
 21
-128.451634
 31
0.0
  0
LINE
  5
234
330
1F
100
AcDbEntity
  8
User.3
100
AcDbLine
 10
356.133435
 20
-128.451634
 30
0.0
 11
356.106375
 21
-128.478694
 31
0.0
  0
LINE
  5
235
330
1F
100
AcDbEntity
  8
User.3
100
AcDbLine
 10
356.106375
 20
-128.478694
 30
0.0
 11
356.087241
 21
-128.4825
 31
0.0
  0
LINE
  5
236
330
1F
100
AcDbEntity
  8
User.3
100
AcDbLine
 10
356.087241
 20
-128.4825
 30
0.0
 11
342.087241
 21
-128.4825
 31
0.0
  0
LINE
  5
237
330
1F
100
AcDbEntity
  8
User.3
100
AcDbLine
 10
342.087241
 20
-128.4825
 30
0.0
 11
342.0681069999999
 21
-128.478694
 31
0.0
  0
LINE
  5
238
330
1F
100
AcDbEntity
  8
User.3
100
AcDbLine
 10
342.0681069999999
 20
-128.478694
 30
0.0
 11
342.041047
 21
-128.451634
 31
0.0
  0
LINE
  5
239
330
1F
100
AcDbEntity
  8
User.3
100
AcDbLine
 10
342.041047
 20
-128.451634
 30
0.0
 11
342.037241
 21
-128.4325
 31
0.0
  0
LINE
  5
23A
330
1F
100
AcDbEntity
  8
User.3
100
AcDbLine
 10
342.037241
 20
-128.4325
 30
0.0
 11
342.037241
 21
-114.4325
 31
0.0
  0
LINE
  5
23B
330
1F
100
AcDbEntity
  8
User.3
100
AcDbLine
 10
342.037241
 20
-114.4325
 30
0.0
 11
342.041047
 21
-114.413366
 31
0.0
  0
LINE
  5
23C
330
1F
100
AcDbEntity
  8
User.3
100
AcDbLine
 10
342.041047
 20
-114.413366
 30
0.0
 11
342.0681069999999
 21
-114.386306
 31
0.0
  0
LINE
  5
23D
330
1F
100
AcDbEntity
  8
User.3
100
AcDbLine
 10
342.0681069999999
 20
-114.386306
 30
0.0
 11
342.087241
 21
-114.3825
 31
0.0
  0
LINE
  5
23E
330
1F
100
AcDbEntity
  8
User.3
100
AcDbLine
 10
342.087241
 20
-114.3825
 30
0.0
 11
356.087241
 21
-114.3825
 31
0.0
  0
LINE
  5
23F
330
1F
100
AcDbEntity
  8
User.3
100
AcDbLine
 10
356.087241
 20
-114.3825
 30
0.0
 11
356.106375
 21
-114.386306
 31
0.0
  0
LINE
  5
240
330
1F
100
AcDbEntity
  8
User.3
100
AcDbLine
 10
107.056375
 20
-104.861306
 30
0.0
 11
107.083435
 21
-104.888366
 31
0.0
  0
LINE
  5
241
330
1F
100
AcDbEntity
  8
User.3
100
AcDbLine
 10
107.083435
 20
-104.888366
 30
0.0
 11
107.087241
 21
-104.9075
 31
0.0
  0
LINE
  5
242
330
1F
100
AcDbEntity
  8
User.3
100
AcDbLine
 10
107.087241
 20
-104.9075
 30
0.0
 11
107.087241
 21
-118.9075
 31
0.0
  0
LINE
  5
243
330
1F
100
AcDbEntity
  8
User.3
100
AcDbLine
 10
107.087241
 20
-118.9075
 30
0.0
 11
107.083435
 21
-118.926634
 31
0.0
  0
LINE
  5
244
330
1F
100
AcDbEntity
  8
User.3
100
AcDbLine
 10
107.083435
 20
-118.926634
 30
0.0
 11
107.056375
 21
-118.953694
 31
0.0
  0
LINE
  5
245
330
1F
100
AcDbEntity
  8
User.3
100
AcDbLine
 10
107.056375
 20
-118.953694
 30
0.0
 11
107.037241
 21
-118.9575
 31
0.0
  0
LINE
  5
246
330
1F
100
AcDbEntity
  8
User.3
100
AcDbLine
 10
107.037241
 20
-118.9575
 30
0.0
 11
93.03724100000001
 21
-118.9575
 31
0.0
  0
LINE
  5
247
330
1F
100
AcDbEntity
  8
User.3
100
AcDbLine
 10
93.03724100000001
 20
-118.9575
 30
0.0
 11
93.01810699999999
 21
-118.953694
 31
0.0
  0
LINE
  5
248
330
1F
100
AcDbEntity
  8
User.3
100
AcDbLine
 10
93.01810699999999
 20
-118.953694
 30
0.0
 11
92.991047
 21
-118.926634
 31
0.0
  0
LINE
  5
249
330
1F
100
AcDbEntity
  8
User.3
100
AcDbLine
 10
92.991047
 20
-118.926634
 30
0.0
 11
92.98724099999998
 21
-118.9075
 31
0.0
  0
LINE
  5
24A
330
1F
100
AcDbEntity
  8
User.3
100
AcDbLine
 10
92.98724099999998
 20
-118.9075
 30
0.0
 11
92.98724099999998
 21
-104.9075
 31
0.0
  0
LINE
  5
24B
330
1F
100
AcDbEntity
  8
User.3
100
AcDbLine
 10
92.98724099999998
 20
-104.9075
 30
0.0
 11
92.991047
 21
-104.888366
 31
0.0
  0
LINE
  5
24C
330
1F
100
AcDbEntity
  8
User.3
100
AcDbLine
 10
92.991047
 20
-104.888366
 30
0.0
 11
93.01810699999999
 21
-104.861306
 31
0.0
  0
LINE
  5
24D
330
1F
100
AcDbEntity
  8
User.3
100
AcDbLine
 10
93.01810699999999
 20
-104.861306
 30
0.0
 11
93.03724100000001
 21
-104.8575
 31
0.0
  0
LINE
  5
24E
330
1F
100
AcDbEntity
  8
User.3
100
AcDbLine
 10
93.03724100000001
 20
-104.8575
 30
0.0
 11
107.037241
 21
-104.8575
 31
0.0
  0
LINE
  5
24F
330
1F
100
AcDbEntity
  8
User.3
100
AcDbLine
 10
107.037241
 20
-104.8575
 30
0.0
 11
107.056375
 21
-104.861306
 31
0.0
  0
LINE
  5
250
330
1F
100
AcDbEntity
  8
User.3
100
AcDbLine
 10
183.256375
 20
-104.861306
 30
0.0
 11
183.283435
 21
-104.888366
 31
0.0
  0
LINE
  5
251
330
1F
100
AcDbEntity
  8
User.3
100
AcDbLine
 10
183.283435
 20
-104.888366
 30
0.0
 11
183.287241
 21
-104.9075
 31
0.0
  0
LINE
  5
252
330
1F
100
AcDbEntity
  8
User.3
100
AcDbLine
 10
183.287241
 20
-104.9075
 30
0.0
 11
183.287241
 21
-118.9075
 31
0.0
  0
LINE
  5
253
330
1F
100
AcDbEntity
  8
User.3
100
AcDbLine
 10
183.287241
 20
-118.9075
 30
0.0
 11
183.283435
 21
-118.926634
 31
0.0
  0
LINE
  5
254
330
1F
100
AcDbEntity
  8
User.3
100
AcDbLine
 10
183.283435
 20
-118.926634
 30
0.0
 11
183.256375
 21
-118.953694
 31
0.0
  0
LINE
  5
255
330
1F
100
AcDbEntity
  8
User.3
100
AcDbLine
 10
183.256375
 20
-118.953694
 30
0.0
 11
183.237241
 21
-118.9575
 31
0.0
  0
LINE
  5
256
330
1F
100
AcDbEntity
  8
User.3
100
AcDbLine
 10
183.237241
 20
-118.9575
 30
0.0
 11
169.237241
 21
-118.9575
 31
0.0
  0
LINE
  5
257
330
1F
100
AcDbEntity
  8
User.3
100
AcDbLine
 10
169.237241
 20
-118.9575
 30
0.0
 11
169.218107
 21
-118.953694
 31
0.0
  0
LINE
  5
258
330
1F
100
AcDbEntity
  8
User.3
100
AcDbLine
 10
169.218107
 20
-118.953694
 30
0.0
 11
169.191047
 21
-118.926634
 31
0.0
  0
LINE
  5
259
330
1F
100
AcDbEntity
  8
User.3
100
AcDbLine
 10
169.191047
 20
-118.926634
 30
0.0
 11
169.187241
 21
-118.9075
 31
0.0
  0
LINE
  5
25A
330
1F
100
AcDbEntity
  8
User.3
100
AcDbLine
 10
169.187241
 20
-118.9075
 30
0.0
 11
169.187241
 21
-104.9075
 31
0.0
  0
LINE
  5
25B
330
1F
100
AcDbEntity
  8
User.3
100
AcDbLine
 10
169.187241
 20
-104.9075
 30
0.0
 11
169.191047
 21
-104.888366
 31
0.0
  0
LINE
  5
25C
330
1F
100
AcDbEntity
  8
User.3
100
AcDbLine
 10
169.191047
 20
-104.888366
 30
0.0
 11
169.218107
 21
-104.861306
 31
0.0
  0
LINE
  5
25D
330
1F
100
AcDbEntity
  8
User.3
100
AcDbLine
 10
169.218107
 20
-104.861306
 30
0.0
 11
169.237241
 21
-104.8575
 31
0.0
  0
LINE
  5
25E
330
1F
100
AcDbEntity
  8
User.3
100
AcDbLine
 10
169.237241
 20
-104.8575
 30
0.0
 11
183.237241
 21
-104.8575
 31
0.0
  0
LINE
  5
25F
330
1F
100
AcDbEntity
  8
User.3
100
AcDbLine
 10
183.237241
 20
-104.8575
 30
0.0
 11
183.256375
 21
-104.861306
 31
0.0
  0
LINE
  5
260
330
1F
100
AcDbEntity
  8
User.3
100
AcDbLine
 10
260.856375
 20
-104.861306
 30
0.0
 11
260.883435
 21
-104.888366
 31
0.0
  0
LINE
  5
261
330
1F
100
AcDbEntity
  8
User.3
100
AcDbLine
 10
260.883435
 20
-104.888366
 30
0.0
 11
260.887241
 21
-104.9075
 31
0.0
  0
LINE
  5
262
330
1F
100
AcDbEntity
  8
User.3
100
AcDbLine
 10
260.887241
 20
-104.9075
 30
0.0
 11
260.887241
 21
-118.9075
 31
0.0
  0
LINE
  5
263
330
1F
100
AcDbEntity
  8
User.3
100
AcDbLine
 10
260.887241
 20
-118.9075
 30
0.0
 11
260.883435
 21
-118.926634
 31
0.0
  0
LINE
  5
264
330
1F
100
AcDbEntity
  8
User.3
100
AcDbLine
 10
260.883435
 20
-118.926634
 30
0.0
 11
260.856375
 21
-118.953694
 31
0.0
  0
LINE
  5
265
330
1F
100
AcDbEntity
  8
User.3
100
AcDbLine
 10
260.856375
 20
-118.953694
 30
0.0
 11
260.837241
 21
-118.9575
 31
0.0
  0
LINE
  5
266
330
1F
100
AcDbEntity
  8
User.3
100
AcDbLine
 10
260.837241
 20
-118.9575
 30
0.0
 11
246.837241
 21
-118.9575
 31
0.0
  0
LINE
  5
267
330
1F
100
AcDbEntity
  8
User.3
100
AcDbLine
 10
246.837241
 20
-118.9575
 30
0.0
 11
246.818107
 21
-118.953694
 31
0.0
  0
LINE
  5
268
330
1F
100
AcDbEntity
  8
User.3
100
AcDbLine
 10
246.818107
 20
-118.953694
 30
0.0
 11
246.791047
 21
-118.926634
 31
0.0
  0
LINE
  5
269
330
1F
100
AcDbEntity
  8
User.3
100
AcDbLine
 10
246.791047
 20
-118.926634
 30
0.0
 11
246.787241
 21
-118.9075
 31
0.0
  0
LINE
  5
26A
330
1F
100
AcDbEntity
  8
User.3
100
AcDbLine
 10
246.787241
 20
-118.9075
 30
0.0
 11
246.787241
 21
-104.9075
 31
0.0
  0
LINE
  5
26B
330
1F
100
AcDbEntity
  8
User.3
100
AcDbLine
 10
246.787241
 20
-104.9075
 30
0.0
 11
246.791047
 21
-104.888366
 31
0.0
  0
LINE
  5
26C
330
1F
100
AcDbEntity
  8
User.3
100
AcDbLine
 10
246.791047
 20
-104.888366
 30
0.0
 11
246.818107
 21
-104.861306
 31
0.0
  0
LINE
  5
26D
330
1F
100
AcDbEntity
  8
User.3
100
AcDbLine
 10
246.818107
 20
-104.861306
 30
0.0
 11
246.837241
 21
-104.8575
 31
0.0
  0
LINE
  5
26E
330
1F
100
AcDbEntity
  8
User.3
100
AcDbLine
 10
246.837241
 20
-104.8575
 30
0.0
 11
260.837241
 21
-104.8575
 31
0.0
  0
LINE
  5
26F
330
1F
100
AcDbEntity
  8
User.3
100
AcDbLine
 10
260.837241
 20
-104.8575
 30
0.0
 11
260.856375
 21
-104.861306
 31
0.0
  0
LINE
  5
270
330
1F
100
AcDbEntity
  8
User.3
100
AcDbLine
 10
337.056375
 20
-104.861306
 30
0.0
 11
337.083435
 21
-104.888366
 31
0.0
  0
LINE
  5
271
330
1F
100
AcDbEntity
  8
User.3
100
AcDbLine
 10
337.083435
 20
-104.888366
 30
0.0
 11
337.087241
 21
-104.9075
 31
0.0
  0
LINE
  5
272
330
1F
100
AcDbEntity
  8
User.3
100
AcDbLine
 10
337.087241
 20
-104.9075
 30
0.0
 11
337.087241
 21
-118.9075
 31
0.0
  0
LINE
  5
273
330
1F
100
AcDbEntity
  8
User.3
100
AcDbLine
 10
337.087241
 20
-118.9075
 30
0.0
 11
337.083435
 21
-118.926634
 31
0.0
  0
LINE
  5
274
330
1F
100
AcDbEntity
  8
User.3
100
AcDbLine
 10
337.083435
 20
-118.926634
 30
0.0
 11
337.056375
 21
-118.953694
 31
0.0
  0
LINE
  5
275
330
1F
100
AcDbEntity
  8
User.3
100
AcDbLine
 10
337.056375
 20
-118.953694
 30
0.0
 11
337.037241
 21
-118.9575
 31
0.0
  0
LINE
  5
276
330
1F
100
AcDbEntity
  8
User.3
100
AcDbLine
 10
337.037241
 20
-118.9575
 30
0.0
 11
323.037241
 21
-118.9575
 31
0.0
  0
LINE
  5
277
330
1F
100
AcDbEntity
  8
User.3
100
AcDbLine
 10
323.037241
 20
-118.9575
 30
0.0
 11
323.018107
 21
-118.953694
 31
0.0
  0
LINE
  5
278
330
1F
100
AcDbEntity
  8
User.3
100
AcDbLine
 10
323.018107
 20
-118.953694
 30
0.0
 11
322.991047
 21
-118.926634
 31
0.0
  0
LINE
  5
279
330
1F
100
AcDbEntity
  8
User.3
100
AcDbLine
 10
322.991047
 20
-118.926634
 30
0.0
 11
322.987241
 21
-118.9075
 31
0.0
  0
LINE
  5
27A
330
1F
100
AcDbEntity
  8
User.3
100
AcDbLine
 10
322.987241
 20
-118.9075
 30
0.0
 11
322.987241
 21
-104.9075
 31
0.0
  0
LINE
  5
27B
330
1F
100
AcDbEntity
  8
User.3
100
AcDbLine
 10
322.987241
 20
-104.9075
 30
0.0
 11
322.991047
 21
-104.888366
 31
0.0
  0
LINE
  5
27C
330
1F
100
AcDbEntity
  8
User.3
100
AcDbLine
 10
322.991047
 20
-104.888366
 30
0.0
 11
323.018107
 21
-104.861306
 31
0.0
  0
LINE
  5
27D
330
1F
100
AcDbEntity
  8
User.3
100
AcDbLine
 10
323.018107
 20
-104.861306
 30
0.0
 11
323.037241
 21
-104.8575
 31
0.0
  0
LINE
  5
27E
330
1F
100
AcDbEntity
  8
User.3
100
AcDbLine
 10
323.037241
 20
-104.8575
 30
0.0
 11
337.037241
 21
-104.8575
 31
0.0
  0
LINE
  5
27F
330
1F
100
AcDbEntity
  8
User.3
100
AcDbLine
 10
337.037241
 20
-104.8575
 30
0.0
 11
337.056375
 21
-104.861306
 31
0.0
  0
LINE
  5
280
330
1F
100
AcDbEntity
  8
User.3
100
AcDbLine
 10
126.106375
 20
-100.098806
 30
0.0
 11
126.133435
 21
-100.125866
 31
0.0
  0
LINE
  5
281
330
1F
100
AcDbEntity
  8
User.3
100
AcDbLine
 10
126.133435
 20
-100.125866
 30
0.0
 11
126.137241
 21
-100.145
 31
0.0
  0
LINE
  5
282
330
1F
100
AcDbEntity
  8
User.3
100
AcDbLine
 10
126.137241
 20
-100.145
 30
0.0
 11
126.137241
 21
-114.145
 31
0.0
  0
LINE
  5
283
330
1F
100
AcDbEntity
  8
User.3
100
AcDbLine
 10
126.137241
 20
-114.145
 30
0.0
 11
126.133435
 21
-114.164134
 31
0.0
  0
LINE
  5
284
330
1F
100
AcDbEntity
  8
User.3
100
AcDbLine
 10
126.133435
 20
-114.164134
 30
0.0
 11
126.106375
 21
-114.191194
 31
0.0
  0
LINE
  5
285
330
1F
100
AcDbEntity
  8
User.3
100
AcDbLine
 10
126.106375
 20
-114.191194
 30
0.0
 11
126.087241
 21
-114.195
 31
0.0
  0
LINE
  5
286
330
1F
100
AcDbEntity
  8
User.3
100
AcDbLine
 10
126.087241
 20
-114.195
 30
0.0
 11
112.087241
 21
-114.195
 31
0.0
  0
LINE
  5
287
330
1F
100
AcDbEntity
  8
User.3
100
AcDbLine
 10
112.087241
 20
-114.195
 30
0.0
 11
112.068107
 21
-114.191194
 31
0.0
  0
LINE
  5
288
330
1F
100
AcDbEntity
  8
User.3
100
AcDbLine
 10
112.068107
 20
-114.191194
 30
0.0
 11
112.041047
 21
-114.164134
 31
0.0
  0
LINE
  5
289
330
1F
100
AcDbEntity
  8
User.3
100
AcDbLine
 10
112.041047
 20
-114.164134
 30
0.0
 11
112.037241
 21
-114.145
 31
0.0
  0
LINE
  5
28A
330
1F
100
AcDbEntity
  8
User.3
100
AcDbLine
 10
112.037241
 20
-114.145
 30
0.0
 11
112.037241
 21
-100.145
 31
0.0
  0
LINE
  5
28B
330
1F
100
AcDbEntity
  8
User.3
100
AcDbLine
 10
112.037241
 20
-100.145
 30
0.0
 11
112.041047
 21
-100.125866
 31
0.0
  0
LINE
  5
28C
330
1F
100
AcDbEntity
  8
User.3
100
AcDbLine
 10
112.041047
 20
-100.125866
 30
0.0
 11
112.068107
 21
-100.098806
 31
0.0
  0
LINE
  5
28D
330
1F
100
AcDbEntity
  8
User.3
100
AcDbLine
 10
112.068107
 20
-100.098806
 30
0.0
 11
112.087241
 21
-100.095
 31
0.0
  0
LINE
  5
28E
330
1F
100
AcDbEntity
  8
User.3
100
AcDbLine
 10
112.087241
 20
-100.095
 30
0.0
 11
126.087241
 21
-100.095
 31
0.0
  0
LINE
  5
28F
330
1F
100
AcDbEntity
  8
User.3
100
AcDbLine
 10
126.087241
 20
-100.095
 30
0.0
 11
126.106375
 21
-100.098806
 31
0.0
  0
LINE
  5
290
330
1F
100
AcDbEntity
  8
User.3
100
AcDbLine
 10
164.206375
 20
-100.098806
 30
0.0
 11
164.233435
 21
-100.125866
 31
0.0
  0
LINE
  5
291
330
1F
100
AcDbEntity
  8
User.3
100
AcDbLine
 10
164.233435
 20
-100.125866
 30
0.0
 11
164.237241
 21
-100.145
 31
0.0
  0
LINE
  5
292
330
1F
100
AcDbEntity
  8
User.3
100
AcDbLine
 10
164.237241
 20
-100.145
 30
0.0
 11
164.237241
 21
-114.145
 31
0.0
  0
LINE
  5
293
330
1F
100
AcDbEntity
  8
User.3
100
AcDbLine
 10
164.237241
 20
-114.145
 30
0.0
 11
164.233435
 21
-114.164134
 31
0.0
  0
LINE
  5
294
330
1F
100
AcDbEntity
  8
User.3
100
AcDbLine
 10
164.233435
 20
-114.164134
 30
0.0
 11
164.206375
 21
-114.191194
 31
0.0
  0
LINE
  5
295
330
1F
100
AcDbEntity
  8
User.3
100
AcDbLine
 10
164.206375
 20
-114.191194
 30
0.0
 11
164.187241
 21
-114.195
 31
0.0
  0
LINE
  5
296
330
1F
100
AcDbEntity
  8
User.3
100
AcDbLine
 10
164.187241
 20
-114.195
 30
0.0
 11
150.187241
 21
-114.195
 31
0.0
  0
LINE
  5
297
330
1F
100
AcDbEntity
  8
User.3
100
AcDbLine
 10
150.187241
 20
-114.195
 30
0.0
 11
150.168107
 21
-114.191194
 31
0.0
  0
LINE
  5
298
330
1F
100
AcDbEntity
  8
User.3
100
AcDbLine
 10
150.168107
 20
-114.191194
 30
0.0
 11
150.141047
 21
-114.164134
 31
0.0
  0
LINE
  5
299
330
1F
100
AcDbEntity
  8
User.3
100
AcDbLine
 10
150.141047
 20
-114.164134
 30
0.0
 11
150.137241
 21
-114.145
 31
0.0
  0
LINE
  5
29A
330
1F
100
AcDbEntity
  8
User.3
100
AcDbLine
 10
150.137241
 20
-114.145
 30
0.0
 11
150.137241
 21
-100.145
 31
0.0
  0
LINE
  5
29B
330
1F
100
AcDbEntity
  8
User.3
100
AcDbLine
 10
150.137241
 20
-100.145
 30
0.0
 11
150.141047
 21
-100.125866
 31
0.0
  0
LINE
  5
29C
330
1F
100
AcDbEntity
  8
User.3
100
AcDbLine
 10
150.141047
 20
-100.125866
 30
0.0
 11
150.168107
 21
-100.098806
 31
0.0
  0
LINE
  5
29D
330
1F
100
AcDbEntity
  8
User.3
100
AcDbLine
 10
150.168107
 20
-100.098806
 30
0.0
 11
150.187241
 21
-100.095
 31
0.0
  0
LINE
  5
29E
330
1F
100
AcDbEntity
  8
User.3
100
AcDbLine
 10
150.187241
 20
-100.095
 30
0.0
 11
164.187241
 21
-100.095
 31
0.0
  0
LINE
  5
29F
330
1F
100
AcDbEntity
  8
User.3
100
AcDbLine
 10
164.187241
 20
-100.095
 30
0.0
 11
164.206375
 21
-100.098806
 31
0.0
  0
LINE
  5
2A0
330
1F
100
AcDbEntity
  8
User.3
100
AcDbLine
 10
279.906375
 20
-100.098806
 30
0.0
 11
279.933435
 21
-100.125866
 31
0.0
  0
LINE
  5
2A1
330
1F
100
AcDbEntity
  8
User.3
100
AcDbLine
 10
279.933435
 20
-100.125866
 30
0.0
 11
279.937241
 21
-100.145
 31
0.0
  0
LINE
  5
2A2
330
1F
100
AcDbEntity
  8
User.3
100
AcDbLine
 10
279.937241
 20
-100.145
 30
0.0
 11
279.937241
 21
-114.145
 31
0.0
  0
LINE
  5
2A3
330
1F
100
AcDbEntity
  8
User.3
100
AcDbLine
 10
279.937241
 20
-114.145
 30
0.0
 11
279.933435
 21
-114.164134
 31
0.0
  0
LINE
  5
2A4
330
1F
100
AcDbEntity
  8
User.3
100
AcDbLine
 10
279.933435
 20
-114.164134
 30
0.0
 11
279.906375
 21
-114.191194
 31
0.0
  0
LINE
  5
2A5
330
1F
100
AcDbEntity
  8
User.3
100
AcDbLine
 10
279.906375
 20
-114.191194
 30
0.0
 11
279.887241
 21
-114.195
 31
0.0
  0
LINE
  5
2A6
330
1F
100
AcDbEntity
  8
User.3
100
AcDbLine
 10
279.887241
 20
-114.195
 30
0.0
 11
265.887241
 21
-114.195
 31
0.0
  0
LINE
  5
2A7
330
1F
100
AcDbEntity
  8
User.3
100
AcDbLine
 10
265.887241
 20
-114.195
 30
0.0
 11
265.868107
 21
-114.191194
 31
0.0
  0
LINE
  5
2A8
330
1F
100
AcDbEntity
  8
User.3
100
AcDbLine
 10
265.868107
 20
-114.191194
 30
0.0
 11
265.841047
 21
-114.164134
 31
0.0
  0
LINE
  5
2A9
330
1F
100
AcDbEntity
  8
User.3
100
AcDbLine
 10
265.841047
 20
-114.164134
 30
0.0
 11
265.8372409999999
 21
-114.145
 31
0.0
  0
LINE
  5
2AA
330
1F
100
AcDbEntity
  8
User.3
100
AcDbLine
 10
265.8372409999999
 20
-114.145
 30
0.0
 11
265.8372409999999
 21
-100.145
 31
0.0
  0
LINE
  5
2AB
330
1F
100
AcDbEntity
  8
User.3
100
AcDbLine
 10
265.8372409999999
 20
-100.145
 30
0.0
 11
265.841047
 21
-100.125866
 31
0.0
  0
LINE
  5
2AC
330
1F
100
AcDbEntity
  8
User.3
100
AcDbLine
 10
265.841047
 20
-100.125866
 30
0.0
 11
265.868107
 21
-100.098806
 31
0.0
  0
LINE
  5
2AD
330
1F
100
AcDbEntity
  8
User.3
100
AcDbLine
 10
265.868107
 20
-100.098806
 30
0.0
 11
265.887241
 21
-100.095
 31
0.0
  0
LINE
  5
2AE
330
1F
100
AcDbEntity
  8
User.3
100
AcDbLine
 10
265.887241
 20
-100.095
 30
0.0
 11
279.887241
 21
-100.095
 31
0.0
  0
LINE
  5
2AF
330
1F
100
AcDbEntity
  8
User.3
100
AcDbLine
 10
279.887241
 20
-100.095
 30
0.0
 11
279.906375
 21
-100.098806
 31
0.0
  0
LINE
  5
2B0
330
1F
100
AcDbEntity
  8
User.3
100
AcDbLine
 10
318.006375
 20
-100.098806
 30
0.0
 11
318.033435
 21
-100.125866
 31
0.0
  0
LINE
  5
2B1
330
1F
100
AcDbEntity
  8
User.3
100
AcDbLine
 10
318.033435
 20
-100.125866
 30
0.0
 11
318.037241
 21
-100.145
 31
0.0
  0
LINE
  5
2B2
330
1F
100
AcDbEntity
  8
User.3
100
AcDbLine
 10
318.037241
 20
-100.145
 30
0.0
 11
318.037241
 21
-114.145
 31
0.0
  0
LINE
  5
2B3
330
1F
100
AcDbEntity
  8
User.3
100
AcDbLine
 10
318.037241
 20
-114.145
 30
0.0
 11
318.033435
 21
-114.164134
 31
0.0
  0
LINE
  5
2B4
330
1F
100
AcDbEntity
  8
User.3
100
AcDbLine
 10
318.033435
 20
-114.164134
 30
0.0
 11
318.006375
 21
-114.191194
 31
0.0
  0
LINE
  5
2B5
330
1F
100
AcDbEntity
  8
User.3
100
AcDbLine
 10
318.006375
 20
-114.191194
 30
0.0
 11
317.987241
 21
-114.195
 31
0.0
  0
LINE
  5
2B6
330
1F
100
AcDbEntity
  8
User.3
100
AcDbLine
 10
317.987241
 20
-114.195
 30
0.0
 11
303.987241
 21
-114.195
 31
0.0
  0
LINE
  5
2B7
330
1F
100
AcDbEntity
  8
User.3
100
AcDbLine
 10
303.987241
 20
-114.195
 30
0.0
 11
303.968107
 21
-114.191194
 31
0.0
  0
LINE
  5
2B8
330
1F
100
AcDbEntity
  8
User.3
100
AcDbLine
 10
303.968107
 20
-114.191194
 30
0.0
 11
303.941047
 21
-114.164134
 31
0.0
  0
LINE
  5
2B9
330
1F
100
AcDbEntity
  8
User.3
100
AcDbLine
 10
303.941047
 20
-114.164134
 30
0.0
 11
303.937241
 21
-114.145
 31
0.0
  0
LINE
  5
2BA
330
1F
100
AcDbEntity
  8
User.3
100
AcDbLine
 10
303.937241
 20
-114.145
 30
0.0
 11
303.937241
 21
-100.145
 31
0.0
  0
LINE
  5
2BB
330
1F
100
AcDbEntity
  8
User.3
100
AcDbLine
 10
303.937241
 20
-100.145
 30
0.0
 11
303.941047
 21
-100.125866
 31
0.0
  0
LINE
  5
2BC
330
1F
100
AcDbEntity
  8
User.3
100
AcDbLine
 10
303.941047
 20
-100.125866
 30
0.0
 11
303.968107
 21
-100.098806
 31
0.0
  0
LINE
  5
2BD
330
1F
100
AcDbEntity
  8
User.3
100
AcDbLine
 10
303.968107
 20
-100.098806
 30
0.0
 11
303.987241
 21
-100.095
 31
0.0
  0
LINE
  5
2BE
330
1F
100
AcDbEntity
  8
User.3
100
AcDbLine
 10
303.987241
 20
-100.095
 30
0.0
 11
317.987241
 21
-100.095
 31
0.0
  0
LINE
  5
2BF
330
1F
100
AcDbEntity
  8
User.3
100
AcDbLine
 10
317.987241
 20
-100.095
 30
0.0
 11
318.006375
 21
-100.098806
 31
0.0
  0
LINE
  5
2C0
330
1F
100
AcDbEntity
  8
User.3
100
AcDbLine
 10
145.156375
 20
-95.336306
 30
0.0
 11
145.183435
 21
-95.36336599999998
 31
0.0
  0
LINE
  5
2C1
330
1F
100
AcDbEntity
  8
User.3
100
AcDbLine
 10
145.183435
 20
-95.36336599999998
 30
0.0
 11
145.187241
 21
-95.3825
 31
0.0
  0
LINE
  5
2C2
330
1F
100
AcDbEntity
  8
User.3
100
AcDbLine
 10
145.187241
 20
-95.3825
 30
0.0
 11
145.187241
 21
-109.3825
 31
0.0
  0
LINE
  5
2C3
330
1F
100
AcDbEntity
  8
User.3
100
AcDbLine
 10
145.187241
 20
-109.3825
 30
0.0
 11
145.183435
 21
-109.401634
 31
0.0
  0
LINE
  5
2C4
330
1F
100
AcDbEntity
  8
User.3
100
AcDbLine
 10
145.183435
 20
-109.401634
 30
0.0
 11
145.156375
 21
-109.428694
 31
0.0
  0
LINE
  5
2C5
330
1F
100
AcDbEntity
  8
User.3
100
AcDbLine
 10
145.156375
 20
-109.428694
 30
0.0
 11
145.137241
 21
-109.4325
 31
0.0
  0
LINE
  5
2C6
330
1F
100
AcDbEntity
  8
User.3
100
AcDbLine
 10
145.137241
 20
-109.4325
 30
0.0
 11
131.137241
 21
-109.4325
 31
0.0
  0
LINE
  5
2C7
330
1F
100
AcDbEntity
  8
User.3
100
AcDbLine
 10
131.137241
 20
-109.4325
 30
0.0
 11
131.118107
 21
-109.428694
 31
0.0
  0
LINE
  5
2C8
330
1F
100
AcDbEntity
  8
User.3
100
AcDbLine
 10
131.118107
 20
-109.428694
 30
0.0
 11
131.091047
 21
-109.401634
 31
0.0
  0
LINE
  5
2C9
330
1F
100
AcDbEntity
  8
User.3
100
AcDbLine
 10
131.091047
 20
-109.401634
 30
0.0
 11
131.087241
 21
-109.3825
 31
0.0
  0
LINE
  5
2CA
330
1F
100
AcDbEntity
  8
User.3
100
AcDbLine
 10
131.087241
 20
-109.3825
 30
0.0
 11
131.087241
 21
-95.3825
 31
0.0
  0
LINE
  5
2CB
330
1F
100
AcDbEntity
  8
User.3
100
AcDbLine
 10
131.087241
 20
-95.3825
 30
0.0
 11
131.091047
 21
-95.36336599999998
 31
0.0
  0
LINE
  5
2CC
330
1F
100
AcDbEntity
  8
User.3
100
AcDbLine
 10
131.091047
 20
-95.36336599999998
 30
0.0
 11
131.118107
 21
-95.336306
 31
0.0
  0
LINE
  5
2CD
330
1F
100
AcDbEntity
  8
User.3
100
AcDbLine
 10
131.118107
 20
-95.336306
 30
0.0
 11
131.137241
 21
-95.33249999999998
 31
0.0
  0
LINE
  5
2CE
330
1F
100
AcDbEntity
  8
User.3
100
AcDbLine
 10
131.137241
 20
-95.33249999999998
 30
0.0
 11
145.137241
 21
-95.33249999999998
 31
0.0
  0
LINE
  5
2CF
330
1F
100
AcDbEntity
  8
User.3
100
AcDbLine
 10
145.137241
 20
-95.33249999999998
 30
0.0
 11
145.156375
 21
-95.336306
 31
0.0
  0
LINE
  5
2D0
330
1F
100
AcDbEntity
  8
User.3
100
AcDbLine
 10
298.956375
 20
-95.336306
 30
0.0
 11
298.983435
 21
-95.36336599999998
 31
0.0
  0
LINE
  5
2D1
330
1F
100
AcDbEntity
  8
User.3
100
AcDbLine
 10
298.983435
 20
-95.36336599999998
 30
0.0
 11
298.987241
 21
-95.3825
 31
0.0
  0
LINE
  5
2D2
330
1F
100
AcDbEntity
  8
User.3
100
AcDbLine
 10
298.987241
 20
-95.3825
 30
0.0
 11
298.987241
 21
-109.3825
 31
0.0
  0
LINE
  5
2D3
330
1F
100
AcDbEntity
  8
User.3
100
AcDbLine
 10
298.987241
 20
-109.3825
 30
0.0
 11
298.983435
 21
-109.401634
 31
0.0
  0
LINE
  5
2D4
330
1F
100
AcDbEntity
  8
User.3
100
AcDbLine
 10
298.983435
 20
-109.401634
 30
0.0
 11
298.956375
 21
-109.428694
 31
0.0
  0
LINE
  5
2D5
330
1F
100
AcDbEntity
  8
User.3
100
AcDbLine
 10
298.956375
 20
-109.428694
 30
0.0
 11
298.937241
 21
-109.4325
 31
0.0
  0
LINE
  5
2D6
330
1F
100
AcDbEntity
  8
User.3
100
AcDbLine
 10
298.937241
 20
-109.4325
 30
0.0
 11
284.937241
 21
-109.4325
 31
0.0
  0
LINE
  5
2D7
330
1F
100
AcDbEntity
  8
User.3
100
AcDbLine
 10
284.937241
 20
-109.4325
 30
0.0
 11
284.918107
 21
-109.428694
 31
0.0
  0
LINE
  5
2D8
330
1F
100
AcDbEntity
  8
User.3
100
AcDbLine
 10
284.918107
 20
-109.428694
 30
0.0
 11
284.891047
 21
-109.401634
 31
0.0
  0
LINE
  5
2D9
330
1F
100
AcDbEntity
  8
User.3
100
AcDbLine
 10
284.891047
 20
-109.401634
 30
0.0
 11
284.887241
 21
-109.3825
 31
0.0
  0
LINE
  5
2DA
330
1F
100
AcDbEntity
  8
User.3
100
AcDbLine
 10
284.887241
 20
-109.3825
 30
0.0
 11
284.887241
 21
-95.3825
 31
0.0
  0
LINE
  5
2DB
330
1F
100
AcDbEntity
  8
User.3
100
AcDbLine
 10
284.887241
 20
-95.3825
 30
0.0
 11
284.891047
 21
-95.36336599999998
 31
0.0
  0
LINE
  5
2DC
330
1F
100
AcDbEntity
  8
User.3
100
AcDbLine
 10
284.891047
 20
-95.36336599999998
 30
0.0
 11
284.918107
 21
-95.336306
 31
0.0
  0
LINE
  5
2DD
330
1F
100
AcDbEntity
  8
User.3
100
AcDbLine
 10
284.918107
 20
-95.336306
 30
0.0
 11
284.937241
 21
-95.33249999999998
 31
0.0
  0
LINE
  5
2DE
330
1F
100
AcDbEntity
  8
User.3
100
AcDbLine
 10
284.937241
 20
-95.33249999999998
 30
0.0
 11
298.937241
 21
-95.33249999999998
 31
0.0
  0
LINE
  5
2DF
330
1F
100
AcDbEntity
  8
User.3
100
AcDbLine
 10
298.937241
 20
-95.33249999999998
 30
0.0
 11
298.956375
 21
-95.336306
 31
0.0
  0
LINE
  5
2E1
330
1F
100
AcDbEntity
  8
User.2
100
AcDbLine
 10
173.702961
 20
-105.947067
 30
0.0
 11
173.735433
 21
-105.979539
 31
0.0
  0
LINE
  5
2E2
330
1F
100
AcDbEntity
  8
User.2
100
AcDbLine
 10
173.735433
 20
-105.979539
 30
0.0
 11
173.74
 21
-106.0025
 31
0.0
  0
LINE
  5
2E3
330
1F
100
AcDbEntity
  8
User.2
100
AcDbLine
 10
173.74
 20
-106.0025
 30
0.0
 11
173.74
 21
-156.0025
 31
0.0
  0
LINE
  5
2E4
330
1F
100
AcDbEntity
  8
User.2
100
AcDbLine
 10
173.74
 20
-156.0025
 30
0.0
 11
173.735433
 21
-156.025461
 31
0.0
  0
LINE
  5
2E5
330
1F
100
AcDbEntity
  8
User.2
100
AcDbLine
 10
173.735433
 20
-156.025461
 30
0.0
 11
173.702961
 21
-156.057933
 31
0.0
  0
LINE
  5
2E6
330
1F
100
AcDbEntity
  8
User.2
100
AcDbLine
 10
173.702961
 20
-156.057933
 30
0.0
 11
173.68
 21
-156.0625
 31
0.0
  0
LINE
  5
2E7
330
1F
100
AcDbEntity
  8
User.2
100
AcDbLine
 10
173.68
 20
-156.0625
 30
0.0
 11
93.67999999999998
 21
-156.0625
 31
0.0
  0
LINE
  5
2E8
330
1F
100
AcDbEntity
  8
User.2
100
AcDbLine
 10
93.67999999999998
 20
-156.0625
 30
0.0
 11
93.65703899999998
 21
-156.057933
 31
0.0
  0
LINE
  5
2E9
330
1F
100
AcDbEntity
  8
User.2
100
AcDbLine
 10
93.65703899999998
 20
-156.057933
 30
0.0
 11
93.62456699999998
 21
-156.025461
 31
0.0
  0
LINE
  5
2EA
330
1F
100
AcDbEntity
  8
User.2
100
AcDbLine
 10
93.62456699999998
 20
-156.025461
 30
0.0
 11
93.61999999999999
 21
-156.0025
 31
0.0
  0
LINE
  5
2EB
330
1F
100
AcDbEntity
  8
User.2
100
AcDbLine
 10
93.61999999999999
 20
-156.0025
 30
0.0
 11
93.61999999999999
 21
-106.0025
 31
0.0
  0
LINE
  5
2EC
330
1F
100
AcDbEntity
  8
User.2
100
AcDbLine
 10
93.61999999999999
 20
-106.0025
 30
0.0
 11
93.62456699999998
 21
-105.979539
 31
0.0
  0
LINE
  5
2ED
330
1F
100
AcDbEntity
  8
User.2
100
AcDbLine
 10
93.62456699999998
 20
-105.979539
 30
0.0
 11
93.65703899999998
 21
-105.947067
 31
0.0
  0
LINE
  5
2EE
330
1F
100
AcDbEntity
  8
User.2
100
AcDbLine
 10
93.65703899999998
 20
-105.947067
 30
0.0
 11
93.67999999999998
 21
-105.9425
 31
0.0
  0
LINE
  5
2EF
330
1F
100
AcDbEntity
  8
User.2
100
AcDbLine
 10
93.67999999999998
 20
-105.9425
 30
0.0
 11
173.68
 21
-105.9425
 31
0.0
  0
LINE
  5
2F0
330
1F
100
AcDbEntity
  8
User.2
100
AcDbLine
 10
173.68
 20
-105.9425
 30
0.0
 11
173.702961
 21
-105.947067
 31
0.0
  0
LINE
  5
2F1
330
1F
100
AcDbEntity
  8
User.2
100
AcDbLine
 10
335.277961
 20
-105.897067
 30
0.0
 11
335.310433
 21
-105.929539
 31
0.0
  0
LINE
  5
2F2
330
1F
100
AcDbEntity
  8
User.2
100
AcDbLine
 10
335.310433
 20
-105.929539
 30
0.0
 11
335.315
 21
-105.9525
 31
0.0
  0
LINE
  5
2F3
330
1F
100
AcDbEntity
  8
User.2
100
AcDbLine
 10
335.315
 20
-105.9525
 30
0.0
 11
335.315
 21
-155.9525
 31
0.0
  0
LINE
  5
2F4
330
1F
100
AcDbEntity
  8
User.2
100
AcDbLine
 10
335.315
 20
-155.9525
 30
0.0
 11
335.310433
 21
-155.975461
 31
0.0
  0
LINE
  5
2F5
330
1F
100
AcDbEntity
  8
User.2
100
AcDbLine
 10
335.310433
 20
-155.975461
 30
0.0
 11
335.277961
 21
-156.007933
 31
0.0
  0
LINE
  5
2F6
330
1F
100
AcDbEntity
  8
User.2
100
AcDbLine
 10
335.277961
 20
-156.007933
 30
0.0
 11
335.255
 21
-156.0125
 31
0.0
  0
LINE
  5
2F7
330
1F
100
AcDbEntity
  8
User.2
100
AcDbLine
 10
335.255
 20
-156.0125
 30
0.0
 11
255.255
 21
-156.0125
 31
0.0
  0
LINE
  5
2F8
330
1F
100
AcDbEntity
  8
User.2
100
AcDbLine
 10
255.255
 20
-156.0125
 30
0.0
 11
255.232039
 21
-156.007933
 31
0.0
  0
LINE
  5
2F9
330
1F
100
AcDbEntity
  8
User.2
100
AcDbLine
 10
255.232039
 20
-156.007933
 30
0.0
 11
255.199567
 21
-155.975461
 31
0.0
  0
LINE
  5
2FA
330
1F
100
AcDbEntity
  8
User.2
100
AcDbLine
 10
255.199567
 20
-155.975461
 30
0.0
 11
255.195
 21
-155.9525
 31
0.0
  0
LINE
  5
2FB
330
1F
100
AcDbEntity
  8
User.2
100
AcDbLine
 10
255.195
 20
-155.9525
 30
0.0
 11
255.195
 21
-105.9525
 31
0.0
  0
LINE
  5
2FC
330
1F
100
AcDbEntity
  8
User.2
100
AcDbLine
 10
255.195
 20
-105.9525
 30
0.0
 11
255.199567
 21
-105.929539
 31
0.0
  0
LINE
  5
2FD
330
1F
100
AcDbEntity
  8
User.2
100
AcDbLine
 10
255.199567
 20
-105.929539
 30
0.0
 11
255.232039
 21
-105.897067
 31
0.0
  0
LINE
  5
2FE
330
1F
100
AcDbEntity
  8
User.2
100
AcDbLine
 10
255.232039
 20
-105.897067
 30
0.0
 11
255.255
 21
-105.8925
 31
0.0
  0
LINE
  5
2FF
330
1F
100
AcDbEntity
  8
User.2
100
AcDbLine
 10
255.255
 20
-105.8925
 30
0.0
 11
335.255
 21
-105.8925
 31
0.0
  0
LINE
  5
300
330
1F
100
AcDbEntity
  8
User.2
100
AcDbLine
 10
335.255
 20
-105.8925
 30
0.0
 11
335.277961
 21
-105.897067
 31
0.0
  0
LINE
  5
302
330
1F
100
AcDbEntity
  8
Edge.Cuts
100
AcDbLine
 10
263.257141
 20
-159.538529
 30
0.0
 11
263.535931
 21
-159.602161
 31
0.0
  0
LINE
  5
303
330
1F
100
AcDbEntity
  8
Edge.Cuts
100
AcDbLine
 10
263.535931
 20
-159.602161
 30
0.0
 11
263.805843
 21
-159.696607
 31
0.0
  0
LINE
  5
304
330
1F
100
AcDbEntity
  8
Edge.Cuts
100
AcDbLine
 10
263.805843
 20
-159.696607
 30
0.0
 11
264.063483
 21
-159.82068
 31
0.0
  0
LINE
  5
305
330
1F
100
AcDbEntity
  8
Edge.Cuts
100
AcDbLine
 10
264.063483
 20
-159.82068
 30
0.0
 11
264.3056119999999
 21
-159.97282
 31
0.0
  0
LINE
  5
306
330
1F
100
AcDbEntity
  8
Edge.Cuts
100
AcDbLine
 10
264.3056119999999
 20
-159.97282
 30
0.0
 11
264.529184
 21
-160.151112
 31
0.0
  0
LINE
  5
307
330
1F
100
AcDbEntity
  8
Edge.Cuts
100
AcDbLine
 10
264.529184
 20
-160.151112
 30
0.0
 11
264.731388
 21
-160.353316
 31
0.0
  0
LINE
  5
308
330
1F
100
AcDbEntity
  8
Edge.Cuts
100
AcDbLine
 10
264.731388
 20
-160.353316
 30
0.0
 11
264.90968
 21
-160.576888
 31
0.0
  0
LINE
  5
309
330
1F
100
AcDbEntity
  8
Edge.Cuts
100
AcDbLine
 10
264.90968
 20
-160.576888
 30
0.0
 11
265.06182
 21
-160.819017
 31
0.0
  0
LINE
  5
30A
330
1F
100
AcDbEntity
  8
Edge.Cuts
100
AcDbLine
 10
265.06182
 20
-160.819017
 30
0.0
 11
265.185893
 21
-161.076657
 31
0.0
  0
LINE
  5
30B
330
1F
100
AcDbEntity
  8
Edge.Cuts
100
AcDbLine
 10
265.185893
 20
-161.076657
 30
0.0
 11
265.280339
 21
-161.346569
 31
0.0
  0
LINE
  5
30C
330
1F
100
AcDbEntity
  8
Edge.Cuts
100
AcDbLine
 10
265.280339
 20
-161.346569
 30
0.0
 11
265.343971
 21
-161.625359
 31
0.0
  0
LINE
  5
30D
330
1F
100
AcDbEntity
  8
Edge.Cuts
100
AcDbLine
 10
265.343971
 20
-161.625359
 30
0.0
 11
265.3759879999999
 21
-161.90952
 31
0.0
  0
LINE
  5
30E
330
1F
100
AcDbEntity
  8
Edge.Cuts
100
AcDbLine
 10
265.3759879999999
 20
-161.90952
 30
0.0
 11
265.3759879999999
 21
-162.19548
 31
0.0
  0
LINE
  5
30F
330
1F
100
AcDbEntity
  8
Edge.Cuts
100
AcDbLine
 10
265.3759879999999
 20
-162.19548
 30
0.0
 11
265.343971
 21
-162.479641
 31
0.0
  0
LINE
  5
310
330
1F
100
AcDbEntity
  8
Edge.Cuts
100
AcDbLine
 10
265.343971
 20
-162.479641
 30
0.0
 11
265.280339
 21
-162.758431
 31
0.0
  0
LINE
  5
311
330
1F
100
AcDbEntity
  8
Edge.Cuts
100
AcDbLine
 10
265.280339
 20
-162.758431
 30
0.0
 11
265.185893
 21
-163.028343
 31
0.0
  0
LINE
  5
312
330
1F
100
AcDbEntity
  8
Edge.Cuts
100
AcDbLine
 10
265.185893
 20
-163.028343
 30
0.0
 11
265.06182
 21
-163.285983
 31
0.0
  0
LINE
  5
313
330
1F
100
AcDbEntity
  8
Edge.Cuts
100
AcDbLine
 10
265.06182
 20
-163.285983
 30
0.0
 11
264.90968
 21
-163.528112
 31
0.0
  0
LINE
  5
314
330
1F
100
AcDbEntity
  8
Edge.Cuts
100
AcDbLine
 10
264.90968
 20
-163.528112
 30
0.0
 11
264.731388
 21
-163.751684
 31
0.0
  0
LINE
  5
315
330
1F
100
AcDbEntity
  8
Edge.Cuts
100
AcDbLine
 10
264.731388
 20
-163.751684
 30
0.0
 11
264.529184
 21
-163.953888
 31
0.0
  0
LINE
  5
316
330
1F
100
AcDbEntity
  8
Edge.Cuts
100
AcDbLine
 10
264.529184
 20
-163.953888
 30
0.0
 11
264.3056119999999
 21
-164.13218
 31
0.0
  0
LINE
  5
317
330
1F
100
AcDbEntity
  8
Edge.Cuts
100
AcDbLine
 10
264.3056119999999
 20
-164.13218
 30
0.0
 11
264.063483
 21
-164.28432
 31
0.0
  0
LINE
  5
318
330
1F
100
AcDbEntity
  8
Edge.Cuts
100
AcDbLine
 10
264.063483
 20
-164.28432
 30
0.0
 11
263.805843
 21
-164.408393
 31
0.0
  0
LINE
  5
319
330
1F
100
AcDbEntity
  8
Edge.Cuts
100
AcDbLine
 10
263.805843
 20
-164.408393
 30
0.0
 11
263.535931
 21
-164.502839
 31
0.0
  0
LINE
  5
31A
330
1F
100
AcDbEntity
  8
Edge.Cuts
100
AcDbLine
 10
263.535931
 20
-164.502839
 30
0.0
 11
263.257141
 21
-164.566471
 31
0.0
  0
LINE
  5
31B
330
1F
100
AcDbEntity
  8
Edge.Cuts
100
AcDbLine
 10
263.257141
 20
-164.566471
 30
0.0
 11
262.9729799999999
 21
-164.598488
 31
0.0
  0
LINE
  5
31C
330
1F
100
AcDbEntity
  8
Edge.Cuts
100
AcDbLine
 10
262.9729799999999
 20
-164.598488
 30
0.0
 11
262.68702
 21
-164.598488
 31
0.0
  0
LINE
  5
31D
330
1F
100
AcDbEntity
  8
Edge.Cuts
100
AcDbLine
 10
262.68702
 20
-164.598488
 30
0.0
 11
262.402859
 21
-164.566471
 31
0.0
  0
LINE
  5
31E
330
1F
100
AcDbEntity
  8
Edge.Cuts
100
AcDbLine
 10
262.402859
 20
-164.566471
 30
0.0
 11
262.124069
 21
-164.502839
 31
0.0
  0
LINE
  5
31F
330
1F
100
AcDbEntity
  8
Edge.Cuts
100
AcDbLine
 10
262.124069
 20
-164.502839
 30
0.0
 11
261.854157
 21
-164.408393
 31
0.0
  0
LINE
  5
320
330
1F
100
AcDbEntity
  8
Edge.Cuts
100
AcDbLine
 10
261.854157
 20
-164.408393
 30
0.0
 11
261.5965169999999
 21
-164.28432
 31
0.0
  0
LINE
  5
321
330
1F
100
AcDbEntity
  8
Edge.Cuts
100
AcDbLine
 10
261.5965169999999
 20
-164.28432
 30
0.0
 11
261.354388
 21
-164.13218
 31
0.0
  0
LINE
  5
322
330
1F
100
AcDbEntity
  8
Edge.Cuts
100
AcDbLine
 10
261.354388
 20
-164.13218
 30
0.0
 11
261.130816
 21
-163.953888
 31
0.0
  0
LINE
  5
323
330
1F
100
AcDbEntity
  8
Edge.Cuts
100
AcDbLine
 10
261.130816
 20
-163.953888
 30
0.0
 11
260.9286119999999
 21
-163.751684
 31
0.0
  0
LINE
  5
324
330
1F
100
AcDbEntity
  8
Edge.Cuts
100
AcDbLine
 10
260.9286119999999
 20
-163.751684
 30
0.0
 11
260.75032
 21
-163.528112
 31
0.0
  0
LINE
  5
325
330
1F
100
AcDbEntity
  8
Edge.Cuts
100
AcDbLine
 10
260.75032
 20
-163.528112
 30
0.0
 11
260.59818
 21
-163.285983
 31
0.0
  0
LINE
  5
326
330
1F
100
AcDbEntity
  8
Edge.Cuts
100
AcDbLine
 10
260.59818
 20
-163.285983
 30
0.0
 11
260.474107
 21
-163.028343
 31
0.0
  0
LINE
  5
327
330
1F
100
AcDbEntity
  8
Edge.Cuts
100
AcDbLine
 10
260.474107
 20
-163.028343
 30
0.0
 11
260.379661
 21
-162.758431
 31
0.0
  0
LINE
  5
328
330
1F
100
AcDbEntity
  8
Edge.Cuts
100
AcDbLine
 10
260.379661
 20
-162.758431
 30
0.0
 11
260.316029
 21
-162.479641
 31
0.0
  0
LINE
  5
329
330
1F
100
AcDbEntity
  8
Edge.Cuts
100
AcDbLine
 10
260.316029
 20
-162.479641
 30
0.0
 11
260.284012
 21
-162.19548
 31
0.0
  0
LINE
  5
32A
330
1F
100
AcDbEntity
  8
Edge.Cuts
100
AcDbLine
 10
260.284012
 20
-162.19548
 30
0.0
 11
260.284012
 21
-161.914911
 31
0.0
  0
LINE
  5
32B
330
1F
100
AcDbEntity
  8
Edge.Cuts
100
AcDbLine
 10
260.284012
 20
-161.914911
 30
0.0
 11
260.284012
 21
-161.90952
 31
0.0
  0
LINE
  5
32C
330
1F
100
AcDbEntity
  8
Edge.Cuts
100
AcDbLine
 10
260.284012
 20
-161.90952
 30
0.0
 11
260.316029
 21
-161.625359
 31
0.0
  0
LINE
  5
32D
330
1F
100
AcDbEntity
  8
Edge.Cuts
100
AcDbLine
 10
260.316029
 20
-161.625359
 30
0.0
 11
260.379661
 21
-161.346569
 31
0.0
  0
LINE
  5
32E
330
1F
100
AcDbEntity
  8
Edge.Cuts
100
AcDbLine
 10
260.379661
 20
-161.346569
 30
0.0
 11
260.474107
 21
-161.076657
 31
0.0
  0
LINE
  5
32F
330
1F
100
AcDbEntity
  8
Edge.Cuts
100
AcDbLine
 10
260.474107
 20
-161.076657
 30
0.0
 11
260.59818
 21
-160.819017
 31
0.0
  0
LINE
  5
330
330
1F
100
AcDbEntity
  8
Edge.Cuts
100
AcDbLine
 10
260.59818
 20
-160.819017
 30
0.0
 11
260.75032
 21
-160.576888
 31
0.0
  0
LINE
  5
331
330
1F
100
AcDbEntity
  8
Edge.Cuts
100
AcDbLine
 10
260.75032
 20
-160.576888
 30
0.0
 11
260.9286119999999
 21
-160.353316
 31
0.0
  0
LINE
  5
332
330
1F
100
AcDbEntity
  8
Edge.Cuts
100
AcDbLine
 10
260.9286119999999
 20
-160.353316
 30
0.0
 11
261.130816
 21
-160.151112
 31
0.0
  0
LINE
  5
333
330
1F
100
AcDbEntity
  8
Edge.Cuts
100
AcDbLine
 10
261.130816
 20
-160.151112
 30
0.0
 11
261.354388
 21
-159.97282
 31
0.0
  0
LINE
  5
334
330
1F
100
AcDbEntity
  8
Edge.Cuts
100
AcDbLine
 10
261.354388
 20
-159.97282
 30
0.0
 11
261.5965169999999
 21
-159.82068
 31
0.0
  0
LINE
  5
335
330
1F
100
AcDbEntity
  8
Edge.Cuts
100
AcDbLine
 10
261.5965169999999
 20
-159.82068
 30
0.0
 11
261.854157
 21
-159.696607
 31
0.0
  0
LINE
  5
336
330
1F
100
AcDbEntity
  8
Edge.Cuts
100
AcDbLine
 10
261.854157
 20
-159.696607
 30
0.0
 11
262.124069
 21
-159.602161
 31
0.0
  0
LINE
  5
337
330
1F
100
AcDbEntity
  8
Edge.Cuts
100
AcDbLine
 10
262.124069
 20
-159.602161
 30
0.0
 11
262.402859
 21
-159.538529
 31
0.0
  0
LINE
  5
338
330
1F
100
AcDbEntity
  8
Edge.Cuts
100
AcDbLine
 10
262.402859
 20
-159.538529
 30
0.0
 11
262.68702
 21
-159.506512
 31
0.0
  0
LINE
  5
339
330
1F
100
AcDbEntity
  8
Edge.Cuts
100
AcDbLine
 10
262.68702
 20
-159.506512
 30
0.0
 11
262.9729799999999
 21
-159.506512
 31
0.0
  0
LINE
  5
33A
330
1F
100
AcDbEntity
  8
Edge.Cuts
100
AcDbLine
 10
262.9729799999999
 20
-159.506512
 30
0.0
 11
263.257141
 21
-159.538529
 31
0.0
  0
LINE
  5
33B
330
1F
100
AcDbEntity
  8
Edge.Cuts
100
AcDbLine
 10
339.607141
 20
-136.688529
 30
0.0
 11
339.885931
 21
-136.752161
 31
0.0
  0
LINE
  5
33C
330
1F
100
AcDbEntity
  8
Edge.Cuts
100
AcDbLine
 10
339.885931
 20
-136.752161
 30
0.0
 11
340.1558429999999
 21
-136.846607
 31
0.0
  0
LINE
  5
33D
330
1F
100
AcDbEntity
  8
Edge.Cuts
100
AcDbLine
 10
340.1558429999999
 20
-136.846607
 30
0.0
 11
340.413483
 21
-136.97068
 31
0.0
  0
LINE
  5
33E
330
1F
100
AcDbEntity
  8
Edge.Cuts
100
AcDbLine
 10
340.413483
 20
-136.97068
 30
0.0
 11
340.655612
 21
-137.12282
 31
0.0
  0
LINE
  5
33F
330
1F
100
AcDbEntity
  8
Edge.Cuts
100
AcDbLine
 10
340.655612
 20
-137.12282
 30
0.0
 11
340.879184
 21
-137.301112
 31
0.0
  0
LINE
  5
340
330
1F
100
AcDbEntity
  8
Edge.Cuts
100
AcDbLine
 10
340.879184
 20
-137.301112
 30
0.0
 11
341.081388
 21
-137.503316
 31
0.0
  0
LINE
  5
341
330
1F
100
AcDbEntity
  8
Edge.Cuts
100
AcDbLine
 10
341.081388
 20
-137.503316
 30
0.0
 11
341.2596799999999
 21
-137.726888
 31
0.0
  0
LINE
  5
342
330
1F
100
AcDbEntity
  8
Edge.Cuts
100
AcDbLine
 10
341.2596799999999
 20
-137.726888
 30
0.0
 11
341.41182
 21
-137.969017
 31
0.0
  0
LINE
  5
343
330
1F
100
AcDbEntity
  8
Edge.Cuts
100
AcDbLine
 10
341.41182
 20
-137.969017
 30
0.0
 11
341.535893
 21
-138.226657
 31
0.0
  0
LINE
  5
344
330
1F
100
AcDbEntity
  8
Edge.Cuts
100
AcDbLine
 10
341.535893
 20
-138.226657
 30
0.0
 11
341.630339
 21
-138.496569
 31
0.0
  0
LINE
  5
345
330
1F
100
AcDbEntity
  8
Edge.Cuts
100
AcDbLine
 10
341.630339
 20
-138.496569
 30
0.0
 11
341.693971
 21
-138.775359
 31
0.0
  0
LINE
  5
346
330
1F
100
AcDbEntity
  8
Edge.Cuts
100
AcDbLine
 10
341.693971
 20
-138.775359
 30
0.0
 11
341.725988
 21
-139.05952
 31
0.0
  0
LINE
  5
347
330
1F
100
AcDbEntity
  8
Edge.Cuts
100
AcDbLine
 10
341.725988
 20
-139.05952
 30
0.0
 11
341.725988
 21
-139.34548
 31
0.0
  0
LINE
  5
348
330
1F
100
AcDbEntity
  8
Edge.Cuts
100
AcDbLine
 10
341.725988
 20
-139.34548
 30
0.0
 11
341.693971
 21
-139.629641
 31
0.0
  0
LINE
  5
349
330
1F
100
AcDbEntity
  8
Edge.Cuts
100
AcDbLine
 10
341.693971
 20
-139.629641
 30
0.0
 11
341.630339
 21
-139.908431
 31
0.0
  0
LINE
  5
34A
330
1F
100
AcDbEntity
  8
Edge.Cuts
100
AcDbLine
 10
341.630339
 20
-139.908431
 30
0.0
 11
341.535893
 21
-140.178343
 31
0.0
  0
LINE
  5
34B
330
1F
100
AcDbEntity
  8
Edge.Cuts
100
AcDbLine
 10
341.535893
 20
-140.178343
 30
0.0
 11
341.41182
 21
-140.435983
 31
0.0
  0
LINE
  5
34C
330
1F
100
AcDbEntity
  8
Edge.Cuts
100
AcDbLine
 10
341.41182
 20
-140.435983
 30
0.0
 11
341.2596799999999
 21
-140.678112
 31
0.0
  0
LINE
  5
34D
330
1F
100
AcDbEntity
  8
Edge.Cuts
100
AcDbLine
 10
341.2596799999999
 20
-140.678112
 30
0.0
 11
341.081388
 21
-140.901684
 31
0.0
  0
LINE
  5
34E
330
1F
100
AcDbEntity
  8
Edge.Cuts
100
AcDbLine
 10
341.081388
 20
-140.901684
 30
0.0
 11
340.879184
 21
-141.103888
 31
0.0
  0
LINE
  5
34F
330
1F
100
AcDbEntity
  8
Edge.Cuts
100
AcDbLine
 10
340.879184
 20
-141.103888
 30
0.0
 11
340.655612
 21
-141.28218
 31
0.0
  0
LINE
  5
350
330
1F
100
AcDbEntity
  8
Edge.Cuts
100
AcDbLine
 10
340.655612
 20
-141.28218
 30
0.0
 11
340.413483
 21
-141.43432
 31
0.0
  0
LINE
  5
351
330
1F
100
AcDbEntity
  8
Edge.Cuts
100
AcDbLine
 10
340.413483
 20
-141.43432
 30
0.0
 11
340.1558429999999
 21
-141.558393
 31
0.0
  0
LINE
  5
352
330
1F
100
AcDbEntity
  8
Edge.Cuts
100
AcDbLine
 10
340.1558429999999
 20
-141.558393
 30
0.0
 11
339.885931
 21
-141.652839
 31
0.0
  0
LINE
  5
353
330
1F
100
AcDbEntity
  8
Edge.Cuts
100
AcDbLine
 10
339.885931
 20
-141.652839
 30
0.0
 11
339.607141
 21
-141.716471
 31
0.0
  0
LINE
  5
354
330
1F
100
AcDbEntity
  8
Edge.Cuts
100
AcDbLine
 10
339.607141
 20
-141.716471
 30
0.0
 11
339.32298
 21
-141.748488
 31
0.0
  0
LINE
  5
355
330
1F
100
AcDbEntity
  8
Edge.Cuts
100
AcDbLine
 10
339.32298
 20
-141.748488
 30
0.0
 11
339.03702
 21
-141.748488
 31
0.0
  0
LINE
  5
356
330
1F
100
AcDbEntity
  8
Edge.Cuts
100
AcDbLine
 10
339.03702
 20
-141.748488
 30
0.0
 11
338.7528589999999
 21
-141.716471
 31
0.0
  0
LINE
  5
357
330
1F
100
AcDbEntity
  8
Edge.Cuts
100
AcDbLine
 10
338.7528589999999
 20
-141.716471
 30
0.0
 11
338.474069
 21
-141.652839
 31
0.0
  0
LINE
  5
358
330
1F
100
AcDbEntity
  8
Edge.Cuts
100
AcDbLine
 10
338.474069
 20
-141.652839
 30
0.0
 11
338.204157
 21
-141.558393
 31
0.0
  0
LINE
  5
359
330
1F
100
AcDbEntity
  8
Edge.Cuts
100
AcDbLine
 10
338.204157
 20
-141.558393
 30
0.0
 11
337.946517
 21
-141.43432
 31
0.0
  0
LINE
  5
35A
330
1F
100
AcDbEntity
  8
Edge.Cuts
100
AcDbLine
 10
337.946517
 20
-141.43432
 30
0.0
 11
337.704388
 21
-141.28218
 31
0.0
  0
LINE
  5
35B
330
1F
100
AcDbEntity
  8
Edge.Cuts
100
AcDbLine
 10
337.704388
 20
-141.28218
 30
0.0
 11
337.480816
 21
-141.103888
 31
0.0
  0
LINE
  5
35C
330
1F
100
AcDbEntity
  8
Edge.Cuts
100
AcDbLine
 10
337.480816
 20
-141.103888
 30
0.0
 11
337.278612
 21
-140.901684
 31
0.0
  0
LINE
  5
35D
330
1F
100
AcDbEntity
  8
Edge.Cuts
100
AcDbLine
 10
337.278612
 20
-140.901684
 30
0.0
 11
337.10032
 21
-140.678112
 31
0.0
  0
LINE
  5
35E
330
1F
100
AcDbEntity
  8
Edge.Cuts
100
AcDbLine
 10
337.10032
 20
-140.678112
 30
0.0
 11
336.94818
 21
-140.435983
 31
0.0
  0
LINE
  5
35F
330
1F
100
AcDbEntity
  8
Edge.Cuts
100
AcDbLine
 10
336.94818
 20
-140.435983
 30
0.0
 11
336.824107
 21
-140.178343
 31
0.0
  0
LINE
  5
360
330
1F
100
AcDbEntity
  8
Edge.Cuts
100
AcDbLine
 10
336.824107
 20
-140.178343
 30
0.0
 11
336.729661
 21
-139.908431
 31
0.0
  0
LINE
  5
361
330
1F
100
AcDbEntity
  8
Edge.Cuts
100
AcDbLine
 10
336.729661
 20
-139.908431
 30
0.0
 11
336.666029
 21
-139.629641
 31
0.0
  0
LINE
  5
362
330
1F
100
AcDbEntity
  8
Edge.Cuts
100
AcDbLine
 10
336.666029
 20
-139.629641
 30
0.0
 11
336.634012
 21
-139.34548
 31
0.0
  0
LINE
  5
363
330
1F
100
AcDbEntity
  8
Edge.Cuts
100
AcDbLine
 10
336.634012
 20
-139.34548
 30
0.0
 11
336.634012
 21
-139.064911
 31
0.0
  0
LINE
  5
364
330
1F
100
AcDbEntity
  8
Edge.Cuts
100
AcDbLine
 10
336.634012
 20
-139.064911
 30
0.0
 11
336.634012
 21
-139.05952
 31
0.0
  0
LINE
  5
365
330
1F
100
AcDbEntity
  8
Edge.Cuts
100
AcDbLine
 10
336.634012
 20
-139.05952
 30
0.0
 11
336.666029
 21
-138.775359
 31
0.0
  0
LINE
  5
366
330
1F
100
AcDbEntity
  8
Edge.Cuts
100
AcDbLine
 10
336.666029
 20
-138.775359
 30
0.0
 11
336.729661
 21
-138.496569
 31
0.0
  0
LINE
  5
367
330
1F
100
AcDbEntity
  8
Edge.Cuts
100
AcDbLine
 10
336.729661
 20
-138.496569
 30
0.0
 11
336.824107
 21
-138.226657
 31
0.0
  0
LINE
  5
368
330
1F
100
AcDbEntity
  8
Edge.Cuts
100
AcDbLine
 10
336.824107
 20
-138.226657
 30
0.0
 11
336.94818
 21
-137.969017
 31
0.0
  0
LINE
  5
369
330
1F
100
AcDbEntity
  8
Edge.Cuts
100
AcDbLine
 10
336.94818
 20
-137.969017
 30
0.0
 11
337.10032
 21
-137.726888
 31
0.0
  0
LINE
  5
36A
330
1F
100
AcDbEntity
  8
Edge.Cuts
100
AcDbLine
 10
337.10032
 20
-137.726888
 30
0.0
 11
337.278612
 21
-137.503316
 31
0.0
  0
LINE
  5
36B
330
1F
100
AcDbEntity
  8
Edge.Cuts
100
AcDbLine
 10
337.278612
 20
-137.503316
 30
0.0
 11
337.480816
 21
-137.301112
 31
0.0
  0
LINE
  5
36C
330
1F
100
AcDbEntity
  8
Edge.Cuts
100
AcDbLine
 10
337.480816
 20
-137.301112
 30
0.0
 11
337.704388
 21
-137.12282
 31
0.0
  0
LINE
  5
36D
330
1F
100
AcDbEntity
  8
Edge.Cuts
100
AcDbLine
 10
337.704388
 20
-137.12282
 30
0.0
 11
337.946517
 21
-136.97068
 31
0.0
  0
LINE
  5
36E
330
1F
100
AcDbEntity
  8
Edge.Cuts
100
AcDbLine
 10
337.946517
 20
-136.97068
 30
0.0
 11
338.204157
 21
-136.846607
 31
0.0
  0
LINE
  5
36F
330
1F
100
AcDbEntity
  8
Edge.Cuts
100
AcDbLine
 10
338.204157
 20
-136.846607
 30
0.0
 11
338.474069
 21
-136.752161
 31
0.0
  0
LINE
  5
370
330
1F
100
AcDbEntity
  8
Edge.Cuts
100
AcDbLine
 10
338.474069
 20
-136.752161
 30
0.0
 11
338.7528589999999
 21
-136.688529
 31
0.0
  0
LINE
  5
371
330
1F
100
AcDbEntity
  8
Edge.Cuts
100
AcDbLine
 10
338.7528589999999
 20
-136.688529
 30
0.0
 11
339.03702
 21
-136.656512
 31
0.0
  0
LINE
  5
372
330
1F
100
AcDbEntity
  8
Edge.Cuts
100
AcDbLine
 10
339.03702
 20
-136.656512
 30
0.0
 11
339.32298
 21
-136.656512
 31
0.0
  0
LINE
  5
373
330
1F
100
AcDbEntity
  8
Edge.Cuts
100
AcDbLine
 10
339.32298
 20
-136.656512
 30
0.0
 11
339.607141
 21
-136.688529
 31
0.0
  0
LINE
  5
374
330
1F
100
AcDbEntity
  8
Edge.Cuts
100
AcDbLine
 10
339.607141
 20
-117.438529
 30
0.0
 11
339.885931
 21
-117.502161
 31
0.0
  0
LINE
  5
375
330
1F
100
AcDbEntity
  8
Edge.Cuts
100
AcDbLine
 10
339.885931
 20
-117.502161
 30
0.0
 11
340.1558429999999
 21
-117.596607
 31
0.0
  0
LINE
  5
376
330
1F
100
AcDbEntity
  8
Edge.Cuts
100
AcDbLine
 10
340.1558429999999
 20
-117.596607
 30
0.0
 11
340.413483
 21
-117.72068
 31
0.0
  0
LINE
  5
377
330
1F
100
AcDbEntity
  8
Edge.Cuts
100
AcDbLine
 10
340.413483
 20
-117.72068
 30
0.0
 11
340.655612
 21
-117.87282
 31
0.0
  0
LINE
  5
378
330
1F
100
AcDbEntity
  8
Edge.Cuts
100
AcDbLine
 10
340.655612
 20
-117.87282
 30
0.0
 11
340.879184
 21
-118.051112
 31
0.0
  0
LINE
  5
379
330
1F
100
AcDbEntity
  8
Edge.Cuts
100
AcDbLine
 10
340.879184
 20
-118.051112
 30
0.0
 11
341.081388
 21
-118.253316
 31
0.0
  0
LINE
  5
37A
330
1F
100
AcDbEntity
  8
Edge.Cuts
100
AcDbLine
 10
341.081388
 20
-118.253316
 30
0.0
 11
341.2596799999999
 21
-118.476888
 31
0.0
  0
LINE
  5
37B
330
1F
100
AcDbEntity
  8
Edge.Cuts
100
AcDbLine
 10
341.2596799999999
 20
-118.476888
 30
0.0
 11
341.41182
 21
-118.719017
 31
0.0
  0
LINE
  5
37C
330
1F
100
AcDbEntity
  8
Edge.Cuts
100
AcDbLine
 10
341.41182
 20
-118.719017
 30
0.0
 11
341.535893
 21
-118.976657
 31
0.0
  0
LINE
  5
37D
330
1F
100
AcDbEntity
  8
Edge.Cuts
100
AcDbLine
 10
341.535893
 20
-118.976657
 30
0.0
 11
341.630339
 21
-119.246569
 31
0.0
  0
LINE
  5
37E
330
1F
100
AcDbEntity
  8
Edge.Cuts
100
AcDbLine
 10
341.630339
 20
-119.246569
 30
0.0
 11
341.693971
 21
-119.525359
 31
0.0
  0
LINE
  5
37F
330
1F
100
AcDbEntity
  8
Edge.Cuts
100
AcDbLine
 10
341.693971
 20
-119.525359
 30
0.0
 11
341.725988
 21
-119.80952
 31
0.0
  0
LINE
  5
380
330
1F
100
AcDbEntity
  8
Edge.Cuts
100
AcDbLine
 10
341.725988
 20
-119.80952
 30
0.0
 11
341.725988
 21
-120.09548
 31
0.0
  0
LINE
  5
381
330
1F
100
AcDbEntity
  8
Edge.Cuts
100
AcDbLine
 10
341.725988
 20
-120.09548
 30
0.0
 11
341.693971
 21
-120.379641
 31
0.0
  0
LINE
  5
382
330
1F
100
AcDbEntity
  8
Edge.Cuts
100
AcDbLine
 10
341.693971
 20
-120.379641
 30
0.0
 11
341.630339
 21
-120.658431
 31
0.0
  0
LINE
  5
383
330
1F
100
AcDbEntity
  8
Edge.Cuts
100
AcDbLine
 10
341.630339
 20
-120.658431
 30
0.0
 11
341.535893
 21
-120.928343
 31
0.0
  0
LINE
  5
384
330
1F
100
AcDbEntity
  8
Edge.Cuts
100
AcDbLine
 10
341.535893
 20
-120.928343
 30
0.0
 11
341.41182
 21
-121.185983
 31
0.0
  0
LINE
  5
385
330
1F
100
AcDbEntity
  8
Edge.Cuts
100
AcDbLine
 10
341.41182
 20
-121.185983
 30
0.0
 11
341.2596799999999
 21
-121.428112
 31
0.0
  0
LINE
  5
386
330
1F
100
AcDbEntity
  8
Edge.Cuts
100
AcDbLine
 10
341.2596799999999
 20
-121.428112
 30
0.0
 11
341.081388
 21
-121.651684
 31
0.0
  0
LINE
  5
387
330
1F
100
AcDbEntity
  8
Edge.Cuts
100
AcDbLine
 10
341.081388
 20
-121.651684
 30
0.0
 11
340.879184
 21
-121.853888
 31
0.0
  0
LINE
  5
388
330
1F
100
AcDbEntity
  8
Edge.Cuts
100
AcDbLine
 10
340.879184
 20
-121.853888
 30
0.0
 11
340.655612
 21
-122.03218
 31
0.0
  0
LINE
  5
389
330
1F
100
AcDbEntity
  8
Edge.Cuts
100
AcDbLine
 10
340.655612
 20
-122.03218
 30
0.0
 11
340.413483
 21
-122.18432
 31
0.0
  0
LINE
  5
38A
330
1F
100
AcDbEntity
  8
Edge.Cuts
100
AcDbLine
 10
340.413483
 20
-122.18432
 30
0.0
 11
340.1558429999999
 21
-122.308393
 31
0.0
  0
LINE
  5
38B
330
1F
100
AcDbEntity
  8
Edge.Cuts
100
AcDbLine
 10
340.1558429999999
 20
-122.308393
 30
0.0
 11
339.885931
 21
-122.402839
 31
0.0
  0
LINE
  5
38C
330
1F
100
AcDbEntity
  8
Edge.Cuts
100
AcDbLine
 10
339.885931
 20
-122.402839
 30
0.0
 11
339.607141
 21
-122.466471
 31
0.0
  0
LINE
  5
38D
330
1F
100
AcDbEntity
  8
Edge.Cuts
100
AcDbLine
 10
339.607141
 20
-122.466471
 30
0.0
 11
339.32298
 21
-122.498488
 31
0.0
  0
LINE
  5
38E
330
1F
100
AcDbEntity
  8
Edge.Cuts
100
AcDbLine
 10
339.32298
 20
-122.498488
 30
0.0
 11
339.03702
 21
-122.498488
 31
0.0
  0
LINE
  5
38F
330
1F
100
AcDbEntity
  8
Edge.Cuts
100
AcDbLine
 10
339.03702
 20
-122.498488
 30
0.0
 11
338.7528589999999
 21
-122.466471
 31
0.0
  0
LINE
  5
390
330
1F
100
AcDbEntity
  8
Edge.Cuts
100
AcDbLine
 10
338.7528589999999
 20
-122.466471
 30
0.0
 11
338.474069
 21
-122.402839
 31
0.0
  0
LINE
  5
391
330
1F
100
AcDbEntity
  8
Edge.Cuts
100
AcDbLine
 10
338.474069
 20
-122.402839
 30
0.0
 11
338.204157
 21
-122.308393
 31
0.0
  0
LINE
  5
392
330
1F
100
AcDbEntity
  8
Edge.Cuts
100
AcDbLine
 10
338.204157
 20
-122.308393
 30
0.0
 11
337.946517
 21
-122.18432
 31
0.0
  0
LINE
  5
393
330
1F
100
AcDbEntity
  8
Edge.Cuts
100
AcDbLine
 10
337.946517
 20
-122.18432
 30
0.0
 11
337.704388
 21
-122.03218
 31
0.0
  0
LINE
  5
394
330
1F
100
AcDbEntity
  8
Edge.Cuts
100
AcDbLine
 10
337.704388
 20
-122.03218
 30
0.0
 11
337.480816
 21
-121.853888
 31
0.0
  0
LINE
  5
395
330
1F
100
AcDbEntity
  8
Edge.Cuts
100
AcDbLine
 10
337.480816
 20
-121.853888
 30
0.0
 11
337.278612
 21
-121.651684
 31
0.0
  0
LINE
  5
396
330
1F
100
AcDbEntity
  8
Edge.Cuts
100
AcDbLine
 10
337.278612
 20
-121.651684
 30
0.0
 11
337.10032
 21
-121.428112
 31
0.0
  0
LINE
  5
397
330
1F
100
AcDbEntity
  8
Edge.Cuts
100
AcDbLine
 10
337.10032
 20
-121.428112
 30
0.0
 11
336.94818
 21
-121.185983
 31
0.0
  0
LINE
  5
398
330
1F
100
AcDbEntity
  8
Edge.Cuts
100
AcDbLine
 10
336.94818
 20
-121.185983
 30
0.0
 11
336.824107
 21
-120.928343
 31
0.0
  0
LINE
  5
399
330
1F
100
AcDbEntity
  8
Edge.Cuts
100
AcDbLine
 10
336.824107
 20
-120.928343
 30
0.0
 11
336.729661
 21
-120.658431
 31
0.0
  0
LINE
  5
39A
330
1F
100
AcDbEntity
  8
Edge.Cuts
100
AcDbLine
 10
336.729661
 20
-120.658431
 30
0.0
 11
336.666029
 21
-120.379641
 31
0.0
  0
LINE
  5
39B
330
1F
100
AcDbEntity
  8
Edge.Cuts
100
AcDbLine
 10
336.666029
 20
-120.379641
 30
0.0
 11
336.634012
 21
-120.09548
 31
0.0
  0
LINE
  5
39C
330
1F
100
AcDbEntity
  8
Edge.Cuts
100
AcDbLine
 10
336.634012
 20
-120.09548
 30
0.0
 11
336.634012
 21
-119.814911
 31
0.0
  0
LINE
  5
39D
330
1F
100
AcDbEntity
  8
Edge.Cuts
100
AcDbLine
 10
336.634012
 20
-119.814911
 30
0.0
 11
336.634012
 21
-119.80952
 31
0.0
  0
LINE
  5
39E
330
1F
100
AcDbEntity
  8
Edge.Cuts
100
AcDbLine
 10
336.634012
 20
-119.80952
 30
0.0
 11
336.666029
 21
-119.525359
 31
0.0
  0
LINE
  5
39F
330
1F
100
AcDbEntity
  8
Edge.Cuts
100
AcDbLine
 10
336.666029
 20
-119.525359
 30
0.0
 11
336.729661
 21
-119.246569
 31
0.0
  0
LINE
  5
3A0
330
1F
100
AcDbEntity
  8
Edge.Cuts
100
AcDbLine
 10
336.729661
 20
-119.246569
 30
0.0
 11
336.824107
 21
-118.976657
 31
0.0
  0
LINE
  5
3A1
330
1F
100
AcDbEntity
  8
Edge.Cuts
100
AcDbLine
 10
336.824107
 20
-118.976657
 30
0.0
 11
336.94818
 21
-118.719017
 31
0.0
  0
LINE
  5
3A2
330
1F
100
AcDbEntity
  8
Edge.Cuts
100
AcDbLine
 10
336.94818
 20
-118.719017
 30
0.0
 11
337.10032
 21
-118.476888
 31
0.0
  0
LINE
  5
3A3
330
1F
100
AcDbEntity
  8
Edge.Cuts
100
AcDbLine
 10
337.10032
 20
-118.476888
 30
0.0
 11
337.278612
 21
-118.253316
 31
0.0
  0
LINE
  5
3A4
330
1F
100
AcDbEntity
  8
Edge.Cuts
100
AcDbLine
 10
337.278612
 20
-118.253316
 30
0.0
 11
337.480816
 21
-118.051112
 31
0.0
  0
LINE
  5
3A5
330
1F
100
AcDbEntity
  8
Edge.Cuts
100
AcDbLine
 10
337.480816
 20
-118.051112
 30
0.0
 11
337.704388
 21
-117.87282
 31
0.0
  0
LINE
  5
3A6
330
1F
100
AcDbEntity
  8
Edge.Cuts
100
AcDbLine
 10
337.704388
 20
-117.87282
 30
0.0
 11
337.946517
 21
-117.72068
 31
0.0
  0
LINE
  5
3A7
330
1F
100
AcDbEntity
  8
Edge.Cuts
100
AcDbLine
 10
337.946517
 20
-117.72068
 30
0.0
 11
338.204157
 21
-117.596607
 31
0.0
  0
LINE
  5
3A8
330
1F
100
AcDbEntity
  8
Edge.Cuts
100
AcDbLine
 10
338.204157
 20
-117.596607
 30
0.0
 11
338.474069
 21
-117.502161
 31
0.0
  0
LINE
  5
3A9
330
1F
100
AcDbEntity
  8
Edge.Cuts
100
AcDbLine
 10
338.474069
 20
-117.502161
 30
0.0
 11
338.7528589999999
 21
-117.438529
 31
0.0
  0
LINE
  5
3AA
330
1F
100
AcDbEntity
  8
Edge.Cuts
100
AcDbLine
 10
338.7528589999999
 20
-117.438529
 30
0.0
 11
339.03702
 21
-117.406512
 31
0.0
  0
LINE
  5
3AB
330
1F
100
AcDbEntity
  8
Edge.Cuts
100
AcDbLine
 10
339.03702
 20
-117.406512
 30
0.0
 11
339.32298
 21
-117.406512
 31
0.0
  0
LINE
  5
3AC
330
1F
100
AcDbEntity
  8
Edge.Cuts
100
AcDbLine
 10
339.32298
 20
-117.406512
 30
0.0
 11
339.607141
 21
-117.438529
 31
0.0
  0
LINE
  5
3AD
330
1F
100
AcDbEntity
  8
Edge.Cuts
100
AcDbLine
 10
282.907141
 20
-97.63852899999999
 30
0.0
 11
283.185931
 21
-97.70216099999999
 31
0.0
  0
LINE
  5
3AE
330
1F
100
AcDbEntity
  8
Edge.Cuts
100
AcDbLine
 10
283.185931
 20
-97.70216099999999
 30
0.0
 11
283.455843
 21
-97.796607
 31
0.0
  0
LINE
  5
3AF
330
1F
100
AcDbEntity
  8
Edge.Cuts
100
AcDbLine
 10
283.455843
 20
-97.796607
 30
0.0
 11
283.713483
 21
-97.92067999999999
 31
0.0
  0
LINE
  5
3B0
330
1F
100
AcDbEntity
  8
Edge.Cuts
100
AcDbLine
 10
283.713483
 20
-97.92067999999999
 30
0.0
 11
283.955612
 21
-98.07282
 31
0.0
  0
LINE
  5
3B1
330
1F
100
AcDbEntity
  8
Edge.Cuts
100
AcDbLine
 10
283.955612
 20
-98.07282
 30
0.0
 11
284.179184
 21
-98.25111199999999
 31
0.0
  0
LINE
  5
3B2
330
1F
100
AcDbEntity
  8
Edge.Cuts
100
AcDbLine
 10
284.179184
 20
-98.25111199999999
 30
0.0
 11
284.381388
 21
-98.453316
 31
0.0
  0
LINE
  5
3B3
330
1F
100
AcDbEntity
  8
Edge.Cuts
100
AcDbLine
 10
284.381388
 20
-98.453316
 30
0.0
 11
284.55968
 21
-98.67688799999999
 31
0.0
  0
LINE
  5
3B4
330
1F
100
AcDbEntity
  8
Edge.Cuts
100
AcDbLine
 10
284.55968
 20
-98.67688799999999
 30
0.0
 11
284.7118199999999
 21
-98.91901699999998
 31
0.0
  0
LINE
  5
3B5
330
1F
100
AcDbEntity
  8
Edge.Cuts
100
AcDbLine
 10
284.7118199999999
 20
-98.91901699999998
 30
0.0
 11
284.835893
 21
-99.17665699999999
 31
0.0
  0
LINE
  5
3B6
330
1F
100
AcDbEntity
  8
Edge.Cuts
100
AcDbLine
 10
284.835893
 20
-99.17665699999999
 30
0.0
 11
284.930339
 21
-99.446569
 31
0.0
  0
LINE
  5
3B7
330
1F
100
AcDbEntity
  8
Edge.Cuts
100
AcDbLine
 10
284.930339
 20
-99.446569
 30
0.0
 11
284.9939709999999
 21
-99.725359
 31
0.0
  0
LINE
  5
3B8
330
1F
100
AcDbEntity
  8
Edge.Cuts
100
AcDbLine
 10
284.9939709999999
 20
-99.725359
 30
0.0
 11
285.0259879999999
 21
-100.00952
 31
0.0
  0
LINE
  5
3B9
330
1F
100
AcDbEntity
  8
Edge.Cuts
100
AcDbLine
 10
285.0259879999999
 20
-100.00952
 30
0.0
 11
285.0259879999999
 21
-100.29548
 31
0.0
  0
LINE
  5
3BA
330
1F
100
AcDbEntity
  8
Edge.Cuts
100
AcDbLine
 10
285.0259879999999
 20
-100.29548
 30
0.0
 11
284.9939709999999
 21
-100.579641
 31
0.0
  0
LINE
  5
3BB
330
1F
100
AcDbEntity
  8
Edge.Cuts
100
AcDbLine
 10
284.9939709999999
 20
-100.579641
 30
0.0
 11
284.930339
 21
-100.858431
 31
0.0
  0
LINE
  5
3BC
330
1F
100
AcDbEntity
  8
Edge.Cuts
100
AcDbLine
 10
284.930339
 20
-100.858431
 30
0.0
 11
284.835893
 21
-101.128343
 31
0.0
  0
LINE
  5
3BD
330
1F
100
AcDbEntity
  8
Edge.Cuts
100
AcDbLine
 10
284.835893
 20
-101.128343
 30
0.0
 11
284.7118199999999
 21
-101.385983
 31
0.0
  0
LINE
  5
3BE
330
1F
100
AcDbEntity
  8
Edge.Cuts
100
AcDbLine
 10
284.7118199999999
 20
-101.385983
 30
0.0
 11
284.55968
 21
-101.628112
 31
0.0
  0
LINE
  5
3BF
330
1F
100
AcDbEntity
  8
Edge.Cuts
100
AcDbLine
 10
284.55968
 20
-101.628112
 30
0.0
 11
284.381388
 21
-101.851684
 31
0.0
  0
LINE
  5
3C0
330
1F
100
AcDbEntity
  8
Edge.Cuts
100
AcDbLine
 10
284.381388
 20
-101.851684
 30
0.0
 11
284.179184
 21
-102.053888
 31
0.0
  0
LINE
  5
3C1
330
1F
100
AcDbEntity
  8
Edge.Cuts
100
AcDbLine
 10
284.179184
 20
-102.053888
 30
0.0
 11
283.955612
 21
-102.23218
 31
0.0
  0
LINE
  5
3C2
330
1F
100
AcDbEntity
  8
Edge.Cuts
100
AcDbLine
 10
283.955612
 20
-102.23218
 30
0.0
 11
283.713483
 21
-102.38432
 31
0.0
  0
LINE
  5
3C3
330
1F
100
AcDbEntity
  8
Edge.Cuts
100
AcDbLine
 10
283.713483
 20
-102.38432
 30
0.0
 11
283.455843
 21
-102.508393
 31
0.0
  0
LINE
  5
3C4
330
1F
100
AcDbEntity
  8
Edge.Cuts
100
AcDbLine
 10
283.455843
 20
-102.508393
 30
0.0
 11
283.185931
 21
-102.602839
 31
0.0
  0
LINE
  5
3C5
330
1F
100
AcDbEntity
  8
Edge.Cuts
100
AcDbLine
 10
283.185931
 20
-102.602839
 30
0.0
 11
282.907141
 21
-102.666471
 31
0.0
  0
LINE
  5
3C6
330
1F
100
AcDbEntity
  8
Edge.Cuts
100
AcDbLine
 10
282.907141
 20
-102.666471
 30
0.0
 11
282.62298
 21
-102.698488
 31
0.0
  0
LINE
  5
3C7
330
1F
100
AcDbEntity
  8
Edge.Cuts
100
AcDbLine
 10
282.62298
 20
-102.698488
 30
0.0
 11
282.33702
 21
-102.698488
 31
0.0
  0
LINE
  5
3C8
330
1F
100
AcDbEntity
  8
Edge.Cuts
100
AcDbLine
 10
282.33702
 20
-102.698488
 30
0.0
 11
282.052859
 21
-102.666471
 31
0.0
  0
LINE
  5
3C9
330
1F
100
AcDbEntity
  8
Edge.Cuts
100
AcDbLine
 10
282.052859
 20
-102.666471
 30
0.0
 11
281.7740689999999
 21
-102.602839
 31
0.0
  0
LINE
  5
3CA
330
1F
100
AcDbEntity
  8
Edge.Cuts
100
AcDbLine
 10
281.7740689999999
 20
-102.602839
 30
0.0
 11
281.504157
 21
-102.508393
 31
0.0
  0
LINE
  5
3CB
330
1F
100
AcDbEntity
  8
Edge.Cuts
100
AcDbLine
 10
281.504157
 20
-102.508393
 30
0.0
 11
281.246517
 21
-102.38432
 31
0.0
  0
LINE
  5
3CC
330
1F
100
AcDbEntity
  8
Edge.Cuts
100
AcDbLine
 10
281.246517
 20
-102.38432
 30
0.0
 11
281.004388
 21
-102.23218
 31
0.0
  0
LINE
  5
3CD
330
1F
100
AcDbEntity
  8
Edge.Cuts
100
AcDbLine
 10
281.004388
 20
-102.23218
 30
0.0
 11
280.780816
 21
-102.053888
 31
0.0
  0
LINE
  5
3CE
330
1F
100
AcDbEntity
  8
Edge.Cuts
100
AcDbLine
 10
280.780816
 20
-102.053888
 30
0.0
 11
280.578612
 21
-101.851684
 31
0.0
  0
LINE
  5
3CF
330
1F
100
AcDbEntity
  8
Edge.Cuts
100
AcDbLine
 10
280.578612
 20
-101.851684
 30
0.0
 11
280.40032
 21
-101.628112
 31
0.0
  0
LINE
  5
3D0
330
1F
100
AcDbEntity
  8
Edge.Cuts
100
AcDbLine
 10
280.40032
 20
-101.628112
 30
0.0
 11
280.2481799999999
 21
-101.385983
 31
0.0
  0
LINE
  5
3D1
330
1F
100
AcDbEntity
  8
Edge.Cuts
100
AcDbLine
 10
280.2481799999999
 20
-101.385983
 30
0.0
 11
280.124107
 21
-101.128343
 31
0.0
  0
LINE
  5
3D2
330
1F
100
AcDbEntity
  8
Edge.Cuts
100
AcDbLine
 10
280.124107
 20
-101.128343
 30
0.0
 11
280.029661
 21
-100.858431
 31
0.0
  0
LINE
  5
3D3
330
1F
100
AcDbEntity
  8
Edge.Cuts
100
AcDbLine
 10
280.029661
 20
-100.858431
 30
0.0
 11
279.966029
 21
-100.579641
 31
0.0
  0
LINE
  5
3D4
330
1F
100
AcDbEntity
  8
Edge.Cuts
100
AcDbLine
 10
279.966029
 20
-100.579641
 30
0.0
 11
279.9340119999999
 21
-100.29548
 31
0.0
  0
LINE
  5
3D5
330
1F
100
AcDbEntity
  8
Edge.Cuts
100
AcDbLine
 10
279.9340119999999
 20
-100.29548
 30
0.0
 11
279.9340119999999
 21
-100.014911
 31
0.0
  0
LINE
  5
3D6
330
1F
100
AcDbEntity
  8
Edge.Cuts
100
AcDbLine
 10
279.9340119999999
 20
-100.014911
 30
0.0
 11
279.9340119999999
 21
-100.00952
 31
0.0
  0
LINE
  5
3D7
330
1F
100
AcDbEntity
  8
Edge.Cuts
100
AcDbLine
 10
279.9340119999999
 20
-100.00952
 30
0.0
 11
279.966029
 21
-99.725359
 31
0.0
  0
LINE
  5
3D8
330
1F
100
AcDbEntity
  8
Edge.Cuts
100
AcDbLine
 10
279.966029
 20
-99.725359
 30
0.0
 11
280.029661
 21
-99.446569
 31
0.0
  0
LINE
  5
3D9
330
1F
100
AcDbEntity
  8
Edge.Cuts
100
AcDbLine
 10
280.029661
 20
-99.446569
 30
0.0
 11
280.124107
 21
-99.17665699999999
 31
0.0
  0
LINE
  5
3DA
330
1F
100
AcDbEntity
  8
Edge.Cuts
100
AcDbLine
 10
280.124107
 20
-99.17665699999999
 30
0.0
 11
280.2481799999999
 21
-98.91901699999998
 31
0.0
  0
LINE
  5
3DB
330
1F
100
AcDbEntity
  8
Edge.Cuts
100
AcDbLine
 10
280.2481799999999
 20
-98.91901699999998
 30
0.0
 11
280.40032
 21
-98.67688799999999
 31
0.0
  0
LINE
  5
3DC
330
1F
100
AcDbEntity
  8
Edge.Cuts
100
AcDbLine
 10
280.40032
 20
-98.67688799999999
 30
0.0
 11
280.578612
 21
-98.453316
 31
0.0
  0
LINE
  5
3DD
330
1F
100
AcDbEntity
  8
Edge.Cuts
100
AcDbLine
 10
280.578612
 20
-98.453316
 30
0.0
 11
280.780816
 21
-98.25111199999999
 31
0.0
  0
LINE
  5
3DE
330
1F
100
AcDbEntity
  8
Edge.Cuts
100
AcDbLine
 10
280.780816
 20
-98.25111199999999
 30
0.0
 11
281.004388
 21
-98.07282
 31
0.0
  0
LINE
  5
3DF
330
1F
100
AcDbEntity
  8
Edge.Cuts
100
AcDbLine
 10
281.004388
 20
-98.07282
 30
0.0
 11
281.246517
 21
-97.92067999999999
 31
0.0
  0
LINE
  5
3E0
330
1F
100
AcDbEntity
  8
Edge.Cuts
100
AcDbLine
 10
281.246517
 20
-97.92067999999999
 30
0.0
 11
281.504157
 21
-97.796607
 31
0.0
  0
LINE
  5
3E1
330
1F
100
AcDbEntity
  8
Edge.Cuts
100
AcDbLine
 10
281.504157
 20
-97.796607
 30
0.0
 11
281.7740689999999
 21
-97.70216099999999
 31
0.0
  0
LINE
  5
3E2
330
1F
100
AcDbEntity
  8
Edge.Cuts
100
AcDbLine
 10
281.7740689999999
 20
-97.70216099999999
 30
0.0
 11
282.052859
 21
-97.63852899999999
 31
0.0
  0
LINE
  5
3E3
330
1F
100
AcDbEntity
  8
Edge.Cuts
100
AcDbLine
 10
282.052859
 20
-97.63852899999999
 30
0.0
 11
282.33702
 21
-97.606512
 31
0.0
  0
LINE
  5
3E4
330
1F
100
AcDbEntity
  8
Edge.Cuts
100
AcDbLine
 10
282.33702
 20
-97.606512
 30
0.0
 11
282.62298
 21
-97.606512
 31
0.0
  0
LINE
  5
3E5
330
1F
100
AcDbEntity
  8
Edge.Cuts
100
AcDbLine
 10
282.62298
 20
-97.606512
 30
0.0
 11
282.907141
 21
-97.63852899999999
 31
0.0
  0
LINE
  5
3E6
330
1F
100
AcDbEntity
  8
Edge.Cuts
100
AcDbLine
 10
297.7315059999999
 20
-91.49508999999999
 30
0.0
 11
286.0625389999998
 21
-91.64095199999998
 31
0.0
  0
LINE
  5
3E7
330
1F
100
AcDbEntity
  8
Edge.Cuts
100
AcDbLine
 10
283.8656399999999
 20
-92.58256499999997
 30
0.0
 11
281.0825929999999
 21
-95.432943
 31
0.0
  0
LINE
  5
3E8
330
1F
100
AcDbEntity
  8
Edge.Cuts
100
AcDbLine
 10
278.7393069999999
 20
-96.42001099999999
 30
0.0
 11
265.7015079999999
 21
-96.42001099999999
 31
0.0
  0
LINE
  5
3E9
330
1F
100
AcDbEntity
  8
Edge.Cuts
100
AcDbLine
 10
263.0199819999999
 20
-97.94031799999999
 30
0.0
 11
262.0332349999999
 21
-99.58922899999999
 31
0.0
  0
LINE
  5
3EA
330
1F
100
AcDbEntity
  8
Edge.Cuts
100
AcDbLine
 10
262.0332349999999
 20
-99.58922899999999
 30
0.0
 11
262.033224
 21
-99.58924299999998
 31
0.0
  0
LINE
  5
3EB
330
1F
100
AcDbEntity
  8
Edge.Cuts
100
AcDbLine
 10
259.2200119999999
 20
-101.18251
 30
0.0
 11
221.5777059999999
 21
-101.18251
 31
0.0
  0
LINE
  5
3EC
330
1F
100
AcDbEntity
  8
Edge.Cuts
100
AcDbLine
 10
218.4450119999999
 20
-104.31001
 30
0.0
 11
218.4450119999999
 21
-123.0875
 31
0.0
  0
LINE
  5
3ED
330
1F
100
AcDbEntity
  8
Edge.Cuts
100
AcDbLine
 10
218.4450119999999
 20
-123.0875
 30
0.0
 11
244.4450119999999
 21
-123.0875
 31
0.0
  0
LINE
  5
3EE
330
1F
100
AcDbEntity
  8
Edge.Cuts
100
AcDbLine
 10
244.4450119999999
 20
-123.0875
 30
0.0
 11
244.4596439999999
 21
-123.088941
 31
0.0
  0
LINE
  5
3EF
330
1F
100
AcDbEntity
  8
Edge.Cuts
100
AcDbLine
 10
244.4596439999999
 20
-123.088941
 30
0.0
 11
244.4866799999999
 21
-123.10014
 31
0.0
  0
LINE
  5
3F0
330
1F
100
AcDbEntity
  8
Edge.Cuts
100
AcDbLine
 10
244.4866799999999
 20
-123.10014
 30
0.0
 11
244.5073719999999
 21
-123.120832
 31
0.0
  0
LINE
  5
3F1
330
1F
100
AcDbEntity
  8
Edge.Cuts
100
AcDbLine
 10
244.5073719999999
 20
-123.120832
 30
0.0
 11
244.5185709999999
 21
-123.147868
 31
0.0
  0
LINE
  5
3F2
330
1F
100
AcDbEntity
  8
Edge.Cuts
100
AcDbLine
 10
244.5185709999999
 20
-123.147868
 30
0.0
 11
244.520012
 21
-123.1625
 31
0.0
  0
LINE
  5
3F3
330
1F
100
AcDbEntity
  8
Edge.Cuts
100
AcDbLine
 10
244.520012
 20
-123.1625
 30
0.0
 11
244.520012
 21
-168.1625
 31
0.0
  0
LINE
  5
3F4
330
1F
100
AcDbEntity
  8
Edge.Cuts
100
AcDbLine
 10
244.520012
 20
-168.1625
 30
0.0
 11
244.5185709999999
 21
-168.177132
 31
0.0
  0
LINE
  5
3F5
330
1F
100
AcDbEntity
  8
Edge.Cuts
100
AcDbLine
 10
244.5185709999999
 20
-168.177132
 30
0.0
 11
244.5073719999999
 21
-168.204168
 31
0.0
  0
LINE
  5
3F6
330
1F
100
AcDbEntity
  8
Edge.Cuts
100
AcDbLine
 10
244.5073719999999
 20
-168.204168
 30
0.0
 11
244.4866799999999
 21
-168.22486
 31
0.0
  0
LINE
  5
3F7
330
1F
100
AcDbEntity
  8
Edge.Cuts
100
AcDbLine
 10
244.4866799999999
 20
-168.22486
 30
0.0
 11
244.4596439999999
 21
-168.236059
 31
0.0
  0
LINE
  5
3F8
330
1F
100
AcDbEntity
  8
Edge.Cuts
100
AcDbLine
 10
244.4596439999999
 20
-168.236059
 30
0.0
 11
244.4450119999999
 21
-168.2375
 31
0.0
  0
LINE
  5
3F9
330
1F
100
AcDbEntity
  8
Edge.Cuts
100
AcDbLine
 10
244.4450119999999
 20
-168.2375
 30
0.0
 11
218.445
 21
-168.2375
 31
0.0
  0
LINE
  5
3FA
330
1F
100
AcDbEntity
  8
Edge.Cuts
100
AcDbLine
 10
218.445
 20
-168.2375
 30
0.0
 11
218.445
 21
-175.684272
 31
0.0
  0
LINE
  5
3FB
330
1F
100
AcDbEntity
  8
Edge.Cuts
100
AcDbLine
 10
218.841284
 20
-177.148698
 30
0.0
 11
227.377843
 21
-192.549057
 31
0.0
  0
LINE
  5
3FC
330
1F
100
AcDbEntity
  8
Edge.Cuts
100
AcDbLine
 10
231.626058
 20
-193.767213
 30
0.0
 11
238.5434339999999
 21
-189.904516
 31
0.0
  0
LINE
  5
3FD
330
1F
100
AcDbEntity
  8
Edge.Cuts
100
AcDbLine
 10
238.5434339999999
 20
-189.904516
 30
0.0
 11
238.544897
 21
-189.903878
 31
0.0
  0
LINE
  5
3FE
330
1F
100
AcDbEntity
  8
Edge.Cuts
100
AcDbLine
 10
238.544897
 20
-189.903878
 30
0.0
 11
238.5462429999999
 21
-189.903025
 31
0.0
  0
LINE
  5
3FF
330
1F
100
AcDbEntity
  8
Edge.Cuts
100
AcDbLine
 10
238.5462429999999
 20
-189.903025
 30
0.0
 11
239.6416359999999
 21
-189.350931
 31
0.0
  0
LINE
  5
400
330
1F
100
AcDbEntity
  8
Edge.Cuts
100
AcDbLine
 10
239.6416359999999
 20
-189.350931
 30
0.0
 11
239.6419329999999
 21
-189.350816
 31
0.0
  0
LINE
  5
401
330
1F
100
AcDbEntity
  8
Edge.Cuts
100
AcDbLine
 10
239.6419329999999
 20
-189.350816
 30
0.0
 11
239.6422019999999
 21
-189.350649
 31
0.0
  0
LINE
  5
402
330
1F
100
AcDbEntity
  8
Edge.Cuts
100
AcDbLine
 10
239.6422019999999
 20
-189.350649
 30
0.0
 11
240.7276359999999
 21
-188.815005
 31
0.0
  0
LINE
  5
403
330
1F
100
AcDbEntity
  8
Edge.Cuts
100
AcDbLine
 10
240.7276359999999
 20
-188.815005
 30
0.0
 11
240.7279389999999
 21
-188.81489
 31
0.0
  0
LINE
  5
404
330
1F
100
AcDbEntity
  8
Edge.Cuts
100
AcDbLine
 10
240.7279389999999
 20
-188.81489
 30
0.0
 11
240.7282209999999
 21
-188.814719
 31
0.0
  0
LINE
  5
405
330
1F
100
AcDbEntity
  8
Edge.Cuts
100
AcDbLine
 10
240.7282209999999
 20
-188.814719
 30
0.0
 11
241.7719939999999
 21
-188.31086
 31
0.0
  0
LINE
  5
406
330
1F
100
AcDbEntity
  8
Edge.Cuts
100
AcDbLine
 10
241.7719939999999
 20
-188.31086
 30
0.0
 11
241.7723089999999
 21
-188.310744
 31
0.0
  0
LINE
  5
407
330
1F
100
AcDbEntity
  8
Edge.Cuts
100
AcDbLine
 10
241.7723089999999
 20
-188.310744
 30
0.0
 11
241.772601
 21
-188.31057
 31
0.0
  0
LINE
  5
408
330
1F
100
AcDbEntity
  8
Edge.Cuts
100
AcDbLine
 10
241.772601
 20
-188.31057
 30
0.0
 11
242.8038519999999
 21
-187.824128
 31
0.0
  0
LINE
  5
409
330
1F
100
AcDbEntity
  8
Edge.Cuts
100
AcDbLine
 10
242.8038519999999
 20
-187.824128
 30
0.0
 11
242.8041819999999
 21
-187.82401
 31
0.0
  0
LINE
  5
40A
330
1F
100
AcDbEntity
  8
Edge.Cuts
100
AcDbLine
 10
242.8041819999999
 20
-187.82401
 30
0.0
 11
242.804485
 21
-187.823833
 31
0.0
  0
LINE
  5
40B
330
1F
100
AcDbEntity
  8
Edge.Cuts
100
AcDbLine
 10
242.804485
 20
-187.823833
 30
0.0
 11
243.788663
 21
-187.370735
 31
0.0
  0
LINE
  5
40C
330
1F
100
AcDbEntity
  8
Edge.Cuts
100
AcDbLine
 10
243.788663
 20
-187.370735
 30
0.0
 11
243.789004
 21
-187.370616
 31
0.0
  0
LINE
  5
40D
330
1F
100
AcDbEntity
  8
Edge.Cuts
100
AcDbLine
 10
243.789004
 20
-187.370616
 30
0.0
 11
243.789322
 21
-187.370435
 31
0.0
  0
LINE
  5
40E
330
1F
100
AcDbEntity
  8
Edge.Cuts
100
AcDbLine
 10
243.789322
 20
-187.370435
 30
0.0
 11
244.7589599999999
 21
-186.935337
 31
0.0
  0
LINE
  5
40F
330
1F
100
AcDbEntity
  8
Edge.Cuts
100
AcDbLine
 10
244.7589599999999
 20
-186.935337
 30
0.0
 11
244.759321
 21
-186.935215
 31
0.0
  0
LINE
  5
410
330
1F
100
AcDbEntity
  8
Edge.Cuts
100
AcDbLine
 10
244.759321
 20
-186.935215
 30
0.0
 11
244.7596499999999
 21
-186.935032
 31
0.0
  0
LINE
  5
411
330
1F
100
AcDbEntity
  8
Edge.Cuts
100
AcDbLine
 10
244.7596499999999
 20
-186.935032
 30
0.0
 11
245.6786539999999
 21
-186.533705
 31
0.0
  0
LINE
  5
412
330
1F
100
AcDbEntity
  8
Edge.Cuts
100
AcDbLine
 10
245.6786539999999
 20
-186.533705
 30
0.0
 11
245.67903
 21
-186.533582
 31
0.0
  0
LINE
  5
413
330
1F
100
AcDbEntity
  8
Edge.Cuts
100
AcDbLine
 10
245.67903
 20
-186.533582
 30
0.0
 11
245.679377
 21
-186.533394
 31
0.0
  0
LINE
  5
414
330
1F
100
AcDbEntity
  8
Edge.Cuts
100
AcDbLine
 10
245.679377
 20
-186.533394
 30
0.0
 11
246.582358
 21
-186.150295
 31
0.0
  0
LINE
  5
415
330
1F
100
AcDbEntity
  8
Edge.Cuts
100
AcDbLine
 10
246.582358
 20
-186.150295
 30
0.0
 11
246.582752
 21
-186.150171
 31
0.0
  0
LINE
  5
416
330
1F
100
AcDbEntity
  8
Edge.Cuts
100
AcDbLine
 10
246.582752
 20
-186.150171
 30
0.0
 11
246.5831169999999
 21
-186.149978
 31
0.0
  0
LINE
  5
417
330
1F
100
AcDbEntity
  8
Edge.Cuts
100
AcDbLine
 10
246.5831169999999
 20
-186.149978
 30
0.0
 11
247.4335829999999
 21
-185.800117
 31
0.0
  0
LINE
  5
418
330
1F
100
AcDbEntity
  8
Edge.Cuts
100
AcDbLine
 10
247.4335829999999
 20
-185.800117
 30
0.0
 11
247.4339939999999
 21
-185.799993
 31
0.0
  0
LINE
  5
419
330
1F
100
AcDbEntity
  8
Edge.Cuts
100
AcDbLine
 10
247.4339939999999
 20
-185.799993
 30
0.0
 11
247.434382
 21
-185.799793
 31
0.0
  0
LINE
  5
41A
330
1F
100
AcDbEntity
  8
Edge.Cuts
100
AcDbLine
 10
247.434382
 20
-185.799793
 30
0.0
 11
248.2678459999999
 21
-185.468075
 31
0.0
  0
LINE
  5
41B
330
1F
100
AcDbEntity
  8
Edge.Cuts
100
AcDbLine
 10
248.2678459999999
 20
-185.468075
 30
0.0
 11
248.268285
 21
-185.467948
 31
0.0
  0
LINE
  5
41C
330
1F
100
AcDbEntity
  8
Edge.Cuts
100
AcDbLine
 10
248.268285
 20
-185.467948
 30
0.0
 11
248.2686889999999
 21
-185.467746
 31
0.0
  0
LINE
  5
41D
330
1F
100
AcDbEntity
  8
Edge.Cuts
100
AcDbLine
 10
248.2686889999999
 20
-185.467746
 30
0.0
 11
249.049197
 21
-185.167964
 31
0.0
  0
LINE
  5
41E
330
1F
100
AcDbEntity
  8
Edge.Cuts
100
AcDbLine
 10
249.049197
 20
-185.167964
 30
0.0
 11
249.0496559999999
 21
-185.167837
 31
0.0
  0
LINE
  5
41F
330
1F
100
AcDbEntity
  8
Edge.Cuts
100
AcDbLine
 10
249.0496559999999
 20
-185.167837
 30
0.0
 11
249.050088
 21
-185.167628
 31
0.0
  0
LINE
  5
420
330
1F
100
AcDbEntity
  8
Edge.Cuts
100
AcDbLine
 10
249.050088
 20
-185.167628
 30
0.0
 11
249.813066
 21
-184.885641
 31
0.0
  0
LINE
  5
421
330
1F
100
AcDbEntity
  8
Edge.Cuts
100
AcDbLine
 10
249.813066
 20
-184.885641
 30
0.0
 11
249.8135499999999
 21
-184.885514
 31
0.0
  0
LINE
  5
422
330
1F
100
AcDbEntity
  8
Edge.Cuts
100
AcDbLine
 10
249.8135499999999
 20
-184.885514
 30
0.0
 11
249.8140089999999
 21
-184.885299
 31
0.0
  0
LINE
  5
423
330
1F
100
AcDbEntity
  8
Edge.Cuts
100
AcDbLine
 10
249.8140089999999
 20
-184.885299
 30
0.0
 11
250.524769
 21
-184.633367
 31
0.0
  0
LINE
  5
424
330
1F
100
AcDbEntity
  8
Edge.Cuts
100
AcDbLine
 10
250.524769
 20
-184.633367
 30
0.0
 11
250.525284
 21
-184.633239
 31
0.0
  0
LINE
  5
425
330
1F
100
AcDbEntity
  8
Edge.Cuts
100
AcDbLine
 10
250.525284
 20
-184.633239
 30
0.0
 11
250.52577
 21
-184.63302
 31
0.0
  0
LINE
  5
426
330
1F
100
AcDbEntity
  8
Edge.Cuts
100
AcDbLine
 10
250.52577
 20
-184.63302
 30
0.0
 11
251.218859
 21
-184.398322
 31
0.0
  0
LINE
  5
427
330
1F
100
AcDbEntity
  8
Edge.Cuts
100
AcDbLine
 10
251.218859
 20
-184.398322
 30
0.0
 11
251.219409
 21
-184.398194
 31
0.0
  0
LINE
  5
428
330
1F
100
AcDbEntity
  8
Edge.Cuts
100
AcDbLine
 10
251.219409
 20
-184.398194
 30
0.0
 11
251.219923
 21
-184.397971
 31
0.0
  0
LINE
  5
429
330
1F
100
AcDbEntity
  8
Edge.Cuts
100
AcDbLine
 10
251.219923
 20
-184.397971
 30
0.0
 11
251.86245
 21
-184.191045
 31
0.0
  0
LINE
  5
42A
330
1F
100
AcDbEntity
  8
Edge.Cuts
100
AcDbLine
 10
251.86245
 20
-184.191045
 30
0.0
 11
251.8630339999999
 21
-184.190918
 31
0.0
  0
LINE
  5
42B
330
1F
100
AcDbEntity
  8
Edge.Cuts
100
AcDbLine
 10
251.8630339999999
 20
-184.190918
 30
0.0
 11
251.8635839999999
 21
-184.19069
 31
0.0
  0
LINE
  5
42C
330
1F
100
AcDbEntity
  8
Edge.Cuts
100
AcDbLine
 10
251.8635839999999
 20
-184.19069
 30
0.0
 11
252.488625
 21
-184.000267
 31
0.0
  0
LINE
  5
42D
330
1F
100
AcDbEntity
  8
Edge.Cuts
100
AcDbLine
 10
252.488625
 20
-184.000267
 30
0.0
 11
252.489243
 21
-184.000143
 31
0.0
  0
LINE
  5
42E
330
1F
100
AcDbEntity
  8
Edge.Cuts
100
AcDbLine
 10
252.489243
 20
-184.000143
 30
0.0
 11
252.4898349999999
 21
-183.999909
 31
0.0
  0
LINE
  5
42F
330
1F
100
AcDbEntity
  8
Edge.Cuts
100
AcDbLine
 10
252.4898349999999
 20
-183.999909
 30
0.0
 11
253.066661
 21
-183.834721
 31
0.0
  0
LINE
  5
430
330
1F
100
AcDbEntity
  8
Edge.Cuts
100
AcDbLine
 10
253.066661
 20
-183.834721
 30
0.0
 11
253.067325
 21
-183.834599
 31
0.0
  0
LINE
  5
431
330
1F
100
AcDbEntity
  8
Edge.Cuts
100
AcDbLine
 10
253.067325
 20
-183.834599
 30
0.0
 11
253.067953
 21
-183.834364
 31
0.0
  0
LINE
  5
432
330
1F
100
AcDbEntity
  8
Edge.Cuts
100
AcDbLine
 10
253.067953
 20
-183.834364
 30
0.0
 11
253.627737
 21
-183.684828
 31
0.0
  0
LINE
  5
433
330
1F
100
AcDbEntity
  8
Edge.Cuts
100
AcDbLine
 10
253.627737
 20
-183.684828
 30
0.0
 11
253.6284439999999
 21
-183.684711
 31
0.0
  0
LINE
  5
434
330
1F
100
AcDbEntity
  8
Edge.Cuts
100
AcDbLine
 10
253.6284439999999
 20
-183.684711
 30
0.0
 11
253.6291189999999
 21
-183.684473
 31
0.0
  0
LINE
  5
435
330
1F
100
AcDbEntity
  8
Edge.Cuts
100
AcDbLine
 10
253.6291189999999
 20
-183.684473
 30
0.0
 11
254.1435209999999
 21
-183.557497
 31
0.0
  0
LINE
  5
436
330
1F
100
AcDbEntity
  8
Edge.Cuts
100
AcDbLine
 10
254.1435209999999
 20
-183.557497
 30
0.0
 11
254.14428
 21
-183.557387
 31
0.0
  0
LINE
  5
437
330
1F
100
AcDbEntity
  8
Edge.Cuts
100
AcDbLine
 10
254.14428
 20
-183.557387
 30
0.0
 11
254.1450019999999
 21
-183.557148
 31
0.0
  0
LINE
  5
438
330
1F
100
AcDbEntity
  8
Edge.Cuts
100
AcDbLine
 10
254.1450019999999
 20
-183.557148
 30
0.0
 11
254.6430069999999
 21
-183.444893
 31
0.0
  0
LINE
  5
439
330
1F
100
AcDbEntity
  8
Edge.Cuts
100
AcDbLine
 10
254.6430069999999
 20
-183.444893
 30
0.0
 11
254.6436989999999
 21
-183.444807
 31
0.0
  0
LINE
  5
43A
330
1F
100
AcDbEntity
  8
Edge.Cuts
100
AcDbLine
 10
254.6436989999999
 20
-183.444807
 30
0.0
 11
254.6443719999999
 21
-183.444598
 31
0.0
  0
LINE
  5
43B
330
1F
100
AcDbEntity
  8
Edge.Cuts
100
AcDbLine
 10
254.6443719999999
 20
-183.444598
 30
0.0
 11
254.973114
 21
-183.376901
 31
0.0
  0
LINE
  5
43C
330
1F
100
AcDbEntity
  8
Edge.Cuts
100
AcDbLine
 10
254.973114
 20
-183.376901
 30
0.0
 11
256.643658
 21
-182.948741
 31
0.0
  0
LINE
  5
43D
330
1F
100
AcDbEntity
  8
Edge.Cuts
100
AcDbLine
 10
256.643658
 20
-182.948741
 30
0.0
 11
256.644507
 21
-182.94861
 31
0.0
  0
LINE
  5
43E
330
1F
100
AcDbEntity
  8
Edge.Cuts
100
AcDbLine
 10
256.644507
 20
-182.94861
 30
0.0
 11
256.645318
 21
-182.948336
 31
0.0
  0
LINE
  5
43F
330
1F
100
AcDbEntity
  8
Edge.Cuts
100
AcDbLine
 10
256.645318
 20
-182.948336
 30
0.0
 11
258.342261
 21
-182.554384
 31
0.0
  0
LINE
  5
440
330
1F
100
AcDbEntity
  8
Edge.Cuts
100
AcDbLine
 10
258.342261
 20
-182.554384
 30
0.0
 11
258.343103
 21
-182.554273
 31
0.0
  0
LINE
  5
441
330
1F
100
AcDbEntity
  8
Edge.Cuts
100
AcDbLine
 10
258.343103
 20
-182.554273
 30
0.0
 11
258.343917
 21
-182.554019
 31
0.0
  0
LINE
  5
442
330
1F
100
AcDbEntity
  8
Edge.Cuts
100
AcDbLine
 10
258.343917
 20
-182.554019
 30
0.0
 11
260.061742
 21
-182.195959
 31
0.0
  0
LINE
  5
443
330
1F
100
AcDbEntity
  8
Edge.Cuts
100
AcDbLine
 10
260.061742
 20
-182.195959
 30
0.0
 11
260.062583
 21
-182.195868
 31
0.0
  0
LINE
  5
444
330
1F
100
AcDbEntity
  8
Edge.Cuts
100
AcDbLine
 10
260.062583
 20
-182.195868
 30
0.0
 11
260.0633979999999
 21
-182.195633
 31
0.0
  0
LINE
  5
445
330
1F
100
AcDbEntity
  8
Edge.Cuts
100
AcDbLine
 10
260.0633979999999
 20
-182.195633
 30
0.0
 11
261.797896
 21
-181.874632
 31
0.0
  0
LINE
  5
446
330
1F
100
AcDbEntity
  8
Edge.Cuts
100
AcDbLine
 10
261.797896
 20
-181.874632
 30
0.0
 11
261.798739
 21
-181.87456
 31
0.0
  0
LINE
  5
447
330
1F
100
AcDbEntity
  8
Edge.Cuts
100
AcDbLine
 10
261.798739
 20
-181.87456
 30
0.0
 11
261.7995529999999
 21
-181.874345
 31
0.0
  0
LINE
  5
448
330
1F
100
AcDbEntity
  8
Edge.Cuts
100
AcDbLine
 10
261.7995529999999
 20
-181.874345
 30
0.0
 11
263.5460909999999
 21
-181.591468
 31
0.0
  0
LINE
  5
449
330
1F
100
AcDbEntity
  8
Edge.Cuts
100
AcDbLine
 10
263.5460909999999
 20
-181.591468
 30
0.0
 11
263.546933
 21
-181.591415
 31
0.0
  0
LINE
  5
44A
330
1F
100
AcDbEntity
  8
Edge.Cuts
100
AcDbLine
 10
263.546933
 20
-181.591415
 30
0.0
 11
263.5477529999999
 21
-181.591218
 31
0.0
  0
LINE
  5
44B
330
1F
100
AcDbEntity
  8
Edge.Cuts
100
AcDbLine
 10
263.5477529999999
 20
-181.591218
 30
0.0
 11
265.3012869999999
 21
-181.347398
 31
0.0
  0
LINE
  5
44C
330
1F
100
AcDbEntity
  8
Edge.Cuts
100
AcDbLine
 10
265.3012869999999
 20
-181.347398
 30
0.0
 11
265.3021269999999
 21
-181.347364
 31
0.0
  0
LINE
  5
44D
330
1F
100
AcDbEntity
  8
Edge.Cuts
100
AcDbLine
 10
265.3021269999999
 20
-181.347364
 30
0.0
 11
265.302958
 21
-181.347184
 31
0.0
  0
LINE
  5
44E
330
1F
100
AcDbEntity
  8
Edge.Cuts
100
AcDbLine
 10
265.302958
 20
-181.347184
 30
0.0
 11
267.058058
 21
-181.143201
 31
0.0
  0
LINE
  5
44F
330
1F
100
AcDbEntity
  8
Edge.Cuts
100
AcDbLine
 10
267.058058
 20
-181.143201
 30
0.0
 11
267.058908
 21
-181.143186
 31
0.0
  0
LINE
  5
450
330
1F
100
AcDbEntity
  8
Edge.Cuts
100
AcDbLine
 10
267.058908
 20
-181.143186
 30
0.0
 11
267.0597399999999
 21
-181.143025
 31
0.0
  0
LINE
  5
451
330
1F
100
AcDbEntity
  8
Edge.Cuts
100
AcDbLine
 10
267.0597399999999
 20
-181.143025
 30
0.0
 11
268.810641
 21
-180.979468
 31
0.0
  0
LINE
  5
452
330
1F
100
AcDbEntity
  8
Edge.Cuts
100
AcDbLine
 10
268.810641
 20
-180.979468
 30
0.0
 11
268.811497
 21
-180.979472
 31
0.0
  0
LINE
  5
453
330
1F
100
AcDbEntity
  8
Edge.Cuts
100
AcDbLine
 10
268.811497
 20
-180.979472
 30
0.0
 11
268.81234
 21
-180.979329
 31
0.0
  0
LINE
  5
454
330
1F
100
AcDbEntity
  8
Edge.Cuts
100
AcDbLine
 10
268.81234
 20
-180.979329
 30
0.0
 11
270.5529859999999
 21
-180.856573
 31
0.0
  0
LINE
  5
455
330
1F
100
AcDbEntity
  8
Edge.Cuts
100
AcDbLine
 10
270.5529859999999
 20
-180.856573
 30
0.0
 11
270.553632
 21
-180.85659
 31
0.0
  0
LINE
  5
456
330
1F
100
AcDbEntity
  8
Edge.Cuts
100
AcDbLine
 10
270.553632
 20
-180.85659
 30
0.0
 11
270.554275
 21
-180.856493
 31
0.0
  0
LINE
  5
457
330
1F
100
AcDbEntity
  8
Edge.Cuts
100
AcDbLine
 10
270.554275
 20
-180.856493
 30
0.0
 11
271.419209
 21
-180.810448
 31
0.0
  0
LINE
  5
458
330
1F
100
AcDbEntity
  8
Edge.Cuts
100
AcDbLine
 10
271.419209
 20
-180.810448
 30
0.0
 11
271.4196449999999
 21
-180.810467
 31
0.0
  0
LINE
  5
459
330
1F
100
AcDbEntity
  8
Edge.Cuts
100
AcDbLine
 10
271.4196449999999
 20
-180.810467
 30
0.0
 11
271.4200759999999
 21
-180.810407
 31
0.0
  0
LINE
  5
45A
330
1F
100
AcDbEntity
  8
Edge.Cuts
100
AcDbLine
 10
271.4200759999999
 20
-180.810407
 30
0.0
 11
272.279276
 21
-180.774631
 31
0.0
  0
LINE
  5
45B
330
1F
100
AcDbEntity
  8
Edge.Cuts
100
AcDbLine
 10
272.279276
 20
-180.774631
 30
0.0
 11
272.2797579999999
 21
-180.774658
 31
0.0
  0
LINE
  5
45C
330
1F
100
AcDbEntity
  8
Edge.Cuts
100
AcDbLine
 10
272.2797579999999
 20
-180.774658
 30
0.0
 11
272.2802389999999
 21
-180.774597
 31
0.0
  0
LINE
  5
45D
330
1F
100
AcDbEntity
  8
Edge.Cuts
100
AcDbLine
 10
272.2802389999999
 20
-180.774597
 30
0.0
 11
273.307842
 21
-180.74503
 31
0.0
  0
LINE
  5
45E
330
1F
100
AcDbEntity
  8
Edge.Cuts
100
AcDbLine
 10
273.307842
 20
-180.74503
 30
0.0
 11
273.308886
 21
-180.745102
 31
0.0
  0
LINE
  5
45F
330
1F
100
AcDbEntity
  8
Edge.Cuts
100
AcDbLine
 10
273.308886
 20
-180.745102
 30
0.0
 11
273.309929
 21
-180.744999
 31
0.0
  0
LINE
  5
460
330
1F
100
AcDbEntity
  8
Edge.Cuts
100
AcDbLine
 10
273.309929
 20
-180.744999
 30
0.0
 11
284.09993
 21
-180.734999
 31
0.0
  0
LINE
  5
461
330
1F
100
AcDbEntity
  8
Edge.Cuts
100
AcDbLine
 10
284.09993
 20
-180.734999
 30
0.0
 11
284.099983
 21
-180.735004
 31
0.0
  0
LINE
  5
462
330
1F
100
AcDbEntity
  8
Edge.Cuts
100
AcDbLine
 10
284.099983
 20
-180.735004
 30
0.0
 11
284.099999
 21
-180.734999
 31
0.0
  0
LINE
  5
463
330
1F
100
AcDbEntity
  8
Edge.Cuts
100
AcDbLine
 10
286.4939459999999
 20
-179.618641
 30
0.0
 11
301.270624
 21
-162.007443
 31
0.0
  0
LINE
  5
464
330
1F
100
AcDbEntity
  8
Edge.Cuts
100
AcDbLine
 10
303.7794799999999
 20
-160.837499
 30
0.0
 11
356.6872389999999
 21
-160.837499
 31
0.0
  0
LINE
  5
465
330
1F
100
AcDbEntity
  8
Edge.Cuts
100
AcDbLine
 10
359.812238
 20
-157.7125
 30
0.0
 11
359.812238
 21
-104.2925
 31
0.0
  0
LINE
  5
466
330
1F
100
AcDbEntity
  8
Edge.Cuts
100
AcDbLine
 10
356.687236
 20
-101.167502
 30
0.0
 11
341.8874419999999
 21
-101.167502
 31
0.0
  0
LINE
  5
467
330
1F
100
AcDbEntity
  8
Edge.Cuts
100
AcDbLine
 10
341.8874419999999
 20
-101.167502
 30
0.0
 11
339.037633
 21
-101.182501
 31
0.0
  0
LINE
  5
468
330
1F
100
AcDbEntity
  8
Edge.Cuts
100
AcDbLine
 10
339.037633
 20
-101.182501
 30
0.0
 11
339.037435
 21
-101.182482
 31
0.0
  0
LINE
  5
469
330
1F
100
AcDbEntity
  8
Edge.Cuts
100
AcDbLine
 10
339.037435
 20
-101.182482
 30
0.0
 11
339.0372379999999
 21
-101.182502
 31
0.0
  0
LINE
  5
46A
330
1F
100
AcDbEntity
  8
Edge.Cuts
100
AcDbLine
 10
339.0372379999999
 20
-101.182502
 30
0.0
 11
324.651496
 21
-101.182502
 31
0.0
  0
LINE
  5
46B
330
1F
100
AcDbEntity
  8
Edge.Cuts
100
AcDbLine
 10
321.841256
 20
-99.589221
 30
0.0
 11
320.854507
 21
-97.940311
 31
0.0
  0
LINE
  5
46C
330
1F
100
AcDbEntity
  8
Edge.Cuts
100
AcDbLine
 10
318.1729849999999
 20
-96.420009
 30
0.0
 11
305.1702359999999
 21
-96.420009
 31
0.0
  0
LINE
  5
46D
330
1F
100
AcDbEntity
  8
Edge.Cuts
100
AcDbLine
 10
302.784957
 20
-95.38912699999999
 30
0.0
 11
300.0465929999999
 21
-92.47851099999998
 31
0.0
  0
LINE
  5
46E
330
1F
100
AcDbEntity
  8
Edge.Cuts
100
AcDbLine
 10
167.707141
 20
-159.538529
 30
0.0
 11
167.985931
 21
-159.602161
 31
0.0
  0
LINE
  5
46F
330
1F
100
AcDbEntity
  8
Edge.Cuts
100
AcDbLine
 10
167.985931
 20
-159.602161
 30
0.0
 11
168.255843
 21
-159.696607
 31
0.0
  0
LINE
  5
470
330
1F
100
AcDbEntity
  8
Edge.Cuts
100
AcDbLine
 10
168.255843
 20
-159.696607
 30
0.0
 11
168.513483
 21
-159.82068
 31
0.0
  0
LINE
  5
471
330
1F
100
AcDbEntity
  8
Edge.Cuts
100
AcDbLine
 10
168.513483
 20
-159.82068
 30
0.0
 11
168.755612
 21
-159.97282
 31
0.0
  0
LINE
  5
472
330
1F
100
AcDbEntity
  8
Edge.Cuts
100
AcDbLine
 10
168.755612
 20
-159.97282
 30
0.0
 11
168.979184
 21
-160.151112
 31
0.0
  0
LINE
  5
473
330
1F
100
AcDbEntity
  8
Edge.Cuts
100
AcDbLine
 10
168.979184
 20
-160.151112
 30
0.0
 11
169.181388
 21
-160.353316
 31
0.0
  0
LINE
  5
474
330
1F
100
AcDbEntity
  8
Edge.Cuts
100
AcDbLine
 10
169.181388
 20
-160.353316
 30
0.0
 11
169.35968
 21
-160.576888
 31
0.0
  0
LINE
  5
475
330
1F
100
AcDbEntity
  8
Edge.Cuts
100
AcDbLine
 10
169.35968
 20
-160.576888
 30
0.0
 11
169.51182
 21
-160.819017
 31
0.0
  0
LINE
  5
476
330
1F
100
AcDbEntity
  8
Edge.Cuts
100
AcDbLine
 10
169.51182
 20
-160.819017
 30
0.0
 11
169.635893
 21
-161.076657
 31
0.0
  0
LINE
  5
477
330
1F
100
AcDbEntity
  8
Edge.Cuts
100
AcDbLine
 10
169.635893
 20
-161.076657
 30
0.0
 11
169.730339
 21
-161.346569
 31
0.0
  0
LINE
  5
478
330
1F
100
AcDbEntity
  8
Edge.Cuts
100
AcDbLine
 10
169.730339
 20
-161.346569
 30
0.0
 11
169.793971
 21
-161.625359
 31
0.0
  0
LINE
  5
479
330
1F
100
AcDbEntity
  8
Edge.Cuts
100
AcDbLine
 10
169.793971
 20
-161.625359
 30
0.0
 11
169.825988
 21
-161.90952
 31
0.0
  0
LINE
  5
47A
330
1F
100
AcDbEntity
  8
Edge.Cuts
100
AcDbLine
 10
169.825988
 20
-161.90952
 30
0.0
 11
169.825988
 21
-162.19548
 31
0.0
  0
LINE
  5
47B
330
1F
100
AcDbEntity
  8
Edge.Cuts
100
AcDbLine
 10
169.825988
 20
-162.19548
 30
0.0
 11
169.793971
 21
-162.479641
 31
0.0
  0
LINE
  5
47C
330
1F
100
AcDbEntity
  8
Edge.Cuts
100
AcDbLine
 10
169.793971
 20
-162.479641
 30
0.0
 11
169.730339
 21
-162.758431
 31
0.0
  0
LINE
  5
47D
330
1F
100
AcDbEntity
  8
Edge.Cuts
100
AcDbLine
 10
169.730339
 20
-162.758431
 30
0.0
 11
169.635893
 21
-163.028343
 31
0.0
  0
LINE
  5
47E
330
1F
100
AcDbEntity
  8
Edge.Cuts
100
AcDbLine
 10
169.635893
 20
-163.028343
 30
0.0
 11
169.51182
 21
-163.285983
 31
0.0
  0
LINE
  5
47F
330
1F
100
AcDbEntity
  8
Edge.Cuts
100
AcDbLine
 10
169.51182
 20
-163.285983
 30
0.0
 11
169.35968
 21
-163.528112
 31
0.0
  0
LINE
  5
480
330
1F
100
AcDbEntity
  8
Edge.Cuts
100
AcDbLine
 10
169.35968
 20
-163.528112
 30
0.0
 11
169.181388
 21
-163.751684
 31
0.0
  0
LINE
  5
481
330
1F
100
AcDbEntity
  8
Edge.Cuts
100
AcDbLine
 10
169.181388
 20
-163.751684
 30
0.0
 11
168.979184
 21
-163.953888
 31
0.0
  0
LINE
  5
482
330
1F
100
AcDbEntity
  8
Edge.Cuts
100
AcDbLine
 10
168.979184
 20
-163.953888
 30
0.0
 11
168.755612
 21
-164.13218
 31
0.0
  0
LINE
  5
483
330
1F
100
AcDbEntity
  8
Edge.Cuts
100
AcDbLine
 10
168.755612
 20
-164.13218
 30
0.0
 11
168.513483
 21
-164.28432
 31
0.0
  0
LINE
  5
484
330
1F
100
AcDbEntity
  8
Edge.Cuts
100
AcDbLine
 10
168.513483
 20
-164.28432
 30
0.0
 11
168.255843
 21
-164.408393
 31
0.0
  0
LINE
  5
485
330
1F
100
AcDbEntity
  8
Edge.Cuts
100
AcDbLine
 10
168.255843
 20
-164.408393
 30
0.0
 11
167.985931
 21
-164.502839
 31
0.0
  0
LINE
  5
486
330
1F
100
AcDbEntity
  8
Edge.Cuts
100
AcDbLine
 10
167.985931
 20
-164.502839
 30
0.0
 11
167.707141
 21
-164.566471
 31
0.0
  0
LINE
  5
487
330
1F
100
AcDbEntity
  8
Edge.Cuts
100
AcDbLine
 10
167.707141
 20
-164.566471
 30
0.0
 11
167.42298
 21
-164.598488
 31
0.0
  0
LINE
  5
488
330
1F
100
AcDbEntity
  8
Edge.Cuts
100
AcDbLine
 10
167.42298
 20
-164.598488
 30
0.0
 11
167.13702
 21
-164.598488
 31
0.0
  0
LINE
  5
489
330
1F
100
AcDbEntity
  8
Edge.Cuts
100
AcDbLine
 10
167.13702
 20
-164.598488
 30
0.0
 11
166.852859
 21
-164.566471
 31
0.0
  0
LINE
  5
48A
330
1F
100
AcDbEntity
  8
Edge.Cuts
100
AcDbLine
 10
166.852859
 20
-164.566471
 30
0.0
 11
166.574069
 21
-164.502839
 31
0.0
  0
LINE
  5
48B
330
1F
100
AcDbEntity
  8
Edge.Cuts
100
AcDbLine
 10
166.574069
 20
-164.502839
 30
0.0
 11
166.304157
 21
-164.408393
 31
0.0
  0
LINE
  5
48C
330
1F
100
AcDbEntity
  8
Edge.Cuts
100
AcDbLine
 10
166.304157
 20
-164.408393
 30
0.0
 11
166.046517
 21
-164.28432
 31
0.0
  0
LINE
  5
48D
330
1F
100
AcDbEntity
  8
Edge.Cuts
100
AcDbLine
 10
166.046517
 20
-164.28432
 30
0.0
 11
165.804388
 21
-164.13218
 31
0.0
  0
LINE
  5
48E
330
1F
100
AcDbEntity
  8
Edge.Cuts
100
AcDbLine
 10
165.804388
 20
-164.13218
 30
0.0
 11
165.580816
 21
-163.953888
 31
0.0
  0
LINE
  5
48F
330
1F
100
AcDbEntity
  8
Edge.Cuts
100
AcDbLine
 10
165.580816
 20
-163.953888
 30
0.0
 11
165.378612
 21
-163.751684
 31
0.0
  0
LINE
  5
490
330
1F
100
AcDbEntity
  8
Edge.Cuts
100
AcDbLine
 10
165.378612
 20
-163.751684
 30
0.0
 11
165.20032
 21
-163.528112
 31
0.0
  0
LINE
  5
491
330
1F
100
AcDbEntity
  8
Edge.Cuts
100
AcDbLine
 10
165.20032
 20
-163.528112
 30
0.0
 11
165.04818
 21
-163.285983
 31
0.0
  0
LINE
  5
492
330
1F
100
AcDbEntity
  8
Edge.Cuts
100
AcDbLine
 10
165.04818
 20
-163.285983
 30
0.0
 11
164.924107
 21
-163.028343
 31
0.0
  0
LINE
  5
493
330
1F
100
AcDbEntity
  8
Edge.Cuts
100
AcDbLine
 10
164.924107
 20
-163.028343
 30
0.0
 11
164.829661
 21
-162.758431
 31
0.0
  0
LINE
  5
494
330
1F
100
AcDbEntity
  8
Edge.Cuts
100
AcDbLine
 10
164.829661
 20
-162.758431
 30
0.0
 11
164.766029
 21
-162.479641
 31
0.0
  0
LINE
  5
495
330
1F
100
AcDbEntity
  8
Edge.Cuts
100
AcDbLine
 10
164.766029
 20
-162.479641
 30
0.0
 11
164.734012
 21
-162.19548
 31
0.0
  0
LINE
  5
496
330
1F
100
AcDbEntity
  8
Edge.Cuts
100
AcDbLine
 10
164.734012
 20
-162.19548
 30
0.0
 11
164.734012
 21
-161.914911
 31
0.0
  0
LINE
  5
497
330
1F
100
AcDbEntity
  8
Edge.Cuts
100
AcDbLine
 10
164.734012
 20
-161.914911
 30
0.0
 11
164.734012
 21
-161.90952
 31
0.0
  0
LINE
  5
498
330
1F
100
AcDbEntity
  8
Edge.Cuts
100
AcDbLine
 10
164.734012
 20
-161.90952
 30
0.0
 11
164.766029
 21
-161.625359
 31
0.0
  0
LINE
  5
499
330
1F
100
AcDbEntity
  8
Edge.Cuts
100
AcDbLine
 10
164.766029
 20
-161.625359
 30
0.0
 11
164.829661
 21
-161.346569
 31
0.0
  0
LINE
  5
49A
330
1F
100
AcDbEntity
  8
Edge.Cuts
100
AcDbLine
 10
164.829661
 20
-161.346569
 30
0.0
 11
164.924107
 21
-161.076657
 31
0.0
  0
LINE
  5
49B
330
1F
100
AcDbEntity
  8
Edge.Cuts
100
AcDbLine
 10
164.924107
 20
-161.076657
 30
0.0
 11
165.04818
 21
-160.819017
 31
0.0
  0
LINE
  5
49C
330
1F
100
AcDbEntity
  8
Edge.Cuts
100
AcDbLine
 10
165.04818
 20
-160.819017
 30
0.0
 11
165.20032
 21
-160.576888
 31
0.0
  0
LINE
  5
49D
330
1F
100
AcDbEntity
  8
Edge.Cuts
100
AcDbLine
 10
165.20032
 20
-160.576888
 30
0.0
 11
165.378612
 21
-160.353316
 31
0.0
  0
LINE
  5
49E
330
1F
100
AcDbEntity
  8
Edge.Cuts
100
AcDbLine
 10
165.378612
 20
-160.353316
 30
0.0
 11
165.580816
 21
-160.151112
 31
0.0
  0
LINE
  5
49F
330
1F
100
AcDbEntity
  8
Edge.Cuts
100
AcDbLine
 10
165.580816
 20
-160.151112
 30
0.0
 11
165.804388
 21
-159.97282
 31
0.0
  0
LINE
  5
4A0
330
1F
100
AcDbEntity
  8
Edge.Cuts
100
AcDbLine
 10
165.804388
 20
-159.97282
 30
0.0
 11
166.046517
 21
-159.82068
 31
0.0
  0
LINE
  5
4A1
330
1F
100
AcDbEntity
  8
Edge.Cuts
100
AcDbLine
 10
166.046517
 20
-159.82068
 30
0.0
 11
166.304157
 21
-159.696607
 31
0.0
  0
LINE
  5
4A2
330
1F
100
AcDbEntity
  8
Edge.Cuts
100
AcDbLine
 10
166.304157
 20
-159.696607
 30
0.0
 11
166.574069
 21
-159.602161
 31
0.0
  0
LINE
  5
4A3
330
1F
100
AcDbEntity
  8
Edge.Cuts
100
AcDbLine
 10
166.574069
 20
-159.602161
 30
0.0
 11
166.852859
 21
-159.538529
 31
0.0
  0
LINE
  5
4A4
330
1F
100
AcDbEntity
  8
Edge.Cuts
100
AcDbLine
 10
166.852859
 20
-159.538529
 30
0.0
 11
167.13702
 21
-159.506512
 31
0.0
  0
LINE
  5
4A5
330
1F
100
AcDbEntity
  8
Edge.Cuts
100
AcDbLine
 10
167.13702
 20
-159.506512
 30
0.0
 11
167.42298
 21
-159.506512
 31
0.0
  0
LINE
  5
4A6
330
1F
100
AcDbEntity
  8
Edge.Cuts
100
AcDbLine
 10
167.42298
 20
-159.506512
 30
0.0
 11
167.707141
 21
-159.538529
 31
0.0
  0
LINE
  5
4A7
330
1F
100
AcDbEntity
  8
Edge.Cuts
100
AcDbLine
 10
91.00714099999999
 20
-136.688529
 30
0.0
 11
91.28593099999999
 21
-136.752161
 31
0.0
  0
LINE
  5
4A8
330
1F
100
AcDbEntity
  8
Edge.Cuts
100
AcDbLine
 10
91.28593099999999
 20
-136.752161
 30
0.0
 11
91.555843
 21
-136.846607
 31
0.0
  0
LINE
  5
4A9
330
1F
100
AcDbEntity
  8
Edge.Cuts
100
AcDbLine
 10
91.555843
 20
-136.846607
 30
0.0
 11
91.813483
 21
-136.97068
 31
0.0
  0
LINE
  5
4AA
330
1F
100
AcDbEntity
  8
Edge.Cuts
100
AcDbLine
 10
91.813483
 20
-136.97068
 30
0.0
 11
92.055612
 21
-137.12282
 31
0.0
  0
LINE
  5
4AB
330
1F
100
AcDbEntity
  8
Edge.Cuts
100
AcDbLine
 10
92.055612
 20
-137.12282
 30
0.0
 11
92.27918399999999
 21
-137.301112
 31
0.0
  0
LINE
  5
4AC
330
1F
100
AcDbEntity
  8
Edge.Cuts
100
AcDbLine
 10
92.27918399999999
 20
-137.301112
 30
0.0
 11
92.481388
 21
-137.503316
 31
0.0
  0
LINE
  5
4AD
330
1F
100
AcDbEntity
  8
Edge.Cuts
100
AcDbLine
 10
92.481388
 20
-137.503316
 30
0.0
 11
92.65968
 21
-137.726888
 31
0.0
  0
LINE
  5
4AE
330
1F
100
AcDbEntity
  8
Edge.Cuts
100
AcDbLine
 10
92.65968
 20
-137.726888
 30
0.0
 11
92.81181999999998
 21
-137.969017
 31
0.0
  0
LINE
  5
4AF
330
1F
100
AcDbEntity
  8
Edge.Cuts
100
AcDbLine
 10
92.81181999999998
 20
-137.969017
 30
0.0
 11
92.935893
 21
-138.226657
 31
0.0
  0
LINE
  5
4B0
330
1F
100
AcDbEntity
  8
Edge.Cuts
100
AcDbLine
 10
92.935893
 20
-138.226657
 30
0.0
 11
93.030339
 21
-138.496569
 31
0.0
  0
LINE
  5
4B1
330
1F
100
AcDbEntity
  8
Edge.Cuts
100
AcDbLine
 10
93.030339
 20
-138.496569
 30
0.0
 11
93.093971
 21
-138.775359
 31
0.0
  0
LINE
  5
4B2
330
1F
100
AcDbEntity
  8
Edge.Cuts
100
AcDbLine
 10
93.093971
 20
-138.775359
 30
0.0
 11
93.12598799999999
 21
-139.05952
 31
0.0
  0
LINE
  5
4B3
330
1F
100
AcDbEntity
  8
Edge.Cuts
100
AcDbLine
 10
93.12598799999999
 20
-139.05952
 30
0.0
 11
93.12598799999999
 21
-139.34548
 31
0.0
  0
LINE
  5
4B4
330
1F
100
AcDbEntity
  8
Edge.Cuts
100
AcDbLine
 10
93.12598799999999
 20
-139.34548
 30
0.0
 11
93.093971
 21
-139.629641
 31
0.0
  0
LINE
  5
4B5
330
1F
100
AcDbEntity
  8
Edge.Cuts
100
AcDbLine
 10
93.093971
 20
-139.629641
 30
0.0
 11
93.030339
 21
-139.908431
 31
0.0
  0
LINE
  5
4B6
330
1F
100
AcDbEntity
  8
Edge.Cuts
100
AcDbLine
 10
93.030339
 20
-139.908431
 30
0.0
 11
92.935893
 21
-140.178343
 31
0.0
  0
LINE
  5
4B7
330
1F
100
AcDbEntity
  8
Edge.Cuts
100
AcDbLine
 10
92.935893
 20
-140.178343
 30
0.0
 11
92.81181999999998
 21
-140.435983
 31
0.0
  0
LINE
  5
4B8
330
1F
100
AcDbEntity
  8
Edge.Cuts
100
AcDbLine
 10
92.81181999999998
 20
-140.435983
 30
0.0
 11
92.65968
 21
-140.678112
 31
0.0
  0
LINE
  5
4B9
330
1F
100
AcDbEntity
  8
Edge.Cuts
100
AcDbLine
 10
92.65968
 20
-140.678112
 30
0.0
 11
92.481388
 21
-140.901684
 31
0.0
  0
LINE
  5
4BA
330
1F
100
AcDbEntity
  8
Edge.Cuts
100
AcDbLine
 10
92.481388
 20
-140.901684
 30
0.0
 11
92.27918399999999
 21
-141.103888
 31
0.0
  0
LINE
  5
4BB
330
1F
100
AcDbEntity
  8
Edge.Cuts
100
AcDbLine
 10
92.27918399999999
 20
-141.103888
 30
0.0
 11
92.055612
 21
-141.28218
 31
0.0
  0
LINE
  5
4BC
330
1F
100
AcDbEntity
  8
Edge.Cuts
100
AcDbLine
 10
92.055612
 20
-141.28218
 30
0.0
 11
91.813483
 21
-141.43432
 31
0.0
  0
LINE
  5
4BD
330
1F
100
AcDbEntity
  8
Edge.Cuts
100
AcDbLine
 10
91.813483
 20
-141.43432
 30
0.0
 11
91.555843
 21
-141.558393
 31
0.0
  0
LINE
  5
4BE
330
1F
100
AcDbEntity
  8
Edge.Cuts
100
AcDbLine
 10
91.555843
 20
-141.558393
 30
0.0
 11
91.28593099999999
 21
-141.652839
 31
0.0
  0
LINE
  5
4BF
330
1F
100
AcDbEntity
  8
Edge.Cuts
100
AcDbLine
 10
91.28593099999999
 20
-141.652839
 30
0.0
 11
91.00714099999999
 21
-141.716471
 31
0.0
  0
LINE
  5
4C0
330
1F
100
AcDbEntity
  8
Edge.Cuts
100
AcDbLine
 10
91.00714099999999
 20
-141.716471
 30
0.0
 11
90.72297999999999
 21
-141.748488
 31
0.0
  0
LINE
  5
4C1
330
1F
100
AcDbEntity
  8
Edge.Cuts
100
AcDbLine
 10
90.72297999999999
 20
-141.748488
 30
0.0
 11
90.43701999999999
 21
-141.748488
 31
0.0
  0
LINE
  5
4C2
330
1F
100
AcDbEntity
  8
Edge.Cuts
100
AcDbLine
 10
90.43701999999999
 20
-141.748488
 30
0.0
 11
90.152859
 21
-141.716471
 31
0.0
  0
LINE
  5
4C3
330
1F
100
AcDbEntity
  8
Edge.Cuts
100
AcDbLine
 10
90.152859
 20
-141.716471
 30
0.0
 11
89.874069
 21
-141.652839
 31
0.0
  0
LINE
  5
4C4
330
1F
100
AcDbEntity
  8
Edge.Cuts
100
AcDbLine
 10
89.874069
 20
-141.652839
 30
0.0
 11
89.60415699999999
 21
-141.558393
 31
0.0
  0
LINE
  5
4C5
330
1F
100
AcDbEntity
  8
Edge.Cuts
100
AcDbLine
 10
89.60415699999999
 20
-141.558393
 30
0.0
 11
89.346517
 21
-141.43432
 31
0.0
  0
LINE
  5
4C6
330
1F
100
AcDbEntity
  8
Edge.Cuts
100
AcDbLine
 10
89.346517
 20
-141.43432
 30
0.0
 11
89.10438799999999
 21
-141.28218
 31
0.0
  0
LINE
  5
4C7
330
1F
100
AcDbEntity
  8
Edge.Cuts
100
AcDbLine
 10
89.10438799999999
 20
-141.28218
 30
0.0
 11
88.880816
 21
-141.103888
 31
0.0
  0
LINE
  5
4C8
330
1F
100
AcDbEntity
  8
Edge.Cuts
100
AcDbLine
 10
88.880816
 20
-141.103888
 30
0.0
 11
88.678612
 21
-140.901684
 31
0.0
  0
LINE
  5
4C9
330
1F
100
AcDbEntity
  8
Edge.Cuts
100
AcDbLine
 10
88.678612
 20
-140.901684
 30
0.0
 11
88.50031999999999
 21
-140.678112
 31
0.0
  0
LINE
  5
4CA
330
1F
100
AcDbEntity
  8
Edge.Cuts
100
AcDbLine
 10
88.50031999999999
 20
-140.678112
 30
0.0
 11
88.34818
 21
-140.435983
 31
0.0
  0
LINE
  5
4CB
330
1F
100
AcDbEntity
  8
Edge.Cuts
100
AcDbLine
 10
88.34818
 20
-140.435983
 30
0.0
 11
88.22410699999999
 21
-140.178343
 31
0.0
  0
LINE
  5
4CC
330
1F
100
AcDbEntity
  8
Edge.Cuts
100
AcDbLine
 10
88.22410699999999
 20
-140.178343
 30
0.0
 11
88.129661
 21
-139.908431
 31
0.0
  0
LINE
  5
4CD
330
1F
100
AcDbEntity
  8
Edge.Cuts
100
AcDbLine
 10
88.129661
 20
-139.908431
 30
0.0
 11
88.066029
 21
-139.629641
 31
0.0
  0
LINE
  5
4CE
330
1F
100
AcDbEntity
  8
Edge.Cuts
100
AcDbLine
 10
88.066029
 20
-139.629641
 30
0.0
 11
88.03401199999999
 21
-139.34548
 31
0.0
  0
LINE
  5
4CF
330
1F
100
AcDbEntity
  8
Edge.Cuts
100
AcDbLine
 10
88.03401199999999
 20
-139.34548
 30
0.0
 11
88.03401199999999
 21
-139.064911
 31
0.0
  0
LINE
  5
4D0
330
1F
100
AcDbEntity
  8
Edge.Cuts
100
AcDbLine
 10
88.03401199999999
 20
-139.064911
 30
0.0
 11
88.03401199999999
 21
-139.05952
 31
0.0
  0
LINE
  5
4D1
330
1F
100
AcDbEntity
  8
Edge.Cuts
100
AcDbLine
 10
88.03401199999999
 20
-139.05952
 30
0.0
 11
88.066029
 21
-138.775359
 31
0.0
  0
LINE
  5
4D2
330
1F
100
AcDbEntity
  8
Edge.Cuts
100
AcDbLine
 10
88.066029
 20
-138.775359
 30
0.0
 11
88.129661
 21
-138.496569
 31
0.0
  0
LINE
  5
4D3
330
1F
100
AcDbEntity
  8
Edge.Cuts
100
AcDbLine
 10
88.129661
 20
-138.496569
 30
0.0
 11
88.22410699999999
 21
-138.226657
 31
0.0
  0
LINE
  5
4D4
330
1F
100
AcDbEntity
  8
Edge.Cuts
100
AcDbLine
 10
88.22410699999999
 20
-138.226657
 30
0.0
 11
88.34818
 21
-137.969017
 31
0.0
  0
LINE
  5
4D5
330
1F
100
AcDbEntity
  8
Edge.Cuts
100
AcDbLine
 10
88.34818
 20
-137.969017
 30
0.0
 11
88.50031999999999
 21
-137.726888
 31
0.0
  0
LINE
  5
4D6
330
1F
100
AcDbEntity
  8
Edge.Cuts
100
AcDbLine
 10
88.50031999999999
 20
-137.726888
 30
0.0
 11
88.678612
 21
-137.503316
 31
0.0
  0
LINE
  5
4D7
330
1F
100
AcDbEntity
  8
Edge.Cuts
100
AcDbLine
 10
88.678612
 20
-137.503316
 30
0.0
 11
88.880816
 21
-137.301112
 31
0.0
  0
LINE
  5
4D8
330
1F
100
AcDbEntity
  8
Edge.Cuts
100
AcDbLine
 10
88.880816
 20
-137.301112
 30
0.0
 11
89.10438799999999
 21
-137.12282
 31
0.0
  0
LINE
  5
4D9
330
1F
100
AcDbEntity
  8
Edge.Cuts
100
AcDbLine
 10
89.10438799999999
 20
-137.12282
 30
0.0
 11
89.346517
 21
-136.97068
 31
0.0
  0
LINE
  5
4DA
330
1F
100
AcDbEntity
  8
Edge.Cuts
100
AcDbLine
 10
89.346517
 20
-136.97068
 30
0.0
 11
89.60415699999999
 21
-136.846607
 31
0.0
  0
LINE
  5
4DB
330
1F
100
AcDbEntity
  8
Edge.Cuts
100
AcDbLine
 10
89.60415699999999
 20
-136.846607
 30
0.0
 11
89.874069
 21
-136.752161
 31
0.0
  0
LINE
  5
4DC
330
1F
100
AcDbEntity
  8
Edge.Cuts
100
AcDbLine
 10
89.874069
 20
-136.752161
 30
0.0
 11
90.152859
 21
-136.688529
 31
0.0
  0
LINE
  5
4DD
330
1F
100
AcDbEntity
  8
Edge.Cuts
100
AcDbLine
 10
90.152859
 20
-136.688529
 30
0.0
 11
90.43701999999999
 21
-136.656512
 31
0.0
  0
LINE
  5
4DE
330
1F
100
AcDbEntity
  8
Edge.Cuts
100
AcDbLine
 10
90.43701999999999
 20
-136.656512
 30
0.0
 11
90.72297999999999
 21
-136.656512
 31
0.0
  0
LINE
  5
4DF
330
1F
100
AcDbEntity
  8
Edge.Cuts
100
AcDbLine
 10
90.72297999999999
 20
-136.656512
 30
0.0
 11
91.00714099999999
 21
-136.688529
 31
0.0
  0
LINE
  5
4E0
330
1F
100
AcDbEntity
  8
Edge.Cuts
100
AcDbLine
 10
91.00714099999999
 20
-117.438529
 30
0.0
 11
91.28593099999999
 21
-117.502161
 31
0.0
  0
LINE
  5
4E1
330
1F
100
AcDbEntity
  8
Edge.Cuts
100
AcDbLine
 10
91.28593099999999
 20
-117.502161
 30
0.0
 11
91.555843
 21
-117.596607
 31
0.0
  0
LINE
  5
4E2
330
1F
100
AcDbEntity
  8
Edge.Cuts
100
AcDbLine
 10
91.555843
 20
-117.596607
 30
0.0
 11
91.813483
 21
-117.72068
 31
0.0
  0
LINE
  5
4E3
330
1F
100
AcDbEntity
  8
Edge.Cuts
100
AcDbLine
 10
91.813483
 20
-117.72068
 30
0.0
 11
92.055612
 21
-117.87282
 31
0.0
  0
LINE
  5
4E4
330
1F
100
AcDbEntity
  8
Edge.Cuts
100
AcDbLine
 10
92.055612
 20
-117.87282
 30
0.0
 11
92.27918399999999
 21
-118.051112
 31
0.0
  0
LINE
  5
4E5
330
1F
100
AcDbEntity
  8
Edge.Cuts
100
AcDbLine
 10
92.27918399999999
 20
-118.051112
 30
0.0
 11
92.481388
 21
-118.253316
 31
0.0
  0
LINE
  5
4E6
330
1F
100
AcDbEntity
  8
Edge.Cuts
100
AcDbLine
 10
92.481388
 20
-118.253316
 30
0.0
 11
92.65968
 21
-118.476888
 31
0.0
  0
LINE
  5
4E7
330
1F
100
AcDbEntity
  8
Edge.Cuts
100
AcDbLine
 10
92.65968
 20
-118.476888
 30
0.0
 11
92.81181999999998
 21
-118.719017
 31
0.0
  0
LINE
  5
4E8
330
1F
100
AcDbEntity
  8
Edge.Cuts
100
AcDbLine
 10
92.81181999999998
 20
-118.719017
 30
0.0
 11
92.935893
 21
-118.976657
 31
0.0
  0
LINE
  5
4E9
330
1F
100
AcDbEntity
  8
Edge.Cuts
100
AcDbLine
 10
92.935893
 20
-118.976657
 30
0.0
 11
93.030339
 21
-119.246569
 31
0.0
  0
LINE
  5
4EA
330
1F
100
AcDbEntity
  8
Edge.Cuts
100
AcDbLine
 10
93.030339
 20
-119.246569
 30
0.0
 11
93.093971
 21
-119.525359
 31
0.0
  0
LINE
  5
4EB
330
1F
100
AcDbEntity
  8
Edge.Cuts
100
AcDbLine
 10
93.093971
 20
-119.525359
 30
0.0
 11
93.12598799999999
 21
-119.80952
 31
0.0
  0
LINE
  5
4EC
330
1F
100
AcDbEntity
  8
Edge.Cuts
100
AcDbLine
 10
93.12598799999999
 20
-119.80952
 30
0.0
 11
93.12598799999999
 21
-120.09548
 31
0.0
  0
LINE
  5
4ED
330
1F
100
AcDbEntity
  8
Edge.Cuts
100
AcDbLine
 10
93.12598799999999
 20
-120.09548
 30
0.0
 11
93.093971
 21
-120.379641
 31
0.0
  0
LINE
  5
4EE
330
1F
100
AcDbEntity
  8
Edge.Cuts
100
AcDbLine
 10
93.093971
 20
-120.379641
 30
0.0
 11
93.030339
 21
-120.658431
 31
0.0
  0
LINE
  5
4EF
330
1F
100
AcDbEntity
  8
Edge.Cuts
100
AcDbLine
 10
93.030339
 20
-120.658431
 30
0.0
 11
92.935893
 21
-120.928343
 31
0.0
  0
LINE
  5
4F0
330
1F
100
AcDbEntity
  8
Edge.Cuts
100
AcDbLine
 10
92.935893
 20
-120.928343
 30
0.0
 11
92.81181999999998
 21
-121.185983
 31
0.0
  0
LINE
  5
4F1
330
1F
100
AcDbEntity
  8
Edge.Cuts
100
AcDbLine
 10
92.81181999999998
 20
-121.185983
 30
0.0
 11
92.65968
 21
-121.428112
 31
0.0
  0
LINE
  5
4F2
330
1F
100
AcDbEntity
  8
Edge.Cuts
100
AcDbLine
 10
92.65968
 20
-121.428112
 30
0.0
 11
92.481388
 21
-121.651684
 31
0.0
  0
LINE
  5
4F3
330
1F
100
AcDbEntity
  8
Edge.Cuts
100
AcDbLine
 10
92.481388
 20
-121.651684
 30
0.0
 11
92.27918399999999
 21
-121.853888
 31
0.0
  0
LINE
  5
4F4
330
1F
100
AcDbEntity
  8
Edge.Cuts
100
AcDbLine
 10
92.27918399999999
 20
-121.853888
 30
0.0
 11
92.055612
 21
-122.03218
 31
0.0
  0
LINE
  5
4F5
330
1F
100
AcDbEntity
  8
Edge.Cuts
100
AcDbLine
 10
92.055612
 20
-122.03218
 30
0.0
 11
91.813483
 21
-122.18432
 31
0.0
  0
LINE
  5
4F6
330
1F
100
AcDbEntity
  8
Edge.Cuts
100
AcDbLine
 10
91.813483
 20
-122.18432
 30
0.0
 11
91.555843
 21
-122.308393
 31
0.0
  0
LINE
  5
4F7
330
1F
100
AcDbEntity
  8
Edge.Cuts
100
AcDbLine
 10
91.555843
 20
-122.308393
 30
0.0
 11
91.28593099999999
 21
-122.402839
 31
0.0
  0
LINE
  5
4F8
330
1F
100
AcDbEntity
  8
Edge.Cuts
100
AcDbLine
 10
91.28593099999999
 20
-122.402839
 30
0.0
 11
91.00714099999999
 21
-122.466471
 31
0.0
  0
LINE
  5
4F9
330
1F
100
AcDbEntity
  8
Edge.Cuts
100
AcDbLine
 10
91.00714099999999
 20
-122.466471
 30
0.0
 11
90.72297999999999
 21
-122.498488
 31
0.0
  0
LINE
  5
4FA
330
1F
100
AcDbEntity
  8
Edge.Cuts
100
AcDbLine
 10
90.72297999999999
 20
-122.498488
 30
0.0
 11
90.43701999999999
 21
-122.498488
 31
0.0
  0
LINE
  5
4FB
330
1F
100
AcDbEntity
  8
Edge.Cuts
100
AcDbLine
 10
90.43701999999999
 20
-122.498488
 30
0.0
 11
90.152859
 21
-122.466471
 31
0.0
  0
LINE
  5
4FC
330
1F
100
AcDbEntity
  8
Edge.Cuts
100
AcDbLine
 10
90.152859
 20
-122.466471
 30
0.0
 11
89.874069
 21
-122.402839
 31
0.0
  0
LINE
  5
4FD
330
1F
100
AcDbEntity
  8
Edge.Cuts
100
AcDbLine
 10
89.874069
 20
-122.402839
 30
0.0
 11
89.60415699999999
 21
-122.308393
 31
0.0
  0
LINE
  5
4FE
330
1F
100
AcDbEntity
  8
Edge.Cuts
100
AcDbLine
 10
89.60415699999999
 20
-122.308393
 30
0.0
 11
89.346517
 21
-122.18432
 31
0.0
  0
LINE
  5
4FF
330
1F
100
AcDbEntity
  8
Edge.Cuts
100
AcDbLine
 10
89.346517
 20
-122.18432
 30
0.0
 11
89.10438799999999
 21
-122.03218
 31
0.0
  0
LINE
  5
500
330
1F
100
AcDbEntity
  8
Edge.Cuts
100
AcDbLine
 10
89.10438799999999
 20
-122.03218
 30
0.0
 11
88.880816
 21
-121.853888
 31
0.0
  0
LINE
  5
501
330
1F
100
AcDbEntity
  8
Edge.Cuts
100
AcDbLine
 10
88.880816
 20
-121.853888
 30
0.0
 11
88.678612
 21
-121.651684
 31
0.0
  0
LINE
  5
502
330
1F
100
AcDbEntity
  8
Edge.Cuts
100
AcDbLine
 10
88.678612
 20
-121.651684
 30
0.0
 11
88.50031999999999
 21
-121.428112
 31
0.0
  0
LINE
  5
503
330
1F
100
AcDbEntity
  8
Edge.Cuts
100
AcDbLine
 10
88.50031999999999
 20
-121.428112
 30
0.0
 11
88.34818
 21
-121.185983
 31
0.0
  0
LINE
  5
504
330
1F
100
AcDbEntity
  8
Edge.Cuts
100
AcDbLine
 10
88.34818
 20
-121.185983
 30
0.0
 11
88.22410699999999
 21
-120.928343
 31
0.0
  0
LINE
  5
505
330
1F
100
AcDbEntity
  8
Edge.Cuts
100
AcDbLine
 10
88.22410699999999
 20
-120.928343
 30
0.0
 11
88.129661
 21
-120.658431
 31
0.0
  0
LINE
  5
506
330
1F
100
AcDbEntity
  8
Edge.Cuts
100
AcDbLine
 10
88.129661
 20
-120.658431
 30
0.0
 11
88.066029
 21
-120.379641
 31
0.0
  0
LINE
  5
507
330
1F
100
AcDbEntity
  8
Edge.Cuts
100
AcDbLine
 10
88.066029
 20
-120.379641
 30
0.0
 11
88.03401199999999
 21
-120.09548
 31
0.0
  0
LINE
  5
508
330
1F
100
AcDbEntity
  8
Edge.Cuts
100
AcDbLine
 10
88.03401199999999
 20
-120.09548
 30
0.0
 11
88.03401199999999
 21
-119.814911
 31
0.0
  0
LINE
  5
509
330
1F
100
AcDbEntity
  8
Edge.Cuts
100
AcDbLine
 10
88.03401199999999
 20
-119.814911
 30
0.0
 11
88.03401199999999
 21
-119.80952
 31
0.0
  0
LINE
  5
50A
330
1F
100
AcDbEntity
  8
Edge.Cuts
100
AcDbLine
 10
88.03401199999999
 20
-119.80952
 30
0.0
 11
88.066029
 21
-119.525359
 31
0.0
  0
LINE
  5
50B
330
1F
100
AcDbEntity
  8
Edge.Cuts
100
AcDbLine
 10
88.066029
 20
-119.525359
 30
0.0
 11
88.129661
 21
-119.246569
 31
0.0
  0
LINE
  5
50C
330
1F
100
AcDbEntity
  8
Edge.Cuts
100
AcDbLine
 10
88.129661
 20
-119.246569
 30
0.0
 11
88.22410699999999
 21
-118.976657
 31
0.0
  0
LINE
  5
50D
330
1F
100
AcDbEntity
  8
Edge.Cuts
100
AcDbLine
 10
88.22410699999999
 20
-118.976657
 30
0.0
 11
88.34818
 21
-118.719017
 31
0.0
  0
LINE
  5
50E
330
1F
100
AcDbEntity
  8
Edge.Cuts
100
AcDbLine
 10
88.34818
 20
-118.719017
 30
0.0
 11
88.50031999999999
 21
-118.476888
 31
0.0
  0
LINE
  5
50F
330
1F
100
AcDbEntity
  8
Edge.Cuts
100
AcDbLine
 10
88.50031999999999
 20
-118.476888
 30
0.0
 11
88.678612
 21
-118.253316
 31
0.0
  0
LINE
  5
510
330
1F
100
AcDbEntity
  8
Edge.Cuts
100
AcDbLine
 10
88.678612
 20
-118.253316
 30
0.0
 11
88.880816
 21
-118.051112
 31
0.0
  0
LINE
  5
511
330
1F
100
AcDbEntity
  8
Edge.Cuts
100
AcDbLine
 10
88.880816
 20
-118.051112
 30
0.0
 11
89.10438799999999
 21
-117.87282
 31
0.0
  0
LINE
  5
512
330
1F
100
AcDbEntity
  8
Edge.Cuts
100
AcDbLine
 10
89.10438799999999
 20
-117.87282
 30
0.0
 11
89.346517
 21
-117.72068
 31
0.0
  0
LINE
  5
513
330
1F
100
AcDbEntity
  8
Edge.Cuts
100
AcDbLine
 10
89.346517
 20
-117.72068
 30
0.0
 11
89.60415699999999
 21
-117.596607
 31
0.0
  0
LINE
  5
514
330
1F
100
AcDbEntity
  8
Edge.Cuts
100
AcDbLine
 10
89.60415699999999
 20
-117.596607
 30
0.0
 11
89.874069
 21
-117.502161
 31
0.0
  0
LINE
  5
515
330
1F
100
AcDbEntity
  8
Edge.Cuts
100
AcDbLine
 10
89.874069
 20
-117.502161
 30
0.0
 11
90.152859
 21
-117.438529
 31
0.0
  0
LINE
  5
516
330
1F
100
AcDbEntity
  8
Edge.Cuts
100
AcDbLine
 10
90.152859
 20
-117.438529
 30
0.0
 11
90.43701999999999
 21
-117.406512
 31
0.0
  0
LINE
  5
517
330
1F
100
AcDbEntity
  8
Edge.Cuts
100
AcDbLine
 10
90.43701999999999
 20
-117.406512
 30
0.0
 11
90.72297999999999
 21
-117.406512
 31
0.0
  0
LINE
  5
518
330
1F
100
AcDbEntity
  8
Edge.Cuts
100
AcDbLine
 10
90.72297999999999
 20
-117.406512
 30
0.0
 11
91.00714099999999
 21
-117.438529
 31
0.0
  0
LINE
  5
519
330
1F
100
AcDbEntity
  8
Edge.Cuts
100
AcDbLine
 10
148.057141
 20
-97.63852899999999
 30
0.0
 11
148.335931
 21
-97.70216099999999
 31
0.0
  0
LINE
  5
51A
330
1F
100
AcDbEntity
  8
Edge.Cuts
100
AcDbLine
 10
148.335931
 20
-97.70216099999999
 30
0.0
 11
148.605843
 21
-97.796607
 31
0.0
  0
LINE
  5
51B
330
1F
100
AcDbEntity
  8
Edge.Cuts
100
AcDbLine
 10
148.605843
 20
-97.796607
 30
0.0
 11
148.863483
 21
-97.92067999999999
 31
0.0
  0
LINE
  5
51C
330
1F
100
AcDbEntity
  8
Edge.Cuts
100
AcDbLine
 10
148.863483
 20
-97.92067999999999
 30
0.0
 11
149.105612
 21
-98.07282
 31
0.0
  0
LINE
  5
51D
330
1F
100
AcDbEntity
  8
Edge.Cuts
100
AcDbLine
 10
149.105612
 20
-98.07282
 30
0.0
 11
149.329184
 21
-98.25111199999999
 31
0.0
  0
LINE
  5
51E
330
1F
100
AcDbEntity
  8
Edge.Cuts
100
AcDbLine
 10
149.329184
 20
-98.25111199999999
 30
0.0
 11
149.531388
 21
-98.453316
 31
0.0
  0
LINE
  5
51F
330
1F
100
AcDbEntity
  8
Edge.Cuts
100
AcDbLine
 10
149.531388
 20
-98.453316
 30
0.0
 11
149.70968
 21
-98.67688799999999
 31
0.0
  0
LINE
  5
520
330
1F
100
AcDbEntity
  8
Edge.Cuts
100
AcDbLine
 10
149.70968
 20
-98.67688799999999
 30
0.0
 11
149.86182
 21
-98.91901699999998
 31
0.0
  0
LINE
  5
521
330
1F
100
AcDbEntity
  8
Edge.Cuts
100
AcDbLine
 10
149.86182
 20
-98.91901699999998
 30
0.0
 11
149.985893
 21
-99.17665699999999
 31
0.0
  0
LINE
  5
522
330
1F
100
AcDbEntity
  8
Edge.Cuts
100
AcDbLine
 10
149.985893
 20
-99.17665699999999
 30
0.0
 11
150.080339
 21
-99.446569
 31
0.0
  0
LINE
  5
523
330
1F
100
AcDbEntity
  8
Edge.Cuts
100
AcDbLine
 10
150.080339
 20
-99.446569
 30
0.0
 11
150.143971
 21
-99.725359
 31
0.0
  0
LINE
  5
524
330
1F
100
AcDbEntity
  8
Edge.Cuts
100
AcDbLine
 10
150.143971
 20
-99.725359
 30
0.0
 11
150.175988
 21
-100.00952
 31
0.0
  0
LINE
  5
525
330
1F
100
AcDbEntity
  8
Edge.Cuts
100
AcDbLine
 10
150.175988
 20
-100.00952
 30
0.0
 11
150.175988
 21
-100.29548
 31
0.0
  0
LINE
  5
526
330
1F
100
AcDbEntity
  8
Edge.Cuts
100
AcDbLine
 10
150.175988
 20
-100.29548
 30
0.0
 11
150.143971
 21
-100.579641
 31
0.0
  0
LINE
  5
527
330
1F
100
AcDbEntity
  8
Edge.Cuts
100
AcDbLine
 10
150.143971
 20
-100.579641
 30
0.0
 11
150.080339
 21
-100.858431
 31
0.0
  0
LINE
  5
528
330
1F
100
AcDbEntity
  8
Edge.Cuts
100
AcDbLine
 10
150.080339
 20
-100.858431
 30
0.0
 11
149.985893
 21
-101.128343
 31
0.0
  0
LINE
  5
529
330
1F
100
AcDbEntity
  8
Edge.Cuts
100
AcDbLine
 10
149.985893
 20
-101.128343
 30
0.0
 11
149.86182
 21
-101.385983
 31
0.0
  0
LINE
  5
52A
330
1F
100
AcDbEntity
  8
Edge.Cuts
100
AcDbLine
 10
149.86182
 20
-101.385983
 30
0.0
 11
149.70968
 21
-101.628112
 31
0.0
  0
LINE
  5
52B
330
1F
100
AcDbEntity
  8
Edge.Cuts
100
AcDbLine
 10
149.70968
 20
-101.628112
 30
0.0
 11
149.531388
 21
-101.851684
 31
0.0
  0
LINE
  5
52C
330
1F
100
AcDbEntity
  8
Edge.Cuts
100
AcDbLine
 10
149.531388
 20
-101.851684
 30
0.0
 11
149.329184
 21
-102.053888
 31
0.0
  0
LINE
  5
52D
330
1F
100
AcDbEntity
  8
Edge.Cuts
100
AcDbLine
 10
149.329184
 20
-102.053888
 30
0.0
 11
149.105612
 21
-102.23218
 31
0.0
  0
LINE
  5
52E
330
1F
100
AcDbEntity
  8
Edge.Cuts
100
AcDbLine
 10
149.105612
 20
-102.23218
 30
0.0
 11
148.863483
 21
-102.38432
 31
0.0
  0
LINE
  5
52F
330
1F
100
AcDbEntity
  8
Edge.Cuts
100
AcDbLine
 10
148.863483
 20
-102.38432
 30
0.0
 11
148.605843
 21
-102.508393
 31
0.0
  0
LINE
  5
530
330
1F
100
AcDbEntity
  8
Edge.Cuts
100
AcDbLine
 10
148.605843
 20
-102.508393
 30
0.0
 11
148.335931
 21
-102.602839
 31
0.0
  0
LINE
  5
531
330
1F
100
AcDbEntity
  8
Edge.Cuts
100
AcDbLine
 10
148.335931
 20
-102.602839
 30
0.0
 11
148.057141
 21
-102.666471
 31
0.0
  0
LINE
  5
532
330
1F
100
AcDbEntity
  8
Edge.Cuts
100
AcDbLine
 10
148.057141
 20
-102.666471
 30
0.0
 11
147.77298
 21
-102.698488
 31
0.0
  0
LINE
  5
533
330
1F
100
AcDbEntity
  8
Edge.Cuts
100
AcDbLine
 10
147.77298
 20
-102.698488
 30
0.0
 11
147.48702
 21
-102.698488
 31
0.0
  0
LINE
  5
534
330
1F
100
AcDbEntity
  8
Edge.Cuts
100
AcDbLine
 10
147.48702
 20
-102.698488
 30
0.0
 11
147.202859
 21
-102.666471
 31
0.0
  0
LINE
  5
535
330
1F
100
AcDbEntity
  8
Edge.Cuts
100
AcDbLine
 10
147.202859
 20
-102.666471
 30
0.0
 11
146.924069
 21
-102.602839
 31
0.0
  0
LINE
  5
536
330
1F
100
AcDbEntity
  8
Edge.Cuts
100
AcDbLine
 10
146.924069
 20
-102.602839
 30
0.0
 11
146.654157
 21
-102.508393
 31
0.0
  0
LINE
  5
537
330
1F
100
AcDbEntity
  8
Edge.Cuts
100
AcDbLine
 10
146.654157
 20
-102.508393
 30
0.0
 11
146.396517
 21
-102.38432
 31
0.0
  0
LINE
  5
538
330
1F
100
AcDbEntity
  8
Edge.Cuts
100
AcDbLine
 10
146.396517
 20
-102.38432
 30
0.0
 11
146.154388
 21
-102.23218
 31
0.0
  0
LINE
  5
539
330
1F
100
AcDbEntity
  8
Edge.Cuts
100
AcDbLine
 10
146.154388
 20
-102.23218
 30
0.0
 11
145.930816
 21
-102.053888
 31
0.0
  0
LINE
  5
53A
330
1F
100
AcDbEntity
  8
Edge.Cuts
100
AcDbLine
 10
145.930816
 20
-102.053888
 30
0.0
 11
145.728612
 21
-101.851684
 31
0.0
  0
LINE
  5
53B
330
1F
100
AcDbEntity
  8
Edge.Cuts
100
AcDbLine
 10
145.728612
 20
-101.851684
 30
0.0
 11
145.55032
 21
-101.628112
 31
0.0
  0
LINE
  5
53C
330
1F
100
AcDbEntity
  8
Edge.Cuts
100
AcDbLine
 10
145.55032
 20
-101.628112
 30
0.0
 11
145.39818
 21
-101.385983
 31
0.0
  0
LINE
  5
53D
330
1F
100
AcDbEntity
  8
Edge.Cuts
100
AcDbLine
 10
145.39818
 20
-101.385983
 30
0.0
 11
145.274107
 21
-101.128343
 31
0.0
  0
LINE
  5
53E
330
1F
100
AcDbEntity
  8
Edge.Cuts
100
AcDbLine
 10
145.274107
 20
-101.128343
 30
0.0
 11
145.179661
 21
-100.858431
 31
0.0
  0
LINE
  5
53F
330
1F
100
AcDbEntity
  8
Edge.Cuts
100
AcDbLine
 10
145.179661
 20
-100.858431
 30
0.0
 11
145.116029
 21
-100.579641
 31
0.0
  0
LINE
  5
540
330
1F
100
AcDbEntity
  8
Edge.Cuts
100
AcDbLine
 10
145.116029
 20
-100.579641
 30
0.0
 11
145.084012
 21
-100.29548
 31
0.0
  0
LINE
  5
541
330
1F
100
AcDbEntity
  8
Edge.Cuts
100
AcDbLine
 10
145.084012
 20
-100.29548
 30
0.0
 11
145.084012
 21
-100.014911
 31
0.0
  0
LINE
  5
542
330
1F
100
AcDbEntity
  8
Edge.Cuts
100
AcDbLine
 10
145.084012
 20
-100.014911
 30
0.0
 11
145.084012
 21
-100.00952
 31
0.0
  0
LINE
  5
543
330
1F
100
AcDbEntity
  8
Edge.Cuts
100
AcDbLine
 10
145.084012
 20
-100.00952
 30
0.0
 11
145.116029
 21
-99.725359
 31
0.0
  0
LINE
  5
544
330
1F
100
AcDbEntity
  8
Edge.Cuts
100
AcDbLine
 10
145.116029
 20
-99.725359
 30
0.0
 11
145.179661
 21
-99.446569
 31
0.0
  0
LINE
  5
545
330
1F
100
AcDbEntity
  8
Edge.Cuts
100
AcDbLine
 10
145.179661
 20
-99.446569
 30
0.0
 11
145.274107
 21
-99.17665699999999
 31
0.0
  0
LINE
  5
546
330
1F
100
AcDbEntity
  8
Edge.Cuts
100
AcDbLine
 10
145.274107
 20
-99.17665699999999
 30
0.0
 11
145.39818
 21
-98.91901699999998
 31
0.0
  0
LINE
  5
547
330
1F
100
AcDbEntity
  8
Edge.Cuts
100
AcDbLine
 10
145.39818
 20
-98.91901699999998
 30
0.0
 11
145.55032
 21
-98.67688799999999
 31
0.0
  0
LINE
  5
548
330
1F
100
AcDbEntity
  8
Edge.Cuts
100
AcDbLine
 10
145.55032
 20
-98.67688799999999
 30
0.0
 11
145.728612
 21
-98.453316
 31
0.0
  0
LINE
  5
549
330
1F
100
AcDbEntity
  8
Edge.Cuts
100
AcDbLine
 10
145.728612
 20
-98.453316
 30
0.0
 11
145.930816
 21
-98.25111199999999
 31
0.0
  0
LINE
  5
54A
330
1F
100
AcDbEntity
  8
Edge.Cuts
100
AcDbLine
 10
145.930816
 20
-98.25111199999999
 30
0.0
 11
146.154388
 21
-98.07282
 31
0.0
  0
LINE
  5
54B
330
1F
100
AcDbEntity
  8
Edge.Cuts
100
AcDbLine
 10
146.154388
 20
-98.07282
 30
0.0
 11
146.396517
 21
-97.92067999999999
 31
0.0
  0
LINE
  5
54C
330
1F
100
AcDbEntity
  8
Edge.Cuts
100
AcDbLine
 10
146.396517
 20
-97.92067999999999
 30
0.0
 11
146.654157
 21
-97.796607
 31
0.0
  0
LINE
  5
54D
330
1F
100
AcDbEntity
  8
Edge.Cuts
100
AcDbLine
 10
146.654157
 20
-97.796607
 30
0.0
 11
146.924069
 21
-97.70216099999999
 31
0.0
  0
LINE
  5
54E
330
1F
100
AcDbEntity
  8
Edge.Cuts
100
AcDbLine
 10
146.924069
 20
-97.70216099999999
 30
0.0
 11
147.202859
 21
-97.63852899999999
 31
0.0
  0
LINE
  5
54F
330
1F
100
AcDbEntity
  8
Edge.Cuts
100
AcDbLine
 10
147.202859
 20
-97.63852899999999
 30
0.0
 11
147.48702
 21
-97.606512
 31
0.0
  0
LINE
  5
550
330
1F
100
AcDbEntity
  8
Edge.Cuts
100
AcDbLine
 10
147.48702
 20
-97.606512
 30
0.0
 11
147.77298
 21
-97.606512
 31
0.0
  0
LINE
  5
551
330
1F
100
AcDbEntity
  8
Edge.Cuts
100
AcDbLine
 10
147.77298
 20
-97.606512
 30
0.0
 11
148.057141
 21
-97.63852899999999
 31
0.0
  0
LINE
  5
552
330
1F
100
AcDbEntity
  8
Edge.Cuts
100
AcDbLine
 10
146.3161733145281
 20
-92.47776600000006
 30
0.0
 11
149.0992203145281
 21
-95.32814400000007
 31
0.0
  0
LINE
  5
553
330
1F
100
AcDbEntity
  8
Edge.Cuts
100
AcDbLine
 10
151.3351763400518
 20
-96.26999799999923
 30
0.0
 11
164.3729753145281
 21
-96.26999799999923
 31
0.0
  0
LINE
  5
554
330
1F
100
AcDbEntity
  8
Edge.Cuts
100
AcDbLine
 10
167.1832153145281
 20
-97.86327899999924
 30
0.0
 11
168.1699623145281
 21
-99.51218899999924
 31
0.0
  0
LINE
  5
555
330
1F
100
AcDbEntity
  8
Edge.Cuts
100
AcDbLine
 10
170.8514883145281
 20
-101.0324959999993
 30
0.0
 11
208.4899893145281
 21
-101.0324959999993
 31
0.0
  0
LINE
  5
556
330
1F
100
AcDbEntity
  8
Edge.Cuts
100
AcDbLine
 10
211.7749893145281
 20
-104.3074959999992
 30
0.0
 11
211.7749973145281
 21
-175.7000079999993
 31
0.0
  0
LINE
  5
557
330
1F
100
AcDbEntity
  8
Edge.Cuts
100
AcDbLine
 10
211.3643903145281
 20
-177.2214199999993
 30
0.0
 11
202.8278313145281
 21
-192.6217789999993
 31
0.0
  0
LINE
  5
558
330
1F
100
AcDbEntity
  8
Edge.Cuts
100
AcDbLine
 10
198.3760263145281
 20
-193.8985649999993
 30
0.0
 11
198.3758493145281
 21
-193.8984889999993
 31
0.0
  0
LINE
  5
559
330
1F
100
AcDbEntity
  8
Edge.Cuts
100
AcDbLine
 10
198.3758493145281
 20
-193.8984889999993
 30
0.0
 11
193.7637893145281
 21
-191.3556779999993
 31
0.0
  0
LINE
  5
55A
330
1F
100
AcDbEntity
  8
Edge.Cuts
100
AcDbLine
 10
193.7637893145281
 20
-191.3556779999993
 30
0.0
 11
193.7635183145281
 21
-191.3554919999993
 31
0.0
  0
LINE
  5
55B
330
1F
100
AcDbEntity
  8
Edge.Cuts
100
AcDbLine
 10
193.7635183145281
 20
-191.3554919999993
 30
0.0
 11
193.7632183145281
 21
-191.3553599999993
 31
0.0
  0
LINE
  5
55C
330
1F
100
AcDbEntity
  8
Edge.Cuts
100
AcDbLine
 10
193.7632183145281
 20
-191.3553599999993
 30
0.0
 11
192.8345113145281
 21
-190.8327219999993
 31
0.0
  0
LINE
  5
55D
330
1F
100
AcDbEntity
  8
Edge.Cuts
100
AcDbLine
 10
192.8345113145281
 20
-190.8327219999993
 30
0.0
 11
191.9165753145259
 21
-190.3276219999981
 31
0.0
  0
LINE
  5
55E
330
1F
100
AcDbEntity
  8
Edge.Cuts
100
AcDbLine
 10
191.9165753145259
 20
-190.3276219999981
 30
0.0
 11
191.0168153145314
 21
-189.8438860000011
 31
0.0
  0
LINE
  5
55F
330
1F
100
AcDbEntity
  8
Edge.Cuts
100
AcDbLine
 10
191.0168153145314
 20
-189.8438860000011
 30
0.0
 11
190.1265713145302
 21
-189.3766090000005
 31
0.0
  0
LINE
  5
560
330
1F
100
AcDbEntity
  8
Edge.Cuts
100
AcDbLine
 10
190.1265713145302
 20
-189.3766090000005
 30
0.0
 11
189.2521123145248
 21
-188.9288569999977
 31
0.0
  0
LINE
  5
561
330
1F
100
AcDbEntity
  8
Edge.Cuts
100
AcDbLine
 10
189.2521123145248
 20
-188.9288569999977
 30
0.0
 11
188.3863123145281
 21
-188.4967499999993
 31
0.0
  0
LINE
  5
562
330
1F
100
AcDbEntity
  8
Edge.Cuts
100
AcDbLine
 10
188.3863123145281
 20
-188.4967499999993
 30
0.0
 11
187.5341053145324
 21
-188.0825450000014
 31
0.0
  0
LINE
  5
563
330
1F
100
AcDbEntity
  8
Edge.Cuts
100
AcDbLine
 10
187.5341053145324
 20
-188.0825450000014
 30
0.0
 11
186.689750314528
 21
-187.6832389999994
 31
0.0
  0
LINE
  5
564
330
1F
100
AcDbEntity
  8
Edge.Cuts
100
AcDbLine
 10
186.689750314528
 20
-187.6832389999994
 30
0.0
 11
185.856742314528
 21
-187.3002969999994
 31
0.0
  0
LINE
  5
565
330
1F
100
AcDbEntity
  8
Edge.Cuts
100
AcDbLine
 10
185.856742314528
 20
-187.3002969999994
 30
0.0
 11
185.030855314531
 21
-186.9315850000007
 31
0.0
  0
LINE
  5
566
330
1F
100
AcDbEntity
  8
Edge.Cuts
100
AcDbLine
 10
185.030855314531
 20
-186.9315850000007
 30
0.0
 11
184.214124314523
 21
-186.5778439999972
 31
0.0
  0
LINE
  5
567
330
1F
100
AcDbEntity
  8
Edge.Cuts
100
AcDbLine
 10
184.214124314523
 20
-186.5778439999972
 30
0.0
 11
183.403730314528
 21
-186.2376829999993
 31
0.0
  0
LINE
  5
568
330
1F
100
AcDbEntity
  8
Edge.Cuts
100
AcDbLine
 10
183.403730314528
 20
-186.2376829999993
 30
0.0
 11
182.600305314528
 21
-185.9112189999993
 31
0.0
  0
LINE
  5
569
330
1F
100
AcDbEntity
  8
Edge.Cuts
100
AcDbLine
 10
182.600305314528
 20
-185.9112189999993
 30
0.0
 11
181.802726314528
 21
-185.5978459999993
 31
0.0
  0
LINE
  5
56A
330
1F
100
AcDbEntity
  8
Edge.Cuts
100
AcDbLine
 10
181.802726314528
 20
-185.5978459999993
 30
0.0
 11
181.009702314528
 21
-185.2969319999993
 31
0.0
  0
LINE
  5
56B
330
1F
100
AcDbEntity
  8
Edge.Cuts
100
AcDbLine
 10
181.009702314528
 20
-185.2969319999993
 30
0.0
 11
180.221872314528
 21
-185.0085889999993
 31
0.0
  0
LINE
  5
56C
330
1F
100
AcDbEntity
  8
Edge.Cuts
100
AcDbLine
 10
180.221872314528
 20
-185.0085889999993
 30
0.0
 11
179.436458314528
 21
-184.7316969999993
 31
0.0
  0
LINE
  5
56D
330
1F
100
AcDbEntity
  8
Edge.Cuts
100
AcDbLine
 10
179.436458314528
 20
-184.7316969999993
 30
0.0
 11
178.655686314528
 21
-184.4669309999993
 31
0.0
  0
LINE
  5
56E
330
1F
100
AcDbEntity
  8
Edge.Cuts
100
AcDbLine
 10
178.655686314528
 20
-184.4669309999993
 30
0.0
 11
177.0974743145257
 21
-183.9698169999986
 31
0.0
  0
LINE
  5
56F
330
1F
100
AcDbEntity
  8
Edge.Cuts
100
AcDbLine
 10
177.0974743145257
 20
-183.9698169999986
 30
0.0
 11
175.5411753145281
 21
-183.5147599999993
 31
0.0
  0
LINE
  5
570
330
1F
100
AcDbEntity
  8
Edge.Cuts
100
AcDbLine
 10
175.5411753145281
 20
-183.5147599999993
 30
0.0
 11
175.247167314528
 21
-183.4334149999993
 31
0.0
  0
LINE
  5
571
330
1F
100
AcDbEntity
  8
Edge.Cuts
100
AcDbLine
 10
175.247167314528
 20
-183.4334149999993
 30
0.0
 11
173.5765433145281
 21
-183.0052709999993
 31
0.0
  0
LINE
  5
572
330
1F
100
AcDbEntity
  8
Edge.Cuts
100
AcDbLine
 10
173.5765433145281
 20
-183.0052709999993
 30
0.0
 11
171.8875363145281
 21
-182.6133989999993
 31
0.0
  0
LINE
  5
573
330
1F
100
AcDbEntity
  8
Edge.Cuts
100
AcDbLine
 10
171.8875363145281
 20
-182.6133989999993
 30
0.0
 11
170.1861873145281
 21
-182.2594179999992
 31
0.0
  0
LINE
  5
574
330
1F
100
AcDbEntity
  8
Edge.Cuts
100
AcDbLine
 10
170.1861873145281
 20
-182.2594179999992
 30
0.0
 11
168.4794213145281
 21
-181.9448589999993
 31
0.0
  0
LINE
  5
575
330
1F
100
AcDbEntity
  8
Edge.Cuts
100
AcDbLine
 10
168.4794213145281
 20
-181.9448589999993
 30
0.0
 11
166.7741523145281
 21
-181.6709509999993
 31
0.0
  0
LINE
  5
576
330
1F
100
AcDbEntity
  8
Edge.Cuts
100
AcDbLine
 10
166.7741523145281
 20
-181.6709509999993
 30
0.0
 11
165.9246683145306
 21
-181.5496069999996
 31
0.0
  0
LINE
  5
577
330
1F
100
AcDbEntity
  8
Edge.Cuts
100
AcDbLine
 10
165.9246683145306
 20
-181.5496069999996
 30
0.0
 11
165.0785013145281
 21
-181.4387949999993
 31
0.0
  0
LINE
  5
578
330
1F
100
AcDbEntity
  8
Edge.Cuts
100
AcDbLine
 10
165.0785013145281
 20
-181.4387949999993
 30
0.0
 11
164.2366863145281
 21
-181.3385959999993
 31
0.0
  0
LINE
  5
579
330
1F
100
AcDbEntity
  8
Edge.Cuts
100
AcDbLine
 10
164.2366863145281
 20
-181.3385959999993
 30
0.0
 11
163.3994223145281
 21
-181.2489809999993
 31
0.0
  0
LINE
  5
57A
330
1F
100
AcDbEntity
  8
Edge.Cuts
100
AcDbLine
 10
163.3994223145281
 20
-181.2489809999993
 30
0.0
 11
162.5692273145281
 21
-181.1701449999993
 31
0.0
  0
LINE
  5
57B
330
1F
100
AcDbEntity
  8
Edge.Cuts
100
AcDbLine
 10
162.5692273145281
 20
-181.1701449999993
 30
0.0
 11
161.7446573145281
 21
-181.1018749999993
 31
0.0
  0
LINE
  5
57C
330
1F
100
AcDbEntity
  8
Edge.Cuts
100
AcDbLine
 10
161.7446573145281
 20
-181.1018749999993
 30
0.0
 11
160.9298943145281
 21
-181.0444209999993
 31
0.0
  0
LINE
  5
57D
330
1F
100
AcDbEntity
  8
Edge.Cuts
100
AcDbLine
 10
160.9298943145281
 20
-181.0444209999993
 30
0.0
 11
160.1215663145281
 21
-180.9974519999993
 31
0.0
  0
LINE
  5
57E
330
1F
100
AcDbEntity
  8
Edge.Cuts
100
AcDbLine
 10
160.1215663145281
 20
-180.9974519999993
 30
0.0
 11
159.3258403145281
 21
-180.9612069999993
 31
0.0
  0
LINE
  5
57F
330
1F
100
AcDbEntity
  8
Edge.Cuts
100
AcDbLine
 10
159.3258403145281
 20
-180.9612069999993
 30
0.0
 11
158.5375773145281
 21
-180.9353309999993
 31
0.0
  0
LINE
  5
580
330
1F
100
AcDbEntity
  8
Edge.Cuts
100
AcDbLine
 10
158.5375773145281
 20
-180.9353309999993
 30
0.0
 11
157.1693413145281
 21
-180.9149969999993
 31
0.0
  0
LINE
  5
581
330
1F
100
AcDbEntity
  8
Edge.Cuts
100
AcDbLine
 10
157.1693413145281
 20
-180.9149969999993
 30
0.0
 11
145.974281314528
 21
-180.8849989999993
 31
0.0
  0
LINE
  5
582
330
1F
100
AcDbEntity
  8
Edge.Cuts
100
AcDbLine
 10
145.974281314528
 20
-180.8849989999993
 30
0.0
 11
145.9740953145281
 21
-180.8849799999993
 31
0.0
  0
LINE
  5
583
330
1F
100
AcDbEntity
  8
Edge.Cuts
100
AcDbLine
 10
143.4656249999869
 20
-179.715055000011
 30
0.0
 11
128.6889469272678
 21
-162.1038569133426
 31
0.0
  0
LINE
  5
584
330
1F
100
AcDbEntity
  8
Edge.Cuts
100
AcDbLine
 10
126.2950000003826
 20
-160.987499
 30
0.0
 11
73.38724099999999
 21
-160.987499
 31
0.0
  0
LINE
  5
585
330
1F
100
AcDbEntity
  8
Edge.Cuts
100
AcDbLine
 10
70.112241
 20
-157.712499
 30
0.0
 11
70.112241
 21
-104.2925
 31
0.0
  0
LINE
  5
586
330
1F
100
AcDbEntity
  8
Edge.Cuts
100
AcDbLine
 10
73.38724099999999
 20
-101.017502
 30
0.0
 11
88.187241
 21
-101.017502
 31
0.0
  0
LINE
  5
587
330
1F
100
AcDbEntity
  8
Edge.Cuts
100
AcDbLine
 10
88.187241
 20
-101.017502
 30
0.0
 11
88.1874380000065
 21
-101.0175209999997
 31
0.0
  0
LINE
  5
588
330
1F
100
AcDbEntity
  8
Edge.Cuts
100
AcDbLine
 10
88.1874380000065
 20
-101.0175209999997
 30
0.0
 11
88.18763600000325
 21
-101.017503
 31
0.0
  0
LINE
  5
589
330
1F
100
AcDbEntity
  8
Edge.Cuts
100
AcDbLine
 10
88.18763600000325
 20
-101.017503
 30
0.0
 11
91.03744499999999
 21
-101.032502
 31
0.0
  0
LINE
  5
58A
330
1F
100
AcDbEntity
  8
Edge.Cuts
100
AcDbLine
 10
91.03744499999999
 20
-101.032502
 30
0.0
 11
105.4229833186508
 21
-101.032502
 31
0.0
  0
LINE
  5
58B
330
1F
100
AcDbEntity
  8
Edge.Cuts
100
AcDbLine
 10
108.1045093198189
 20
-99.5121949980484
 30
0.0
 11
109.091259318651
 21
-97.86328400000006
 31
0.0
  0
LINE
  5
58C
330
1F
100
AcDbEntity
  8
Edge.Cuts
100
AcDbLine
 10
111.901499318651
 20
-96.27000300000007
 30
0.0
 11
124.9042493145281
 21
-96.27000300000007
 31
0.0
  0
LINE
  5
58D
330
1F
100
AcDbEntity
  8
Edge.Cuts
100
AcDbLine
 10
127.1802793144011
 20
-95.28633700013492
 30
0.0
 11
129.9186453145281
 21
-92.37571900000003
 31
0.0
  0
LINE
  5
58E
330
1F
100
AcDbEntity
  8
Edge.Cuts
100
AcDbLine
 10
132.3448593145281
 20
-91.34509300000003
 30
0.0
 11
144.0138203145281
 21
-91.49095400000004
 31
0.0
  0
LINE
  5
58F
330
1F
100
AcDbEntity
  8
Edge.Cuts
100
AcDbLine
 10
185.7750003145281
 20
-123.0875
 30
0.0
 11
185.7750003145281
 21
-168.0875
 31
0.0
  0
LINE
  5
590
330
1F
100
AcDbEntity
  8
Edge.Cuts
100
AcDbLine
 10
185.7750003145281
 20
-168.0875
 30
0.0
 11
211.7749964614965
 21
-168.0875
 31
0.0
  0
LINE
  5
591
330
1F
100
AcDbEntity
  8
Edge.Cuts
100
AcDbLine
 10
211.774991418951
 20
-123.0875
 30
0.0
 11
185.7750003145281
 21
-123.0875
 31
0.0
  0
LINE
  5
592
330
1F
100
AcDbEntity
  8
Edge.Cuts
100
AcDbLine
 10
218.4450119999999
 20
-123.0875
 30
0.0
 11
218.445
 21
-168.2375
 31
0.0
  0
LINE
  5
593
330
1F
100
AcDbEntity
  8
Edge.Cuts
100
AcDbLine
 10
90.019993
 20
-106.992498
 30
0.0
 11
90.019993
 21
-109.0125
 31
0.0
  0
LINE
  5
594
330
1F
100
AcDbEntity
  8
Edge.Cuts
100
AcDbLine
 10
72.52999999999997
 20
-106.242498
 30
0.0
 11
89.26999299999999
 21
-106.242498
 31
0.0
  0
LINE
  5
595
330
1F
100
AcDbEntity
  8
Edge.Cuts
100
AcDbLine
 10
89.26999299999997
 20
-109.7625
 30
0.0
 11
72.53000000000003
 21
-109.7625
 31
0.0
  0
LINE
  5
596
330
1F
100
AcDbEntity
  8
Edge.Cuts
100
AcDbLine
 10
71.78
 20
-109.0125
 30
0.0
 11
71.78
 21
-106.992498
 31
0.0
  0
LINE
  5
597
330
1F
100
AcDbEntity
  8
Edge.Cuts
100
AcDbLine
 10
340.1
 20
-109.012501
 30
0.0
 11
340.1
 21
-106.992506
 31
0.0
  0
LINE
  5
598
330
1F
100
AcDbEntity
  8
Edge.Cuts
100
AcDbLine
 10
340.85
 20
-106.242506
 30
0.0
 11
357.5699849999999
 21
-106.242506
 31
0.0
  0
LINE
  5
599
330
1F
100
AcDbEntity
  8
Edge.Cuts
100
AcDbLine
 10
358.319985
 20
-106.992506
 30
0.0
 11
358.3199849999999
 21
-109.0125009999999
 31
0.0
  0
LINE
  5
59A
330
1F
100
AcDbEntity
  8
Edge.Cuts
100
AcDbLine
 10
357.569985
 20
-109.7625009999999
 30
0.0
 11
340.85
 21
-109.762501
 31
0.0
  0
LINE
  5
59B
330
1F
100
AcDbEntity
  8
Edge.Cuts
100
AcDbLine
 10
357.569985
 20
-106.242506
 30
0.0
 11
359.569985
 21
-106.242506
 31
0.0
  0
LINE
  5
59C
330
1F
100
AcDbEntity
  8
Edge.Cuts
100
AcDbLine
 10
359.569985
 20
-106.242506
 30
0.0
 11
359.5699849999999
 21
-109.7625009999999
 31
0.0
  0
LINE
  5
59D
330
1F
100
AcDbEntity
  8
Edge.Cuts
100
AcDbLine
 10
359.5699849999999
 20
-109.7625009999999
 30
0.0
 11
357.569985
 21
-109.7625009999999
 31
0.0
  0
LINE
  5
59E
330
1F
100
AcDbEntity
  8
Edge.Cuts
100
AcDbLine
 10
340.85
 20
-106.242506
 30
0.0
 11
338.85
 21
-106.242506
 31
0.0
  0
LINE
  5
59F
330
1F
100
AcDbEntity
  8
Edge.Cuts
100
AcDbLine
 10
338.85
 20
-106.242506
 30
0.0
 11
338.85
 21
-109.762501
 31
0.0
  0
LINE
  5
5A0
330
1F
100
AcDbEntity
  8
Edge.Cuts
100
AcDbLine
 10
338.85
 20
-109.762501
 30
0.0
 11
340.85
 21
-109.762501
 31
0.0
  0
LINE
  5
5A1
330
1F
100
AcDbEntity
  8
Edge.Cuts
100
AcDbLine
 10
89.26999299999999
 20
-106.242498
 30
0.0
 11
91.269993
 21
-106.242498
 31
0.0
  0
LINE
  5
5A2
330
1F
100
AcDbEntity
  8
Edge.Cuts
100
AcDbLine
 10
91.269993
 20
-106.242498
 30
0.0
 11
91.269993
 21
-109.7625
 31
0.0
  0
LINE
  5
5A3
330
1F
100
AcDbEntity
  8
Edge.Cuts
100
AcDbLine
 10
91.269993
 20
-109.7625
 30
0.0
 11
89.26999299999999
 21
-109.7625
 31
0.0
  0
LINE
  5
5A4
330
1F
100
AcDbEntity
  8
Edge.Cuts
100
AcDbLine
 10
72.53
 20
-106.242498
 30
0.0
 11
70.53
 21
-106.242498
 31
0.0
  0
LINE
  5
5A5
330
1F
100
AcDbEntity
  8
Edge.Cuts
100
AcDbLine
 10
70.53
 20
-106.242498
 30
0.0
 11
70.53000000000013
 21
-109.7625
 31
0.0
  0
LINE
  5
5A6
330
1F
100
AcDbEntity
  8
Edge.Cuts
100
AcDbLine
 10
70.53000000000013
 20
-109.7625
 30
0.0
 11
72.53
 21
-109.7625
 31
0.0
  0
ARC
  5
5A7
330
1F
100
AcDbEntity
  8
Edge.Cuts
100
AcDbCircle
 10
126.1444101951101
 20
-164.4354276573429
 30
0.0
 40
3.451215628670396
100
AcDbArc
 50
42.49917273378757
 51
87.49917089117214
  0
ARC
  5
5A8
330
1F
100
AcDbEntity
  8
Edge.Cuts
100
AcDbCircle
 10
146.1322003228672
 20
-177.2718113164043
 30
0.0
 40
3.616637063637695
100
AcDbArc
 50
222.4974021863006
 51
267.4974070742621
  0
ARC
  5
5A9
330
1F
100
AcDbEntity
  8
Edge.Cuts
100
AcDbCircle
 10
73.38724099999996
 20
-157.712499
 30
0.0
 40
3.274999999999972
100
AcDbArc
 50
179.9999999999995
 51
270.0000000000005
  0
ARC
  5
5AA
330
1F
100
AcDbEntity
  8
Edge.Cuts
100
AcDbCircle
 10
208.4011254619072
 20
-175.6055634256877
 30
0.0
 40
3.375193484161122
100
AcDbArc
 50
331.3965402953694
 51
358.3965417261329
  0
ARC
  5
5AB
330
1F
100
AcDbEntity
  8
Edge.Cuts
100
AcDbCircle
 10
221.6930286405572
 20
-175.5911641729548
 30
0.0
 40
3.249362878678954
100
AcDbArc
 50
181.6419882962652
 51
208.6419882962653
  0
ARC
  5
5AC
330
1F
100
AcDbEntity
  8
Edge.Cuts
100
AcDbCircle
 10
199.9635358145281
 20
-191.0342694999993
 30
0.0
 40
3.274809173663471
100
AcDbArc
 50
241.0029903956184
 51
331.0029903956184
  0
ARC
  5
5AD
330
1F
100
AcDbEntity
  8
Edge.Cuts
100
AcDbCircle
 10
230.111028523978
 20
-191.034027416379
 30
0.0
 40
3.124998839636507
100
AcDbArc
 50
209.0000017379707
 51
298.9999994823739
  0
ARC
  5
5AE
330
1F
100
AcDbEntity
  8
Edge.Cuts
100
AcDbCircle
 10
283.9494091879681
 20
-177.2870703424989
 30
0.0
 40
3.451215629123354
100
AcDbArc
 50
272.5008292208224
 51
317.5008292208224
  0
ARC
  5
5AF
330
1F
100
AcDbEntity
  8
Edge.Cuts
100
AcDbCircle
 10
303.7795285023043
 20
-164.1126005272809
 30
0.0
 40
3.275101527640061
100
AcDbArc
 50
90.00084851639315
 51
140.0008485163931
  0
ARC
  5
5B0
330
1F
100
AcDbEntity
  8
Edge.Cuts
100
AcDbCircle
 10
356.6872389999999
 20
-157.7124999999999
 30
0.0
 40
3.124999000000073
100
AcDbArc
 50
270.000000000001
 51
359.999999999999
  0
ARC
  5
5B1
330
1F
100
AcDbEntity
  8
Edge.Cuts
100
AcDbCircle
 10
356.687238
 20
-104.292502
 30
0.0
 40
3.12500000000074
100
AcDbArc
 50
0.0000366692998868
 51
90.0000366692999
  0
ARC
  5
5B2
330
1F
100
AcDbEntity
  8
Edge.Cuts
100
AcDbCircle
 10
324.626197821367
 20
-97.95212226926884
 30
0.0
 40
3.230478788440015
100
AcDbArc
 50
210.4486931428725
 51
270.4486931428725
  0
ARC
  5
5B3
330
1F
100
AcDbEntity
  8
Edge.Cuts
100
AcDbCircle
 10
318.1971258465757
 20
-99.50242617280688
 30
0.0
 40
3.082511704387855
100
AcDbArc
 50
30.44871938689072
 51
90.44871938689096
  0
ARC
  5
5B4
330
1F
100
AcDbEntity
  8
Edge.Cuts
100
AcDbCircle
 10
305.2219811528031
 20
-93.02528154407817
 30
0.0
 40
3.395121803533411
100
AcDbArc
 50
224.1267195021663
 51
269.1267195021665
  0
ARC
  5
5B5
330
1F
100
AcDbEntity
  8
Edge.Cuts
100
AcDbCircle
 10
297.7019553421386
 20
-94.78135771673688
 30
0.0
 40
3.286400576230355
100
AcDbArc
 50
44.48480084687242
 51
89.48480084687216
  0
ARC
  5
5B6
330
1F
100
AcDbEntity
  8
Edge.Cuts
100
AcDbCircle
 10
278.7194535237076
 20
-93.09788057914048
 30
0.0
 40
3.322189743786626
100
AcDbArc
 50
270.3424028302788
 51
315.3424028302788
  0
ARC
  5
5B7
330
1F
100
AcDbEntity
  8
Edge.Cuts
100
AcDbCircle
 10
286.1007169375532
 20
-94.76365018048189
 30
0.0
 40
3.122931552452087
100
AcDbArc
 50
90.70046017503475
 51
135.7004601750348
  0
ARC
  5
5B8
330
1F
100
AcDbEntity
  8
Edge.Cuts
100
AcDbCircle
 10
265.6773694835512
 20
-99.5024341369084
 30
0.0
 40
3.082517650058903
100
AcDbArc
 50
89.55132479080723
 51
149.5513247908073
  0
ARC
  5
5B9
330
1F
100
AcDbEntity
  8
Edge.Cuts
100
AcDbCircle
 10
221.575109
 20
-104.312607
 30
0.0
 40
3.130098077348054
100
AcDbArc
 50
89.95246246194539
 51
179.9524624619454
  0
ARC
  5
5BA
330
1F
100
AcDbEntity
  8
Edge.Cuts
100
AcDbCircle
 10
259.2468083029885
 20
-97.94956344176869
 30
0.0
 40
3.233057607008176
100
AcDbArc
 50
269.5251143552146
 51
329.5251143552145
  0
ARC
  5
5BB
330
1F
100
AcDbEntity
  8
Edge.Cuts
100
AcDbCircle
 10
208.4949893145281
 20
-104.3124959999993
 30
0.0
 40
3.280003810973401
100
AcDbArc
 50
0.0873410596532733
 51
90.08734105965327
  0
ARC
  5
5BC
330
1F
100
AcDbEntity
  8
Edge.Cuts
100
AcDbCircle
 10
170.8273497980795
 20
-97.9500728630908
 30
0.0
 40
3.082517650058956
100
AcDbArc
 50
210.4486752091927
 51
270.4486752091928
  0
ARC
  5
5BD
330
1F
100
AcDbEntity
  8
Edge.Cuts
100
AcDbCircle
 10
164.398273493161
 20
-99.5003777307304
 30
0.0
 40
3.230478788440029
100
AcDbArc
 50
30.44869314287297
 51
90.44869314287295
  0
ARC
  5
5BE
330
1F
100
AcDbEntity
  8
Edge.Cuts
100
AcDbCircle
 10
151.3541166775766
 20
-93.10003331915513
 30
0.0
 40
3.170021263995643
100
AcDbArc
 50
224.6576654321378
 51
269.6576654321379
  0
ARC
  5
5BF
330
1F
100
AcDbEntity
  8
Edge.Cuts
100
AcDbCircle
 10
143.9738093575718
 20
-94.76354591898529
 30
0.0
 40
3.272836498342698
100
AcDbArc
 50
44.29953235489722
 51
89.29953235489722
  0
ARC
  5
5C0
330
1F
100
AcDbEntity
  8
Edge.Cuts
100
AcDbCircle
 10
132.3758279479952
 20
-94.78910537200976
 30
0.0
 40
3.444151604505075
100
AcDbArc
 50
90.51519099889323
 51
135.5151909988932
  0
ARC
  5
5C1
330
1F
100
AcDbEntity
  8
Edge.Cuts
100
AcDbCircle
 10
124.8548744156048
 20
-93.03075875303675
 30
0.0
 40
3.239620529032483
100
AcDbArc
 50
270.8732759995775
 51
315.8732759995775
  0
ARC
  5
5C2
330
1F
100
AcDbEntity
  8
Edge.Cuts
100
AcDbCircle
 10
111.876201140018
 20
-99.50038273073129
 30
0.0
 40
3.230478788440072
100
AcDbArc
 50
89.5513068571263
 51
149.5513068571263
  0
ARC
  5
5C3
330
1F
100
AcDbEntity
  8
Edge.Cuts
100
AcDbCircle
 10
105.4471218339934
 20
-97.95007886110416
 30
0.0
 40
3.082517652037605
100
AcDbArc
 50
269.5513248116548
 51
329.5513248116549
  0
ARC
  5
5C4
330
1F
100
AcDbEntity
  8
Edge.Cuts
100
AcDbCircle
 10
73.387241
 20
-104.2925020000006
 30
0.0
 40
3.275000000000625
100
AcDbArc
 50
90.00000000000024
 51
179.9999650102001
  0
ARC
  5
5C5
330
1F
100
AcDbEntity
  8
Edge.Cuts
100
AcDbCircle
 10
89.26999299999999
 20
-106.992498
 30
0.0
 40
0.7500000000000007
100
AcDbArc
 50
0.0
 51
90.0
  0
ARC
  5
5C6
330
1F
100
AcDbEntity
  8
Edge.Cuts
100
AcDbCircle
 10
89.26999299999999
 20
-109.0125
 30
0.0
 40
0.7500000000000007
100
AcDbArc
 50
270.0
 51
0.0
  0
ARC
  5
5C7
330
1F
100
AcDbEntity
  8
Edge.Cuts
100
AcDbCircle
 10
72.53
 20
-109.0125
 30
0.0
 40
0.7500000000000007
100
AcDbArc
 50
180.0
 51
270.0
  0
ARC
  5
5C8
330
1F
100
AcDbEntity
  8
Edge.Cuts
100
AcDbCircle
 10
72.53
 20
-106.992498
 30
0.0
 40
0.7500000000000007
100
AcDbArc
 50
90.0
 51
180.0
  0
ARC
  5
5C9
330
1F
100
AcDbEntity
  8
Edge.Cuts
100
AcDbCircle
 10
340.85
 20
-109.012501
 30
0.0
 40
0.7500000000000284
100
AcDbArc
 50
180.0
 51
270.0
  0
ARC
  5
5CA
330
1F
100
AcDbEntity
  8
Edge.Cuts
100
AcDbCircle
 10
340.85
 20
-106.992506
 30
0.0
 40
0.7500000000000284
100
AcDbArc
 50
90.0
 51
180.0
  0
ARC
  5
5CB
330
1F
100
AcDbEntity
  8
Edge.Cuts
100
AcDbCircle
 10
357.569985
 20
-106.992506
 30
0.0
 40
0.7499999999999174
100
AcDbArc
 50
359.9999999999968
 51
90.00000000000847
  0
ARC
  5
5CC
330
1F
100
AcDbEntity
  8
Edge.Cuts
100
AcDbCircle
 10
357.569985
 20
-109.012501
 30
0.0
 40
0.7499999999999035
100
AcDbArc
 50
270.0
 51
0.0000000000074298
  0
CIRCLE
  5
5CD
330
1F
100
AcDbEntity
  8
Edge.Cuts
100
AcDbCircle
 10
90.58
 20
-119.9525
 30
0.0
 40
0.8
  0
CIRCLE
  5
5CE
330
1F
100
AcDbEntity
  8
Edge.Cuts
100
AcDbCircle
 10
90.58
 20
-119.9525
 30
0.0
 40
2.0
  0
CIRCLE
  5
5CF
330
1F
100
AcDbEntity
  8
Edge.Cuts
100
AcDbCircle
 10
90.58
 20
-139.2025
 30
0.0
 40
0.8
  0
CIRCLE
  5
5D0
330
1F
100
AcDbEntity
  8
Edge.Cuts
100
AcDbCircle
 10
90.58
 20
-139.2025
 30
0.0
 40
2.0
  0
CIRCLE
  5
5D1
330
1F
100
AcDbEntity
  8
Edge.Cuts
100
AcDbCircle
 10
147.63
 20
-100.1525
 30
0.0
 40
0.8
  0
CIRCLE
  5
5D2
330
1F
100
AcDbEntity
  8
Edge.Cuts
100
AcDbCircle
 10
147.63
 20
-100.1525
 30
0.0
 40
2.0
  0
CIRCLE
  5
5D3
330
1F
100
AcDbEntity
  8
Edge.Cuts
100
AcDbCircle
 10
167.28
 20
-162.0525
 30
0.0
 40
0.8
  0
CIRCLE
  5
5D4
330
1F
100
AcDbEntity
  8
Edge.Cuts
100
AcDbCircle
 10
167.28
 20
-162.0525
 30
0.0
 40
2.0
  0
CIRCLE
  5
5D5
330
1F
100
AcDbEntity
  8
Edge.Cuts
100
AcDbCircle
 10
282.48
 20
-100.1525
 30
0.0
 40
0.8
  0
CIRCLE
  5
5D6
330
1F
100
AcDbEntity
  8
Edge.Cuts
100
AcDbCircle
 10
282.48
 20
-100.1525
 30
0.0
 40
2.0
  0
CIRCLE
  5
5D7
330
1F
100
AcDbEntity
  8
Edge.Cuts
100
AcDbCircle
 10
339.18
 20
-119.9525
 30
0.0
 40
0.8
  0
CIRCLE
  5
5D8
330
1F
100
AcDbEntity
  8
Edge.Cuts
100
AcDbCircle
 10
339.18
 20
-119.9525
 30
0.0
 40
2.0
  0
CIRCLE
  5
5D9
330
1F
100
AcDbEntity
  8
Edge.Cuts
100
AcDbCircle
 10
339.18
 20
-139.2025
 30
0.0
 40
0.8
  0
CIRCLE
  5
5DA
330
1F
100
AcDbEntity
  8
Edge.Cuts
100
AcDbCircle
 10
339.18
 20
-139.2025
 30
0.0
 40
2.0
  0
CIRCLE
  5
5DB
330
1F
100
AcDbEntity
  8
Edge.Cuts
100
AcDbCircle
 10
262.83
 20
-162.0525
 30
0.0
 40
0.8
  0
CIRCLE
  5
5DC
330
1F
100
AcDbEntity
  8
Edge.Cuts
100
AcDbCircle
 10
262.83
 20
-162.0525
 30
0.0
 40
2.0
  0
DIMENSION
  5
5DE
330
1F
100
AcDbEntity
  8
Dimensions
100
AcDbDimension
280
     0
  2
*D1
 10
190.2750003145281
 20
-168.0875
 30
0.0
 11
190.2750003145281
 21
-145.5875
 31
0.0
 70
   161
 71
     5
 42
45.0
 73
     0
 74
     0
 75
     0
  3
ISO-25
100
AcDbAlignedDimension
 13
185.7750003145281
 23
-123.0875
 33
0.0
 14
185.7750003145281
 24
-168.0875
 34
0.0
1001
ACAD
1000
DSTYLE
1002
{
1070
   271
1070
     3
1070
    78
1070
     8
1070
   177
1070
   140
1070
   176
1070
   140
1070
   178
1070
   140
1070
    40
1040
0.9754208653198657
1070
   277
1070
     2
1002
}
  0
DIMENSION
  5
5EC
330
1F
100
AcDbEntity
  8
Dimensions
100
AcDbDimension
280
     0
  2
*D2
 10
244.4450119999999
 20
-120.4875
 30
0.0
 11
231.4450119999999
 21
-120.4875
 31
0.0
 70
   161
 71
     5
 42
26.0
 73
     0
 74
     0
 75
     0
  3
ISO-25
100
AcDbAlignedDimension
 13
218.4450119999999
 23
-123.0875
 33
0.0
 14
244.4450119999999
 24
-123.0875
 34
0.0
1001
ACAD
1000
DSTYLE
1002
{
1070
   271
1070
     3
1070
    78
1070
     8
1070
   177
1070
   140
1070
   176
1070
   140
1070
   178
1070
   140
1070
    40
1040
0.9754208653198657
1070
   277
1070
     2
1002
}
  0
DIMENSION
  5
5F9
330
1F
100
AcDbEntity
  8
Dimensions
100
AcDbDimension
280
     0
  2
*D3
 10
359.569985
 20
-106.042506
 30
0.0
 11
358.569985
 21
-106.042506
 31
0.0
 70
   161
 71
     5
 42
2.0
 73
     0
 74
     0
 75
     0
  3
ISO-25
100
AcDbAlignedDimension
 13
357.569985
 23
-106.242506
 33
0.0
 14
359.569985
 24
-106.242506
 34
0.0
1001
ACAD
1000
DSTYLE
1002
{
1070
   271
1070
     3
1070
    78
1070
     8
1070
   177
1070
   140
1070
   176
1070
   140
1070
   178
1070
   140
1070
    40
1040
0.9754208653198657
1070
   277
1070
     2
1002
}
  0
DIMENSION
  5
609
330
1F
100
AcDbEntity
  8
Dimensions
100
AcDbDimension
280
     0
  2
*D4
 10
338.85
 20
-106.442506
 30
0.0
 11
339.85
 21
-106.442506
 31
0.0
 70
   161
 71
     5
 42
2.0
 73
     0
 74
     0
 75
     0
  3
ISO-25
100
AcDbAlignedDimension
 13
340.85
 23
-106.242506
 33
0.0
 14
338.85
 24
-106.242506
 34
0.0
1001
ACAD
1000
DSTYLE
1002
{
1070
   271
1070
     3
1070
    78
1070
     8
1070
   177
1070
   140
1070
   176
1070
   140
1070
   178
1070
   140
1070
    40
1040
0.9754208653198657
1070
   277
1070
     2
1002
}
  0
DIMENSION
  5
619
330
1F
100
AcDbEntity
  8
Dimensions
100
AcDbDimension
280
     0
  2
*D5
 10
91.269993
 20
-106.042498
 30
0.0
 11
90.269993
 21
-106.042498
 31
0.0
 70
   161
 71
     5
 42
2.000000000000014
 73
     0
 74
     0
 75
     0
  3
ISO-25
100
AcDbAlignedDimension
 13
89.26999299999999
 23
-106.242498
 33
0.0
 14
91.269993
 24
-106.242498
 34
0.0
1001
ACAD
1000
DSTYLE
1002
{
1070
   271
1070
     3
1070
    78
1070
     8
1070
   177
1070
   140
1070
   176
1070
   140
1070
   178
1070
   140
1070
    40
1040
0.9754208653198657
1070
   277
1070
     2
1002
}
  0
DIMENSION
  5
629
330
1F
100
AcDbEntity
  8
Dimensions
100
AcDbDimension
280
     0
  2
*D6
 10
70.53
 20
-106.442498
 30
0.0
 11
71.53
 21
-106.442498
 31
0.0
 70
   161
 71
     5
 42
2.0
 73
     0
 74
     0
 75
     0
  3
ISO-25
100
AcDbAlignedDimension
 13
72.53
 23
-106.242498
 33
0.0
 14
70.53
 24
-106.242498
 34
0.0
1001
ACAD
1000
DSTYLE
1002
{
1070
   271
1070
     3
1070
    78
1070
     8
1070
   177
1070
   140
1070
   176
1070
   140
1070
   178
1070
   140
1070
    40
1040
0.9754208653198657
1070
   277
1070
     2
1002
}
  0
DIMENSION
  5
639
330
1F
100
AcDbEntity
  8
Dimensions
100
AcDbDimension
280
     0
  2
*D7
 10
89.26999299999999
 20
-106.992498
 30
0.0
 11
89.26999299999999
 21
-106.617498
 31
0.0
 70
   164
 71
     5
 42
0.7500000000000142
 73
     0
 74
     0
 75
     0
  3
ISO-25
100
AcDbRadialDimension
 15
89.26999299999999
 25
-106.242498
 35
0.0
 40
0.0
1001
ACAD
1000
DSTYLE
1002
{
1070
   271
1070
     3
1070
    78
1070
     8
1070
   177
1070
   140
1070
   176
1070
   140
1070
   178
1070
   140
1070
    40
1040
0.9754208653198657
1070
   277
1070
     2
1002
}
  0
DIMENSION
  5
642
330
1F
100
AcDbEntity
  8
Dimensions
100
AcDbDimension
280
     0
  2
*D8
 10
89.26999299999999
 20
-109.0125
 30
0.0
 11
79.65614630597643
 21
-109.0125
 31
0.0
 70
   164
 71
     5
 42
0.7500000000000142
 73
     0
 74
     0
 75
     0
  3
ISO-25
100
AcDbRadialDimension
 15
90.019993
 25
-109.0125
 35
0.0
 40
0.0
1001
ACAD
1000
DSTYLE
1002
{
1070
   271
1070
     3
1070
    78
1070
     8
1070
   177
1070
   140
1070
   176
1070
   140
1070
   178
1070
   140
1070
    40
1040
0.9754208653198657
1070
   277
1070
     2
1002
}
  0
DIMENSION
  5
64B
330
1F
100
AcDbEntity
  8
Dimensions
100
AcDbDimension
280
     0
  2
*D9
 10
72.53
 20
-109.0125
 30
0.0
 11
72.53
 21
-109.3875
 31
0.0
 70
   164
 71
     5
 42
0.75
 73
     0
 74
     0
 75
     0
  3
ISO-25
100
AcDbRadialDimension
 15
72.53
 25
-109.7625
 35
0.0
 40
0.0
1001
ACAD
1000
DSTYLE
1002
{
1070
   271
1070
     3
1070
    78
1070
     8
1070
   177
1070
   140
1070
   176
1070
   140
1070
   178
1070
   140
1070
    40
1040
0.9754208653198657
1070
   277
1070
     2
1002
}
  0
DIMENSION
  5
654
330
1F
100
AcDbEntity
  8
Dimensions
100
AcDbDimension
280
     0
  2
*D10
 10
72.53
 20
-106.992498
 30
0.0
 11
72.155
 21
-106.992498
 31
0.0
 70
   164
 71
     5
 42
0.75
 73
     0
 74
     0
 75
     0
  3
ISO-25
100
AcDbRadialDimension
 15
71.78
 25
-106.992498
 35
0.0
 40
0.0
1001
ACAD
1000
DSTYLE
1002
{
1070
   271
1070
     3
1070
    78
1070
     8
1070
   177
1070
   140
1070
   176
1070
   140
1070
   178
1070
   140
1070
    40
1040
0.9754208653198657
1070
   277
1070
     2
1002
}
  0
DIMENSION
  5
65D
330
1F
100
AcDbEntity
  8
Dimensions
100
AcDbDimension
280
     0
  2
*D11
 10
340.85
 20
-109.012501
 30
0.0
 11
340.85
 21
-109.387501
 31
0.0
 70
   164
 71
     5
 42
0.75
 73
     0
 74
     0
 75
     0
  3
ISO-25
100
AcDbRadialDimension
 15
340.85
 25
-109.762501
 35
0.0
 40
0.0
1001
ACAD
1000
DSTYLE
1002
{
1070
   271
1070
     3
1070
    78
1070
     8
1070
   177
1070
   140
1070
   176
1070
   140
1070
   178
1070
   140
1070
    40
1040
0.9754208653198657
1070
   277
1070
     2
1002
}
  0
DIMENSION
  5
666
330
1F
100
AcDbEntity
  8
Dimensions
100
AcDbDimension
280
     0
  2
*D12
 10
340.85
 20
-106.992506
 30
0.0
 11
340.475
 21
-106.992506
 31
0.0
 70
   164
 71
     5
 42
0.75
 73
     0
 74
     0
 75
     0
  3
ISO-25
100
AcDbRadialDimension
 15
340.1
 25
-106.992506
 35
0.0
 40
0.0
1001
ACAD
1000
DSTYLE
1002
{
1070
   271
1070
     3
1070
    78
1070
     8
1070
   177
1070
   140
1070
   176
1070
   140
1070
   178
1070
   140
1070
    40
1040
0.9754208653198657
1070
   277
1070
     2
1002
}
  0
DIMENSION
  5
66F
330
1F
100
AcDbEntity
  8
Dimensions
100
AcDbDimension
280
     0
  2
*D13
 10
357.569985
 20
-106.992506
 30
0.0
 11
357.569985
 21
-106.617506
 31
0.0
 70
   164
 71
     5
 42
0.7499999999999574
 73
     0
 74
     0
 75
     0
  3
ISO-25
100
AcDbRadialDimension
 15
357.5699849999999
 25
-106.242506
 35
0.0
 40
0.0
1001
ACAD
1000
DSTYLE
1002
{
1070
   271
1070
     3
1070
    78
1070
     8
1070
   177
1070
   140
1070
   176
1070
   140
1070
   178
1070
   140
1070
    40
1040
0.9754208653198657
1070
   277
1070
     2
1002
}
  0
DIMENSION
  5
678
330
1F
100
AcDbEntity
  8
Dimensions
100
AcDbDimension
280
     0
  2
*D14
 10
357.569985
 20
-109.012501
 30
0.0
 11
347.9561383059763
 21
-109.0125010000013
 31
0.0
 70
   164
 71
     5
 42
0.7499999999999432
 73
     0
 74
     0
 75
     0
  3
ISO-25
100
AcDbRadialDimension
 15
358.3199849999999
 25
-109.0125009999999
 35
0.0
 40
0.0
1001
ACAD
1000
DSTYLE
1002
{
1070
   271
1070
     3
1070
    78
1070
     8
1070
   177
1070
   140
1070
   176
1070
   140
1070
   178
1070
   140
1070
    40
1040
0.9754208653198657
1070
   277
1070
     2
1002
}
  0
DIMENSION
  5
681
330
1F
100
AcDbEntity
  8
Dimensions
100
AcDbDimension
280
     0
  2
*D15
 10
89.78
 20
-119.9525
 30
0.0
 11
82.23542938762625
 21
-119.9525
 31
0.0
 70
   163
 71
     5
 42
1.599999999999994
 73
     0
 74
     0
 75
     0
  3
ISO-25
100
AcDbDiametricDimension
 15
91.38
 25
-119.9525
 35
0.0
 40
0.0
1001
ACAD
1000
DSTYLE
1002
{
1070
   271
1070
     3
1070
    78
1070
     8
1070
   177
1070
   140
1070
   176
1070
   140
1070
   178
1070
   140
1070
    40
1040
0.9754208653198657
1070
   277
1070
     2
1002
}
  0
DIMENSION
  5
68A
330
1F
100
AcDbEntity
  8
Dimensions
100
AcDbDimension
280
     0
  2
*D16
 10
89.78
 20
-139.2025
 30
0.0
 11
82.23542938762625
 21
-139.2025
 31
0.0
 70
   163
 71
     5
 42
1.599999999999994
 73
     0
 74
     0
 75
     0
  3
ISO-25
100
AcDbDiametricDimension
 15
91.38
 25
-139.2025
 35
0.0
 40
0.0
1001
ACAD
1000
DSTYLE
1002
{
1070
   271
1070
     3
1070
    78
1070
     8
1070
   177
1070
   140
1070
   176
1070
   140
1070
   178
1070
   140
1070
    40
1040
0.9754208653198657
1070
   277
1070
     2
1002
}
  0
DIMENSION
  5
693
330
1F
100
AcDbEntity
  8
Dimensions
100
AcDbDimension
280
     0
  2
*D17
 10
146.83
 20
-100.1525
 30
0.0
 11
139.2854293876263
 21
-100.1525
 31
0.0
 70
   163
 71
     5
 42
1.600000000000023
 73
     0
 74
     0
 75
     0
  3
ISO-25
100
AcDbDiametricDimension
 15
148.43
 25
-100.1525
 35
0.0
 40
0.0
1001
ACAD
1000
DSTYLE
1002
{
1070
   271
1070
     3
1070
    78
1070
     8
1070
   177
1070
   140
1070
   176
1070
   140
1070
   178
1070
   140
1070
    40
1040
0.9754208653198657
1070
   277
1070
     2
1002
}
  0
DIMENSION
  5
69C
330
1F
100
AcDbEntity
  8
Dimensions
100
AcDbDimension
280
     0
  2
*D18
 10
166.48
 20
-162.0525
 30
0.0
 11
158.9354293876262
 21
-162.0525
 31
0.0
 70
   163
 71
     5
 42
1.600000000000023
 73
     0
 74
     0
 75
     0
  3
ISO-25
100
AcDbDiametricDimension
 15
168.08
 25
-162.0525
 35
0.0
 40
0.0
1001
ACAD
1000
DSTYLE
1002
{
1070
   271
1070
     3
1070
    78
1070
     8
1070
   177
1070
   140
1070
   176
1070
   140
1070
   178
1070
   140
1070
    40
1040
0.9754208653198657
1070
   277
1070
     2
1002
}
  0
DIMENSION
  5
6A5
330
1F
100
AcDbEntity
  8
Dimensions
100
AcDbDimension
280
     0
  2
*D19
 10
281.6799999999999
 20
-100.1525
 30
0.0
 11
274.1354293876262
 21
-100.1525
 31
0.0
 70
   163
 71
     5
 42
1.600000000000023
 73
     0
 74
     0
 75
     0
  3
ISO-25
100
AcDbDiametricDimension
 15
283.28
 25
-100.1525
 35
0.0
 40
0.0
1001
ACAD
1000
DSTYLE
1002
{
1070
   271
1070
     3
1070
    78
1070
     8
1070
   177
1070
   140
1070
   176
1070
   140
1070
   178
1070
   140
1070
    40
1040
0.9754208653198657
1070
   277
1070
     2
1002
}
  0
DIMENSION
  5
6AE
330
1F
100
AcDbEntity
  8
Dimensions
100
AcDbDimension
280
     0
  2
*D20
 10
338.38
 20
-119.9525
 30
0.0
 11
330.8354293876263
 21
-119.9525
 31
0.0
 70
   163
 71
     5
 42
1.600000000000023
 73
     0
 74
     0
 75
     0
  3
ISO-25
100
AcDbDiametricDimension
 15
339.98
 25
-119.9525
 35
0.0
 40
0.0
1001
ACAD
1000
DSTYLE
1002
{
1070
   271
1070
     3
1070
    78
1070
     8
1070
   177
1070
   140
1070
   176
1070
   140
1070
   178
1070
   140
1070
    40
1040
0.9754208653198657
1070
   277
1070
     2
1002
}
  0
DIMENSION
  5
6B7
330
1F
100
AcDbEntity
  8
Dimensions
100
AcDbDimension
280
     0
  2
*D21
 10
338.3800039062638
 20
-139.2050000013563
 30
0.0
 11
330.8354701327437
 21
-139.2285767973107
 31
0.0
 70
   163
 71
     5
 42
1.600000000000031
 73
     0
 74
     0
 75
     0
  3
ISO-25
100
AcDbDiametricDimension
 15
339.9799960937362
 25
-139.1999999986437
 35
0.0
 40
0.0
1001
ACAD
1000
DSTYLE
1002
{
1070
   271
1070
     3
1070
    78
1070
     8
1070
   177
1070
   140
1070
   176
1070
   140
1070
   178
1070
   140
1070
    40
1040
0.9754208653198657
1070
   277
1070
     2
1002
}
  0
DIMENSION
  5
6C0
330
1F
100
AcDbEntity
  8
Dimensions
100
AcDbDimension
280
     0
  2
*D22
 10
262.03
 20
-162.0525
 30
0.0
 11
254.4854293876263
 21
-162.0525
 31
0.0
 70
   163
 71
     5
 42
1.600000000000023
 73
     0
 74
     0
 75
     0
  3
ISO-25
100
AcDbDiametricDimension
 15
263.63
 25
-162.0525
 35
0.0
 40
0.0
1001
ACAD
1000
DSTYLE
1002
{
1070
   271
1070
     3
1070
    78
1070
     8
1070
   177
1070
   140
1070
   176
1070
   140
1070
   178
1070
   140
1070
    40
1040
0.9754208653198657
1070
   277
1070
     2
1002
}
  0
DIMENSION
  5
6C9
330
1F
100
AcDbEntity
  8
Dimensions
100
AcDbDimension
280
     0
  2
*D23
 10
88.58
 20
-119.9525
 30
0.0
 11
85.11919159561889
 21
-119.9525
 31
0.0
 70
   163
 71
     5
 42
4.0
 73
     0
 74
     0
 75
     0
  3
ISO-25
100
AcDbDiametricDimension
 15
92.58
 25
-119.9525
 35
0.0
 40
0.0
1001
ACAD
1000
DSTYLE
1002
{
1070
   271
1070
     3
1070
    78
1070
     8
1070
   177
1070
   140
1070
   176
1070
   140
1070
   178
1070
   140
1070
    40
1040
0.9754208653198657
1070
   277
1070
     2
1002
}
  0
DIMENSION
  5
6D2
330
1F
100
AcDbEntity
  8
Dimensions
100
AcDbDimension
280
     0
  2
*D24
 10
88.58
 20
-139.2025
 30
0.0
 11
85.11919159561889
 21
-139.2025
 31
0.0
 70
   163
 71
     5
 42
4.0
 73
     0
 74
     0
 75
     0
  3
ISO-25
100
AcDbDiametricDimension
 15
92.58
 25
-139.2025
 35
0.0
 40
0.0
1001
ACAD
1000
DSTYLE
1002
{
1070
   271
1070
     3
1070
    78
1070
     8
1070
   177
1070
   140
1070
   176
1070
   140
1070
   178
1070
   140
1070
    40
1040
0.9754208653198657
1070
   277
1070
     2
1002
}
  0
DIMENSION
  5
6DB
330
1F
100
AcDbEntity
  8
Dimensions
100
AcDbDimension
280
     0
  2
*D25
 10
165.28
 20
-162.0525
 30
0.0
 11
161.8191915956188
 21
-162.0525
 31
0.0
 70
   163
 71
     5
 42
4.0
 73
     0
 74
     0
 75
     0
  3
ISO-25
100
AcDbDiametricDimension
 15
169.28
 25
-162.0525
 35
0.0
 40
0.0
1001
ACAD
1000
DSTYLE
1002
{
1070
   271
1070
     3
1070
    78
1070
     8
1070
   177
1070
   140
1070
   176
1070
   140
1070
   178
1070
   140
1070
    40
1040
0.9754208653198657
1070
   277
1070
     2
1002
}
  0
DIMENSION
  5
6E4
330
1F
100
AcDbEntity
  8
Dimensions
100
AcDbDimension
280
     0
  2
*D26
 10
145.63
 20
-100.1525
 30
0.0
 11
142.1691915956189
 21
-100.1525
 31
0.0
 70
   163
 71
     5
 42
4.0
 73
     0
 74
     0
 75
     0
  3
ISO-25
100
AcDbDiametricDimension
 15
149.63
 25
-100.1525
 35
0.0
 40
0.0
1001
ACAD
1000
DSTYLE
1002
{
1070
   271
1070
     3
1070
    78
1070
     8
1070
   177
1070
   140
1070
   176
1070
   140
1070
   178
1070
   140
1070
    40
1040
0.9754208653198657
1070
   277
1070
     2
1002
}
  0
DIMENSION
  5
6ED
330
1F
100
AcDbEntity
  8
Dimensions
100
AcDbDimension
280
     0
  2
*D27
 10
280.48
 20
-100.1525
 30
0.0
 11
277.0191915956188
 21
-100.1525
 31
0.0
 70
   163
 71
     5
 42
4.0
 73
     0
 74
     0
 75
     0
  3
ISO-25
100
AcDbDiametricDimension
 15
284.48
 25
-100.1525
 35
0.0
 40
0.0
1001
ACAD
1000
DSTYLE
1002
{
1070
   271
1070
     3
1070
    78
1070
     8
1070
   177
1070
   140
1070
   176
1070
   140
1070
   178
1070
   140
1070
    40
1040
0.9754208653198657
1070
   277
1070
     2
1002
}
  0
DIMENSION
  5
6F6
330
1F
100
AcDbEntity
  8
Dimensions
100
AcDbDimension
280
     0
  2
*D28
 10
337.18
 20
-119.9525
 30
0.0
 11
333.7191915956189
 21
-119.9525
 31
0.0
 70
   163
 71
     5
 42
4.0
 73
     0
 74
     0
 75
     0
  3
ISO-25
100
AcDbDiametricDimension
 15
341.18
 25
-119.9525
 35
0.0
 40
0.0
1001
ACAD
1000
DSTYLE
1002
{
1070
   271
1070
     3
1070
    78
1070
     8
1070
   177
1070
   140
1070
   176
1070
   140
1070
   178
1070
   140
1070
    40
1040
0.9754208653198657
1070
   277
1070
     2
1002
}
  0
DIMENSION
  5
6FF
330
1F
100
AcDbEntity
  8
Dimensions
100
AcDbDimension
280
     0
  2
*D29
 10
337.18
 20
-139.2025
 30
0.0
 11
333.7191915956189
 21
-139.2025
 31
0.0
 70
   163
 71
     5
 42
4.0
 73
     0
 74
     0
 75
     0
  3
ISO-25
100
AcDbDiametricDimension
 15
341.18
 25
-139.2025
 35
0.0
 40
0.0
1001
ACAD
1000
DSTYLE
1002
{
1070
   271
1070
     3
1070
    78
1070
     8
1070
   177
1070
   140
1070
   176
1070
   140
1070
   178
1070
   140
1070
    40
1040
0.9754208653198657
1070
   277
1070
     2
1002
}
  0
DIMENSION
  5
708
330
1F
100
AcDbEntity
  8
Dimensions
100
AcDbDimension
280
     0
  2
*D30
 10
260.83
 20
-162.0525
 30
0.0
 11
257.3691915956189
 21
-162.0525
 31
0.0
 70
   163
 71
     5
 42
4.0
 73
     0
 74
     0
 75
     0
  3
ISO-25
100
AcDbDiametricDimension
 15
264.83
 25
-162.0525
 35
0.0
 40
0.0
1001
ACAD
1000
DSTYLE
1002
{
1070
   271
1070
     3
1070
    78
1070
     8
1070
   177
1070
   140
1070
   176
1070
   140
1070
   178
1070
   140
1070
    40
1040
0.9754208653198657
1070
   277
1070
     2
1002
}
  0
DIMENSION
  5
711
330
1F
100
AcDbEntity
  8
Dimensions
100
AcDbDimension
280
     0
  2
*D31
 10
212.5345506191181
 20
-177.0776911217698
 30
0.0
 11
212.637310461408
 21
-176.7488482256564
 31
0.0
 70
   165
 71
     5
 42
0.4712389230099992
 73
     0
 74
     0
 75
     0
  3
ISO-25
100
AcDb3PointAngularDimension
 13
211.3643903145281
 23
-177.2214199999993
 33
0.0
 14
211.774997314528
 24
-175.7000079999993
 34
0.0
 15
208.4011254619072
 25
-175.6055634256877
 35
0.0
1001
ACAD
1000
DSTYLE
1002
{
1070
   179
1070
     3
1070
    79
1070
     2
1070
   177
1070
   140
1070
   176
1070
   140
1070
   178
1070
   140
1070
    40
1040
0.9754208653198657
1070
   277
1070
     2
1002
}
  0
DIMENSION
  5
721
330
1F
100
AcDbEntity
  8
Dimensions
100
AcDbDimension
280
     0
  2
*D32
 10
217.5415114719499
 20
-176.3712488523699
 30
0.0
 11
217.6155139524199
 21
-176.6945683945909
 31
0.0
 70
   165
 71
     5
 42
0.4712388980384747
 73
     0
 74
     0
 75
     0
  3
ISO-25
100
AcDb3PointAngularDimension
 13
218.445
 23
-175.684272
 33
0.0
 14
218.841284
 24
-177.148698
 34
0.0
 15
221.6930286405572
 25
-175.5911641729548
 35
0.0
1001
ACAD
1000
DSTYLE
1002
{
1070
   179
1070
     3
1070
    79
1070
     2
1070
   177
1070
   140
1070
   176
1070
   140
1070
   178
1070
   140
1070
    40
1040
0.9754208653198657
1070
   277
1070
     2
1002
}
  0
DIMENSION
  5
731
330
1F
100
AcDbEntity
  8
Dimensions
100
AcDbDimension
280
     0
  2
*D33
 10
200.0380572670542
 20
-195.2908691420284
 30
0.0
 11
201.1372070648694
 21
-195.1265414552255
 31
0.0
 70
   165
 71
     5
 42
1.570796326794904
 73
     0
 74
     0
 75
     0
  3
ISO-25
100
AcDb3PointAngularDimension
 13
198.3760263145281
 23
-193.8985649999993
 33
0.0
 14
202.8278313145281
 24
-192.6217789999993
 34
0.0
 15
199.9635358145281
 25
-191.0342694999993
 35
0.0
1001
ACAD
1000
DSTYLE
1002
{
1070
   179
1070
     3
1070
    79
1070
     2
1070
   177
1070
   140
1070
   176
1070
   140
1070
   178
1070
   140
1070
    40
1040
0.9754208653198657
1070
   277
1070
     2
1002
}
  0
DIMENSION
  5
73F
330
1F
100
AcDbEntity
  8
Dimensions
100
AcDbDimension
280
     0
  2
*D34
 10
285.2986118367018
 20
-181.5659785164683
 30
0.0
 11
285.8455788118147
 21
-181.3532655795988
 31
0.0
 70
   165
 71
     5
 42
0.7853981633974512
 73
     0
 74
     0
 75
     0
  3
ISO-25
100
AcDb3PointAngularDimension
 13
284.099999
 23
-180.734999
 33
0.0
 14
286.4939459999999
 24
-179.618641
 34
0.0
 15
283.9494091879681
 25
-177.2870703424989
 35
0.0
1001
ACAD
1000
DSTYLE
1002
{
1070
   179
1070
     3
1070
    79
1070
     2
1070
   177
1070
   140
1070
   176
1070
   140
1070
   178
1070
   140
1070
    40
1040
0.9754208653198657
1070
   277
1070
     2
1002
}
  0
DIMENSION
  5
74F
330
1F
100
AcDbEntity
  8
Dimensions
100
AcDbDimension
280
     0
  2
*D35
 10
302.5583654810702
 20
-160.0338518217093
 30
0.0
 11
301.9801183280545
 21
-160.2539021518649
 31
0.0
 70
   165
 71
     5
 42
0.8726646259971574
 73
     0
 74
     0
 75
     0
  3
ISO-25
100
AcDb3PointAngularDimension
 13
303.7794799999999
 23
-160.837499
 33
0.0
 14
301.270624
 24
-162.007443
 34
0.0
 15
303.7795285023043
 25
-164.1126005272809
 35
0.0
1001
ACAD
1000
DSTYLE
1002
{
1070
   179
1070
     3
1070
    79
1070
     2
1070
   177
1070
   140
1070
   176
1070
   140
1070
   178
1070
   140
1070
    40
1040
0.9754208653198657
1070
   277
1070
     2
1002
}
  0
DIMENSION
  5
75F
330
1F
100
AcDbEntity
  8
Dimensions
100
AcDbDimension
280
     0
  2
*D36
 10
360.2054649028743
 20
-102.2612497483338
 30
0.0
 11
359.5598574600927
 21
-101.4198788629518
 31
0.0
 70
   165
 71
     5
 42
1.570796326794897
 73
     0
 74
     0
 75
     0
  3
ISO-25
100
AcDb3PointAngularDimension
 13
359.812238
 23
-104.2924999999999
 33
0.0
 14
356.6872359999999
 24
-101.1675019999999
 34
0.0
 15
356.687238
 25
-104.292502
 35
0.0
1001
ACAD
1000
DSTYLE
1002
{
1070
   179
1070
     3
1070
    79
1070
     2
1070
   177
1070
   140
1070
   176
1070
   140
1070
   178
1070
   140
1070
    40
1040
0.9754208653198657
1070
   277
1070
     2
1002
}
  0
DIMENSION
  5
76D
330
1F
100
AcDbEntity
  8
Dimensions
100
AcDbDimension
280
     0
  2
*D37
 10
321.9520087241332
 20
-101.1902608062316
 30
0.0
 11
322.554932521367
 21
-101.6054342692688
 31
0.0
 70
   165
 71
     5
 42
1.047197551196597
 73
     0
 74
     0
 75
     0
  3
ISO-25
100
AcDb3PointAngularDimension
 13
321.841256
 23
-99.589221
 33
0.0
 14
324.651496
 24
-101.182502
 34
0.0
 15
324.626197821367
 25
-97.95212226926884
 35
0.0
1001
ACAD
1000
DSTYLE
1002
{
1070
   179
1070
     3
1070
    79
1070
     2
1070
   177
1070
   140
1070
   176
1070
   140
1070
   178
1070
   140
1070
    40
1040
0.9754208653198657
1070
   277
1070
     2
1002
}
  0
DIMENSION
  5
77D
330
1F
100
AcDbEntity
  8
Dimensions
100
AcDbDimension
280
     0
  2
*D38
 10
320.7488264333275
 20
-96.41260439403662
 30
0.0
 11
320.1735184465757
 21
-96.01644757280684
 31
0.0
 70
   165
 71
     5
 42
1.047197551196598
 73
     0
 74
     0
 75
     0
  3
ISO-25
100
AcDb3PointAngularDimension
 13
320.854507
 23
-97.940311
 33
0.0
 14
318.1729849999999
 24
-96.42000900000002
 34
0.0
 15
318.1971258465757
 25
-99.50242617280688
 35
0.0
1001
ACAD
1000
DSTYLE
1002
{
1070
   179
1070
     3
1070
    79
1070
     2
1070
   177
1070
   140
1070
   176
1070
   140
1070
   178
1070
   140
1070
    40
1040
0.9754208653198657
1070
   277
1070
     2
1002
}
  0
DIMENSION
  5
78D
330
1F
100
AcDbEntity
  8
Dimensions
100
AcDbDimension
280
     0
  2
*D39
 10
302.9571519045487
 20
-96.81354347523475
 30
0.0
 11
303.4709952377381
 21
-97.07675390706466
 31
0.0
 70
   165
 71
     5
 42
0.7853981633974505
 73
     0
 74
     0
 75
     0
  3
ISO-25
100
AcDb3PointAngularDimension
 13
302.784957
 23
-95.38912699999999
 33
0.0
 14
305.1702359999999
 24
-96.42000899999998
 34
0.0
 15
305.2219811528031
 25
-93.02528154407817
 35
0.0
1001
ACAD
1000
DSTYLE
1002
{
1070
   179
1070
     3
1070
    79
1070
     2
1070
   177
1070
   140
1070
   176
1070
   140
1070
   178
1070
   140
1070
    40
1040
0.9754208653198657
1070
   277
1070
     2
1002
}
  0
DIMENSION
  5
79D
330
1F
100
AcDbEntity
  8
Dimensions
100
AcDbDimension
280
     0
  2
*D40
 10
299.8712984645459
 20
-91.10077692011659
 30
0.0
 11
299.3723272368649
 21
-90.84910870166999
 31
0.0
 70
   165
 71
     5
 42
0.7853981633974463
 73
     0
 74
     0
 75
     0
  3
ISO-25
100
AcDb3PointAngularDimension
 13
300.0465929999999
 23
-92.47851099999998
 33
0.0
 14
297.7315059999999
 24
-91.49508999999998
 34
0.0
 15
297.7019553421386
 25
-94.78135771673688
 35
0.0
1001
ACAD
1000
DSTYLE
1002
{
1070
   179
1070
     3
1070
    79
1070
     2
1070
   177
1070
   140
1070
   176
1070
   140
1070
   178
1070
   140
1070
    40
1040
0.9754208653198657
1070
   277
1070
     2
1002
}
  0
DIMENSION
  5
7AD
330
1F
100
AcDbEntity
  8
Dimensions
100
AcDbDimension
280
     0
  2
*D41
 10
285.0020988753324
 20
-90.85531244472253
 30
0.0
 11
284.5013572625933
 21
-91.03214724821581
 31
0.0
 70
   165
 71
     5
 42
0.7853981633974494
 73
     0
 74
     0
 75
     0
  3
ISO-25
100
AcDb3PointAngularDimension
 13
286.0625389999998
 23
-91.64095199999998
 33
0.0
 14
283.8656399999999
 24
-92.58256499999996
 34
0.0
 15
286.1007169375532
 25
-94.76365018048189
 35
0.0
1001
ACAD
1000
DSTYLE
1002
{
1070
   179
1070
     3
1070
    79
1070
     2
1070
   177
1070
   140
1070
   176
1070
   140
1070
   178
1070
   140
1070
    40
1040
0.9754208653198657
1070
   277
1070
     2
1002
}
  0
DIMENSION
  5
7BD
330
1F
100
AcDbEntity
  8
Dimensions
100
AcDbDimension
280
     0
  2
*D42
 10
264.3363310610712
 20
-95.72621216173597
 30
0.0
 11
263.7009703835512
 21
-96.01645033690849
 31
0.0
 70
   165
 71
     5
 42
1.047197551196602
 73
     0
 74
     0
 75
     0
  3
ISO-25
100
AcDb3PointAngularDimension
 13
265.7015079999999
 23
-96.42001099999999
 33
0.0
 14
263.0199819999999
 24
-97.94031799999999
 34
0.0
 15
265.6773694835512
 25
-99.5024341369084
 35
0.0
1001
ACAD
1000
DSTYLE
1002
{
1070
   179
1070
     3
1070
    79
1070
     2
1070
   177
1070
   140
1070
   176
1070
   140
1070
   178
1070
   140
1070
    40
1040
0.9754208653198657
1070
   277
1070
     2
1002
}
  0
DIMENSION
  5
7CD
330
1F
100
AcDbEntity
  8
Dimensions
100
AcDbDimension
280
     0
  2
*D43
 10
219.5434697383657
 20
-100.7869523761977
 30
0.0
 11
218.7001896043907
 21
-101.4329130779829
 31
0.0
 70
   165
 71
     5
 42
1.570796326794892
 73
     0
 74
     0
 75
     0
  3
ISO-25
100
AcDb3PointAngularDimension
 13
221.5777059999999
 23
-101.18251
 33
0.0
 14
218.445012
 24
-104.31001
 34
0.0
 15
221.575109
 25
-104.312607
 35
0.0
1001
ACAD
1000
DSTYLE
1002
{
1070
   179
1070
     3
1070
    79
1070
     2
1070
   177
1070
   140
1070
   176
1070
   140
1070
   178
1070
   140
1070
    40
1040
0.9754208653198657
1070
   277
1070
     2
1002
}
  0
DIMENSION
  5
7DB
330
1F
100
AcDbEntity
  8
Dimensions
100
AcDbDimension
280
     0
  2
*D44
 10
260.6515266271246
 20
-101.9108466111888
 30
0.0
 11
261.3180554029885
 21
-101.6067390417688
 31
0.0
 70
   165
 71
     5
 42
1.047197551196597
 73
     0
 74
     0
 75
     0
  3
ISO-25
100
AcDb3PointAngularDimension
 13
259.2200119999999
 23
-101.18251
 33
0.0
 14
262.033224
 24
-99.58924300000001
 34
0.0
 15
259.2468083029885
 25
-97.94956344176869
 35
0.0
1001
ACAD
1000
DSTYLE
1002
{
1070
   179
1070
     3
1070
    79
1070
     2
1070
   177
1070
   140
1070
   176
1070
   140
1070
   178
1070
   140
1070
    40
1040
0.9754208653198657
1070
   277
1070
     2
1002
}
  0
DIMENSION
  5
7EB
330
1F
100
AcDbEntity
  8
Dimensions
100
AcDbDimension
280
     0
  2
*D45
 10
212.1844716362649
 20
-102.1748668348746
 30
0.0
 11
211.5054964354298
 21
-101.2927964909421
 31
0.0
 70
   165
 71
     5
 42
1.570796326794892
 73
     0
 74
     0
 75
     0
  3
ISO-25
100
AcDb3PointAngularDimension
 13
211.7749893145281
 23
-104.3074959999992
 33
0.0
 14
208.4899893145281
 24
-101.0324959999993
 34
0.0
 15
208.4949893145281
 25
-104.3124959999993
 35
0.0
1001
ACAD
1000
DSTYLE
1002
{
1070
   179
1070
     3
1070
    79
1070
     2
1070
   177
1070
   140
1070
   176
1070
   140
1070
   178
1070
   140
1070
    40
1040
0.9754208653198657
1070
   277
1070
     2
1002
}
  0
DIMENSION
  5
7F9
330
1F
100
AcDbEntity
  8
Dimensions
100
AcDbDimension
280
     0
  2
*D46
 10
168.2756419071066
 20
-101.0398986341482
 30
0.0
 11
168.8509506980794
 21
-101.4360566630908
 31
0.0
 70
   165
 71
     5
 42
1.047197551196599
 73
     0
 74
     0
 75
     0
  3
ISO-25
100
AcDb3PointAngularDimension
 13
168.1699623145281
 23
-99.51218899999924
 33
0.0
 14
170.8514883145281
 24
-101.0324959999993
 34
0.0
 15
170.8273497980795
 25
-97.9500728630908
 35
0.0
1001
ACAD
1000
DSTYLE
1002
{
1070
   179
1070
     3
1070
    79
1070
     2
1070
   177
1070
   140
1070
   176
1070
   140
1070
   178
1070
   140
1070
    40
1040
0.9754208653198657
1070
   277
1070
     2
1002
}
  0
DIMENSION
  5
809
330
1F
100
AcDbEntity
  8
Dimensions
100
AcDbDimension
280
     0
  2
*D47
 10
167.072462590395
 20
-96.26223919376761
 30
0.0
 11
166.4695387931611
 21
-95.84706573073042
 31
0.0
 70
   165
 71
     5
 42
1.047197551196598
 73
     0
 74
     0
 75
     0
  3
ISO-25
100
AcDb3PointAngularDimension
 13
167.1832153145281
 23
-97.86327899999924
 33
0.0
 14
164.3729753145281
 24
-96.26999799999923
 34
0.0
 15
164.398273493161
 25
-99.5003777307304
 35
0.0
1001
ACAD
1000
DSTYLE
1002
{
1070
   179
1070
     3
1070
    79
1070
     2
1070
   177
1070
   140
1070
   176
1070
   140
1070
   178
1070
   140
1070
    40
1040
0.9754208653198657
1070
   277
1070
     2
1002
}
  0
DIMENSION
  5
819
330
1F
100
AcDbEntity
  8
Dimensions
100
AcDbDimension
280
     0
  2
*D48
 10
149.2723159775393
 20
-96.65657302528753
 30
0.0
 11
149.7543476564411
 21
-96.89787585340892
 31
0.0
 70
   165
 71
     5
 42
0.7853981633974486
 73
     0
 74
     0
 75
     0
  3
ISO-25
100
AcDb3PointAngularDimension
 13
149.0992203145281
 23
-95.32814400000007
 33
0.0
 14
151.3351763400518
 24
-96.26999799999922
 34
0.0
 15
151.3541166775766
 25
-93.10003331915513
 35
0.0
1001
ACAD
1000
DSTYLE
1002
{
1070
   179
1070
     3
1070
    79
1070
     2
1070
   177
1070
   140
1070
   176
1070
   140
1070
   178
1070
   140
1070
    40
1040
0.9754208653198657
1070
   277
1070
     2
1002
}
  0
DIMENSION
  5
829
330
1F
100
AcDbEntity
  8
Dimensions
100
AcDbDimension
280
     0
  2
*D49
 10
126.0067661863661
 20
-97.08167641812818
 30
0.0
 11
126.5256624504062
 21
-96.89666820925292
 31
0.0
 70
   165
 71
     5
 42
0.7853981633974491
 73
     0
 74
     0
 75
     0
  3
ISO-25
100
AcDb3PointAngularDimension
 13
124.9042493145281
 23
-96.27000300000007
 33
0.0
 14
127.1802793144011
 24
-95.28633700013492
 34
0.0
 15
124.8548744156048
 25
-93.03075875303675
 35
0.0
1001
ACAD
1000
DSTYLE
1002
{
1070
   179
1070
     3
1070
    79
1070
     2
1070
   177
1070
   140
1070
   176
1070
   140
1070
   178
1070
   140
1070
    40
1040
0.9754208653198657
1070
   277
1070
     2
1002
}
  0
DIMENSION
  5
839
330
1F
100
AcDbEntity
  8
Dimensions
100
AcDbDimension
280
     0
  2
*D50
 10
110.4707939852816
 20
-95.54290130414894
 30
0.0
 11
109.804935840018
 21
-95.84707073073123
 31
0.0
 70
   165
 71
     5
 42
1.047197551196596
 73
     0
 74
     0
 75
     0
  3
ISO-25
100
AcDb3PointAngularDimension
 13
111.901499318651
 23
-96.27000300000007
 33
0.0
 14
109.091259318651
 24
-97.86328400000006
 34
0.0
 15
111.876201140018
 25
-99.50038273073129
 35
0.0
1001
ACAD
1000
DSTYLE
1002
{
1070
   179
1070
     3
1070
    79
1070
     2
1070
   177
1070
   140
1070
   176
1070
   140
1070
   178
1070
   140
1070
    40
1040
0.9754208653198657
1070
   277
1070
     2
1002
}
  0
DIMENSION
  5
849
330
1F
100
AcDbEntity
  8
Dimensions
100
AcDbDimension
280
     0
  2
*D51
 10
106.7881602587082
 20
-101.7263008382127
 30
0.0
 11
107.4235209365305
 21
-101.4360626626226
 31
0.0
 70
   165
 71
     5
 42
1.047197551196601
 73
     0
 74
     0
 75
     0
  3
ISO-25
100
AcDb3PointAngularDimension
 13
105.4229833186508
 23
-101.032502
 33
0.0
 14
108.1045093198189
 24
-99.5121949980484
 34
0.0
 15
105.4471218339934
 25
-97.95007886110416
 35
0.0
1001
ACAD
1000
DSTYLE
1002
{
1070
   179
1070
     3
1070
    79
1070
     2
1070
   177
1070
   140
1070
   176
1070
   140
1070
   178
1070
   140
1070
    40
1040
0.9754208653198657
1070
   277
1070
     2
1002
}
  0
ENDSEC
  0
SECTION
  2
OBJECTS
  0
DICTIONARY
  5
C
330
0
100
AcDbDictionary
281
     1
  3
ACAD_DETAILVIEWSTYLE
350
890
  3
ACAD_GROUP
350
D
  3
ACAD_LAYOUT
350
1A
  3
ACAD_MATERIAL
350
43
  3
ACAD_MLEADERSTYLE
350
5B
  3
ACAD_MLINESTYLE
350
17
  3
ACAD_PLOTSETTINGS
350
19
  3
ACAD_PLOTSTYLENAME
350
E
  3
ACAD_SCALELIST
350
47
  3
ACAD_SECTIONVIEWSTYLE
350
891
  3
ACAD_TABLESTYLE
350
59
  3
ACAD_VISUALSTYLE
350
2A
  3
AcDbVariableDictionary
350
859
  3
ACDB_RECOMPOSE_DATA
350
88D
  0
SUN
  5
5D
330
29
100
AcDbSun
 90
        1
290
     0
 63
     7
421
 16777215
 40
1.0
291
     1
 91
  2455826
 92
 54000000
292
     0
 70
     2
 71
   256
280
     1
  0
DICTIONARY
  5
890
102
{ACAD_REACTORS
330
C
102
}
330
C
100
AcDbDictionary
281
     1
  0
DICTIONARY
  5
D
102
{ACAD_REACTORS
330
C
102
}
330
C
100
AcDbDictionary
281
     1
  0
DICTIONARY
  5
1A
102
{ACAD_REACTORS
330
C
102
}
330
C
100
AcDbDictionary
281
     1
  3
Layout1
350
1E
  3
Layout2
350
26
  3
Model
350
22
  0
DICTIONARY
  5
43
102
{ACAD_REACTORS
330
C
102
}
330
C
100
AcDbDictionary
281
     1
  3
ByBlock
350
45
  3
ByLayer
350
44
  3
Global
350
46
  0
DICTIONARY
  5
5B
102
{ACAD_REACTORS
330
C
102
}
330
C
100
AcDbDictionary
281
     1
  3
Standard
350
5C
  0
DICTIONARY
  5
17
102
{ACAD_REACTORS
330
C
102
}
330
C
100
AcDbDictionary
281
     1
  3
Standard
350
18
  0
DICTIONARY
  5
19
102
{ACAD_REACTORS
330
C
102
}
330
C
100
AcDbDictionary
281
     1
  0
ACDBDICTIONARYWDFLT
  5
E
102
{ACAD_REACTORS
330
C
102
}
330
C
100
AcDbDictionary
281
     1
  3
Normal
350
F
100
AcDbDictionaryWithDefault
340
F
  0
DICTIONARY
  5
47
102
{ACAD_REACTORS
330
C
102
}
330
C
100
AcDbDictionary
281
     1
  3
A0
350
48
  3
A1
350
49
  3
A2
350
4A
  3
A3
350
4B
  3
A4
350
4C
  3
A5
350
4D
  3
A6
350
4E
  3
A7
350
4F
  3
A8
350
50
  3
A9
350
51
  3
B0
350
52
  3
B1
350
53
  3
B2
350
54
  3
B3
350
55
  3
B4
350
56
  3
B5
350
57
  3
B6
350
58
  0
DICTIONARY
  5
891
102
{ACAD_REACTORS
330
C
102
}
330
C
100
AcDbDictionary
281
     1
  0
DICTIONARY
  5
59
102
{ACAD_REACTORS
330
C
102
}
330
C
100
AcDbDictionary
281
     1
  3
Standard
350
5A
  0
DICTIONARY
  5
2A
102
{ACAD_REACTORS
330
C
102
}
330
C
100
AcDbDictionary
281
     1
  3
2dWireframe
350
2F
  3
Basic
350
32
  3
Brighten
350
36
  3
ColorChange
350
3A
  3
Conceptual
350
34
  3
Dim
350
35
  3
EdgeColorOff
350
3D
  3
Facepattern
350
39
  3
Flat
350
2B
  3
FlatWithEdges
350
2C
  3
Gouraud
350
2D
  3
GouraudWithEdges
350
2E
  3
Hidden
350
31
  3
JitterOff
350
3B
  3
Linepattern
350
38
  3
OverhangOff
350
3C
  3
Realistic
350
33
  3
Shaded
350
42
  3
Shaded with edges
350
41
  3
Shades of Gray
350
3E
  3
Sketchy
350
3F
  3
Thicken
350
37
  3
Wireframe
350
30
  3
X-Ray
350
40
  0
DICTIONARY
  5
859
102
{ACAD_REACTORS
330
C
102
}
330
C
100
AcDbDictionary
281
     1
  3
CANNOSCALE
350
85A
  3
CENTEREXE
350
892
  3
CENTERLTYPEFILE
350
893
  3
CMLEADERSTYLE
350
88F
  3
CTABLESTYLE
350
88E
  0
XRECORD
  5
88D
102
{ACAD_REACTORS
330
C
102
}
330
C
100
AcDbXrecord
280
     1
 90
        1
330
5A
  0
LAYOUT
  5
1E
102
{ACAD_REACTORS
330
1A
102
}
330
1A
100
AcDbPlotSettings
  1

  2
none_device
  4

  6

 40
0.0
 41
0.0
 42
0.0
 43
0.0
 44
0.0
 45
0.0
 46
0.0
 47
0.0
 48
0.0
 49
0.0
140
0.0
141
0.0
142
1.0
143
1.0
 70
   688
 72
     1
 73
     0
 74
     5
  7

 75
    16
 76
     0
 77
     2
 78
   300
147
1.0
148
0.0
149
0.0
100
AcDbLayout
  1
Layout1
 70
     1
 71
     1
 10
0.0
 20
0.0
 11
420.0
 21
297.0
 12
0.0
 22
0.0
 32
0.0
 14
1.000000000000000E+20
 24
1.000000000000000E+20
 34
1.000000000000000E+20
 15
-1.000000000000000E+20
 25
-1.000000000000000E+20
 35
-1.000000000000000E+20
146
0.0
 13
0.0
 23
0.0
 33
0.0
 16
1.0
 26
0.0
 36
0.0
 17
0.0
 27
1.0
 37
0.0
 76
     0
330
1B
  0
LAYOUT
  5
26
102
{ACAD_REACTORS
330
1A
102
}
330
1A
100
AcDbPlotSettings
  1

  2
none_device
  4

  6

 40
0.0
 41
0.0
 42
0.0
 43
0.0
 44
0.0
 45
0.0
 46
0.0
 47
0.0
 48
0.0
 49
0.0
140
0.0
141
0.0
142
1.0
143
1.0
 70
   688
 72
     1
 73
     0
 74
     5
  7

 75
    16
 76
     0
 77
     2
 78
   300
147
1.0
148
0.0
149
0.0
100
AcDbLayout
  1
Layout2
 70
     1
 71
     2
 10
0.0
 20
0.0
 11
0.0
 21
0.0
 12
0.0
 22
0.0
 32
0.0
 14
0.0
 24
0.0
 34
0.0
 15
0.0
 25
0.0
 35
0.0
146
0.0
 13
0.0
 23
0.0
 33
0.0
 16
1.0
 26
0.0
 36
0.0
 17
0.0
 27
1.0
 37
0.0
 76
     0
330
23
  0
LAYOUT
  5
22
102
{ACAD_REACTORS
330
1A
102
}
330
1A
100
AcDbPlotSettings
  1

  2
none_device
  4
Letter_(8.50_x_11.00_Inches)
  6

 40
6.35
 41
6.35
 42
6.35000508
 43
6.35000508
 44
215.9
 45
279.4
 46
0.0
 47
0.0
 48
0.0
 49
0.0
140
0.0
141
0.0
142
1.0
143
1.0
 70
  1712
 72
     1
 73
     0
 74
     0
  7

 75
     0
 76
     0
 77
     2
 78
   300
147
1.0
148
0.0
149
0.0
100
AcDbLayout
  1
Model
 70
     1
 71
     0
 10
0.0
 20
0.0
 11
420.0
 21
297.0
 12
0.0
 22
0.0
 32
0.0
 14
1.000000000000000E+20
 24
1.000000000000000E+20
 34
1.000000000000000E+20
 15
-1.000000000000000E+20
 25
-1.000000000000000E+20
 35
-1.000000000000000E+20
146
0.0
 13
0.0
 23
0.0
 33
0.0
 16
1.0
 26
0.0
 36
0.0
 17
0.0
 27
1.0
 37
0.0
 76
     0
330
1F
331
29
  0
MATERIAL
  5
45
102
{ACAD_REACTORS
330
43
102
}
330
43
100
AcDbMaterial
  1
ByBlock
 72
     1
 94
      127
  0
MATERIAL
  5
44
102
{ACAD_REACTORS
330
43
102
}
330
43
100
AcDbMaterial
  1
ByLayer
 72
     1
 94
      127
  0
MATERIAL
  5
46
102
{ACAD_REACTORS
330
43
102
}
330
43
100
AcDbMaterial
  1
Global
 72
     1
 94
      127
  0
MLEADERSTYLE
  5
5C
102
{ACAD_REACTORS
330
5B
102
}
330
5B
100
AcDbMLeaderStyle
179
     2
170
     2
171
     1
172
     0
 90
        2
 40
0.0
 41
0.0
173
     1
 91
-1056964608
340
14
 92
       -2
290
     1
 42
2.0
291
     1
 43
8.0
  3
Standard
341
0
 44
4.0
300

342
11
174
     1
178
     6
175
     1
176
     0
 93
-1056964608
 45
4.0
292
     0
297
     0
 46
4.0
343
0
 94
-1056964608
 47
1.0
 49
1.0
140
1.0
293
     1
141
0.0
294
     1
177
     0
142
1.0
295
     0
296
     0
143
3.75
271
     0
272
     9
273
     9
  0
MLINESTYLE
  5
18
102
{ACAD_REACTORS
330
17
102
}
330
17
100
AcDbMlineStyle
  2
Standard
 70
     0
  3

 62
   256
 51
90.0
 52
90.0
 71
     2
 49
0.5
 62
   256
  6
BYLAYER
 49
-0.5
 62
   256
  6
BYLAYER
  0
ACDBPLACEHOLDER
  5
F
102
{ACAD_REACTORS
330
E
102
}
330
E
  0
SCALE
  5
48
102
{ACAD_REACTORS
330
47
102
}
330
47
100
AcDbScale
 70
     0
300
1:1
140
1.0
141
1.0
290
     1
  0
SCALE
  5
49
102
{ACAD_REACTORS
330
47
102
}
330
47
100
AcDbScale
 70
     0
300
1:2
140
1.0
141
2.0
290
     0
  0
SCALE
  5
4A
102
{ACAD_REACTORS
330
47
102
}
330
47
100
AcDbScale
 70
     0
300
1:4
140
1.0
141
4.0
290
     0
  0
SCALE
  5
4B
102
{ACAD_REACTORS
330
47
102
}
330
47
100
AcDbScale
 70
     0
300
1:5
140
1.0
141
5.0
290
     0
  0
SCALE
  5
4C
102
{ACAD_REACTORS
330
47
102
}
330
47
100
AcDbScale
 70
     0
300
1:8
140
1.0
141
8.0
290
     0
  0
SCALE
  5
4D
102
{ACAD_REACTORS
330
47
102
}
330
47
100
AcDbScale
 70
     0
300
1:10
140
1.0
141
10.0
290
     0
  0
SCALE
  5
4E
102
{ACAD_REACTORS
330
47
102
}
330
47
100
AcDbScale
 70
     0
300
1:16
140
1.0
141
16.0
290
     0
  0
SCALE
  5
4F
102
{ACAD_REACTORS
330
47
102
}
330
47
100
AcDbScale
 70
     0
300
1:20
140
1.0
141
20.0
290
     0
  0
SCALE
  5
50
102
{ACAD_REACTORS
330
47
102
}
330
47
100
AcDbScale
 70
     0
300
1:30
140
1.0
141
30.0
290
     0
  0
SCALE
  5
51
102
{ACAD_REACTORS
330
47
102
}
330
47
100
AcDbScale
 70
     0
300
1:40
140
1.0
141
40.0
290
     0
  0
SCALE
  5
52
102
{ACAD_REACTORS
330
47
102
}
330
47
100
AcDbScale
 70
     0
300
1:50
140
1.0
141
50.0
290
     0
  0
SCALE
  5
53
102
{ACAD_REACTORS
330
47
102
}
330
47
100
AcDbScale
 70
     0
300
1:100
140
1.0
141
100.0
290
     0
  0
SCALE
  5
54
102
{ACAD_REACTORS
330
47
102
}
330
47
100
AcDbScale
 70
     0
300
2:1
140
2.0
141
1.0
290
     0
  0
SCALE
  5
55
102
{ACAD_REACTORS
330
47
102
}
330
47
100
AcDbScale
 70
     0
300
4:1
140
4.0
141
1.0
290
     0
  0
SCALE
  5
56
102
{ACAD_REACTORS
330
47
102
}
330
47
100
AcDbScale
 70
     0
300
8:1
140
8.0
141
1.0
290
     0
  0
SCALE
  5
57
102
{ACAD_REACTORS
330
47
102
}
330
47
100
AcDbScale
 70
     0
300
10:1
140
10.0
141
1.0
290
     0
  0
SCALE
  5
58
102
{ACAD_REACTORS
330
47
102
}
330
47
100
AcDbScale
 70
     0
300
100:1
140
100.0
141
1.0
290
     0
  0
TABLESTYLE
  5
5A
102
{ACAD_REACTORS
330
59
102
}
102
{ACAD_XDICTIONARY
360
88B
102
}
330
59
100
AcDbTableStyle
  3
Standard
 70
     0
 71
     0
 40
0.06
 41
0.06
280
     0
281
     0
  7
Standard
140
4.5
170
     2
 62
     0
 63
   257
283
     0
 90
        4
 91
        0
  1

274
    -2
284
     1
 64
     0
275
    -2
285
     1
 65
     0
276
    -2
286
     1
 66
     0
277
    -2
287
     1
 67
     0
278
    -2
288
     1
 68
     0
279
    -2
289
     1
 69
     0
  7
Standard
140
6.0
170
     5
 62
     0
 63
   257
283
     0
 90
        4
 91
        0
  1

274
    -2
284
     1
 64
     0
275
    -2
285
     1
 65
     0
276
    -2
286
     1
 66
     0
277
    -2
287
     1
 67
     0
278
    -2
288
     1
 68
     0
279
    -2
289
     1
 69
     0
  7
Standard
140
4.5
170
     5
 62
     0
 63
   257
283
     0
 90
        4
 91
        0
  1

274
    -2
284
     1
 64
     0
275
    -2
285
     1
 65
     0
276
    -2
286
     1
 66
     0
277
    -2
287
     1
 67
     0
278
    -2
288
     1
 68
     0
279
    -2
289
     1
 69
     0
  0
VISUALSTYLE
  5
2F
102
{ACAD_REACTORS
330
2A
102
}
102
{ACAD_XDICTIONARY
360
863
102
}
330
2A
100
AcDbVisualStyle
  2
2dWireframe
 70
     4
177
     2
291
     0
 71
     0
176
     1
 72
     2
176
     1
 73
     0
176
     1
 90
        0
176
     1
 40
0.6
176
     1
 41
30.0
176
     1
 62
     5
 63
     7
421
 16777215
176
     1
 74
     1
176
     1
 91
        4
176
     1
 64
     7
176
     1
 65
   257
176
     1
 75
     1
176
     1
175
     1
176
     1
 42
1.0
176
     1
 92
        0
176
     1
 66
   257
176
     1
 43
1.0
176
     1
 76
     1
176
     1
 77
     6
176
     1
 78
     2
176
     1
 67
     7
176
     1
 79
     5
176
     1
170
     0
176
     1
171
     0
176
     1
290
     0
176
     1
 93
        1
176
     1
 44
0.0
176
     1
173
     0
176
     1
  0
VISUALSTYLE
  5
32
102
{ACAD_REACTORS
330
2A
102
}
102
{ACAD_XDICTIONARY
360
869
102
}
330
2A
100
AcDbVisualStyle
  2
Basic
 70
     7
177
     2
291
     1
 71
     1
176
     1
 72
     0
176
     1
 73
     1
176
     1
 90
        0
176
     1
 40
0.6
176
     1
 41
30.0
176
     1
 62
     5
 63
     7
421
 16777215
176
     1
 74
     0
176
     1
 91
        4
176
     1
 64
     7
176
     1
 65
   257
176
     1
 75
     1
176
     1
175
     1
176
     1
 42
1.0
176
     1
 92
        8
176
     1
 66
     7
176
     1
 43
1.0
176
     1
 76
     1
176
     1
 77
     6
176
     1
 78
     2
176
     1
 67
     7
176
     1
 79
     5
176
     1
170
     0
176
     1
171
     0
176
     1
290
     0
176
     1
 93
        1
176
     1
 44
0.0
176
     1
173
     0
176
     1
  0
VISUALSTYLE
  5
36
102
{ACAD_REACTORS
330
2A
102
}
102
{ACAD_XDICTIONARY
360
871
102
}
330
2A
100
AcDbVisualStyle
  2
Brighten
 70
    12
177
     2
291
     1
 71
     2
176
     1
 72
     2
176
     1
 73
     0
176
     1
 90
        0
176
     1
 40
0.6
176
     1
 41
30.0
176
     1
 62
     5
 63
     7
421
 16777215
176
     1
 74
     1
176
     1
 91
        4
176
     1
 64
     7
176
     1
 65
   257
176
     1
 75
     1
176
     1
175
     1
176
     1
 42
1.0
176
     1
 92
        8
176
     1
 66
     7
176
     1
 43
1.0
176
     1
 76
     1
176
     1
 77
     6
176
     1
 78
     2
176
     1
 67
     7
176
     1
 79
     5
176
     1
170
     0
176
     1
171
     0
176
     1
290
     0
176
     1
 93
        1
176
     1
 44
50.0
176
     1
173
     0
176
     1
  0
VISUALSTYLE
  5
3A
102
{ACAD_REACTORS
330
2A
102
}
102
{ACAD_XDICTIONARY
360
879
102
}
330
2A
100
AcDbVisualStyle
  2
ColorChange
 70
    16
177
     2
291
     1
 71
     2
176
     1
 72
     2
176
     1
 73
     3
176
     1
 90
        0
176
     1
 40
0.6
176
     1
 41
30.0
176
     1
 62
     5
 63
     8
421
  8421504
176
     1
 74
     1
176
     1
 91
        4
176
     1
 64
     7
176
     1
 65
   257
176
     1
 75
     1
176
     1
175
     1
176
     1
 42
1.0
176
     1
 92
        8
176
     1
 66
     8
424
  8421504
176
     1
 43
1.0
176
     1
 76
     1
176
     1
 77
     6
176
     1
 78
     2
176
     1
 67
     7
176
     1
 79
     5
176
     1
170
     0
176
     1
171
     0
176
     1
290
     0
176
     1
 93
        1
176
     1
 44
0.0
176
     1
173
     0
176
     1
  0
VISUALSTYLE
  5
34
102
{ACAD_REACTORS
330
2A
102
}
102
{ACAD_XDICTIONARY
360
86D
102
}
330
2A
100
AcDbVisualStyle
  2
Conceptual
 70
     9
177
     2
291
     0
 71
     3
176
     1
 72
     2
176
     1
 73
     0
176
     1
 90
        0
176
     1
 40
0.6
176
     1
 41
30.0
176
     1
 62
     5
 63
     7
421
 16777215
176
     1
 74
     2
176
     1
 91
        2
176
     1
 64
     7
176
     1
 65
   257
176
     1
 75
     1
176
     1
175
     1
176
     1
 42
179.0
176
     1
 92
        8
176
     1
 66
     7
176
     1
 43
1.0
176
     1
 76
     1
176
     1
 77
     6
176
     1
 78
     2
176
     1
 67
     7
176
     1
 79
     3
176
     1
170
     0
176
     1
171
     0
176
     1
290
     0
176
     1
 93
        1
176
     1
 44
0.0
176
     1
173
     0
176
     1
  0
VISUALSTYLE
  5
35
102
{ACAD_REACTORS
330
2A
102
}
102
{ACAD_XDICTIONARY
360
86F
102
}
330
2A
100
AcDbVisualStyle
  2
Dim
 70
    11
177
     2
291
     1
 71
     2
176
     1
 72
     2
176
     1
 73
     0
176
     1
 90
        0
176
     1
 40
0.6
176
     1
 41
30.0
176
     1
 62
     5
 63
     7
421
 16777215
176
     1
 74
     1
176
     1
 91
        4
176
     1
 64
     7
176
     1
 65
   257
176
     1
 75
     1
176
     1
175
     1
176
     1
 42
1.0
176
     1
 92
        8
176
     1
 66
     7
176
     1
 43
1.0
176
     1
 76
     1
176
     1
 77
     6
176
     1
 78
     2
176
     1
 67
     7
176
     1
 79
     5
176
     1
170
     0
176
     1
171
     0
176
     1
290
     0
176
     1
 93
        1
176
     1
 44
-50.0
176
     1
173
     0
176
     1
  0
VISUALSTYLE
  5
3D
102
{ACAD_REACTORS
330
2A
102
}
102
{ACAD_XDICTIONARY
360
87F
102
}
330
2A
100
AcDbVisualStyle
  2
EdgeColorOff
 70
    22
177
     2
291
     1
 71
     2
176
     0
 72
     2
176
     0
 73
     0
176
     0
 90
        0
176
     0
 40
0.6
176
     0
 41
30.0
176
     0
 62
     5
 63
     7
421
 16777215
176
     0
 74
     1
176
     0
 91
        4
176
     0
 64
     7
176
     0
 65
   257
176
     0
 75
     1
176
     0
175
     1
176
     0
 42
1.0
176
     0
 92
        8
176
     2
 66
     7
176
     0
 43
1.0
176
     0
 76
     1
176
     0
 77
     6
176
     0
 78
     2
176
     0
 67
     7
176
     0
 79
     5
176
     0
170
     0
176
     0
171
     0
176
     0
290
     0
176
     0
 93
        1
176
     0
 44
0.0
176
     0
173
     0
176
     0
  0
VISUALSTYLE
  5
39
102
{ACAD_REACTORS
330
2A
102
}
102
{ACAD_XDICTIONARY
360
877
102
}
330
2A
100
AcDbVisualStyle
  2
Facepattern
 70
    15
177
     2
291
     1
 71
     2
176
     1
 72
     2
176
     1
 73
     0
176
     1
 90
        0
176
     1
 40
0.6
176
     1
 41
30.0
176
     1
 62
     5
 63
     7
421
 16777215
176
     1
 74
     1
176
     1
 91
        4
176
     1
 64
     7
176
     1
 65
   257
176
     1
 75
     1
176
     1
175
     1
176
     1
 42
1.0
176
     1
 92
        8
176
     1
 66
     7
176
     1
 43
1.0
176
     1
 76
     1
176
     1
 77
     6
176
     1
 78
     2
176
     1
 67
     7
176
     1
 79
     5
176
     1
170
     0
176
     1
171
     0
176
     1
290
     0
176
     1
 93
        1
176
     1
 44
0.0
176
     1
173
     0
176
     1
  0
VISUALSTYLE
  5
2B
102
{ACAD_REACTORS
330
2A
102
}
102
{ACAD_XDICTIONARY
360
85B
102
}
330
2A
100
AcDbVisualStyle
  2
Flat
 70
     0
177
     2
291
     1
 71
     2
176
     1
 72
     1
176
     1
 73
     1
176
     1
 90
        2
176
     1
 40
0.6
176
     1
 41
30.0
176
     1
 62
     5
 63
     7
421
 16777215
176
     1
 74
     0
176
     1
 91
        0
176
     1
 64
     7
176
     1
 65
   257
176
     1
 75
     1
176
     1
175
     1
176
     1
 42
1.0
176
     1
 92
        8
176
     1
 66
     7
176
     1
 43
1.0
176
     1
 76
     1
176
     1
 77
     6
176
     1
 78
     2
176
     1
 67
     7
176
     1
 79
     5
176
     1
170
     0
176
     1
171
     0
176
     1
290
     0
176
     1
 93
       13
176
     1
 44
0.0
176
     1
173
     0
176
     1
  0
VISUALSTYLE
  5
2C
102
{ACAD_REACTORS
330
2A
102
}
102
{ACAD_XDICTIONARY
360
85D
102
}
330
2A
100
AcDbVisualStyle
  2
FlatWithEdges
 70
     1
177
     2
291
     1
 71
     2
176
     1
 72
     1
176
     1
 73
     1
176
     1
 90
        2
176
     1
 40
0.6
176
     1
 41
30.0
176
     1
 62
     5
 63
     7
421
 16777215
176
     1
 74
     1
176
     1
 91
        0
176
     1
 64
     7
176
     1
 65
   257
176
     1
 75
     1
176
     1
175
     1
176
     1
 42
1.0
176
     1
 92
        0
176
     1
 66
   257
176
     1
 43
1.0
176
     1
 76
     1
176
     1
 77
     6
176
     1
 78
     2
176
     1
 67
     7
176
     1
 79
     5
176
     1
170
     0
176
     1
171
     0
176
     1
290
     0
176
     1
 93
       13
176
     1
 44
0.0
176
     1
173
     0
176
     1
  0
VISUALSTYLE
  5
2D
102
{ACAD_REACTORS
330
2A
102
}
102
{ACAD_XDICTIONARY
360
85F
102
}
330
2A
100
AcDbVisualStyle
  2
Gouraud
 70
     2
177
     2
291
     1
 71
     2
176
     1
 72
     2
176
     1
 73
     1
176
     1
 90
        2
176
     1
 40
0.6
176
     1
 41
30.0
176
     1
 62
     5
 63
     7
421
 16777215
176
     1
 74
     0
176
     1
 91
        0
176
     1
 64
     7
176
     1
 65
   257
176
     1
 75
     1
176
     1
175
     1
176
     1
 42
1.0
176
     1
 92
        0
176
     1
 66
     7
176
     1
 43
1.0
176
     1
 76
     1
176
     1
 77
     6
176
     1
 78
     2
176
     1
 67
     7
176
     1
 79
     5
176
     1
170
     0
176
     1
171
     0
176
     1
290
     0
176
     1
 93
       13
176
     1
 44
0.0
176
     1
173
     0
176
     1
  0
VISUALSTYLE
  5
2E
102
{ACAD_REACTORS
330
2A
102
}
102
{ACAD_XDICTIONARY
360
861
102
}
330
2A
100
AcDbVisualStyle
  2
GouraudWithEdges
 70
     3
177
     2
291
     1
 71
     2
176
     1
 72
     2
176
     1
 73
     1
176
     1
 90
        2
176
     1
 40
0.6
176
     1
 41
30.0
176
     1
 62
     5
 63
     7
421
 16777215
176
     1
 74
     1
176
     1
 91
        0
176
     1
 64
     7
176
     1
 65
   257
176
     1
 75
     1
176
     1
175
     1
176
     1
 42
1.0
176
     1
 92
        0
176
     1
 66
   257
176
     1
 43
1.0
176
     1
 76
     1
176
     1
 77
     6
176
     1
 78
     2
176
     1
 67
     7
176
     1
 79
     5
176
     1
170
     0
176
     1
171
     0
176
     1
290
     0
176
     1
 93
       13
176
     1
 44
0.0
176
     1
173
     0
176
     1
  0
VISUALSTYLE
  5
31
102
{ACAD_REACTORS
330
2A
102
}
102
{ACAD_XDICTIONARY
360
867
102
}
330
2A
100
AcDbVisualStyle
  2
Hidden
 70
     6
177
     2
291
     0
 71
     1
176
     1
 72
     2
176
     1
 73
     2
176
     1
 90
        0
176
     1
 40
0.6
176
     1
 41
30.0
176
     1
 62
     5
 63
     7
421
 16777215
176
     1
 74
     2
176
     1
 91
        2
176
     1
 64
     7
176
     1
 65
   257
176
     1
 75
     2
176
     1
175
     1
176
     1
 42
40.0
176
     1
 92
        0
176
     1
 66
   257
176
     1
 43
1.0
176
     1
 76
     1
176
     1
 77
     6
176
     1
 78
     2
176
     1
 67
     7
176
     1
 79
     3
176
     1
170
     0
176
     1
171
     0
176
     1
290
     0
176
     1
 93
        1
176
     1
 44
0.0
176
     1
173
     0
176
     1
  0
VISUALSTYLE
  5
3B
102
{ACAD_REACTORS
330
2A
102
}
102
{ACAD_XDICTIONARY
360
87B
102
}
330
2A
100
AcDbVisualStyle
  2
JitterOff
 70
    20
177
     2
291
     1
 71
     2
176
     0
 72
     2
176
     0
 73
     0
176
     0
 90
        0
176
     0
 40
0.6
176
     0
 41
30.0
176
     0
 62
     5
 63
     7
421
 16777215
176
     0
 74
     1
176
     0
 91
        4
176
     0
 64
     7
176
     0
 65
   257
176
     0
 75
     1
176
     0
175
     1
176
     0
 42
1.0
176
     0
 92
       10
176
     2
 66
     7
176
     0
 43
1.0
176
     0
 76
     1
176
     0
 77
     6
176
     0
 78
     2
176
     0
 67
     7
176
     0
 79
     5
176
     0
170
     0
176
     0
171
     0
176
     0
290
     0
176
     0
 93
        1
176
     0
 44
0.0
176
     0
173
     0
176
     0
  0
VISUALSTYLE
  5
38
102
{ACAD_REACTORS
330
2A
102
}
102
{ACAD_XDICTIONARY
360
875
102
}
330
2A
100
AcDbVisualStyle
  2
Linepattern
 70
    14
177
     2
291
     1
 71
     2
176
     1
 72
     2
176
     1
 73
     0
176
     1
 90
        0
176
     1
 40
0.6
176
     1
 41
30.0
176
     1
 62
     5
 63
     7
421
 16777215
176
     1
 74
     1
176
     1
 91
        4
176
     1
 64
     7
176
     1
 65
   257
176
     1
 75
     7
176
     1
175
     7
176
     1
 42
1.0
176
     1
 92
        8
176
     1
 66
     7
176
     1
 43
1.0
176
     1
 76
     1
176
     1
 77
     6
176
     1
 78
     2
176
     1
 67
     7
176
     1
 79
     5
176
     1
170
     0
176
     1
171
     0
176
     1
290
     0
176
     1
 93
        1
176
     1
 44
0.0
176
     1
173
     0
176
     1
  0
VISUALSTYLE
  5
3C
102
{ACAD_REACTORS
330
2A
102
}
102
{ACAD_XDICTIONARY
360
87D
102
}
330
2A
100
AcDbVisualStyle
  2
OverhangOff
 70
    21
177
     2
291
     1
 71
     2
176
     0
 72
     2
176
     0
 73
     0
176
     0
 90
        0
176
     0
 40
0.6
176
     0
 41
30.0
176
     0
 62
     5
 63
     7
421
 16777215
176
     0
 74
     1
176
     0
 91
        4
176
     0
 64
     7
176
     0
 65
   257
176
     0
 75
     1
176
     0
175
     1
176
     0
 42
1.0
176
     0
 92
        9
176
     2
 66
     7
176
     0
 43
1.0
176
     0
 76
     1
176
     0
 77
     6
176
     0
 78
     2
176
     0
 67
     7
176
     0
 79
     5
176
     0
170
     0
176
     0
171
     0
176
     0
290
     0
176
     0
 93
        1
176
     0
 44
0.0
176
     0
173
     0
176
     0
  0
VISUALSTYLE
  5
33
102
{ACAD_REACTORS
330
2A
102
}
102
{ACAD_XDICTIONARY
360
86B
102
}
330
2A
100
AcDbVisualStyle
  2
Realistic
 70
     8
177
     2
291
     0
 71
     2
176
     1
 72
     3
176
     1
 73
     0
176
     1
 90
        2
176
     1
 40
0.6
176
     1
 41
30.0
176
     1
 62
     5
 63
     7
421
 16777215
176
     1
 74
     0
176
     1
 91
        0
176
     1
 64
     7
176
     1
 65
   257
176
     1
 75
     1
176
     1
175
     1
176
     1
 42
1.0
176
     1
 92
        8
176
     1
 66
   257
176
     1
 43
1.0
176
     1
 76
     1
176
     1
 77
     6
176
     1
 78
     2
176
     1
 67
     7
176
     1
 79
     3
176
     1
170
     0
176
     1
171
     0
176
     1
290
     0
176
     1
 93
       13
176
     1
 44
0.0
176
     1
173
     0
176
     1
  0
VISUALSTYLE
  5
42
102
{ACAD_REACTORS
330
2A
102
}
102
{ACAD_XDICTIONARY
360
889
102
}
330
2A
100
AcDbVisualStyle
  2
Shaded
 70
    27
177
     2
291
     0
 71
     2
176
     1
 72
     2
176
     1
 73
     1
176
     1
 90
        2
176
     1
 40
0.6
176
     1
 41
30.0
176
     1
 62
     5
 63
     7
421
 16777215
176
     1
 74
     0
176
     1
 91
        4
176
     1
 64
     7
176
     1
 65
   257
176
     1
 75
     1
176
     1
175
     1
176
     1
 42
1.0
176
     1
 92
        8
176
     1
 66
   257
176
     1
 43
1.0
176
     1
 76
     1
176
     1
 77
     6
176
     1
 78
     2
176
     1
 67
     8
425
  7895160
176
     1
 79
     3
176
     1
170
     0
176
     1
171
     0
176
     1
290
     0
176
     1
 93
        5
176
     1
 44
0.0
176
     1
173
     0
176
     1
  0
VISUALSTYLE
  5
41
102
{ACAD_REACTORS
330
2A
102
}
102
{ACAD_XDICTIONARY
360
887
102
}
330
2A
100
AcDbVisualStyle
  2
Shaded with edges
 70
    26
177
     2
291
     0
 71
     2
176
     1
 72
     2
176
     1
 73
     1
176
     1
 90
        2
176
     1
 40
0.6
176
     1
 41
30.0
176
     1
 62
     5
 63
     7
421
 16777215
176
     1
 74
     1
176
     1
 91
       10
176
     1
 64
     7
176
     1
 65
   257
176
     1
 75
     2
176
     1
175
     1
176
     1
 42
1.0
176
     1
 92
        8
176
     1
 66
   257
176
     1
 43
1.0
176
     1
 76
     1
176
     1
 77
     6
176
     1
 78
     2
176
     1
 67
     7
176
     1
 79
     3
176
     1
170
     0
176
     1
171
     0
176
     1
290
     0
176
     1
 93
        5
176
     1
 44
0.0
176
     1
173
     0
176
     1
  0
VISUALSTYLE
  5
3E
102
{ACAD_REACTORS
330
2A
102
}
102
{ACAD_XDICTIONARY
360
881
102
}
330
2A
100
AcDbVisualStyle
  2
Shades of Gray
 70
    23
177
     2
291
     0
 71
     2
176
     1
 72
     2
176
     1
 73
     3
176
     1
 90
        0
176
     1
 40
0.6
176
     1
 41
30.0
176
     1
 62
     5
 63
     7
421
 16777215
176
     1
 74
     2
176
     1
 91
        2
176
     1
 64
     7
176
     1
 65
     7
176
     1
 75
     1
176
     1
175
     1
176
     1
 42
40.0
176
     1
 92
        8
176
     1
 66
     7
176
     1
 43
1.0
176
     1
 76
     1
176
     1
 77
     6
176
     1
 78
     2
176
     1
 67
     7
176
     1
 79
     3
176
     1
170
     0
176
     1
171
     0
176
     1
290
     0
176
     1
 93
        1
176
     1
 44
0.0
176
     1
173
     0
176
     1
  0
VISUALSTYLE
  5
3F
102
{ACAD_REACTORS
330
2A
102
}
102
{ACAD_XDICTIONARY
360
883
102
}
330
2A
100
AcDbVisualStyle
  2
Sketchy
 70
    24
177
     2
291
     0
 71
     1
176
     1
 72
     2
176
     1
 73
     2
176
     1
 90
        0
176
     1
 40
0.6
176
     1
 41
30.0
176
     1
 62
     5
 63
     7
421
 16777215
176
     1
 74
     2
176
     1
 91
        2
176
     1
 64
     7
176
     1
 65
     7
176
     1
 75
     1
176
     1
175
     1
176
     1
 42
40.0
176
     1
 92
       11
176
     1
 66
     7
176
     1
 43
1.0
176
     1
 76
     1
176
     1
 77
     6
176
     1
 78
     2
176
     1
 67
     7
176
     1
 79
     6
176
     1
170
     0
176
     1
171
     0
176
     1
290
     0
176
     1
 93
        1
176
     1
 44
0.0
176
     1
173
     0
176
     1
  0
VISUALSTYLE
  5
37
102
{ACAD_REACTORS
330
2A
102
}
102
{ACAD_XDICTIONARY
360
873
102
}
330
2A
100
AcDbVisualStyle
  2
Thicken
 70
    13
177
     2
291
     1
 71
     2
176
     1
 72
     2
176
     1
 73
     0
176
     1
 90
        0
176
     1
 40
0.6
176
     1
 41
30.0
176
     1
 62
     5
 63
     7
421
 16777215
176
     1
 74
     1
176
     1
 91
        4
176
     1
 64
     7
176
     1
 65
   257
176
     1
 75
     1
176
     1
175
     1
176
     1
 42
1.0
176
     1
 92
       12
176
     1
 66
     7
176
     1
 43
1.0
176
     1
 76
     1
176
     1
 77
     6
176
     1
 78
     2
176
     1
 67
     7
176
     1
 79
     5
176
     1
170
     0
176
     1
171
     0
176
     1
290
     0
176
     1
 93
        1
176
     1
 44
0.0
176
     1
173
     0
176
     1
  0
VISUALSTYLE
  5
30
102
{ACAD_REACTORS
330
2A
102
}
102
{ACAD_XDICTIONARY
360
865
102
}
330
2A
100
AcDbVisualStyle
  2
Wireframe
 70
     5
177
     2
291
     0
 71
     0
176
     1
 72
     2
176
     1
 73
     0
176
     1
 90
        0
176
     1
 40
0.6
176
     1
 41
30.0
176
     1
 62
     5
 63
     7
421
 16777215
176
     1
 74
     1
176
     1
 91
        4
176
     1
 64
     7
176
     1
 65
   257
176
     1
 75
     1
176
     1
175
     1
176
     1
 42
1.0
176
     1
 92
        0
176
     1
 66
   257
176
     1
 43
1.0
176
     1
 76
     1
176
     1
 77
     6
176
     1
 78
     2
176
     1
 67
     7
176
     1
 79
     3
176
     1
170
     0
176
     1
171
     0
176
     1
290
     0
176
     1
 93
        1
176
     1
 44
0.0
176
     1
173
     0
176
     1
  0
VISUALSTYLE
  5
40
102
{ACAD_REACTORS
330
2A
102
}
102
{ACAD_XDICTIONARY
360
885
102
}
330
2A
100
AcDbVisualStyle
  2
X-Ray
 70
    25
177
     2
291
     0
 71
     2
176
     1
 72
     2
176
     1
 73
     1
176
     1
 90
        1
176
     1
 40
0.5
176
     1
 41
30.0
176
     1
 62
     5
 63
     7
421
 16777215
176
     1
 74
     1
176
     1
 91
        0
176
     1
 64
     7
176
     1
 65
   257
176
     1
 75
     1
176
     1
175
     1
176
     1
 42
1.0
176
     1
 92
        8
176
     1
 66
     7
176
     1
 43
1.0
176
     1
 76
     1
176
     1
 77
     6
176
     1
 78
     2
176
     1
 67
     7
176
     1
 79
     3
176
     1
170
     0
176
     1
171
     0
176
     1
290
     0
176
     1
 93
       13
176
     1
 44
0.0
176
     1
173
     0
176
     1
  0
DICTIONARYVAR
  5
85A
102
{ACAD_REACTORS
330
859
102
}
330
859
100
DictionaryVariables
280
     0
  1
1:1
  0
DICTIONARYVAR
  5
892
102
{ACAD_REACTORS
330
859
102
}
330
859
100
DictionaryVariables
280
     0
  1
3.500000
  0
DICTIONARYVAR
  5
893
102
{ACAD_REACTORS
330
859
102
}
330
859
100
DictionaryVariables
280
     0
  1
acadiso.lin
  0
DICTIONARYVAR
  5
88F
102
{ACAD_REACTORS
330
859
102
}
330
859
100
DictionaryVariables
280
     0
  1
Standard
  0
DICTIONARYVAR
  5
88E
102
{ACAD_REACTORS
330
859
102
}
330
859
100
DictionaryVariables
280
     0
  1
Standard
  0
DICTIONARY
  5
88B
330
5A
100
AcDbDictionary
280
     1
281
     1
  3
ACAD_ROUNDTRIP_2008_TABLESTYLE_CELLSTYLEMAP
360
88C
  0
DICTIONARY
  5
863
330
2F
100
AcDbDictionary
280
     1
281
     1
  3
ACAD_XREC_ROUNDTRIP
360
864
  0
DICTIONARY
  5
869
330
32
100
AcDbDictionary
280
     1
281
     1
  3
ACAD_XREC_ROUNDTRIP
360
86A
  0
DICTIONARY
  5
871
330
36
100
AcDbDictionary
280
     1
281
     1
  3
ACAD_XREC_ROUNDTRIP
360
872
  0
DICTIONARY
  5
879
330
3A
100
AcDbDictionary
280
     1
281
     1
  3
ACAD_XREC_ROUNDTRIP
360
87A
  0
DICTIONARY
  5
86D
330
34
100
AcDbDictionary
280
     1
281
     1
  3
ACAD_XREC_ROUNDTRIP
360
86E
  0
DICTIONARY
  5
86F
330
35
100
AcDbDictionary
280
     1
281
     1
  3
ACAD_XREC_ROUNDTRIP
360
870
  0
DICTIONARY
  5
87F
330
3D
100
AcDbDictionary
280
     1
281
     1
  3
ACAD_XREC_ROUNDTRIP
360
880
  0
DICTIONARY
  5
877
330
39
100
AcDbDictionary
280
     1
281
     1
  3
ACAD_XREC_ROUNDTRIP
360
878
  0
DICTIONARY
  5
85B
330
2B
100
AcDbDictionary
280
     1
281
     1
  3
ACAD_XREC_ROUNDTRIP
360
85C
  0
DICTIONARY
  5
85D
330
2C
100
AcDbDictionary
280
     1
281
     1
  3
ACAD_XREC_ROUNDTRIP
360
85E
  0
DICTIONARY
  5
85F
330
2D
100
AcDbDictionary
280
     1
281
     1
  3
ACAD_XREC_ROUNDTRIP
360
860
  0
DICTIONARY
  5
861
330
2E
100
AcDbDictionary
280
     1
281
     1
  3
ACAD_XREC_ROUNDTRIP
360
862
  0
DICTIONARY
  5
867
330
31
100
AcDbDictionary
280
     1
281
     1
  3
ACAD_XREC_ROUNDTRIP
360
868
  0
DICTIONARY
  5
87B
330
3B
100
AcDbDictionary
280
     1
281
     1
  3
ACAD_XREC_ROUNDTRIP
360
87C
  0
DICTIONARY
  5
875
330
38
100
AcDbDictionary
280
     1
281
     1
  3
ACAD_XREC_ROUNDTRIP
360
876
  0
DICTIONARY
  5
87D
330
3C
100
AcDbDictionary
280
     1
281
     1
  3
ACAD_XREC_ROUNDTRIP
360
87E
  0
DICTIONARY
  5
86B
330
33
100
AcDbDictionary
280
     1
281
     1
  3
ACAD_XREC_ROUNDTRIP
360
86C
  0
DICTIONARY
  5
889
330
42
100
AcDbDictionary
280
     1
281
     1
  3
ACAD_XREC_ROUNDTRIP
360
88A
  0
DICTIONARY
  5
887
330
41
100
AcDbDictionary
280
     1
281
     1
  3
ACAD_XREC_ROUNDTRIP
360
888
  0
DICTIONARY
  5
881
330
3E
100
AcDbDictionary
280
     1
281
     1
  3
ACAD_XREC_ROUNDTRIP
360
882
  0
DICTIONARY
  5
883
330
3F
100
AcDbDictionary
280
     1
281
     1
  3
ACAD_XREC_ROUNDTRIP
360
884
  0
DICTIONARY
  5
873
330
37
100
AcDbDictionary
280
     1
281
     1
  3
ACAD_XREC_ROUNDTRIP
360
874
  0
DICTIONARY
  5
865
330
30
100
AcDbDictionary
280
     1
281
     1
  3
ACAD_XREC_ROUNDTRIP
360
866
  0
DICTIONARY
  5
885
330
40
100
AcDbDictionary
280
     1
281
     1
  3
ACAD_XREC_ROUNDTRIP
360
886
  0
CELLSTYLEMAP
  5
88C
102
{ACAD_REACTORS
330
88B
102
}
330
88B
100
AcDbCellStyleMap
 90
        3
300
CELLSTYLE
  1
TABLEFORMAT_BEGIN
 90
        5
170
     1
 91
        0
 92
    32768
 62
   257
 93
        1
300
CONTENTFORMAT
  1
CONTENTFORMAT_BEGIN
 90
        0
 91
        0
 92
        4
 93
        0
300

 40
0.0
140
1.0
 94
        5
 62
     0
340
11
144
6.0
309
CONTENTFORMAT_END
171
     1
301
MARGIN
  1
CELLMARGIN_BEGIN
 40
1.5
 40
1.5
 40
1.5
 40
1.5
 40
1.5
 40
1.5
309
CELLMARGIN_END
 94
        6
 95
        1
302
GRIDFORMAT
  1
GRIDFORMAT_BEGIN
 90
        0
 91
        1
 62
     0
 92
       -2
340
14
 93
        0
 40
0.045
309
GRIDFORMAT_END
 95
        2
302
GRIDFORMAT
  1
GRIDFORMAT_BEGIN
 90
        0
 91
        1
 62
     0
 92
       -2
340
14
 93
        0
 40
0.045
309
GRIDFORMAT_END
 95
        4
302
GRIDFORMAT
  1
GRIDFORMAT_BEGIN
 90
        0
 91
        1
 62
     0
 92
       -2
340
14
 93
        0
 40
0.045
309
GRIDFORMAT_END
 95
        8
302
GRIDFORMAT
  1
GRIDFORMAT_BEGIN
 90
        0
 91
        1
 62
     0
 92
       -2
340
14
 93
        0
 40
0.045
309
GRIDFORMAT_END
 95
       16
302
GRIDFORMAT
  1
GRIDFORMAT_BEGIN
 90
        0
 91
        1
 62
     0
 92
       -2
340
14
 93
        0
 40
0.045
309
GRIDFORMAT_END
 95
       32
302
GRIDFORMAT
  1
GRIDFORMAT_BEGIN
 90
        0
 91
        1
 62
     0
 92
       -2
340
14
 93
        0
 40
0.045
309
GRIDFORMAT_END
309
TABLEFORMAT_END
  1
CELLSTYLE_BEGIN
 90
        1
 91
        1
300
_TITLE
309
CELLSTYLE_END
300
CELLSTYLE
  1
TABLEFORMAT_BEGIN
 90
        5
170
     1
 91
        0
 92
        0
 62
   257
 93
        1
300
CONTENTFORMAT
  1
CONTENTFORMAT_BEGIN
 90
        0
 91
        0
 92
        4
 93
        0
300

 40
0.0
140
1.0
 94
        5
 62
     0
340
11
144
4.5
309
CONTENTFORMAT_END
171
     1
301
MARGIN
  1
CELLMARGIN_BEGIN
 40
1.5
 40
1.5
 40
1.5
 40
1.5
 40
1.5
 40
1.5
309
CELLMARGIN_END
 94
        6
 95
        1
302
GRIDFORMAT
  1
GRIDFORMAT_BEGIN
 90
        0
 91
        1
 62
     0
 92
       -2
340
14
 93
        0
 40
0.045
309
GRIDFORMAT_END
 95
        2
302
GRIDFORMAT
  1
GRIDFORMAT_BEGIN
 90
        0
 91
        1
 62
     0
 92
       -2
340
14
 93
        0
 40
0.045
309
GRIDFORMAT_END
 95
        4
302
GRIDFORMAT
  1
GRIDFORMAT_BEGIN
 90
        0
 91
        1
 62
     0
 92
       -2
340
14
 93
        0
 40
0.045
309
GRIDFORMAT_END
 95
        8
302
GRIDFORMAT
  1
GRIDFORMAT_BEGIN
 90
        0
 91
        1
 62
     0
 92
       -2
340
14
 93
        0
 40
0.045
309
GRIDFORMAT_END
 95
       16
302
GRIDFORMAT
  1
GRIDFORMAT_BEGIN
 90
        0
 91
        1
 62
     0
 92
       -2
340
14
 93
        0
 40
0.045
309
GRIDFORMAT_END
 95
       32
302
GRIDFORMAT
  1
GRIDFORMAT_BEGIN
 90
        0
 91
        1
 62
     0
 92
       -2
340
14
 93
        0
 40
0.045
309
GRIDFORMAT_END
309
TABLEFORMAT_END
  1
CELLSTYLE_BEGIN
 90
        2
 91
        1
300
_HEADER
309
CELLSTYLE_END
300
CELLSTYLE
  1
TABLEFORMAT_BEGIN
 90
        5
170
     1
 91
        0
 92
        0
 62
   257
 93
        1
300
CONTENTFORMAT
  1
CONTENTFORMAT_BEGIN
 90
        0
 91
        0
 92
        4
 93
        0
300

 40
0.0
140
1.0
 94
        2
 62
     0
340
11
144
4.5
309
CONTENTFORMAT_END
171
     1
301
MARGIN
  1
CELLMARGIN_BEGIN
 40
1.5
 40
1.5
 40
1.5
 40
1.5
 40
1.5
 40
1.5
309
CELLMARGIN_END
 94
        6
 95
        1
302
GRIDFORMAT
  1
GRIDFORMAT_BEGIN
 90
        0
 91
        1
 62
     0
 92
       -2
340
14
 93
        0
 40
0.045
309
GRIDFORMAT_END
 95
        2
302
GRIDFORMAT
  1
GRIDFORMAT_BEGIN
 90
        0
 91
        1
 62
     0
 92
       -2
340
14
 93
        0
 40
0.045
309
GRIDFORMAT_END
 95
        4
302
GRIDFORMAT
  1
GRIDFORMAT_BEGIN
 90
        0
 91
        1
 62
     0
 92
       -2
340
14
 93
        0
 40
0.045
309
GRIDFORMAT_END
 95
        8
302
GRIDFORMAT
  1
GRIDFORMAT_BEGIN
 90
        0
 91
        1
 62
     0
 92
       -2
340
14
 93
        0
 40
0.045
309
GRIDFORMAT_END
 95
       16
302
GRIDFORMAT
  1
GRIDFORMAT_BEGIN
 90
        0
 91
        1
 62
     0
 92
       -2
340
14
 93
        0
 40
0.045
309
GRIDFORMAT_END
 95
       32
302
GRIDFORMAT
  1
GRIDFORMAT_BEGIN
 90
        0
 91
        1
 62
     0
 92
       -2
340
14
 93
        0
 40
0.045
309
GRIDFORMAT_END
309
TABLEFORMAT_END
  1
CELLSTYLE_BEGIN
 90
        3
 91
        2
300
_DATA
309
CELLSTYLE_END
  0
XRECORD
  5
864
102
{ACAD_REACTORS
330
863
102
}
330
863
100
AcDbXrecord
280
     1
102
RTVSPost2010Prop28
280
     1
102
RTVSPost2010PropOp28
 70
     1
102
RTVSPost2010Prop29
280
     1
102
RTVSPost2010PropOp29
 70
     1
102
RTVSPost2010Prop30
280
     0
102
RTVSPost2010PropOp30
 70
     1
102
RTVSPost2010Prop31
280
     0
102
RTVSPost2010PropOp31
 70
     1
102
RTVSPost2010Prop32
280
     0
102
RTVSPost2010PropOp32
 70
     1
102
RTVSPost2010Prop33
280
     0
102
RTVSPost2010PropOp33
 70
     1
102
RTVSPost2010Prop34
280
     0
102
RTVSPost2010PropOp34
 70
     1
102
RTVSPost2010Prop35
280
     0
102
RTVSPost2010PropOp35
 70
     1
102
RTVSPost2010Prop36
280
     0
102
RTVSPost2010PropOp36
 70
     1
102
RTVSPost2010Prop37
 90
       50
102
RTVSPost2010PropOp37
 70
     1
102
RTVSPost2010Prop38
140
0.0
102
RTVSPost2010PropOp38
 70
     1
102
RTVSPost2010Prop39
140
1.0
102
RTVSPost2010PropOp39
 70
     1
102
RTVSPost2010Prop40
 90
        0
102
RTVSPost2010PropOp40
 70
     1
102
RTVSPost2010Prop41ColorIndex
 90
       18
102
RTVSPost2010Prop41ColorRGB
 90
        0
102
RTVSPost2010PropOp41
 70
     1
102
RTVSPost2010Prop42
 90
       50
102
RTVSPost2010PropOp42
 70
     1
102
RTVSPost2010Prop43
 90
        3
102
RTVSPost2010PropOp43
 70
     1
102
RTVSPost2010Prop44ColorIndex
 90
        5
102
RTVSPost2010Prop44ColorRGB
 90
      255
102
RTVSPost2010PropOp44
 70
     1
102
RTVSPost2010Prop45
280
     0
102
RTVSPost2010PropOp45
 70
     1
102
RTVSPost2010Prop46
 90
       50
102
RTVSPost2010PropOp46
 70
     1
102
RTVSPost2010Prop47
 90
       50
102
RTVSPost2010PropOp47
 70
     1
102
RTVSPost2010Prop48
 90
       50
102
RTVSPost2010PropOp48
 70
     1
102
RTVSPost2010Prop49
280
     0
102
RTVSPost2010PropOp49
 70
     1
102
RTVSPost2010Prop50
 90
       50
102
RTVSPost2010PropOp50
 70
     1
102
RTVSPost2010Prop51ColorIndex
 90
      256
102
RTVSPost2010Prop51ColorRGB
 90
-16777216
102
RTVSPost2010PropOp51
 70
     0
102
RTVSPost2010Prop52
140
1.0
102
RTVSPost2010PropOp52
 70
     0
102
RTVSPost2010Prop53
 90
        2
102
RTVSPost2010PropOp53
 70
     1
102
RTVSPost2010Prop54
  1
strokes_ogs.tif
102
RTVSPost2010PropOp54
 70
     1
102
RTVSPost2010Prop55
280
     0
102
RTVSPost2010PropOp55
 70
     1
102
RTVSPost2010Prop56
140
1.0
102
RTVSPost2010PropOp56
 70
     1
102
RTVSPost2010Prop57
140
1.0
102
RTVSPost2010PropOp57
 70
     1
  0
XRECORD
  5
86A
102
{ACAD_REACTORS
330
869
102
}
330
869
100
AcDbXrecord
280
     1
102
RTVSPost2010Prop28
280
     0
102
RTVSPost2010PropOp28
 70
     1
102
RTVSPost2010Prop29
280
     1
102
RTVSPost2010PropOp29
 70
     1
102
RTVSPost2010Prop30
280
     1
102
RTVSPost2010PropOp30
 70
     1
102
RTVSPost2010Prop31
280
     0
102
RTVSPost2010PropOp31
 70
     1
102
RTVSPost2010Prop32
280
     0
102
RTVSPost2010PropOp32
 70
     1
102
RTVSPost2010Prop33
280
     0
102
RTVSPost2010PropOp33
 70
     1
102
RTVSPost2010Prop34
280
     0
102
RTVSPost2010PropOp34
 70
     1
102
RTVSPost2010Prop35
280
     0
102
RTVSPost2010PropOp35
 70
     1
102
RTVSPost2010Prop36
280
     0
102
RTVSPost2010PropOp36
 70
     1
102
RTVSPost2010Prop37
 90
       50
102
RTVSPost2010PropOp37
 70
     1
102
RTVSPost2010Prop38
140
0.0
102
RTVSPost2010PropOp38
 70
     1
102
RTVSPost2010Prop39
140
1.0
102
RTVSPost2010PropOp39
 70
     1
102
RTVSPost2010Prop40
 90
        0
102
RTVSPost2010PropOp40
 70
     1
102
RTVSPost2010Prop41ColorIndex
 90
       18
102
RTVSPost2010Prop41ColorRGB
 90
        0
102
RTVSPost2010PropOp41
 70
     1
102
RTVSPost2010Prop42
 90
       50
102
RTVSPost2010PropOp42
 70
     1
102
RTVSPost2010Prop43
 90
        3
102
RTVSPost2010PropOp43
 70
     1
102
RTVSPost2010Prop44ColorIndex
 90
        5
102
RTVSPost2010Prop44ColorRGB
 90
      255
102
RTVSPost2010PropOp44
 70
     1
102
RTVSPost2010Prop45
280
     0
102
RTVSPost2010PropOp45
 70
     1
102
RTVSPost2010Prop46
 90
       50
102
RTVSPost2010PropOp46
 70
     1
102
RTVSPost2010Prop47
 90
       50
102
RTVSPost2010PropOp47
 70
     1
102
RTVSPost2010Prop48
 90
       50
102
RTVSPost2010PropOp48
 70
     1
102
RTVSPost2010Prop49
280
     0
102
RTVSPost2010PropOp49
 70
     1
102
RTVSPost2010Prop50
 90
       50
102
RTVSPost2010PropOp50
 70
     1
102
RTVSPost2010Prop51ColorIndex
 90
      256
102
RTVSPost2010Prop51ColorRGB
 90
-16777216
102
RTVSPost2010PropOp51
 70
     0
102
RTVSPost2010Prop52
140
1.0
102
RTVSPost2010PropOp52
 70
     0
102
RTVSPost2010Prop53
 90
        2
102
RTVSPost2010PropOp53
 70
     1
102
RTVSPost2010Prop54
  1
strokes_ogs.tif
102
RTVSPost2010PropOp54
 70
     1
102
RTVSPost2010Prop55
280
     0
102
RTVSPost2010PropOp55
 70
     1
102
RTVSPost2010Prop56
140
1.0
102
RTVSPost2010PropOp56
 70
     1
102
RTVSPost2010Prop57
140
1.0
102
RTVSPost2010PropOp57
 70
     1
  0
XRECORD
  5
872
102
{ACAD_REACTORS
330
871
102
}
330
871
100
AcDbXrecord
280
     1
102
RTVSPost2010Prop28
280
     0
102
RTVSPost2010PropOp28
 70
     1
102
RTVSPost2010Prop29
280
     1
102
RTVSPost2010PropOp29
 70
     1
102
RTVSPost2010Prop30
280
     1
102
RTVSPost2010PropOp30
 70
     1
102
RTVSPost2010Prop31
280
     0
102
RTVSPost2010PropOp31
 70
     1
102
RTVSPost2010Prop32
280
     0
102
RTVSPost2010PropOp32
 70
     1
102
RTVSPost2010Prop33
280
     0
102
RTVSPost2010PropOp33
 70
     1
102
RTVSPost2010Prop34
280
     0
102
RTVSPost2010PropOp34
 70
     1
102
RTVSPost2010Prop35
280
     0
102
RTVSPost2010PropOp35
 70
     1
102
RTVSPost2010Prop36
280
     0
102
RTVSPost2010PropOp36
 70
     1
102
RTVSPost2010Prop37
 90
       50
102
RTVSPost2010PropOp37
 70
     1
102
RTVSPost2010Prop38
140
0.0
102
RTVSPost2010PropOp38
 70
     1
102
RTVSPost2010Prop39
140
1.0
102
RTVSPost2010PropOp39
 70
     1
102
RTVSPost2010Prop40
 90
        0
102
RTVSPost2010PropOp40
 70
     1
102
RTVSPost2010Prop41ColorIndex
 90
       18
102
RTVSPost2010Prop41ColorRGB
 90
        0
102
RTVSPost2010PropOp41
 70
     1
102
RTVSPost2010Prop42
 90
       50
102
RTVSPost2010PropOp42
 70
     1
102
RTVSPost2010Prop43
 90
        3
102
RTVSPost2010PropOp43
 70
     1
102
RTVSPost2010Prop44ColorIndex
 90
        5
102
RTVSPost2010Prop44ColorRGB
 90
      255
102
RTVSPost2010PropOp44
 70
     1
102
RTVSPost2010Prop45
280
     0
102
RTVSPost2010PropOp45
 70
     1
102
RTVSPost2010Prop46
 90
       50
102
RTVSPost2010PropOp46
 70
     1
102
RTVSPost2010Prop47
 90
       50
102
RTVSPost2010PropOp47
 70
     1
102
RTVSPost2010Prop48
 90
       50
102
RTVSPost2010PropOp48
 70
     1
102
RTVSPost2010Prop49
280
     0
102
RTVSPost2010PropOp49
 70
     1
102
RTVSPost2010Prop50
 90
       50
102
RTVSPost2010PropOp50
 70
     1
102
RTVSPost2010Prop51ColorIndex
 90
      256
102
RTVSPost2010Prop51ColorRGB
 90
-16777216
102
RTVSPost2010PropOp51
 70
     0
102
RTVSPost2010Prop52
140
1.0
102
RTVSPost2010PropOp52
 70
     0
102
RTVSPost2010Prop53
 90
        2
102
RTVSPost2010PropOp53
 70
     1
102
RTVSPost2010Prop54
  1
strokes_ogs.tif
102
RTVSPost2010PropOp54
 70
     1
102
RTVSPost2010Prop55
280
     0
102
RTVSPost2010PropOp55
 70
     1
102
RTVSPost2010Prop56
140
1.0
102
RTVSPost2010PropOp56
 70
     1
102
RTVSPost2010Prop57
140
1.0
102
RTVSPost2010PropOp57
 70
     1
  0
XRECORD
  5
87A
102
{ACAD_REACTORS
330
879
102
}
330
879
100
AcDbXrecord
280
     1
102
RTVSPost2010Prop28
280
     0
102
RTVSPost2010PropOp28
 70
     1
102
RTVSPost2010Prop29
280
     1
102
RTVSPost2010PropOp29
 70
     1
102
RTVSPost2010Prop30
280
     1
102
RTVSPost2010PropOp30
 70
     1
102
RTVSPost2010Prop31
280
     0
102
RTVSPost2010PropOp31
 70
     1
102
RTVSPost2010Prop32
280
     0
102
RTVSPost2010PropOp32
 70
     1
102
RTVSPost2010Prop33
280
     0
102
RTVSPost2010PropOp33
 70
     1
102
RTVSPost2010Prop34
280
     0
102
RTVSPost2010PropOp34
 70
     1
102
RTVSPost2010Prop35
280
     0
102
RTVSPost2010PropOp35
 70
     1
102
RTVSPost2010Prop36
280
     0
102
RTVSPost2010PropOp36
 70
     1
102
RTVSPost2010Prop37
 90
       50
102
RTVSPost2010PropOp37
 70
     1
102
RTVSPost2010Prop38
140
0.0
102
RTVSPost2010PropOp38
 70
     1
102
RTVSPost2010Prop39
140
1.0
102
RTVSPost2010PropOp39
 70
     1
102
RTVSPost2010Prop40
 90
        0
102
RTVSPost2010PropOp40
 70
     1
102
RTVSPost2010Prop41ColorIndex
 90
       18
102
RTVSPost2010Prop41ColorRGB
 90
        0
102
RTVSPost2010PropOp41
 70
     1
102
RTVSPost2010Prop42
 90
       50
102
RTVSPost2010PropOp42
 70
     1
102
RTVSPost2010Prop43
 90
        3
102
RTVSPost2010PropOp43
 70
     1
102
RTVSPost2010Prop44ColorIndex
 90
        5
102
RTVSPost2010Prop44ColorRGB
 90
      255
102
RTVSPost2010PropOp44
 70
     1
102
RTVSPost2010Prop45
280
     0
102
RTVSPost2010PropOp45
 70
     1
102
RTVSPost2010Prop46
 90
       50
102
RTVSPost2010PropOp46
 70
     1
102
RTVSPost2010Prop47
 90
       50
102
RTVSPost2010PropOp47
 70
     1
102
RTVSPost2010Prop48
 90
       50
102
RTVSPost2010PropOp48
 70
     1
102
RTVSPost2010Prop49
280
     0
102
RTVSPost2010PropOp49
 70
     1
102
RTVSPost2010Prop50
 90
       50
102
RTVSPost2010PropOp50
 70
     1
102
RTVSPost2010Prop51ColorIndex
 90
      256
102
RTVSPost2010Prop51ColorRGB
 90
-16777216
102
RTVSPost2010PropOp51
 70
     0
102
RTVSPost2010Prop52
140
1.0
102
RTVSPost2010PropOp52
 70
     0
102
RTVSPost2010Prop53
 90
        2
102
RTVSPost2010PropOp53
 70
     1
102
RTVSPost2010Prop54
  1
strokes_ogs.tif
102
RTVSPost2010PropOp54
 70
     1
102
RTVSPost2010Prop55
280
     0
102
RTVSPost2010PropOp55
 70
     1
102
RTVSPost2010Prop56
140
1.0
102
RTVSPost2010PropOp56
 70
     1
102
RTVSPost2010Prop57
140
1.0
102
RTVSPost2010PropOp57
 70
     1
  0
XRECORD
  5
86E
102
{ACAD_REACTORS
330
86D
102
}
330
86D
100
AcDbXrecord
280
     1
102
RTVSPost2010Prop28
280
     0
102
RTVSPost2010PropOp28
 70
     1
102
RTVSPost2010Prop29
280
     1
102
RTVSPost2010PropOp29
 70
     1
102
RTVSPost2010Prop30
280
     1
102
RTVSPost2010PropOp30
 70
     1
102
RTVSPost2010Prop31
280
     0
102
RTVSPost2010PropOp31
 70
     1
102
RTVSPost2010Prop32
280
     0
102
RTVSPost2010PropOp32
 70
     1
102
RTVSPost2010Prop33
280
     0
102
RTVSPost2010PropOp33
 70
     1
102
RTVSPost2010Prop34
280
     0
102
RTVSPost2010PropOp34
 70
     1
102
RTVSPost2010Prop35
280
     0
102
RTVSPost2010PropOp35
 70
     1
102
RTVSPost2010Prop36
280
     0
102
RTVSPost2010PropOp36
 70
     1
102
RTVSPost2010Prop37
 90
       50
102
RTVSPost2010PropOp37
 70
     1
102
RTVSPost2010Prop38
140
0.0
102
RTVSPost2010PropOp38
 70
     1
102
RTVSPost2010Prop39
140
1.0
102
RTVSPost2010PropOp39
 70
     1
102
RTVSPost2010Prop40
 90
        0
102
RTVSPost2010PropOp40
 70
     1
102
RTVSPost2010Prop41ColorIndex
 90
       18
102
RTVSPost2010Prop41ColorRGB
 90
        0
102
RTVSPost2010PropOp41
 70
     1
102
RTVSPost2010Prop42
 90
       50
102
RTVSPost2010PropOp42
 70
     1
102
RTVSPost2010Prop43
 90
        3
102
RTVSPost2010PropOp43
 70
     1
102
RTVSPost2010Prop44ColorIndex
 90
        5
102
RTVSPost2010Prop44ColorRGB
 90
      255
102
RTVSPost2010PropOp44
 70
     1
102
RTVSPost2010Prop45
280
     0
102
RTVSPost2010PropOp45
 70
     1
102
RTVSPost2010Prop46
 90
       50
102
RTVSPost2010PropOp46
 70
     1
102
RTVSPost2010Prop47
 90
       50
102
RTVSPost2010PropOp47
 70
     1
102
RTVSPost2010Prop48
 90
       50
102
RTVSPost2010PropOp48
 70
     1
102
RTVSPost2010Prop49
280
     0
102
RTVSPost2010PropOp49
 70
     1
102
RTVSPost2010Prop50
 90
       50
102
RTVSPost2010PropOp50
 70
     1
102
RTVSPost2010Prop51ColorIndex
 90
      256
102
RTVSPost2010Prop51ColorRGB
 90
-16777216
102
RTVSPost2010PropOp51
 70
     0
102
RTVSPost2010Prop52
140
1.0
102
RTVSPost2010PropOp52
 70
     0
102
RTVSPost2010Prop53
 90
        2
102
RTVSPost2010PropOp53
 70
     1
102
RTVSPost2010Prop54
  1
strokes_ogs.tif
102
RTVSPost2010PropOp54
 70
     1
102
RTVSPost2010Prop55
280
     0
102
RTVSPost2010PropOp55
 70
     1
102
RTVSPost2010Prop56
140
1.0
102
RTVSPost2010PropOp56
 70
     1
102
RTVSPost2010Prop57
140
1.0
102
RTVSPost2010PropOp57
 70
     1
  0
XRECORD
  5
870
102
{ACAD_REACTORS
330
86F
102
}
330
86F
100
AcDbXrecord
280
     1
102
RTVSPost2010Prop28
280
     0
102
RTVSPost2010PropOp28
 70
     1
102
RTVSPost2010Prop29
280
     1
102
RTVSPost2010PropOp29
 70
     1
102
RTVSPost2010Prop30
280
     1
102
RTVSPost2010PropOp30
 70
     1
102
RTVSPost2010Prop31
280
     0
102
RTVSPost2010PropOp31
 70
     1
102
RTVSPost2010Prop32
280
     0
102
RTVSPost2010PropOp32
 70
     1
102
RTVSPost2010Prop33
280
     0
102
RTVSPost2010PropOp33
 70
     1
102
RTVSPost2010Prop34
280
     0
102
RTVSPost2010PropOp34
 70
     1
102
RTVSPost2010Prop35
280
     0
102
RTVSPost2010PropOp35
 70
     1
102
RTVSPost2010Prop36
280
     0
102
RTVSPost2010PropOp36
 70
     1
102
RTVSPost2010Prop37
 90
       50
102
RTVSPost2010PropOp37
 70
     1
102
RTVSPost2010Prop38
140
0.0
102
RTVSPost2010PropOp38
 70
     1
102
RTVSPost2010Prop39
140
1.0
102
RTVSPost2010PropOp39
 70
     1
102
RTVSPost2010Prop40
 90
        0
102
RTVSPost2010PropOp40
 70
     1
102
RTVSPost2010Prop41ColorIndex
 90
       18
102
RTVSPost2010Prop41ColorRGB
 90
        0
102
RTVSPost2010PropOp41
 70
     1
102
RTVSPost2010Prop42
 90
       50
102
RTVSPost2010PropOp42
 70
     1
102
RTVSPost2010Prop43
 90
        3
102
RTVSPost2010PropOp43
 70
     1
102
RTVSPost2010Prop44ColorIndex
 90
        5
102
RTVSPost2010Prop44ColorRGB
 90
      255
102
RTVSPost2010PropOp44
 70
     1
102
RTVSPost2010Prop45
280
     0
102
RTVSPost2010PropOp45
 70
     1
102
RTVSPost2010Prop46
 90
       50
102
RTVSPost2010PropOp46
 70
     1
102
RTVSPost2010Prop47
 90
       50
102
RTVSPost2010PropOp47
 70
     1
102
RTVSPost2010Prop48
 90
       50
102
RTVSPost2010PropOp48
 70
     1
102
RTVSPost2010Prop49
280
     0
102
RTVSPost2010PropOp49
 70
     1
102
RTVSPost2010Prop50
 90
       50
102
RTVSPost2010PropOp50
 70
     1
102
RTVSPost2010Prop51ColorIndex
 90
      256
102
RTVSPost2010Prop51ColorRGB
 90
-16777216
102
RTVSPost2010PropOp51
 70
     0
102
RTVSPost2010Prop52
140
1.0
102
RTVSPost2010PropOp52
 70
     0
102
RTVSPost2010Prop53
 90
        2
102
RTVSPost2010PropOp53
 70
     1
102
RTVSPost2010Prop54
  1
strokes_ogs.tif
102
RTVSPost2010PropOp54
 70
     1
102
RTVSPost2010Prop55
280
     0
102
RTVSPost2010PropOp55
 70
     1
102
RTVSPost2010Prop56
140
1.0
102
RTVSPost2010PropOp56
 70
     1
102
RTVSPost2010Prop57
140
1.0
102
RTVSPost2010PropOp57
 70
     1
  0
XRECORD
  5
880
102
{ACAD_REACTORS
330
87F
102
}
330
87F
100
AcDbXrecord
280
     1
102
RTVSPost2010Prop28
280
     0
102
RTVSPost2010PropOp28
 70
     0
102
RTVSPost2010Prop29
280
     1
102
RTVSPost2010PropOp29
 70
     0
102
RTVSPost2010Prop30
280
     1
102
RTVSPost2010PropOp30
 70
     0
102
RTVSPost2010Prop31
280
     0
102
RTVSPost2010PropOp31
 70
     0
102
RTVSPost2010Prop32
280
     0
102
RTVSPost2010PropOp32
 70
     0
102
RTVSPost2010Prop33
280
     0
102
RTVSPost2010PropOp33
 70
     0
102
RTVSPost2010Prop34
280
     0
102
RTVSPost2010PropOp34
 70
     0
102
RTVSPost2010Prop35
280
     0
102
RTVSPost2010PropOp35
 70
     0
102
RTVSPost2010Prop36
280
     0
102
RTVSPost2010PropOp36
 70
     0
102
RTVSPost2010Prop37
 90
       50
102
RTVSPost2010PropOp37
 70
     0
102
RTVSPost2010Prop38
140
0.0
102
RTVSPost2010PropOp38
 70
     0
102
RTVSPost2010Prop39
140
1.0
102
RTVSPost2010PropOp39
 70
     0
102
RTVSPost2010Prop40
 90
        0
102
RTVSPost2010PropOp40
 70
     0
102
RTVSPost2010Prop41ColorIndex
 90
       18
102
RTVSPost2010Prop41ColorRGB
 90
        0
102
RTVSPost2010PropOp41
 70
     0
102
RTVSPost2010Prop42
 90
       50
102
RTVSPost2010PropOp42
 70
     0
102
RTVSPost2010Prop43
 90
        3
102
RTVSPost2010PropOp43
 70
     0
102
RTVSPost2010Prop44ColorIndex
 90
        5
102
RTVSPost2010Prop44ColorRGB
 90
      255
102
RTVSPost2010PropOp44
 70
     0
102
RTVSPost2010Prop45
280
     0
102
RTVSPost2010PropOp45
 70
     0
102
RTVSPost2010Prop46
 90
       50
102
RTVSPost2010PropOp46
 70
     0
102
RTVSPost2010Prop47
 90
       50
102
RTVSPost2010PropOp47
 70
     0
102
RTVSPost2010Prop48
 90
       50
102
RTVSPost2010PropOp48
 70
     0
102
RTVSPost2010Prop49
280
     0
102
RTVSPost2010PropOp49
 70
     0
102
RTVSPost2010Prop50
 90
       50
102
RTVSPost2010PropOp50
 70
     0
102
RTVSPost2010Prop51ColorIndex
 90
      256
102
RTVSPost2010Prop51ColorRGB
 90
-16777216
102
RTVSPost2010PropOp51
 70
     0
102
RTVSPost2010Prop52
140
1.0
102
RTVSPost2010PropOp52
 70
     0
102
RTVSPost2010Prop53
 90
        2
102
RTVSPost2010PropOp53
 70
     0
102
RTVSPost2010Prop54
  1
strokes_ogs.tif
102
RTVSPost2010PropOp54
 70
     0
102
RTVSPost2010Prop55
280
     0
102
RTVSPost2010PropOp55
 70
     0
102
RTVSPost2010Prop56
140
1.0
102
RTVSPost2010PropOp56
 70
     0
102
RTVSPost2010Prop57
140
1.0
102
RTVSPost2010PropOp57
 70
     0
  0
XRECORD
  5
878
102
{ACAD_REACTORS
330
877
102
}
330
877
100
AcDbXrecord
280
     1
102
RTVSPost2010Prop28
280
     0
102
RTVSPost2010PropOp28
 70
     1
102
RTVSPost2010Prop29
280
     1
102
RTVSPost2010PropOp29
 70
     1
102
RTVSPost2010Prop30
280
     1
102
RTVSPost2010PropOp30
 70
     1
102
RTVSPost2010Prop31
280
     0
102
RTVSPost2010PropOp31
 70
     1
102
RTVSPost2010Prop32
280
     0
102
RTVSPost2010PropOp32
 70
     1
102
RTVSPost2010Prop33
280
     0
102
RTVSPost2010PropOp33
 70
     1
102
RTVSPost2010Prop34
280
     0
102
RTVSPost2010PropOp34
 70
     1
102
RTVSPost2010Prop35
280
     0
102
RTVSPost2010PropOp35
 70
     1
102
RTVSPost2010Prop36
280
     0
102
RTVSPost2010PropOp36
 70
     1
102
RTVSPost2010Prop37
 90
       50
102
RTVSPost2010PropOp37
 70
     1
102
RTVSPost2010Prop38
140
0.0
102
RTVSPost2010PropOp38
 70
     1
102
RTVSPost2010Prop39
140
1.0
102
RTVSPost2010PropOp39
 70
     1
102
RTVSPost2010Prop40
 90
        0
102
RTVSPost2010PropOp40
 70
     1
102
RTVSPost2010Prop41ColorIndex
 90
       18
102
RTVSPost2010Prop41ColorRGB
 90
        0
102
RTVSPost2010PropOp41
 70
     1
102
RTVSPost2010Prop42
 90
       50
102
RTVSPost2010PropOp42
 70
     1
102
RTVSPost2010Prop43
 90
        3
102
RTVSPost2010PropOp43
 70
     1
102
RTVSPost2010Prop44ColorIndex
 90
        5
102
RTVSPost2010Prop44ColorRGB
 90
      255
102
RTVSPost2010PropOp44
 70
     1
102
RTVSPost2010Prop45
280
     0
102
RTVSPost2010PropOp45
 70
     1
102
RTVSPost2010Prop46
 90
       50
102
RTVSPost2010PropOp46
 70
     1
102
RTVSPost2010Prop47
 90
       50
102
RTVSPost2010PropOp47
 70
     1
102
RTVSPost2010Prop48
 90
       50
102
RTVSPost2010PropOp48
 70
     1
102
RTVSPost2010Prop49
280
     0
102
RTVSPost2010PropOp49
 70
     1
102
RTVSPost2010Prop50
 90
       50
102
RTVSPost2010PropOp50
 70
     1
102
RTVSPost2010Prop51ColorIndex
 90
      256
102
RTVSPost2010Prop51ColorRGB
 90
-16777216
102
RTVSPost2010PropOp51
 70
     0
102
RTVSPost2010Prop52
140
1.0
102
RTVSPost2010PropOp52
 70
     0
102
RTVSPost2010Prop53
 90
        2
102
RTVSPost2010PropOp53
 70
     1
102
RTVSPost2010Prop54
  1
strokes_ogs.tif
102
RTVSPost2010PropOp54
 70
     1
102
RTVSPost2010Prop55
280
     0
102
RTVSPost2010PropOp55
 70
     1
102
RTVSPost2010Prop56
140
1.0
102
RTVSPost2010PropOp56
 70
     1
102
RTVSPost2010Prop57
140
1.0
102
RTVSPost2010PropOp57
 70
     1
  0
XRECORD
  5
85C
102
{ACAD_REACTORS
330
85B
102
}
330
85B
100
AcDbXrecord
280
     1
102
RTVSPost2010Prop28
280
     0
102
RTVSPost2010PropOp28
 70
     1
102
RTVSPost2010Prop29
280
     1
102
RTVSPost2010PropOp29
 70
     1
102
RTVSPost2010Prop30
280
     1
102
RTVSPost2010PropOp30
 70
     1
102
RTVSPost2010Prop31
280
     0
102
RTVSPost2010PropOp31
 70
     1
102
RTVSPost2010Prop32
280
     0
102
RTVSPost2010PropOp32
 70
     1
102
RTVSPost2010Prop33
280
     0
102
RTVSPost2010PropOp33
 70
     1
102
RTVSPost2010Prop34
280
     0
102
RTVSPost2010PropOp34
 70
     1
102
RTVSPost2010Prop35
280
     0
102
RTVSPost2010PropOp35
 70
     1
102
RTVSPost2010Prop36
280
     0
102
RTVSPost2010PropOp36
 70
     1
102
RTVSPost2010Prop37
 90
       50
102
RTVSPost2010PropOp37
 70
     1
102
RTVSPost2010Prop38
140
0.0
102
RTVSPost2010PropOp38
 70
     1
102
RTVSPost2010Prop39
140
1.0
102
RTVSPost2010PropOp39
 70
     1
102
RTVSPost2010Prop40
 90
        0
102
RTVSPost2010PropOp40
 70
     1
102
RTVSPost2010Prop41ColorIndex
 90
       18
102
RTVSPost2010Prop41ColorRGB
 90
        0
102
RTVSPost2010PropOp41
 70
     1
102
RTVSPost2010Prop42
 90
       50
102
RTVSPost2010PropOp42
 70
     1
102
RTVSPost2010Prop43
 90
        3
102
RTVSPost2010PropOp43
 70
     1
102
RTVSPost2010Prop44ColorIndex
 90
        5
102
RTVSPost2010Prop44ColorRGB
 90
      255
102
RTVSPost2010PropOp44
 70
     1
102
RTVSPost2010Prop45
280
     0
102
RTVSPost2010PropOp45
 70
     1
102
RTVSPost2010Prop46
 90
       50
102
RTVSPost2010PropOp46
 70
     1
102
RTVSPost2010Prop47
 90
       50
102
RTVSPost2010PropOp47
 70
     1
102
RTVSPost2010Prop48
 90
       50
102
RTVSPost2010PropOp48
 70
     1
102
RTVSPost2010Prop49
280
     0
102
RTVSPost2010PropOp49
 70
     1
102
RTVSPost2010Prop50
 90
       50
102
RTVSPost2010PropOp50
 70
     1
102
RTVSPost2010Prop51ColorIndex
 90
      256
102
RTVSPost2010Prop51ColorRGB
 90
-16777216
102
RTVSPost2010PropOp51
 70
     0
102
RTVSPost2010Prop52
140
1.0
102
RTVSPost2010PropOp52
 70
     0
102
RTVSPost2010Prop53
 90
        2
102
RTVSPost2010PropOp53
 70
     1
102
RTVSPost2010Prop54
  1
strokes_ogs.tif
102
RTVSPost2010PropOp54
 70
     1
102
RTVSPost2010Prop55
280
     0
102
RTVSPost2010PropOp55
 70
     1
102
RTVSPost2010Prop56
140
1.0
102
RTVSPost2010PropOp56
 70
     1
102
RTVSPost2010Prop57
140
1.0
102
RTVSPost2010PropOp57
 70
     1
  0
XRECORD
  5
85E
102
{ACAD_REACTORS
330
85D
102
}
330
85D
100
AcDbXrecord
280
     1
102
RTVSPost2010Prop28
280
     0
102
RTVSPost2010PropOp28
 70
     1
102
RTVSPost2010Prop29
280
     1
102
RTVSPost2010PropOp29
 70
     1
102
RTVSPost2010Prop30
280
     1
102
RTVSPost2010PropOp30
 70
     1
102
RTVSPost2010Prop31
280
     0
102
RTVSPost2010PropOp31
 70
     1
102
RTVSPost2010Prop32
280
     0
102
RTVSPost2010PropOp32
 70
     1
102
RTVSPost2010Prop33
280
     0
102
RTVSPost2010PropOp33
 70
     1
102
RTVSPost2010Prop34
280
     0
102
RTVSPost2010PropOp34
 70
     1
102
RTVSPost2010Prop35
280
     0
102
RTVSPost2010PropOp35
 70
     1
102
RTVSPost2010Prop36
280
     0
102
RTVSPost2010PropOp36
 70
     1
102
RTVSPost2010Prop37
 90
       50
102
RTVSPost2010PropOp37
 70
     1
102
RTVSPost2010Prop38
140
0.0
102
RTVSPost2010PropOp38
 70
     1
102
RTVSPost2010Prop39
140
1.0
102
RTVSPost2010PropOp39
 70
     1
102
RTVSPost2010Prop40
 90
        0
102
RTVSPost2010PropOp40
 70
     1
102
RTVSPost2010Prop41ColorIndex
 90
       18
102
RTVSPost2010Prop41ColorRGB
 90
        0
102
RTVSPost2010PropOp41
 70
     1
102
RTVSPost2010Prop42
 90
       50
102
RTVSPost2010PropOp42
 70
     1
102
RTVSPost2010Prop43
 90
        3
102
RTVSPost2010PropOp43
 70
     1
102
RTVSPost2010Prop44ColorIndex
 90
        5
102
RTVSPost2010Prop44ColorRGB
 90
      255
102
RTVSPost2010PropOp44
 70
     1
102
RTVSPost2010Prop45
280
     0
102
RTVSPost2010PropOp45
 70
     1
102
RTVSPost2010Prop46
 90
       50
102
RTVSPost2010PropOp46
 70
     1
102
RTVSPost2010Prop47
 90
       50
102
RTVSPost2010PropOp47
 70
     1
102
RTVSPost2010Prop48
 90
       50
102
RTVSPost2010PropOp48
 70
     1
102
RTVSPost2010Prop49
280
     0
102
RTVSPost2010PropOp49
 70
     1
102
RTVSPost2010Prop50
 90
       50
102
RTVSPost2010PropOp50
 70
     1
102
RTVSPost2010Prop51ColorIndex
 90
      256
102
RTVSPost2010Prop51ColorRGB
 90
-16777216
102
RTVSPost2010PropOp51
 70
     0
102
RTVSPost2010Prop52
140
1.0
102
RTVSPost2010PropOp52
 70
     0
102
RTVSPost2010Prop53
 90
        2
102
RTVSPost2010PropOp53
 70
     1
102
RTVSPost2010Prop54
  1
strokes_ogs.tif
102
RTVSPost2010PropOp54
 70
     1
102
RTVSPost2010Prop55
280
     0
102
RTVSPost2010PropOp55
 70
     1
102
RTVSPost2010Prop56
140
1.0
102
RTVSPost2010PropOp56
 70
     1
102
RTVSPost2010Prop57
140
1.0
102
RTVSPost2010PropOp57
 70
     1
  0
XRECORD
  5
860
102
{ACAD_REACTORS
330
85F
102
}
330
85F
100
AcDbXrecord
280
     1
102
RTVSPost2010Prop28
280
     0
102
RTVSPost2010PropOp28
 70
     1
102
RTVSPost2010Prop29
280
     1
102
RTVSPost2010PropOp29
 70
     1
102
RTVSPost2010Prop30
280
     1
102
RTVSPost2010PropOp30
 70
     1
102
RTVSPost2010Prop31
280
     0
102
RTVSPost2010PropOp31
 70
     1
102
RTVSPost2010Prop32
280
     0
102
RTVSPost2010PropOp32
 70
     1
102
RTVSPost2010Prop33
280
     0
102
RTVSPost2010PropOp33
 70
     1
102
RTVSPost2010Prop34
280
     0
102
RTVSPost2010PropOp34
 70
     1
102
RTVSPost2010Prop35
280
     0
102
RTVSPost2010PropOp35
 70
     1
102
RTVSPost2010Prop36
280
     0
102
RTVSPost2010PropOp36
 70
     1
102
RTVSPost2010Prop37
 90
       50
102
RTVSPost2010PropOp37
 70
     1
102
RTVSPost2010Prop38
140
0.0
102
RTVSPost2010PropOp38
 70
     1
102
RTVSPost2010Prop39
140
1.0
102
RTVSPost2010PropOp39
 70
     1
102
RTVSPost2010Prop40
 90
        0
102
RTVSPost2010PropOp40
 70
     1
102
RTVSPost2010Prop41ColorIndex
 90
       18
102
RTVSPost2010Prop41ColorRGB
 90
        0
102
RTVSPost2010PropOp41
 70
     1
102
RTVSPost2010Prop42
 90
       50
102
RTVSPost2010PropOp42
 70
     1
102
RTVSPost2010Prop43
 90
        3
102
RTVSPost2010PropOp43
 70
     1
102
RTVSPost2010Prop44ColorIndex
 90
        5
102
RTVSPost2010Prop44ColorRGB
 90
      255
102
RTVSPost2010PropOp44
 70
     1
102
RTVSPost2010Prop45
280
     0
102
RTVSPost2010PropOp45
 70
     1
102
RTVSPost2010Prop46
 90
       50
102
RTVSPost2010PropOp46
 70
     1
102
RTVSPost2010Prop47
 90
       50
102
RTVSPost2010PropOp47
 70
     1
102
RTVSPost2010Prop48
 90
       50
102
RTVSPost2010PropOp48
 70
     1
102
RTVSPost2010Prop49
280
     0
102
RTVSPost2010PropOp49
 70
     1
102
RTVSPost2010Prop50
 90
       50
102
RTVSPost2010PropOp50
 70
     1
102
RTVSPost2010Prop51ColorIndex
 90
      256
102
RTVSPost2010Prop51ColorRGB
 90
-16777216
102
RTVSPost2010PropOp51
 70
     0
102
RTVSPost2010Prop52
140
1.0
102
RTVSPost2010PropOp52
 70
     0
102
RTVSPost2010Prop53
 90
        2
102
RTVSPost2010PropOp53
 70
     1
102
RTVSPost2010Prop54
  1
strokes_ogs.tif
102
RTVSPost2010PropOp54
 70
     1
102
RTVSPost2010Prop55
280
     0
102
RTVSPost2010PropOp55
 70
     1
102
RTVSPost2010Prop56
140
1.0
102
RTVSPost2010PropOp56
 70
     1
102
RTVSPost2010Prop57
140
1.0
102
RTVSPost2010PropOp57
 70
     1
  0
XRECORD
  5
862
102
{ACAD_REACTORS
330
861
102
}
330
861
100
AcDbXrecord
280
     1
102
RTVSPost2010Prop28
280
     0
102
RTVSPost2010PropOp28
 70
     1
102
RTVSPost2010Prop29
280
     1
102
RTVSPost2010PropOp29
 70
     1
102
RTVSPost2010Prop30
280
     1
102
RTVSPost2010PropOp30
 70
     1
102
RTVSPost2010Prop31
280
     0
102
RTVSPost2010PropOp31
 70
     1
102
RTVSPost2010Prop32
280
     0
102
RTVSPost2010PropOp32
 70
     1
102
RTVSPost2010Prop33
280
     0
102
RTVSPost2010PropOp33
 70
     1
102
RTVSPost2010Prop34
280
     0
102
RTVSPost2010PropOp34
 70
     1
102
RTVSPost2010Prop35
280
     0
102
RTVSPost2010PropOp35
 70
     1
102
RTVSPost2010Prop36
280
     0
102
RTVSPost2010PropOp36
 70
     1
102
RTVSPost2010Prop37
 90
       50
102
RTVSPost2010PropOp37
 70
     1
102
RTVSPost2010Prop38
140
0.0
102
RTVSPost2010PropOp38
 70
     1
102
RTVSPost2010Prop39
140
1.0
102
RTVSPost2010PropOp39
 70
     1
102
RTVSPost2010Prop40
 90
        0
102
RTVSPost2010PropOp40
 70
     1
102
RTVSPost2010Prop41ColorIndex
 90
       18
102
RTVSPost2010Prop41ColorRGB
 90
        0
102
RTVSPost2010PropOp41
 70
     1
102
RTVSPost2010Prop42
 90
       50
102
RTVSPost2010PropOp42
 70
     1
102
RTVSPost2010Prop43
 90
        3
102
RTVSPost2010PropOp43
 70
     1
102
RTVSPost2010Prop44ColorIndex
 90
        5
102
RTVSPost2010Prop44ColorRGB
 90
      255
102
RTVSPost2010PropOp44
 70
     1
102
RTVSPost2010Prop45
280
     0
102
RTVSPost2010PropOp45
 70
     1
102
RTVSPost2010Prop46
 90
       50
102
RTVSPost2010PropOp46
 70
     1
102
RTVSPost2010Prop47
 90
       50
102
RTVSPost2010PropOp47
 70
     1
102
RTVSPost2010Prop48
 90
       50
102
RTVSPost2010PropOp48
 70
     1
102
RTVSPost2010Prop49
280
     0
102
RTVSPost2010PropOp49
 70
     1
102
RTVSPost2010Prop50
 90
       50
102
RTVSPost2010PropOp50
 70
     1
102
RTVSPost2010Prop51ColorIndex
 90
      256
102
RTVSPost2010Prop51ColorRGB
 90
-16777216
102
RTVSPost2010PropOp51
 70
     0
102
RTVSPost2010Prop52
140
1.0
102
RTVSPost2010PropOp52
 70
     0
102
RTVSPost2010Prop53
 90
        2
102
RTVSPost2010PropOp53
 70
     1
102
RTVSPost2010Prop54
  1
strokes_ogs.tif
102
RTVSPost2010PropOp54
 70
     1
102
RTVSPost2010Prop55
280
     0
102
RTVSPost2010PropOp55
 70
     1
102
RTVSPost2010Prop56
140
1.0
102
RTVSPost2010PropOp56
 70
     1
102
RTVSPost2010Prop57
140
1.0
102
RTVSPost2010PropOp57
 70
     1
  0
XRECORD
  5
868
102
{ACAD_REACTORS
330
867
102
}
330
867
100
AcDbXrecord
280
     1
102
RTVSPost2010Prop28
280
     0
102
RTVSPost2010PropOp28
 70
     1
102
RTVSPost2010Prop29
280
     1
102
RTVSPost2010PropOp29
 70
     1
102
RTVSPost2010Prop30
280
     1
102
RTVSPost2010PropOp30
 70
     1
102
RTVSPost2010Prop31
280
     0
102
RTVSPost2010PropOp31
 70
     1
102
RTVSPost2010Prop32
280
     0
102
RTVSPost2010PropOp32
 70
     1
102
RTVSPost2010Prop33
280
     0
102
RTVSPost2010PropOp33
 70
     1
102
RTVSPost2010Prop34
280
     0
102
RTVSPost2010PropOp34
 70
     1
102
RTVSPost2010Prop35
280
     0
102
RTVSPost2010PropOp35
 70
     1
102
RTVSPost2010Prop36
280
     0
102
RTVSPost2010PropOp36
 70
     1
102
RTVSPost2010Prop37
 90
       50
102
RTVSPost2010PropOp37
 70
     1
102
RTVSPost2010Prop38
140
0.0
102
RTVSPost2010PropOp38
 70
     1
102
RTVSPost2010Prop39
140
1.0
102
RTVSPost2010PropOp39
 70
     1
102
RTVSPost2010Prop40
 90
        0
102
RTVSPost2010PropOp40
 70
     1
102
RTVSPost2010Prop41ColorIndex
 90
       18
102
RTVSPost2010Prop41ColorRGB
 90
        0
102
RTVSPost2010PropOp41
 70
     1
102
RTVSPost2010Prop42
 90
       50
102
RTVSPost2010PropOp42
 70
     1
102
RTVSPost2010Prop43
 90
        3
102
RTVSPost2010PropOp43
 70
     1
102
RTVSPost2010Prop44ColorIndex
 90
        5
102
RTVSPost2010Prop44ColorRGB
 90
      255
102
RTVSPost2010PropOp44
 70
     1
102
RTVSPost2010Prop45
280
     0
102
RTVSPost2010PropOp45
 70
     1
102
RTVSPost2010Prop46
 90
       50
102
RTVSPost2010PropOp46
 70
     1
102
RTVSPost2010Prop47
 90
       50
102
RTVSPost2010PropOp47
 70
     1
102
RTVSPost2010Prop48
 90
       50
102
RTVSPost2010PropOp48
 70
     1
102
RTVSPost2010Prop49
280
     0
102
RTVSPost2010PropOp49
 70
     1
102
RTVSPost2010Prop50
 90
       50
102
RTVSPost2010PropOp50
 70
     1
102
RTVSPost2010Prop51ColorIndex
 90
      256
102
RTVSPost2010Prop51ColorRGB
 90
-16777216
102
RTVSPost2010PropOp51
 70
     0
102
RTVSPost2010Prop52
140
1.0
102
RTVSPost2010PropOp52
 70
     0
102
RTVSPost2010Prop53
 90
        2
102
RTVSPost2010PropOp53
 70
     1
102
RTVSPost2010Prop54
  1
strokes_ogs.tif
102
RTVSPost2010PropOp54
 70
     1
102
RTVSPost2010Prop55
280
     0
102
RTVSPost2010PropOp55
 70
     1
102
RTVSPost2010Prop56
140
1.0
102
RTVSPost2010PropOp56
 70
     1
102
RTVSPost2010Prop57
140
1.0
102
RTVSPost2010PropOp57
 70
     1
  0
XRECORD
  5
87C
102
{ACAD_REACTORS
330
87B
102
}
330
87B
100
AcDbXrecord
280
     1
102
RTVSPost2010Prop28
280
     0
102
RTVSPost2010PropOp28
 70
     0
102
RTVSPost2010Prop29
280
     1
102
RTVSPost2010PropOp29
 70
     0
102
RTVSPost2010Prop30
280
     1
102
RTVSPost2010PropOp30
 70
     0
102
RTVSPost2010Prop31
280
     0
102
RTVSPost2010PropOp31
 70
     0
102
RTVSPost2010Prop32
280
     0
102
RTVSPost2010PropOp32
 70
     0
102
RTVSPost2010Prop33
280
     0
102
RTVSPost2010PropOp33
 70
     0
102
RTVSPost2010Prop34
280
     0
102
RTVSPost2010PropOp34
 70
     0
102
RTVSPost2010Prop35
280
     0
102
RTVSPost2010PropOp35
 70
     0
102
RTVSPost2010Prop36
280
     0
102
RTVSPost2010PropOp36
 70
     0
102
RTVSPost2010Prop37
 90
       50
102
RTVSPost2010PropOp37
 70
     0
102
RTVSPost2010Prop38
140
0.0
102
RTVSPost2010PropOp38
 70
     0
102
RTVSPost2010Prop39
140
1.0
102
RTVSPost2010PropOp39
 70
     0
102
RTVSPost2010Prop40
 90
        0
102
RTVSPost2010PropOp40
 70
     0
102
RTVSPost2010Prop41ColorIndex
 90
       18
102
RTVSPost2010Prop41ColorRGB
 90
        0
102
RTVSPost2010PropOp41
 70
     0
102
RTVSPost2010Prop42
 90
       50
102
RTVSPost2010PropOp42
 70
     0
102
RTVSPost2010Prop43
 90
        3
102
RTVSPost2010PropOp43
 70
     0
102
RTVSPost2010Prop44ColorIndex
 90
        5
102
RTVSPost2010Prop44ColorRGB
 90
      255
102
RTVSPost2010PropOp44
 70
     0
102
RTVSPost2010Prop45
280
     0
102
RTVSPost2010PropOp45
 70
     0
102
RTVSPost2010Prop46
 90
       50
102
RTVSPost2010PropOp46
 70
     0
102
RTVSPost2010Prop47
 90
       50
102
RTVSPost2010PropOp47
 70
     0
102
RTVSPost2010Prop48
 90
       50
102
RTVSPost2010PropOp48
 70
     0
102
RTVSPost2010Prop49
280
     0
102
RTVSPost2010PropOp49
 70
     0
102
RTVSPost2010Prop50
 90
       50
102
RTVSPost2010PropOp50
 70
     0
102
RTVSPost2010Prop51ColorIndex
 90
      256
102
RTVSPost2010Prop51ColorRGB
 90
-16777216
102
RTVSPost2010PropOp51
 70
     0
102
RTVSPost2010Prop52
140
1.0
102
RTVSPost2010PropOp52
 70
     0
102
RTVSPost2010Prop53
 90
        2
102
RTVSPost2010PropOp53
 70
     0
102
RTVSPost2010Prop54
  1
strokes_ogs.tif
102
RTVSPost2010PropOp54
 70
     0
102
RTVSPost2010Prop55
280
     0
102
RTVSPost2010PropOp55
 70
     0
102
RTVSPost2010Prop56
140
1.0
102
RTVSPost2010PropOp56
 70
     0
102
RTVSPost2010Prop57
140
1.0
102
RTVSPost2010PropOp57
 70
     0
  0
XRECORD
  5
876
102
{ACAD_REACTORS
330
875
102
}
330
875
100
AcDbXrecord
280
     1
102
RTVSPost2010Prop28
280
     0
102
RTVSPost2010PropOp28
 70
     1
102
RTVSPost2010Prop29
280
     1
102
RTVSPost2010PropOp29
 70
     1
102
RTVSPost2010Prop30
280
     1
102
RTVSPost2010PropOp30
 70
     1
102
RTVSPost2010Prop31
280
     0
102
RTVSPost2010PropOp31
 70
     1
102
RTVSPost2010Prop32
280
     0
102
RTVSPost2010PropOp32
 70
     1
102
RTVSPost2010Prop33
280
     0
102
RTVSPost2010PropOp33
 70
     1
102
RTVSPost2010Prop34
280
     0
102
RTVSPost2010PropOp34
 70
     1
102
RTVSPost2010Prop35
280
     0
102
RTVSPost2010PropOp35
 70
     1
102
RTVSPost2010Prop36
280
     0
102
RTVSPost2010PropOp36
 70
     1
102
RTVSPost2010Prop37
 90
       50
102
RTVSPost2010PropOp37
 70
     1
102
RTVSPost2010Prop38
140
0.0
102
RTVSPost2010PropOp38
 70
     1
102
RTVSPost2010Prop39
140
1.0
102
RTVSPost2010PropOp39
 70
     1
102
RTVSPost2010Prop40
 90
        0
102
RTVSPost2010PropOp40
 70
     1
102
RTVSPost2010Prop41ColorIndex
 90
       18
102
RTVSPost2010Prop41ColorRGB
 90
        0
102
RTVSPost2010PropOp41
 70
     1
102
RTVSPost2010Prop42
 90
       50
102
RTVSPost2010PropOp42
 70
     1
102
RTVSPost2010Prop43
 90
        3
102
RTVSPost2010PropOp43
 70
     1
102
RTVSPost2010Prop44ColorIndex
 90
        5
102
RTVSPost2010Prop44ColorRGB
 90
      255
102
RTVSPost2010PropOp44
 70
     1
102
RTVSPost2010Prop45
280
     0
102
RTVSPost2010PropOp45
 70
     1
102
RTVSPost2010Prop46
 90
       50
102
RTVSPost2010PropOp46
 70
     1
102
RTVSPost2010Prop47
 90
       50
102
RTVSPost2010PropOp47
 70
     1
102
RTVSPost2010Prop48
 90
       50
102
RTVSPost2010PropOp48
 70
     1
102
RTVSPost2010Prop49
280
     0
102
RTVSPost2010PropOp49
 70
     1
102
RTVSPost2010Prop50
 90
       50
102
RTVSPost2010PropOp50
 70
     1
102
RTVSPost2010Prop51ColorIndex
 90
      256
102
RTVSPost2010Prop51ColorRGB
 90
-16777216
102
RTVSPost2010PropOp51
 70
     0
102
RTVSPost2010Prop52
140
1.0
102
RTVSPost2010PropOp52
 70
     0
102
RTVSPost2010Prop53
 90
        2
102
RTVSPost2010PropOp53
 70
     1
102
RTVSPost2010Prop54
  1
strokes_ogs.tif
102
RTVSPost2010PropOp54
 70
     1
102
RTVSPost2010Prop55
280
     0
102
RTVSPost2010PropOp55
 70
     1
102
RTVSPost2010Prop56
140
1.0
102
RTVSPost2010PropOp56
 70
     1
102
RTVSPost2010Prop57
140
1.0
102
RTVSPost2010PropOp57
 70
     1
  0
XRECORD
  5
87E
102
{ACAD_REACTORS
330
87D
102
}
330
87D
100
AcDbXrecord
280
     1
102
RTVSPost2010Prop28
280
     0
102
RTVSPost2010PropOp28
 70
     0
102
RTVSPost2010Prop29
280
     1
102
RTVSPost2010PropOp29
 70
     0
102
RTVSPost2010Prop30
280
     1
102
RTVSPost2010PropOp30
 70
     0
102
RTVSPost2010Prop31
280
     0
102
RTVSPost2010PropOp31
 70
     0
102
RTVSPost2010Prop32
280
     0
102
RTVSPost2010PropOp32
 70
     0
102
RTVSPost2010Prop33
280
     0
102
RTVSPost2010PropOp33
 70
     0
102
RTVSPost2010Prop34
280
     0
102
RTVSPost2010PropOp34
 70
     0
102
RTVSPost2010Prop35
280
     0
102
RTVSPost2010PropOp35
 70
     0
102
RTVSPost2010Prop36
280
     0
102
RTVSPost2010PropOp36
 70
     0
102
RTVSPost2010Prop37
 90
       50
102
RTVSPost2010PropOp37
 70
     0
102
RTVSPost2010Prop38
140
0.0
102
RTVSPost2010PropOp38
 70
     0
102
RTVSPost2010Prop39
140
1.0
102
RTVSPost2010PropOp39
 70
     0
102
RTVSPost2010Prop40
 90
        0
102
RTVSPost2010PropOp40
 70
     0
102
RTVSPost2010Prop41ColorIndex
 90
       18
102
RTVSPost2010Prop41ColorRGB
 90
        0
102
RTVSPost2010PropOp41
 70
     0
102
RTVSPost2010Prop42
 90
       50
102
RTVSPost2010PropOp42
 70
     0
102
RTVSPost2010Prop43
 90
        3
102
RTVSPost2010PropOp43
 70
     0
102
RTVSPost2010Prop44ColorIndex
 90
        5
102
RTVSPost2010Prop44ColorRGB
 90
      255
102
RTVSPost2010PropOp44
 70
     0
102
RTVSPost2010Prop45
280
     0
102
RTVSPost2010PropOp45
 70
     0
102
RTVSPost2010Prop46
 90
       50
102
RTVSPost2010PropOp46
 70
     0
102
RTVSPost2010Prop47
 90
       50
102
RTVSPost2010PropOp47
 70
     0
102
RTVSPost2010Prop48
 90
       50
102
RTVSPost2010PropOp48
 70
     0
102
RTVSPost2010Prop49
280
     0
102
RTVSPost2010PropOp49
 70
     0
102
RTVSPost2010Prop50
 90
       50
102
RTVSPost2010PropOp50
 70
     0
102
RTVSPost2010Prop51ColorIndex
 90
      256
102
RTVSPost2010Prop51ColorRGB
 90
-16777216
102
RTVSPost2010PropOp51
 70
     0
102
RTVSPost2010Prop52
140
1.0
102
RTVSPost2010PropOp52
 70
     0
102
RTVSPost2010Prop53
 90
        2
102
RTVSPost2010PropOp53
 70
     0
102
RTVSPost2010Prop54
  1
strokes_ogs.tif
102
RTVSPost2010PropOp54
 70
     0
102
RTVSPost2010Prop55
280
     0
102
RTVSPost2010PropOp55
 70
     0
102
RTVSPost2010Prop56
140
1.0
102
RTVSPost2010PropOp56
 70
     0
102
RTVSPost2010Prop57
140
1.0
102
RTVSPost2010PropOp57
 70
     0
  0
XRECORD
  5
86C
102
{ACAD_REACTORS
330
86B
102
}
330
86B
100
AcDbXrecord
280
     1
102
RTVSPost2010Prop28
280
     0
102
RTVSPost2010PropOp28
 70
     1
102
RTVSPost2010Prop29
280
     1
102
RTVSPost2010PropOp29
 70
     1
102
RTVSPost2010Prop30
280
     1
102
RTVSPost2010PropOp30
 70
     1
102
RTVSPost2010Prop31
280
     0
102
RTVSPost2010PropOp31
 70
     1
102
RTVSPost2010Prop32
280
     0
102
RTVSPost2010PropOp32
 70
     1
102
RTVSPost2010Prop33
280
     0
102
RTVSPost2010PropOp33
 70
     1
102
RTVSPost2010Prop34
280
     0
102
RTVSPost2010PropOp34
 70
     1
102
RTVSPost2010Prop35
280
     0
102
RTVSPost2010PropOp35
 70
     1
102
RTVSPost2010Prop36
280
     0
102
RTVSPost2010PropOp36
 70
     1
102
RTVSPost2010Prop37
 90
       50
102
RTVSPost2010PropOp37
 70
     1
102
RTVSPost2010Prop38
140
0.0
102
RTVSPost2010PropOp38
 70
     1
102
RTVSPost2010Prop39
140
1.0
102
RTVSPost2010PropOp39
 70
     1
102
RTVSPost2010Prop40
 90
        0
102
RTVSPost2010PropOp40
 70
     1
102
RTVSPost2010Prop41ColorIndex
 90
       18
102
RTVSPost2010Prop41ColorRGB
 90
        0
102
RTVSPost2010PropOp41
 70
     1
102
RTVSPost2010Prop42
 90
       50
102
RTVSPost2010PropOp42
 70
     1
102
RTVSPost2010Prop43
 90
        3
102
RTVSPost2010PropOp43
 70
     1
102
RTVSPost2010Prop44ColorIndex
 90
        5
102
RTVSPost2010Prop44ColorRGB
 90
      255
102
RTVSPost2010PropOp44
 70
     1
102
RTVSPost2010Prop45
280
     0
102
RTVSPost2010PropOp45
 70
     1
102
RTVSPost2010Prop46
 90
       50
102
RTVSPost2010PropOp46
 70
     1
102
RTVSPost2010Prop47
 90
       50
102
RTVSPost2010PropOp47
 70
     1
102
RTVSPost2010Prop48
 90
       50
102
RTVSPost2010PropOp48
 70
     1
102
RTVSPost2010Prop49
280
     0
102
RTVSPost2010PropOp49
 70
     1
102
RTVSPost2010Prop50
 90
       50
102
RTVSPost2010PropOp50
 70
     1
102
RTVSPost2010Prop51ColorIndex
 90
      256
102
RTVSPost2010Prop51ColorRGB
 90
-16777216
102
RTVSPost2010PropOp51
 70
     0
102
RTVSPost2010Prop52
140
1.0
102
RTVSPost2010PropOp52
 70
     0
102
RTVSPost2010Prop53
 90
        2
102
RTVSPost2010PropOp53
 70
     1
102
RTVSPost2010Prop54
  1
strokes_ogs.tif
102
RTVSPost2010PropOp54
 70
     1
102
RTVSPost2010Prop55
280
     0
102
RTVSPost2010PropOp55
 70
     1
102
RTVSPost2010Prop56
140
1.0
102
RTVSPost2010PropOp56
 70
     1
102
RTVSPost2010Prop57
140
1.0
102
RTVSPost2010PropOp57
 70
     1
  0
XRECORD
  5
88A
102
{ACAD_REACTORS
330
889
102
}
330
889
100
AcDbXrecord
280
     1
102
RTVSPost2010Prop28
280
     0
102
RTVSPost2010PropOp28
 70
     1
102
RTVSPost2010Prop29
280
     1
102
RTVSPost2010PropOp29
 70
     1
102
RTVSPost2010Prop30
280
     1
102
RTVSPost2010PropOp30
 70
     1
102
RTVSPost2010Prop31
280
     0
102
RTVSPost2010PropOp31
 70
     1
102
RTVSPost2010Prop32
280
     0
102
RTVSPost2010PropOp32
 70
     1
102
RTVSPost2010Prop33
280
     0
102
RTVSPost2010PropOp33
 70
     1
102
RTVSPost2010Prop34
280
     0
102
RTVSPost2010PropOp34
 70
     1
102
RTVSPost2010Prop35
280
     0
102
RTVSPost2010PropOp35
 70
     1
102
RTVSPost2010Prop36
280
     0
102
RTVSPost2010PropOp36
 70
     1
102
RTVSPost2010Prop37
 90
       50
102
RTVSPost2010PropOp37
 70
     1
102
RTVSPost2010Prop38
140
0.0
102
RTVSPost2010PropOp38
 70
     1
102
RTVSPost2010Prop39
140
1.0
102
RTVSPost2010PropOp39
 70
     1
102
RTVSPost2010Prop40
 90
        0
102
RTVSPost2010PropOp40
 70
     1
102
RTVSPost2010Prop41ColorIndex
 90
       18
102
RTVSPost2010Prop41ColorRGB
 90
        0
102
RTVSPost2010PropOp41
 70
     1
102
RTVSPost2010Prop42
 90
       50
102
RTVSPost2010PropOp42
 70
     1
102
RTVSPost2010Prop43
 90
        3
102
RTVSPost2010PropOp43
 70
     1
102
RTVSPost2010Prop44ColorIndex
 90
        5
102
RTVSPost2010Prop44ColorRGB
 90
      255
102
RTVSPost2010PropOp44
 70
     1
102
RTVSPost2010Prop45
280
     0
102
RTVSPost2010PropOp45
 70
     1
102
RTVSPost2010Prop46
 90
       50
102
RTVSPost2010PropOp46
 70
     1
102
RTVSPost2010Prop47
 90
       50
102
RTVSPost2010PropOp47
 70
     1
102
RTVSPost2010Prop48
 90
       50
102
RTVSPost2010PropOp48
 70
     1
102
RTVSPost2010Prop49
280
     0
102
RTVSPost2010PropOp49
 70
     1
102
RTVSPost2010Prop50
 90
       50
102
RTVSPost2010PropOp50
 70
     1
102
RTVSPost2010Prop51ColorIndex
 90
      256
102
RTVSPost2010Prop51ColorRGB
 90
-16777216
102
RTVSPost2010PropOp51
 70
     0
102
RTVSPost2010Prop52
140
1.0
102
RTVSPost2010PropOp52
 70
     0
102
RTVSPost2010Prop53
 90
        2
102
RTVSPost2010PropOp53
 70
     1
102
RTVSPost2010Prop54
  1
strokes_ogs.tif
102
RTVSPost2010PropOp54
 70
     1
102
RTVSPost2010Prop55
280
     0
102
RTVSPost2010PropOp55
 70
     1
102
RTVSPost2010Prop56
140
1.0
102
RTVSPost2010PropOp56
 70
     1
102
RTVSPost2010Prop57
140
1.0
102
RTVSPost2010PropOp57
 70
     1
  0
XRECORD
  5
888
102
{ACAD_REACTORS
330
887
102
}
330
887
100
AcDbXrecord
280
     1
102
RTVSPost2010Prop28
280
     0
102
RTVSPost2010PropOp28
 70
     1
102
RTVSPost2010Prop29
280
     1
102
RTVSPost2010PropOp29
 70
     1
102
RTVSPost2010Prop30
280
     1
102
RTVSPost2010PropOp30
 70
     1
102
RTVSPost2010Prop31
280
     0
102
RTVSPost2010PropOp31
 70
     1
102
RTVSPost2010Prop32
280
     0
102
RTVSPost2010PropOp32
 70
     1
102
RTVSPost2010Prop33
280
     0
102
RTVSPost2010PropOp33
 70
     1
102
RTVSPost2010Prop34
280
     0
102
RTVSPost2010PropOp34
 70
     1
102
RTVSPost2010Prop35
280
     0
102
RTVSPost2010PropOp35
 70
     1
102
RTVSPost2010Prop36
280
     0
102
RTVSPost2010PropOp36
 70
     1
102
RTVSPost2010Prop37
 90
       50
102
RTVSPost2010PropOp37
 70
     1
102
RTVSPost2010Prop38
140
0.0
102
RTVSPost2010PropOp38
 70
     1
102
RTVSPost2010Prop39
140
1.0
102
RTVSPost2010PropOp39
 70
     1
102
RTVSPost2010Prop40
 90
        0
102
RTVSPost2010PropOp40
 70
     1
102
RTVSPost2010Prop41ColorIndex
 90
       18
102
RTVSPost2010Prop41ColorRGB
 90
        0
102
RTVSPost2010PropOp41
 70
     1
102
RTVSPost2010Prop42
 90
       50
102
RTVSPost2010PropOp42
 70
     1
102
RTVSPost2010Prop43
 90
        3
102
RTVSPost2010PropOp43
 70
     1
102
RTVSPost2010Prop44ColorIndex
 90
        5
102
RTVSPost2010Prop44ColorRGB
 90
      255
102
RTVSPost2010PropOp44
 70
     1
102
RTVSPost2010Prop45
280
     0
102
RTVSPost2010PropOp45
 70
     1
102
RTVSPost2010Prop46
 90
       50
102
RTVSPost2010PropOp46
 70
     1
102
RTVSPost2010Prop47
 90
       50
102
RTVSPost2010PropOp47
 70
     1
102
RTVSPost2010Prop48
 90
       50
102
RTVSPost2010PropOp48
 70
     1
102
RTVSPost2010Prop49
280
     0
102
RTVSPost2010PropOp49
 70
     1
102
RTVSPost2010Prop50
 90
       50
102
RTVSPost2010PropOp50
 70
     1
102
RTVSPost2010Prop51ColorIndex
 90
      256
102
RTVSPost2010Prop51ColorRGB
 90
-16777216
102
RTVSPost2010PropOp51
 70
     0
102
RTVSPost2010Prop52
140
1.0
102
RTVSPost2010PropOp52
 70
     0
102
RTVSPost2010Prop53
 90
        2
102
RTVSPost2010PropOp53
 70
     1
102
RTVSPost2010Prop54
  1
strokes_ogs.tif
102
RTVSPost2010PropOp54
 70
     1
102
RTVSPost2010Prop55
280
     0
102
RTVSPost2010PropOp55
 70
     1
102
RTVSPost2010Prop56
140
1.0
102
RTVSPost2010PropOp56
 70
     1
102
RTVSPost2010Prop57
140
1.0
102
RTVSPost2010PropOp57
 70
     1
  0
XRECORD
  5
882
102
{ACAD_REACTORS
330
881
102
}
330
881
100
AcDbXrecord
280
     1
102
RTVSPost2010Prop28
280
     0
102
RTVSPost2010PropOp28
 70
     1
102
RTVSPost2010Prop29
280
     1
102
RTVSPost2010PropOp29
 70
     1
102
RTVSPost2010Prop30
280
     1
102
RTVSPost2010PropOp30
 70
     1
102
RTVSPost2010Prop31
280
     0
102
RTVSPost2010PropOp31
 70
     1
102
RTVSPost2010Prop32
280
     0
102
RTVSPost2010PropOp32
 70
     1
102
RTVSPost2010Prop33
280
     0
102
RTVSPost2010PropOp33
 70
     1
102
RTVSPost2010Prop34
280
     0
102
RTVSPost2010PropOp34
 70
     1
102
RTVSPost2010Prop35
280
     0
102
RTVSPost2010PropOp35
 70
     1
102
RTVSPost2010Prop36
280
     0
102
RTVSPost2010PropOp36
 70
     1
102
RTVSPost2010Prop37
 90
       50
102
RTVSPost2010PropOp37
 70
     1
102
RTVSPost2010Prop38
140
0.0
102
RTVSPost2010PropOp38
 70
     1
102
RTVSPost2010Prop39
140
1.0
102
RTVSPost2010PropOp39
 70
     1
102
RTVSPost2010Prop40
 90
        0
102
RTVSPost2010PropOp40
 70
     1
102
RTVSPost2010Prop41ColorIndex
 90
       18
102
RTVSPost2010Prop41ColorRGB
 90
        0
102
RTVSPost2010PropOp41
 70
     1
102
RTVSPost2010Prop42
 90
       50
102
RTVSPost2010PropOp42
 70
     1
102
RTVSPost2010Prop43
 90
        3
102
RTVSPost2010PropOp43
 70
     1
102
RTVSPost2010Prop44ColorIndex
 90
        5
102
RTVSPost2010Prop44ColorRGB
 90
      255
102
RTVSPost2010PropOp44
 70
     1
102
RTVSPost2010Prop45
280
     0
102
RTVSPost2010PropOp45
 70
     1
102
RTVSPost2010Prop46
 90
       50
102
RTVSPost2010PropOp46
 70
     1
102
RTVSPost2010Prop47
 90
       50
102
RTVSPost2010PropOp47
 70
     1
102
RTVSPost2010Prop48
 90
       50
102
RTVSPost2010PropOp48
 70
     1
102
RTVSPost2010Prop49
280
     0
102
RTVSPost2010PropOp49
 70
     1
102
RTVSPost2010Prop50
 90
       50
102
RTVSPost2010PropOp50
 70
     1
102
RTVSPost2010Prop51ColorIndex
 90
      256
102
RTVSPost2010Prop51ColorRGB
 90
-16777216
102
RTVSPost2010PropOp51
 70
     0
102
RTVSPost2010Prop52
140
1.0
102
RTVSPost2010PropOp52
 70
     0
102
RTVSPost2010Prop53
 90
        2
102
RTVSPost2010PropOp53
 70
     1
102
RTVSPost2010Prop54
  1
strokes_ogs.tif
102
RTVSPost2010PropOp54
 70
     1
102
RTVSPost2010Prop55
280
     0
102
RTVSPost2010PropOp55
 70
     1
102
RTVSPost2010Prop56
140
1.0
102
RTVSPost2010PropOp56
 70
     1
102
RTVSPost2010Prop57
140
1.0
102
RTVSPost2010PropOp57
 70
     1
  0
XRECORD
  5
884
102
{ACAD_REACTORS
330
883
102
}
330
883
100
AcDbXrecord
280
     1
102
RTVSPost2010Prop28
280
     0
102
RTVSPost2010PropOp28
 70
     1
102
RTVSPost2010Prop29
280
     1
102
RTVSPost2010PropOp29
 70
     1
102
RTVSPost2010Prop30
280
     1
102
RTVSPost2010PropOp30
 70
     1
102
RTVSPost2010Prop31
280
     0
102
RTVSPost2010PropOp31
 70
     1
102
RTVSPost2010Prop32
280
     0
102
RTVSPost2010PropOp32
 70
     1
102
RTVSPost2010Prop33
280
     0
102
RTVSPost2010PropOp33
 70
     1
102
RTVSPost2010Prop34
280
     0
102
RTVSPost2010PropOp34
 70
     1
102
RTVSPost2010Prop35
280
     0
102
RTVSPost2010PropOp35
 70
     1
102
RTVSPost2010Prop36
280
     0
102
RTVSPost2010PropOp36
 70
     1
102
RTVSPost2010Prop37
 90
       50
102
RTVSPost2010PropOp37
 70
     1
102
RTVSPost2010Prop38
140
0.0
102
RTVSPost2010PropOp38
 70
     1
102
RTVSPost2010Prop39
140
1.0
102
RTVSPost2010PropOp39
 70
     1
102
RTVSPost2010Prop40
 90
        0
102
RTVSPost2010PropOp40
 70
     1
102
RTVSPost2010Prop41ColorIndex
 90
       18
102
RTVSPost2010Prop41ColorRGB
 90
        0
102
RTVSPost2010PropOp41
 70
     1
102
RTVSPost2010Prop42
 90
       50
102
RTVSPost2010PropOp42
 70
     1
102
RTVSPost2010Prop43
 90
        3
102
RTVSPost2010PropOp43
 70
     1
102
RTVSPost2010Prop44ColorIndex
 90
        5
102
RTVSPost2010Prop44ColorRGB
 90
      255
102
RTVSPost2010PropOp44
 70
     1
102
RTVSPost2010Prop45
280
     0
102
RTVSPost2010PropOp45
 70
     1
102
RTVSPost2010Prop46
 90
       50
102
RTVSPost2010PropOp46
 70
     1
102
RTVSPost2010Prop47
 90
       50
102
RTVSPost2010PropOp47
 70
     1
102
RTVSPost2010Prop48
 90
       50
102
RTVSPost2010PropOp48
 70
     1
102
RTVSPost2010Prop49
280
     0
102
RTVSPost2010PropOp49
 70
     1
102
RTVSPost2010Prop50
 90
       50
102
RTVSPost2010PropOp50
 70
     1
102
RTVSPost2010Prop51ColorIndex
 90
      256
102
RTVSPost2010Prop51ColorRGB
 90
-16777216
102
RTVSPost2010PropOp51
 70
     0
102
RTVSPost2010Prop52
140
1.0
102
RTVSPost2010PropOp52
 70
     0
102
RTVSPost2010Prop53
 90
        2
102
RTVSPost2010PropOp53
 70
     1
102
RTVSPost2010Prop54
  1
strokes_ogs.tif
102
RTVSPost2010PropOp54
 70
     1
102
RTVSPost2010Prop55
280
     0
102
RTVSPost2010PropOp55
 70
     1
102
RTVSPost2010Prop56
140
1.0
102
RTVSPost2010PropOp56
 70
     1
102
RTVSPost2010Prop57
140
1.0
102
RTVSPost2010PropOp57
 70
     1
  0
XRECORD
  5
874
102
{ACAD_REACTORS
330
873
102
}
330
873
100
AcDbXrecord
280
     1
102
RTVSPost2010Prop28
280
     0
102
RTVSPost2010PropOp28
 70
     1
102
RTVSPost2010Prop29
280
     1
102
RTVSPost2010PropOp29
 70
     1
102
RTVSPost2010Prop30
280
     1
102
RTVSPost2010PropOp30
 70
     1
102
RTVSPost2010Prop31
280
     0
102
RTVSPost2010PropOp31
 70
     1
102
RTVSPost2010Prop32
280
     0
102
RTVSPost2010PropOp32
 70
     1
102
RTVSPost2010Prop33
280
     0
102
RTVSPost2010PropOp33
 70
     1
102
RTVSPost2010Prop34
280
     0
102
RTVSPost2010PropOp34
 70
     1
102
RTVSPost2010Prop35
280
     0
102
RTVSPost2010PropOp35
 70
     1
102
RTVSPost2010Prop36
280
     0
102
RTVSPost2010PropOp36
 70
     1
102
RTVSPost2010Prop37
 90
       50
102
RTVSPost2010PropOp37
 70
     1
102
RTVSPost2010Prop38
140
0.0
102
RTVSPost2010PropOp38
 70
     1
102
RTVSPost2010Prop39
140
1.0
102
RTVSPost2010PropOp39
 70
     1
102
RTVSPost2010Prop40
 90
        0
102
RTVSPost2010PropOp40
 70
     1
102
RTVSPost2010Prop41ColorIndex
 90
       18
102
RTVSPost2010Prop41ColorRGB
 90
        0
102
RTVSPost2010PropOp41
 70
     1
102
RTVSPost2010Prop42
 90
       50
102
RTVSPost2010PropOp42
 70
     1
102
RTVSPost2010Prop43
 90
        3
102
RTVSPost2010PropOp43
 70
     1
102
RTVSPost2010Prop44ColorIndex
 90
        5
102
RTVSPost2010Prop44ColorRGB
 90
      255
102
RTVSPost2010PropOp44
 70
     1
102
RTVSPost2010Prop45
280
     0
102
RTVSPost2010PropOp45
 70
     1
102
RTVSPost2010Prop46
 90
       50
102
RTVSPost2010PropOp46
 70
     1
102
RTVSPost2010Prop47
 90
       50
102
RTVSPost2010PropOp47
 70
     1
102
RTVSPost2010Prop48
 90
       50
102
RTVSPost2010PropOp48
 70
     1
102
RTVSPost2010Prop49
280
     0
102
RTVSPost2010PropOp49
 70
     1
102
RTVSPost2010Prop50
 90
       50
102
RTVSPost2010PropOp50
 70
     1
102
RTVSPost2010Prop51ColorIndex
 90
      256
102
RTVSPost2010Prop51ColorRGB
 90
-16777216
102
RTVSPost2010PropOp51
 70
     0
102
RTVSPost2010Prop52
140
1.0
102
RTVSPost2010PropOp52
 70
     0
102
RTVSPost2010Prop53
 90
        2
102
RTVSPost2010PropOp53
 70
     1
102
RTVSPost2010Prop54
  1
strokes_ogs.tif
102
RTVSPost2010PropOp54
 70
     1
102
RTVSPost2010Prop55
280
     0
102
RTVSPost2010PropOp55
 70
     1
102
RTVSPost2010Prop56
140
1.0
102
RTVSPost2010PropOp56
 70
     1
102
RTVSPost2010Prop57
140
1.0
102
RTVSPost2010PropOp57
 70
     1
  0
XRECORD
  5
866
102
{ACAD_REACTORS
330
865
102
}
330
865
100
AcDbXrecord
280
     1
102
RTVSPost2010Prop28
280
     0
102
RTVSPost2010PropOp28
 70
     1
102
RTVSPost2010Prop29
280
     1
102
RTVSPost2010PropOp29
 70
     1
102
RTVSPost2010Prop30
280
     1
102
RTVSPost2010PropOp30
 70
     1
102
RTVSPost2010Prop31
280
     0
102
RTVSPost2010PropOp31
 70
     1
102
RTVSPost2010Prop32
280
     0
102
RTVSPost2010PropOp32
 70
     1
102
RTVSPost2010Prop33
280
     0
102
RTVSPost2010PropOp33
 70
     1
102
RTVSPost2010Prop34
280
     0
102
RTVSPost2010PropOp34
 70
     1
102
RTVSPost2010Prop35
280
     0
102
RTVSPost2010PropOp35
 70
     1
102
RTVSPost2010Prop36
280
     0
102
RTVSPost2010PropOp36
 70
     1
102
RTVSPost2010Prop37
 90
       50
102
RTVSPost2010PropOp37
 70
     1
102
RTVSPost2010Prop38
140
0.0
102
RTVSPost2010PropOp38
 70
     1
102
RTVSPost2010Prop39
140
1.0
102
RTVSPost2010PropOp39
 70
     1
102
RTVSPost2010Prop40
 90
        0
102
RTVSPost2010PropOp40
 70
     1
102
RTVSPost2010Prop41ColorIndex
 90
       18
102
RTVSPost2010Prop41ColorRGB
 90
        0
102
RTVSPost2010PropOp41
 70
     1
102
RTVSPost2010Prop42
 90
       50
102
RTVSPost2010PropOp42
 70
     1
102
RTVSPost2010Prop43
 90
        3
102
RTVSPost2010PropOp43
 70
     1
102
RTVSPost2010Prop44ColorIndex
 90
        5
102
RTVSPost2010Prop44ColorRGB
 90
      255
102
RTVSPost2010PropOp44
 70
     1
102
RTVSPost2010Prop45
280
     0
102
RTVSPost2010PropOp45
 70
     1
102
RTVSPost2010Prop46
 90
       50
102
RTVSPost2010PropOp46
 70
     1
102
RTVSPost2010Prop47
 90
       50
102
RTVSPost2010PropOp47
 70
     1
102
RTVSPost2010Prop48
 90
       50
102
RTVSPost2010PropOp48
 70
     1
102
RTVSPost2010Prop49
280
     0
102
RTVSPost2010PropOp49
 70
     1
102
RTVSPost2010Prop50
 90
       50
102
RTVSPost2010PropOp50
 70
     1
102
RTVSPost2010Prop51ColorIndex
 90
      256
102
RTVSPost2010Prop51ColorRGB
 90
-16777216
102
RTVSPost2010PropOp51
 70
     0
102
RTVSPost2010Prop52
140
1.0
102
RTVSPost2010PropOp52
 70
     0
102
RTVSPost2010Prop53
 90
        2
102
RTVSPost2010PropOp53
 70
     1
102
RTVSPost2010Prop54
  1
strokes_ogs.tif
102
RTVSPost2010PropOp54
 70
     1
102
RTVSPost2010Prop55
280
     0
102
RTVSPost2010PropOp55
 70
     1
102
RTVSPost2010Prop56
140
1.0
102
RTVSPost2010PropOp56
 70
     1
102
RTVSPost2010Prop57
140
1.0
102
RTVSPost2010PropOp57
 70
     1
  0
XRECORD
  5
886
102
{ACAD_REACTORS
330
885
102
}
330
885
100
AcDbXrecord
280
     1
102
RTVSPost2010Prop28
280
     0
102
RTVSPost2010PropOp28
 70
     1
102
RTVSPost2010Prop29
280
     1
102
RTVSPost2010PropOp29
 70
     1
102
RTVSPost2010Prop30
280
     1
102
RTVSPost2010PropOp30
 70
     1
102
RTVSPost2010Prop31
280
     0
102
RTVSPost2010PropOp31
 70
     1
102
RTVSPost2010Prop32
280
     0
102
RTVSPost2010PropOp32
 70
     1
102
RTVSPost2010Prop33
280
     0
102
RTVSPost2010PropOp33
 70
     1
102
RTVSPost2010Prop34
280
     0
102
RTVSPost2010PropOp34
 70
     1
102
RTVSPost2010Prop35
280
     0
102
RTVSPost2010PropOp35
 70
     1
102
RTVSPost2010Prop36
280
     0
102
RTVSPost2010PropOp36
 70
     1
102
RTVSPost2010Prop37
 90
       50
102
RTVSPost2010PropOp37
 70
     1
102
RTVSPost2010Prop38
140
0.0
102
RTVSPost2010PropOp38
 70
     1
102
RTVSPost2010Prop39
140
1.0
102
RTVSPost2010PropOp39
 70
     1
102
RTVSPost2010Prop40
 90
        0
102
RTVSPost2010PropOp40
 70
     1
102
RTVSPost2010Prop41ColorIndex
 90
       18
102
RTVSPost2010Prop41ColorRGB
 90
        0
102
RTVSPost2010PropOp41
 70
     1
102
RTVSPost2010Prop42
 90
       50
102
RTVSPost2010PropOp42
 70
     1
102
RTVSPost2010Prop43
 90
        3
102
RTVSPost2010PropOp43
 70
     1
102
RTVSPost2010Prop44ColorIndex
 90
        5
102
RTVSPost2010Prop44ColorRGB
 90
      255
102
RTVSPost2010PropOp44
 70
     1
102
RTVSPost2010Prop45
280
     0
102
RTVSPost2010PropOp45
 70
     1
102
RTVSPost2010Prop46
 90
       50
102
RTVSPost2010PropOp46
 70
     1
102
RTVSPost2010Prop47
 90
       50
102
RTVSPost2010PropOp47
 70
     1
102
RTVSPost2010Prop48
 90
       50
102
RTVSPost2010PropOp48
 70
     1
102
RTVSPost2010Prop49
280
     0
102
RTVSPost2010PropOp49
 70
     1
102
RTVSPost2010Prop50
 90
       50
102
RTVSPost2010PropOp50
 70
     1
102
RTVSPost2010Prop51ColorIndex
 90
      256
102
RTVSPost2010Prop51ColorRGB
 90
-16777216
102
RTVSPost2010PropOp51
 70
     0
102
RTVSPost2010Prop52
140
1.0
102
RTVSPost2010PropOp52
 70
     0
102
RTVSPost2010Prop53
 90
        2
102
RTVSPost2010PropOp53
 70
     1
102
RTVSPost2010Prop54
  1
strokes_ogs.tif
102
RTVSPost2010PropOp54
 70
     1
102
RTVSPost2010Prop55
280
     0
102
RTVSPost2010PropOp55
 70
     1
102
RTVSPost2010Prop56
140
1.0
102
RTVSPost2010PropOp56
 70
     1
102
RTVSPost2010Prop57
140
1.0
102
RTVSPost2010PropOp57
 70
     1
  0
ENDSEC
  0
EOF
